
  [01;33mThis stage is deprecated. Please consider moving to a new stage (2026
or newer)[0m

Die folgenden Module wurden nicht entladen:
  (Benutzen Sie "module --force purge" um alle Module zu entladen):

  1) Stages/2025

  [01;33mThis stage is deprecated. Please consider moving to a new stage (2026
or newer)[0m

Total MPI processes: 4096
!!! WARNING - CURRENT PITFALLS !!!
        - data units are ignored
        - data is assumed to live on a 3d uniform grid with L = 1
        - for the FFT L = 2 pi is implicitly assumed to work with integer wavenumbers
        
Setting up FFT and wavenumbers...
Setup up FFT and wavenumbers done in 3.67 +/- 1.77
Loading /e/scratch/jureap19/lenard/2k_fully_hel/parthenon.restart.00002.rhdf
Chunk dimensions =  (32, 32, 2048)
WARNING: assuming isothermal EOS with c_s = 1, i.e. P = rho
Loading /e/scratch/jureap19/lenard/2k_fully_hel/parthenon.restart.00002.rhdf
Chunk dimensions =  (32, 32, 2048)
WARNING: assuming isothermal EOS with c_s = 1, i.e. P = rho
Reading data done in 9.5 +/- 3.36
done with UU for K = 0.00-3.36 Q = 0.00-3.36 after 1.6 sec [total]
done with BB for K = 0.00-3.36 Q = 0.00-3.36 after 3.7 sec [total]
done with UBTa for K = 0.00-3.36 Q = 0.00-3.36 after 4.6 sec [total]
done with UBTb for K = 0.00-3.36 Q = 0.00-3.36 after 5.7 sec [total]
done with UBTbA for K = 0.00-3.36 Q = 0.00-3.36 after 6.7 sec [total]
done with UBTbC for K = 0.00-3.36 Q = 0.00-3.36 after 7.2 sec [total]
done with H for K = 0.00-3.36 Q = 0.00-3.36 after 8.1 sec [total]
done with H++ for K = 0.00-3.36 Q = 0.00-3.36 after 11.3 sec [total]
done with H+- for K = 0.00-3.36 Q = 0.00-3.36 after 12.5 sec [total]
done with H-+ for K = 0.00-3.36 Q = 0.00-3.36 after 13.7 sec [total]
done with H-- for K = 0.00-3.36 Q = 0.00-3.36 after 14.0 sec [total]
done with UU for K = 3.36-4.00 Q = 0.00-3.36 after 14.7 sec [total]
done with BB for K = 3.36-4.00 Q = 0.00-3.36 after 15.8 sec [total]
done with UBTa for K = 3.36-4.00 Q = 0.00-3.36 after 16.0 sec [total]
done with UBTb for K = 3.36-4.00 Q = 0.00-3.36 after 16.1 sec [total]
done with UBTbA for K = 3.36-4.00 Q = 0.00-3.36 after 16.3 sec [total]
done with UBTbC for K = 3.36-4.00 Q = 0.00-3.36 after 16.6 sec [total]
done with H for K = 3.36-4.00 Q = 0.00-3.36 after 17.5 sec [total]
done with H++ for K = 3.36-4.00 Q = 0.00-3.36 after 20.7 sec [total]
done with H+- for K = 3.36-4.00 Q = 0.00-3.36 after 21.8 sec [total]
done with H-+ for K = 3.36-4.00 Q = 0.00-3.36 after 22.8 sec [total]
done with H-- for K = 3.36-4.00 Q = 0.00-3.36 after 23.4 sec [total]
done with UU for K = 4.00-4.76 Q = 0.00-3.36 after 24.2 sec [total]
done with BB for K = 4.00-4.76 Q = 0.00-3.36 after 25.3 sec [total]
done with UBTa for K = 4.00-4.76 Q = 0.00-3.36 after 25.5 sec [total]
done with UBTb for K = 4.00-4.76 Q = 0.00-3.36 after 25.6 sec [total]
done with UBTbA for K = 4.00-4.76 Q = 0.00-3.36 after 25.8 sec [total]
done with UBTbC for K = 4.00-4.76 Q = 0.00-3.36 after 26.1 sec [total]
done with H for K = 4.00-4.76 Q = 0.00-3.36 after 27.0 sec [total]
done with H++ for K = 4.00-4.76 Q = 0.00-3.36 after 30.1 sec [total]
done with H+- for K = 4.00-4.76 Q = 0.00-3.36 after 31.2 sec [total]
done with H-+ for K = 4.00-4.76 Q = 0.00-3.36 after 32.3 sec [total]
done with H-- for K = 4.00-4.76 Q = 0.00-3.36 after 32.9 sec [total]
done with UU for K = 4.76-5.66 Q = 0.00-3.36 after 33.7 sec [total]
done with BB for K = 4.76-5.66 Q = 0.00-3.36 after 34.8 sec [total]
done with UBTa for K = 4.76-5.66 Q = 0.00-3.36 after 35.0 sec [total]
done with UBTb for K = 4.76-5.66 Q = 0.00-3.36 after 35.1 sec [total]
done with UBTbA for K = 4.76-5.66 Q = 0.00-3.36 after 35.3 sec [total]
done with UBTbC for K = 4.76-5.66 Q = 0.00-3.36 after 35.6 sec [total]
done with H for K = 4.76-5.66 Q = 0.00-3.36 after 36.5 sec [total]
done with H++ for K = 4.76-5.66 Q = 0.00-3.36 after 39.7 sec [total]
done with H+- for K = 4.76-5.66 Q = 0.00-3.36 after 40.8 sec [total]
done with H-+ for K = 4.76-5.66 Q = 0.00-3.36 after 41.8 sec [total]
done with H-- for K = 4.76-5.66 Q = 0.00-3.36 after 42.4 sec [total]
done with UU for K = 5.66-6.73 Q = 0.00-3.36 after 43.3 sec [total]
done with BB for K = 5.66-6.73 Q = 0.00-3.36 after 44.3 sec [total]
done with UBTa for K = 5.66-6.73 Q = 0.00-3.36 after 44.5 sec [total]
done with UBTb for K = 5.66-6.73 Q = 0.00-3.36 after 44.7 sec [total]
done with UBTbA for K = 5.66-6.73 Q = 0.00-3.36 after 44.8 sec [total]
done with UBTbC for K = 5.66-6.73 Q = 0.00-3.36 after 45.2 sec [total]
done with H for K = 5.66-6.73 Q = 0.00-3.36 after 46.1 sec [total]
done with H++ for K = 5.66-6.73 Q = 0.00-3.36 after 49.2 sec [total]
done with H+- for K = 5.66-6.73 Q = 0.00-3.36 after 50.4 sec [total]
done with H-+ for K = 5.66-6.73 Q = 0.00-3.36 after 51.4 sec [total]
done with H-- for K = 5.66-6.73 Q = 0.00-3.36 after 51.9 sec [total]
done with UU for K = 6.73-8.00 Q = 0.00-3.36 after 52.8 sec [total]
done with BB for K = 6.73-8.00 Q = 0.00-3.36 after 53.9 sec [total]
done with UBTa for K = 6.73-8.00 Q = 0.00-3.36 after 54.0 sec [total]
done with UBTb for K = 6.73-8.00 Q = 0.00-3.36 after 54.2 sec [total]
done with UBTbA for K = 6.73-8.00 Q = 0.00-3.36 after 54.4 sec [total]
done with UBTbC for K = 6.73-8.00 Q = 0.00-3.36 after 54.7 sec [total]
done with H for K = 6.73-8.00 Q = 0.00-3.36 after 55.6 sec [total]
done with H++ for K = 6.73-8.00 Q = 0.00-3.36 after 58.7 sec [total]
done with H+- for K = 6.73-8.00 Q = 0.00-3.36 after 59.8 sec [total]
done with H-+ for K = 6.73-8.00 Q = 0.00-3.36 after 60.9 sec [total]
done with H-- for K = 6.73-8.00 Q = 0.00-3.36 after 61.4 sec [total]
done with UU for K = 8.00-9.51 Q = 0.00-3.36 after 62.3 sec [total]
done with BB for K = 8.00-9.51 Q = 0.00-3.36 after 63.3 sec [total]
done with UBTa for K = 8.00-9.51 Q = 0.00-3.36 after 63.5 sec [total]
done with UBTb for K = 8.00-9.51 Q = 0.00-3.36 after 63.7 sec [total]
done with UBTbA for K = 8.00-9.51 Q = 0.00-3.36 after 63.9 sec [total]
done with UBTbC for K = 8.00-9.51 Q = 0.00-3.36 after 64.2 sec [total]
done with H for K = 8.00-9.51 Q = 0.00-3.36 after 65.1 sec [total]
done with H++ for K = 8.00-9.51 Q = 0.00-3.36 after 68.3 sec [total]
done with H+- for K = 8.00-9.51 Q = 0.00-3.36 after 69.4 sec [total]
done with H-+ for K = 8.00-9.51 Q = 0.00-3.36 after 70.7 sec [total]
done with H-- for K = 8.00-9.51 Q = 0.00-3.36 after 71.0 sec [total]
done with UU for K = 9.51-11.31 Q = 0.00-3.36 after 71.9 sec [total]
done with BB for K = 9.51-11.31 Q = 0.00-3.36 after 72.9 sec [total]
done with UBTa for K = 9.51-11.31 Q = 0.00-3.36 after 73.1 sec [total]
done with UBTb for K = 9.51-11.31 Q = 0.00-3.36 after 73.2 sec [total]
done with UBTbA for K = 9.51-11.31 Q = 0.00-3.36 after 73.4 sec [total]
done with UBTbC for K = 9.51-11.31 Q = 0.00-3.36 after 73.7 sec [total]
done with H for K = 9.51-11.31 Q = 0.00-3.36 after 74.6 sec [total]
done with H++ for K = 9.51-11.31 Q = 0.00-3.36 after 77.8 sec [total]
done with H+- for K = 9.51-11.31 Q = 0.00-3.36 after 79.0 sec [total]
done with H-+ for K = 9.51-11.31 Q = 0.00-3.36 after 80.3 sec [total]
done with H-- for K = 9.51-11.31 Q = 0.00-3.36 after 80.5 sec [total]
done with UU for K = 11.31-13.45 Q = 0.00-3.36 after 81.4 sec [total]
done with BB for K = 11.31-13.45 Q = 0.00-3.36 after 82.4 sec [total]
done with UBTa for K = 11.31-13.45 Q = 0.00-3.36 after 82.6 sec [total]
done with UBTb for K = 11.31-13.45 Q = 0.00-3.36 after 82.8 sec [total]
done with UBTbA for K = 11.31-13.45 Q = 0.00-3.36 after 82.9 sec [total]
done with UBTbC for K = 11.31-13.45 Q = 0.00-3.36 after 83.3 sec [total]
done with H for K = 11.31-13.45 Q = 0.00-3.36 after 84.2 sec [total]
done with H++ for K = 11.31-13.45 Q = 0.00-3.36 after 87.3 sec [total]
done with H+- for K = 11.31-13.45 Q = 0.00-3.36 after 88.5 sec [total]
done with H-+ for K = 11.31-13.45 Q = 0.00-3.36 after 89.6 sec [total]
done with H-- for K = 11.31-13.45 Q = 0.00-3.36 after 90.0 sec [total]
done with UU for K = 13.45-16.00 Q = 0.00-3.36 after 91.0 sec [total]
done with BB for K = 13.45-16.00 Q = 0.00-3.36 after 92.0 sec [total]
done with UBTa for K = 13.45-16.00 Q = 0.00-3.36 after 92.1 sec [total]
done with UBTb for K = 13.45-16.00 Q = 0.00-3.36 after 92.3 sec [total]
done with UBTbA for K = 13.45-16.00 Q = 0.00-3.36 after 92.5 sec [total]
done with UBTbC for K = 13.45-16.00 Q = 0.00-3.36 after 92.8 sec [total]
done with H for K = 13.45-16.00 Q = 0.00-3.36 after 93.7 sec [total]
done with H++ for K = 13.45-16.00 Q = 0.00-3.36 after 96.8 sec [total]
done with H+- for K = 13.45-16.00 Q = 0.00-3.36 after 97.9 sec [total]
done with H-+ for K = 13.45-16.00 Q = 0.00-3.36 after 99.1 sec [total]
done with H-- for K = 13.45-16.00 Q = 0.00-3.36 after 99.6 sec [total]
done with UU for K = 16.00-19.03 Q = 0.00-3.36 after 100.5 sec [total]
done with BB for K = 16.00-19.03 Q = 0.00-3.36 after 101.5 sec [total]
done with UBTa for K = 16.00-19.03 Q = 0.00-3.36 after 101.7 sec [total]
done with UBTb for K = 16.00-19.03 Q = 0.00-3.36 after 101.8 sec [total]
done with UBTbA for K = 16.00-19.03 Q = 0.00-3.36 after 102.0 sec [total]
done with UBTbC for K = 16.00-19.03 Q = 0.00-3.36 after 102.3 sec [total]
done with H for K = 16.00-19.03 Q = 0.00-3.36 after 103.2 sec [total]
done with H++ for K = 16.00-19.03 Q = 0.00-3.36 after 106.3 sec [total]
done with H+- for K = 16.00-19.03 Q = 0.00-3.36 after 107.5 sec [total]
done with H-+ for K = 16.00-19.03 Q = 0.00-3.36 after 108.5 sec [total]
done with H-- for K = 16.00-19.03 Q = 0.00-3.36 after 109.1 sec [total]
done with UU for K = 19.03-22.63 Q = 0.00-3.36 after 109.9 sec [total]
done with BB for K = 19.03-22.63 Q = 0.00-3.36 after 111.0 sec [total]
done with UBTa for K = 19.03-22.63 Q = 0.00-3.36 after 111.1 sec [total]
done with UBTb for K = 19.03-22.63 Q = 0.00-3.36 after 111.3 sec [total]
done with UBTbA for K = 19.03-22.63 Q = 0.00-3.36 after 111.5 sec [total]
done with UBTbC for K = 19.03-22.63 Q = 0.00-3.36 after 111.8 sec [total]
done with H for K = 19.03-22.63 Q = 0.00-3.36 after 112.7 sec [total]
done with H++ for K = 19.03-22.63 Q = 0.00-3.36 after 115.9 sec [total]
done with H+- for K = 19.03-22.63 Q = 0.00-3.36 after 117.1 sec [total]
done with H-+ for K = 19.03-22.63 Q = 0.00-3.36 after 118.2 sec [total]
done with H-- for K = 19.03-22.63 Q = 0.00-3.36 after 118.6 sec [total]
done with UU for K = 22.63-26.91 Q = 0.00-3.36 after 119.5 sec [total]
done with BB for K = 22.63-26.91 Q = 0.00-3.36 after 120.6 sec [total]
done with UBTa for K = 22.63-26.91 Q = 0.00-3.36 after 120.7 sec [total]
done with UBTb for K = 22.63-26.91 Q = 0.00-3.36 after 120.9 sec [total]
done with UBTbA for K = 22.63-26.91 Q = 0.00-3.36 after 121.1 sec [total]
done with UBTbC for K = 22.63-26.91 Q = 0.00-3.36 after 121.4 sec [total]
done with H for K = 22.63-26.91 Q = 0.00-3.36 after 122.3 sec [total]
done with H++ for K = 22.63-26.91 Q = 0.00-3.36 after 125.4 sec [total]
done with H+- for K = 22.63-26.91 Q = 0.00-3.36 after 126.7 sec [total]
done with H-+ for K = 22.63-26.91 Q = 0.00-3.36 after 128.0 sec [total]
done with H-- for K = 22.63-26.91 Q = 0.00-3.36 after 128.2 sec [total]
done with UU for K = 26.91-32.00 Q = 0.00-3.36 after 129.0 sec [total]
done with BB for K = 26.91-32.00 Q = 0.00-3.36 after 130.0 sec [total]
done with UBTa for K = 26.91-32.00 Q = 0.00-3.36 after 130.2 sec [total]
done with UBTb for K = 26.91-32.00 Q = 0.00-3.36 after 130.4 sec [total]
done with UBTbA for K = 26.91-32.00 Q = 0.00-3.36 after 130.6 sec [total]
done with UBTbC for K = 26.91-32.00 Q = 0.00-3.36 after 130.9 sec [total]
done with H for K = 26.91-32.00 Q = 0.00-3.36 after 131.8 sec [total]
done with H++ for K = 26.91-32.00 Q = 0.00-3.36 after 135.0 sec [total]
done with H+- for K = 26.91-32.00 Q = 0.00-3.36 after 136.2 sec [total]
done with H-+ for K = 26.91-32.00 Q = 0.00-3.36 after 137.4 sec [total]
done with H-- for K = 26.91-32.00 Q = 0.00-3.36 after 137.7 sec [total]
done with UU for K = 32.00-38.05 Q = 0.00-3.36 after 138.6 sec [total]
done with BB for K = 32.00-38.05 Q = 0.00-3.36 after 139.6 sec [total]
done with UBTa for K = 32.00-38.05 Q = 0.00-3.36 after 139.8 sec [total]
done with UBTb for K = 32.00-38.05 Q = 0.00-3.36 after 140.0 sec [total]
done with UBTbA for K = 32.00-38.05 Q = 0.00-3.36 after 140.2 sec [total]
done with UBTbC for K = 32.00-38.05 Q = 0.00-3.36 after 140.5 sec [total]
done with H for K = 32.00-38.05 Q = 0.00-3.36 after 141.4 sec [total]
done with H++ for K = 32.00-38.05 Q = 0.00-3.36 after 144.6 sec [total]
done with H+- for K = 32.00-38.05 Q = 0.00-3.36 after 145.6 sec [total]
done with H-+ for K = 32.00-38.05 Q = 0.00-3.36 after 146.7 sec [total]
done with H-- for K = 32.00-38.05 Q = 0.00-3.36 after 147.2 sec [total]
done with UU for K = 38.05-45.25 Q = 0.00-3.36 after 148.1 sec [total]
done with BB for K = 38.05-45.25 Q = 0.00-3.36 after 149.1 sec [total]
done with UBTa for K = 38.05-45.25 Q = 0.00-3.36 after 149.3 sec [total]
done with UBTb for K = 38.05-45.25 Q = 0.00-3.36 after 149.5 sec [total]
done with UBTbA for K = 38.05-45.25 Q = 0.00-3.36 after 149.7 sec [total]
done with UBTbC for K = 38.05-45.25 Q = 0.00-3.36 after 150.0 sec [total]
done with H for K = 38.05-45.25 Q = 0.00-3.36 after 150.9 sec [total]
done with H++ for K = 38.05-45.25 Q = 0.00-3.36 after 154.0 sec [total]
done with H+- for K = 38.05-45.25 Q = 0.00-3.36 after 155.3 sec [total]
done with H-+ for K = 38.05-45.25 Q = 0.00-3.36 after 156.5 sec [total]
done with H-- for K = 38.05-45.25 Q = 0.00-3.36 after 156.7 sec [total]
done with UU for K = 45.25-53.82 Q = 0.00-3.36 after 157.6 sec [total]
done with BB for K = 45.25-53.82 Q = 0.00-3.36 after 158.6 sec [total]
done with UBTa for K = 45.25-53.82 Q = 0.00-3.36 after 158.8 sec [total]
done with UBTb for K = 45.25-53.82 Q = 0.00-3.36 after 158.9 sec [total]
done with UBTbA for K = 45.25-53.82 Q = 0.00-3.36 after 159.1 sec [total]
done with UBTbC for K = 45.25-53.82 Q = 0.00-3.36 after 159.4 sec [total]
done with H for K = 45.25-53.82 Q = 0.00-3.36 after 160.4 sec [total]
done with H++ for K = 45.25-53.82 Q = 0.00-3.36 after 163.5 sec [total]
done with H+- for K = 45.25-53.82 Q = 0.00-3.36 after 164.7 sec [total]
done with H-+ for K = 45.25-53.82 Q = 0.00-3.36 after 165.9 sec [total]
done with H-- for K = 45.25-53.82 Q = 0.00-3.36 after 166.2 sec [total]
done with UU for K = 53.82-64.00 Q = 0.00-3.36 after 167.1 sec [total]
done with BB for K = 53.82-64.00 Q = 0.00-3.36 after 168.2 sec [total]
done with UBTa for K = 53.82-64.00 Q = 0.00-3.36 after 168.3 sec [total]
done with UBTb for K = 53.82-64.00 Q = 0.00-3.36 after 168.5 sec [total]
done with UBTbA for K = 53.82-64.00 Q = 0.00-3.36 after 168.6 sec [total]
done with UBTbC for K = 53.82-64.00 Q = 0.00-3.36 after 169.0 sec [total]
done with H for K = 53.82-64.00 Q = 0.00-3.36 after 169.9 sec [total]
done with H++ for K = 53.82-64.00 Q = 0.00-3.36 after 173.0 sec [total]
done with H+- for K = 53.82-64.00 Q = 0.00-3.36 after 174.2 sec [total]
done with H-+ for K = 53.82-64.00 Q = 0.00-3.36 after 175.2 sec [total]
done with H-- for K = 53.82-64.00 Q = 0.00-3.36 after 175.7 sec [total]
done with UU for K = 64.00-76.11 Q = 0.00-3.36 after 176.6 sec [total]
done with BB for K = 64.00-76.11 Q = 0.00-3.36 after 177.6 sec [total]
done with UBTa for K = 64.00-76.11 Q = 0.00-3.36 after 177.8 sec [total]
done with UBTb for K = 64.00-76.11 Q = 0.00-3.36 after 178.0 sec [total]
done with UBTbA for K = 64.00-76.11 Q = 0.00-3.36 after 178.2 sec [total]
done with UBTbC for K = 64.00-76.11 Q = 0.00-3.36 after 178.5 sec [total]
done with H for K = 64.00-76.11 Q = 0.00-3.36 after 179.4 sec [total]
done with H++ for K = 64.00-76.11 Q = 0.00-3.36 after 182.5 sec [total]
done with H+- for K = 64.00-76.11 Q = 0.00-3.36 after 183.7 sec [total]
done with H-+ for K = 64.00-76.11 Q = 0.00-3.36 after 185.0 sec [total]
done with H-- for K = 64.00-76.11 Q = 0.00-3.36 after 185.3 sec [total]
done with UU for K = 76.11-90.51 Q = 0.00-3.36 after 186.2 sec [total]
done with BB for K = 76.11-90.51 Q = 0.00-3.36 after 187.2 sec [total]
done with UBTa for K = 76.11-90.51 Q = 0.00-3.36 after 187.4 sec [total]
done with UBTb for K = 76.11-90.51 Q = 0.00-3.36 after 187.6 sec [total]
done with UBTbA for K = 76.11-90.51 Q = 0.00-3.36 after 187.8 sec [total]
done with UBTbC for K = 76.11-90.51 Q = 0.00-3.36 after 188.0 sec [total]
done with H for K = 76.11-90.51 Q = 0.00-3.36 after 189.0 sec [total]
done with H++ for K = 76.11-90.51 Q = 0.00-3.36 after 192.1 sec [total]
done with H+- for K = 76.11-90.51 Q = 0.00-3.36 after 193.4 sec [total]
done with H-+ for K = 76.11-90.51 Q = 0.00-3.36 after 194.6 sec [total]
done with H-- for K = 76.11-90.51 Q = 0.00-3.36 after 194.8 sec [total]
done with UU for K = 90.51-107.63 Q = 0.00-3.36 after 195.7 sec [total]
done with BB for K = 90.51-107.63 Q = 0.00-3.36 after 196.7 sec [total]
done with UBTa for K = 90.51-107.63 Q = 0.00-3.36 after 196.9 sec [total]
done with UBTb for K = 90.51-107.63 Q = 0.00-3.36 after 197.1 sec [total]
done with UBTbA for K = 90.51-107.63 Q = 0.00-3.36 after 197.3 sec [total]
done with UBTbC for K = 90.51-107.63 Q = 0.00-3.36 after 197.6 sec [total]
done with H for K = 90.51-107.63 Q = 0.00-3.36 after 198.5 sec [total]
done with H++ for K = 90.51-107.63 Q = 0.00-3.36 after 201.6 sec [total]
done with H+- for K = 90.51-107.63 Q = 0.00-3.36 after 202.8 sec [total]
done with H-+ for K = 90.51-107.63 Q = 0.00-3.36 after 204.1 sec [total]
done with H-- for K = 90.51-107.63 Q = 0.00-3.36 after 204.4 sec [total]
done with UU for K = 107.63-128.00 Q = 0.00-3.36 after 205.2 sec [total]
done with BB for K = 107.63-128.00 Q = 0.00-3.36 after 206.2 sec [total]
done with UBTa for K = 107.63-128.00 Q = 0.00-3.36 after 206.4 sec [total]
done with UBTb for K = 107.63-128.00 Q = 0.00-3.36 after 206.6 sec [total]
done with UBTbA for K = 107.63-128.00 Q = 0.00-3.36 after 206.8 sec [total]
done with UBTbC for K = 107.63-128.00 Q = 0.00-3.36 after 207.1 sec [total]
done with H for K = 107.63-128.00 Q = 0.00-3.36 after 208.0 sec [total]
done with H++ for K = 107.63-128.00 Q = 0.00-3.36 after 211.1 sec [total]
done with H+- for K = 107.63-128.00 Q = 0.00-3.36 after 212.3 sec [total]
done with H-+ for K = 107.63-128.00 Q = 0.00-3.36 after 213.4 sec [total]
done with H-- for K = 107.63-128.00 Q = 0.00-3.36 after 213.9 sec [total]
done with UU for K = 128.00-152.22 Q = 0.00-3.36 after 214.8 sec [total]
done with BB for K = 128.00-152.22 Q = 0.00-3.36 after 215.8 sec [total]
done with UBTa for K = 128.00-152.22 Q = 0.00-3.36 after 216.0 sec [total]
done with UBTb for K = 128.00-152.22 Q = 0.00-3.36 after 216.1 sec [total]
done with UBTbA for K = 128.00-152.22 Q = 0.00-3.36 after 216.3 sec [total]
done with UBTbC for K = 128.00-152.22 Q = 0.00-3.36 after 216.7 sec [total]
done with H for K = 128.00-152.22 Q = 0.00-3.36 after 217.5 sec [total]
done with H++ for K = 128.00-152.22 Q = 0.00-3.36 after 220.8 sec [total]
done with H+- for K = 128.00-152.22 Q = 0.00-3.36 after 221.9 sec [total]
done with H-+ for K = 128.00-152.22 Q = 0.00-3.36 after 223.2 sec [total]
done with H-- for K = 128.00-152.22 Q = 0.00-3.36 after 223.4 sec [total]
done with UU for K = 152.22-181.02 Q = 0.00-3.36 after 224.3 sec [total]
done with BB for K = 152.22-181.02 Q = 0.00-3.36 after 225.4 sec [total]
done with UBTa for K = 152.22-181.02 Q = 0.00-3.36 after 225.6 sec [total]
done with UBTb for K = 152.22-181.02 Q = 0.00-3.36 after 225.8 sec [total]
done with UBTbA for K = 152.22-181.02 Q = 0.00-3.36 after 226.0 sec [total]
done with UBTbC for K = 152.22-181.02 Q = 0.00-3.36 after 226.2 sec [total]
done with H for K = 152.22-181.02 Q = 0.00-3.36 after 227.1 sec [total]
done with H++ for K = 152.22-181.02 Q = 0.00-3.36 after 230.2 sec [total]
done with H+- for K = 152.22-181.02 Q = 0.00-3.36 after 231.4 sec [total]
done with H-+ for K = 152.22-181.02 Q = 0.00-3.36 after 232.5 sec [total]
done with H-- for K = 152.22-181.02 Q = 0.00-3.36 after 233.0 sec [total]
done with UU for K = 181.02-215.27 Q = 0.00-3.36 after 233.9 sec [total]
done with BB for K = 181.02-215.27 Q = 0.00-3.36 after 235.0 sec [total]
done with UBTa for K = 181.02-215.27 Q = 0.00-3.36 after 235.2 sec [total]
done with UBTb for K = 181.02-215.27 Q = 0.00-3.36 after 235.4 sec [total]
done with UBTbA for K = 181.02-215.27 Q = 0.00-3.36 after 235.5 sec [total]
done with UBTbC for K = 181.02-215.27 Q = 0.00-3.36 after 235.8 sec [total]
done with H for K = 181.02-215.27 Q = 0.00-3.36 after 236.7 sec [total]
done with H++ for K = 181.02-215.27 Q = 0.00-3.36 after 240.9 sec [total]
done with H+- for K = 181.02-215.27 Q = 0.00-3.36 after 242.1 sec [total]
done with H-+ for K = 181.02-215.27 Q = 0.00-3.36 after 243.2 sec [total]
done with H-- for K = 181.02-215.27 Q = 0.00-3.36 after 243.7 sec [total]
done with UU for K = 215.27-256.00 Q = 0.00-3.36 after 244.5 sec [total]
done with BB for K = 215.27-256.00 Q = 0.00-3.36 after 245.6 sec [total]
done with UBTa for K = 215.27-256.00 Q = 0.00-3.36 after 245.8 sec [total]
done with UBTb for K = 215.27-256.00 Q = 0.00-3.36 after 245.9 sec [total]
done with UBTbA for K = 215.27-256.00 Q = 0.00-3.36 after 246.1 sec [total]
done with UBTbC for K = 215.27-256.00 Q = 0.00-3.36 after 246.5 sec [total]
done with H for K = 215.27-256.00 Q = 0.00-3.36 after 247.3 sec [total]
done with H++ for K = 215.27-256.00 Q = 0.00-3.36 after 250.5 sec [total]
done with H+- for K = 215.27-256.00 Q = 0.00-3.36 after 251.5 sec [total]
done with H-+ for K = 215.27-256.00 Q = 0.00-3.36 after 252.6 sec [total]
done with H-- for K = 215.27-256.00 Q = 0.00-3.36 after 253.2 sec [total]
done with UU for K = 256.00-304.44 Q = 0.00-3.36 after 254.0 sec [total]
done with BB for K = 256.00-304.44 Q = 0.00-3.36 after 255.1 sec [total]
done with UBTa for K = 256.00-304.44 Q = 0.00-3.36 after 255.2 sec [total]
done with UBTb for K = 256.00-304.44 Q = 0.00-3.36 after 255.4 sec [total]
done with UBTbA for K = 256.00-304.44 Q = 0.00-3.36 after 255.6 sec [total]
done with UBTbC for K = 256.00-304.44 Q = 0.00-3.36 after 256.0 sec [total]
done with H for K = 256.00-304.44 Q = 0.00-3.36 after 256.8 sec [total]
done with H++ for K = 256.00-304.44 Q = 0.00-3.36 after 260.0 sec [total]
done with H+- for K = 256.00-304.44 Q = 0.00-3.36 after 261.1 sec [total]
done with H-+ for K = 256.00-304.44 Q = 0.00-3.36 after 262.2 sec [total]
done with H-- for K = 256.00-304.44 Q = 0.00-3.36 after 262.6 sec [total]
done with UU for K = 304.44-362.04 Q = 0.00-3.36 after 263.5 sec [total]
done with BB for K = 304.44-362.04 Q = 0.00-3.36 after 264.6 sec [total]
done with UBTa for K = 304.44-362.04 Q = 0.00-3.36 after 264.7 sec [total]
done with UBTb for K = 304.44-362.04 Q = 0.00-3.36 after 264.9 sec [total]
done with UBTbA for K = 304.44-362.04 Q = 0.00-3.36 after 265.1 sec [total]
done with UBTbC for K = 304.44-362.04 Q = 0.00-3.36 after 265.5 sec [total]
done with H for K = 304.44-362.04 Q = 0.00-3.36 after 266.3 sec [total]
done with H++ for K = 304.44-362.04 Q = 0.00-3.36 after 269.5 sec [total]
done with H+- for K = 304.44-362.04 Q = 0.00-3.36 after 270.6 sec [total]
done with H-+ for K = 304.44-362.04 Q = 0.00-3.36 after 271.8 sec [total]
done with H-- for K = 304.44-362.04 Q = 0.00-3.36 after 272.2 sec [total]
done with UU for K = 362.04-430.54 Q = 0.00-3.36 after 273.1 sec [total]
done with BB for K = 362.04-430.54 Q = 0.00-3.36 after 274.1 sec [total]
done with UBTa for K = 362.04-430.54 Q = 0.00-3.36 after 274.3 sec [total]
done with UBTb for K = 362.04-430.54 Q = 0.00-3.36 after 274.5 sec [total]
done with UBTbA for K = 362.04-430.54 Q = 0.00-3.36 after 274.7 sec [total]
done with UBTbC for K = 362.04-430.54 Q = 0.00-3.36 after 275.0 sec [total]
done with H for K = 362.04-430.54 Q = 0.00-3.36 after 275.9 sec [total]
done with H++ for K = 362.04-430.54 Q = 0.00-3.36 after 279.0 sec [total]
done with H+- for K = 362.04-430.54 Q = 0.00-3.36 after 280.2 sec [total]
done with H-+ for K = 362.04-430.54 Q = 0.00-3.36 after 281.3 sec [total]
done with H-- for K = 362.04-430.54 Q = 0.00-3.36 after 281.7 sec [total]
done with UU for K = 430.54-512.00 Q = 0.00-3.36 after 282.6 sec [total]
done with BB for K = 430.54-512.00 Q = 0.00-3.36 after 283.6 sec [total]
done with UBTa for K = 430.54-512.00 Q = 0.00-3.36 after 283.8 sec [total]
done with UBTb for K = 430.54-512.00 Q = 0.00-3.36 after 283.9 sec [total]
done with UBTbA for K = 430.54-512.00 Q = 0.00-3.36 after 284.1 sec [total]
done with UBTbC for K = 430.54-512.00 Q = 0.00-3.36 after 284.5 sec [total]
done with H for K = 430.54-512.00 Q = 0.00-3.36 after 285.4 sec [total]
done with H++ for K = 430.54-512.00 Q = 0.00-3.36 after 288.5 sec [total]
done with H+- for K = 430.54-512.00 Q = 0.00-3.36 after 289.8 sec [total]
done with H-+ for K = 430.54-512.00 Q = 0.00-3.36 after 291.0 sec [total]
done with H-- for K = 430.54-512.00 Q = 0.00-3.36 after 291.2 sec [total]
done with UU for K = 512.00-608.87 Q = 0.00-3.36 after 292.1 sec [total]
done with BB for K = 512.00-608.87 Q = 0.00-3.36 after 293.2 sec [total]
done with UBTa for K = 512.00-608.87 Q = 0.00-3.36 after 293.3 sec [total]
done with UBTb for K = 512.00-608.87 Q = 0.00-3.36 after 293.5 sec [total]
done with UBTbA for K = 512.00-608.87 Q = 0.00-3.36 after 293.7 sec [total]
done with UBTbC for K = 512.00-608.87 Q = 0.00-3.36 after 294.1 sec [total]
done with H for K = 512.00-608.87 Q = 0.00-3.36 after 294.9 sec [total]
done with H++ for K = 512.00-608.87 Q = 0.00-3.36 after 298.2 sec [total]
done with H+- for K = 512.00-608.87 Q = 0.00-3.36 after 299.4 sec [total]
done with H-+ for K = 512.00-608.87 Q = 0.00-3.36 after 300.5 sec [total]
done with H-- for K = 512.00-608.87 Q = 0.00-3.36 after 300.9 sec [total]
done with UU for K = 608.87-724.08 Q = 0.00-3.36 after 301.8 sec [total]
done with BB for K = 608.87-724.08 Q = 0.00-3.36 after 302.8 sec [total]
done with UBTa for K = 608.87-724.08 Q = 0.00-3.36 after 303.0 sec [total]
done with UBTb for K = 608.87-724.08 Q = 0.00-3.36 after 303.2 sec [total]
done with UBTbA for K = 608.87-724.08 Q = 0.00-3.36 after 303.4 sec [total]
done with UBTbC for K = 608.87-724.08 Q = 0.00-3.36 after 303.7 sec [total]
done with H for K = 608.87-724.08 Q = 0.00-3.36 after 304.6 sec [total]
done with H++ for K = 608.87-724.08 Q = 0.00-3.36 after 307.7 sec [total]
done with H+- for K = 608.87-724.08 Q = 0.00-3.36 after 308.9 sec [total]
done with H-+ for K = 608.87-724.08 Q = 0.00-3.36 after 310.1 sec [total]
done with H-- for K = 608.87-724.08 Q = 0.00-3.36 after 310.5 sec [total]
done with UU for K = 724.08-861.08 Q = 0.00-3.36 after 311.3 sec [total]
done with BB for K = 724.08-861.08 Q = 0.00-3.36 after 312.4 sec [total]
done with UBTa for K = 724.08-861.08 Q = 0.00-3.36 after 312.5 sec [total]
done with UBTb for K = 724.08-861.08 Q = 0.00-3.36 after 312.7 sec [total]
done with UBTbA for K = 724.08-861.08 Q = 0.00-3.36 after 312.9 sec [total]
done with UBTbC for K = 724.08-861.08 Q = 0.00-3.36 after 313.3 sec [total]
done with H for K = 724.08-861.08 Q = 0.00-3.36 after 314.1 sec [total]
done with H++ for K = 724.08-861.08 Q = 0.00-3.36 after 317.3 sec [total]
done with H+- for K = 724.08-861.08 Q = 0.00-3.36 after 318.5 sec [total]
done with H-+ for K = 724.08-861.08 Q = 0.00-3.36 after 319.6 sec [total]
done with H-- for K = 724.08-861.08 Q = 0.00-3.36 after 320.0 sec [total]
done with UU for K = 861.08-1024.00 Q = 0.00-3.36 after 320.9 sec [total]
done with BB for K = 861.08-1024.00 Q = 0.00-3.36 after 321.9 sec [total]
done with UBTa for K = 861.08-1024.00 Q = 0.00-3.36 after 322.1 sec [total]
done with UBTb for K = 861.08-1024.00 Q = 0.00-3.36 after 322.2 sec [total]
done with UBTbA for K = 861.08-1024.00 Q = 0.00-3.36 after 322.4 sec [total]
done with UBTbC for K = 861.08-1024.00 Q = 0.00-3.36 after 322.7 sec [total]
done with H for K = 861.08-1024.00 Q = 0.00-3.36 after 323.7 sec [total]
done with H++ for K = 861.08-1024.00 Q = 0.00-3.36 after 326.9 sec [total]
done with H+- for K = 861.08-1024.00 Q = 0.00-3.36 after 328.0 sec [total]
done with H-+ for K = 861.08-1024.00 Q = 0.00-3.36 after 329.1 sec [total]
done with H-- for K = 861.08-1024.00 Q = 0.00-3.36 after 329.5 sec [total]
done with UU for K = 0.00-3.36 Q = 3.36-4.00 after 331.1 sec [total]
done with BB for K = 0.00-3.36 Q = 3.36-4.00 after 333.3 sec [total]
done with UBTa for K = 0.00-3.36 Q = 3.36-4.00 after 334.0 sec [total]
done with UBTb for K = 0.00-3.36 Q = 3.36-4.00 after 335.0 sec [total]
done with UBTbA for K = 0.00-3.36 Q = 3.36-4.00 after 336.1 sec [total]
done with UBTbC for K = 0.00-3.36 Q = 3.36-4.00 after 336.4 sec [total]
done with H for K = 0.00-3.36 Q = 3.36-4.00 after 337.3 sec [total]
done with H++ for K = 0.00-3.36 Q = 3.36-4.00 after 340.5 sec [total]
done with H+- for K = 0.00-3.36 Q = 3.36-4.00 after 341.8 sec [total]
done with H-+ for K = 0.00-3.36 Q = 3.36-4.00 after 343.1 sec [total]
done with H-- for K = 0.00-3.36 Q = 3.36-4.00 after 343.3 sec [total]
done with UU for K = 3.36-4.00 Q = 3.36-4.00 after 344.2 sec [total]
done with BB for K = 3.36-4.00 Q = 3.36-4.00 after 345.2 sec [total]
done with UBTa for K = 3.36-4.00 Q = 3.36-4.00 after 345.4 sec [total]
done with UBTb for K = 3.36-4.00 Q = 3.36-4.00 after 345.6 sec [total]
done with UBTbA for K = 3.36-4.00 Q = 3.36-4.00 after 345.8 sec [total]
done with UBTbC for K = 3.36-4.00 Q = 3.36-4.00 after 346.1 sec [total]
done with H for K = 3.36-4.00 Q = 3.36-4.00 after 346.9 sec [total]
done with H++ for K = 3.36-4.00 Q = 3.36-4.00 after 350.1 sec [total]
done with H+- for K = 3.36-4.00 Q = 3.36-4.00 after 351.2 sec [total]
done with H-+ for K = 3.36-4.00 Q = 3.36-4.00 after 352.3 sec [total]
done with H-- for K = 3.36-4.00 Q = 3.36-4.00 after 352.8 sec [total]
done with UU for K = 4.00-4.76 Q = 3.36-4.00 after 353.7 sec [total]
done with BB for K = 4.00-4.76 Q = 3.36-4.00 after 354.7 sec [total]
done with UBTa for K = 4.00-4.76 Q = 3.36-4.00 after 354.9 sec [total]
done with UBTb for K = 4.00-4.76 Q = 3.36-4.00 after 355.1 sec [total]
done with UBTbA for K = 4.00-4.76 Q = 3.36-4.00 after 355.2 sec [total]
done with UBTbC for K = 4.00-4.76 Q = 3.36-4.00 after 355.5 sec [total]
done with H for K = 4.00-4.76 Q = 3.36-4.00 after 356.4 sec [total]
done with H++ for K = 4.00-4.76 Q = 3.36-4.00 after 359.6 sec [total]
done with H+- for K = 4.00-4.76 Q = 3.36-4.00 after 360.8 sec [total]
done with H-+ for K = 4.00-4.76 Q = 3.36-4.00 after 362.0 sec [total]
done with H-- for K = 4.00-4.76 Q = 3.36-4.00 after 362.3 sec [total]
done with UU for K = 4.76-5.66 Q = 3.36-4.00 after 363.2 sec [total]
done with BB for K = 4.76-5.66 Q = 3.36-4.00 after 364.2 sec [total]
done with UBTa for K = 4.76-5.66 Q = 3.36-4.00 after 364.4 sec [total]
done with UBTb for K = 4.76-5.66 Q = 3.36-4.00 after 364.6 sec [total]
done with UBTbA for K = 4.76-5.66 Q = 3.36-4.00 after 364.8 sec [total]
done with UBTbC for K = 4.76-5.66 Q = 3.36-4.00 after 365.1 sec [total]
done with H for K = 4.76-5.66 Q = 3.36-4.00 after 366.0 sec [total]
done with H++ for K = 4.76-5.66 Q = 3.36-4.00 after 369.1 sec [total]
done with H+- for K = 4.76-5.66 Q = 3.36-4.00 after 370.3 sec [total]
done with H-+ for K = 4.76-5.66 Q = 3.36-4.00 after 371.4 sec [total]
done with H-- for K = 4.76-5.66 Q = 3.36-4.00 after 371.9 sec [total]
done with UU for K = 5.66-6.73 Q = 3.36-4.00 after 372.8 sec [total]
done with BB for K = 5.66-6.73 Q = 3.36-4.00 after 373.9 sec [total]
done with UBTa for K = 5.66-6.73 Q = 3.36-4.00 after 374.0 sec [total]
done with UBTb for K = 5.66-6.73 Q = 3.36-4.00 after 374.2 sec [total]
done with UBTbA for K = 5.66-6.73 Q = 3.36-4.00 after 374.4 sec [total]
done with UBTbC for K = 5.66-6.73 Q = 3.36-4.00 after 374.7 sec [total]
done with H for K = 5.66-6.73 Q = 3.36-4.00 after 375.6 sec [total]
done with H++ for K = 5.66-6.73 Q = 3.36-4.00 after 378.7 sec [total]
done with H+- for K = 5.66-6.73 Q = 3.36-4.00 after 380.0 sec [total]
done with H-+ for K = 5.66-6.73 Q = 3.36-4.00 after 381.3 sec [total]
done with H-- for K = 5.66-6.73 Q = 3.36-4.00 after 381.5 sec [total]
done with UU for K = 6.73-8.00 Q = 3.36-4.00 after 382.4 sec [total]
done with BB for K = 6.73-8.00 Q = 3.36-4.00 after 383.4 sec [total]
done with UBTa for K = 6.73-8.00 Q = 3.36-4.00 after 383.7 sec [total]
done with UBTb for K = 6.73-8.00 Q = 3.36-4.00 after 383.8 sec [total]
done with UBTbA for K = 6.73-8.00 Q = 3.36-4.00 after 384.0 sec [total]
done with UBTbC for K = 6.73-8.00 Q = 3.36-4.00 after 384.3 sec [total]
done with H for K = 6.73-8.00 Q = 3.36-4.00 after 385.1 sec [total]
done with H++ for K = 6.73-8.00 Q = 3.36-4.00 after 388.4 sec [total]
done with H+- for K = 6.73-8.00 Q = 3.36-4.00 after 389.5 sec [total]
done with H-+ for K = 6.73-8.00 Q = 3.36-4.00 after 390.7 sec [total]
done with H-- for K = 6.73-8.00 Q = 3.36-4.00 after 391.0 sec [total]
done with UU for K = 8.00-9.51 Q = 3.36-4.00 after 391.9 sec [total]
done with BB for K = 8.00-9.51 Q = 3.36-4.00 after 393.0 sec [total]
done with UBTa for K = 8.00-9.51 Q = 3.36-4.00 after 393.2 sec [total]
done with UBTb for K = 8.00-9.51 Q = 3.36-4.00 after 393.4 sec [total]
done with UBTbA for K = 8.00-9.51 Q = 3.36-4.00 after 393.5 sec [total]
done with UBTbC for K = 8.00-9.51 Q = 3.36-4.00 after 393.9 sec [total]
done with H for K = 8.00-9.51 Q = 3.36-4.00 after 394.7 sec [total]
done with H++ for K = 8.00-9.51 Q = 3.36-4.00 after 397.9 sec [total]
done with H+- for K = 8.00-9.51 Q = 3.36-4.00 after 399.1 sec [total]
done with H-+ for K = 8.00-9.51 Q = 3.36-4.00 after 400.4 sec [total]
done with H-- for K = 8.00-9.51 Q = 3.36-4.00 after 400.7 sec [total]
done with UU for K = 9.51-11.31 Q = 3.36-4.00 after 401.5 sec [total]
done with BB for K = 9.51-11.31 Q = 3.36-4.00 after 402.6 sec [total]
done with UBTa for K = 9.51-11.31 Q = 3.36-4.00 after 402.8 sec [total]
done with UBTb for K = 9.51-11.31 Q = 3.36-4.00 after 403.0 sec [total]
done with UBTbA for K = 9.51-11.31 Q = 3.36-4.00 after 403.1 sec [total]
done with UBTbC for K = 9.51-11.31 Q = 3.36-4.00 after 403.5 sec [total]
done with H for K = 9.51-11.31 Q = 3.36-4.00 after 404.3 sec [total]
done with H++ for K = 9.51-11.31 Q = 3.36-4.00 after 407.5 sec [total]
done with H+- for K = 9.51-11.31 Q = 3.36-4.00 after 408.7 sec [total]
done with H-+ for K = 9.51-11.31 Q = 3.36-4.00 after 410.0 sec [total]
done with H-- for K = 9.51-11.31 Q = 3.36-4.00 after 410.2 sec [total]
done with UU for K = 11.31-13.45 Q = 3.36-4.00 after 411.1 sec [total]
done with BB for K = 11.31-13.45 Q = 3.36-4.00 after 412.1 sec [total]
done with UBTa for K = 11.31-13.45 Q = 3.36-4.00 after 412.3 sec [total]
done with UBTb for K = 11.31-13.45 Q = 3.36-4.00 after 412.5 sec [total]
done with UBTbA for K = 11.31-13.45 Q = 3.36-4.00 after 412.7 sec [total]
done with UBTbC for K = 11.31-13.45 Q = 3.36-4.00 after 413.0 sec [total]
done with H for K = 11.31-13.45 Q = 3.36-4.00 after 413.9 sec [total]
done with H++ for K = 11.31-13.45 Q = 3.36-4.00 after 417.0 sec [total]
done with H+- for K = 11.31-13.45 Q = 3.36-4.00 after 418.2 sec [total]
done with H-+ for K = 11.31-13.45 Q = 3.36-4.00 after 419.4 sec [total]
done with H-- for K = 11.31-13.45 Q = 3.36-4.00 after 419.7 sec [total]
done with UU for K = 13.45-16.00 Q = 3.36-4.00 after 420.6 sec [total]
done with BB for K = 13.45-16.00 Q = 3.36-4.00 after 421.7 sec [total]
done with UBTa for K = 13.45-16.00 Q = 3.36-4.00 after 421.9 sec [total]
done with UBTb for K = 13.45-16.00 Q = 3.36-4.00 after 422.1 sec [total]
done with UBTbA for K = 13.45-16.00 Q = 3.36-4.00 after 422.2 sec [total]
done with UBTbC for K = 13.45-16.00 Q = 3.36-4.00 after 422.5 sec [total]
done with H for K = 13.45-16.00 Q = 3.36-4.00 after 423.4 sec [total]
done with H++ for K = 13.45-16.00 Q = 3.36-4.00 after 426.5 sec [total]
done with H+- for K = 13.45-16.00 Q = 3.36-4.00 after 427.6 sec [total]
done with H-+ for K = 13.45-16.00 Q = 3.36-4.00 after 428.8 sec [total]
done with H-- for K = 13.45-16.00 Q = 3.36-4.00 after 429.3 sec [total]
done with UU for K = 16.00-19.03 Q = 3.36-4.00 after 430.2 sec [total]
done with BB for K = 16.00-19.03 Q = 3.36-4.00 after 431.2 sec [total]
done with UBTa for K = 16.00-19.03 Q = 3.36-4.00 after 431.4 sec [total]
done with UBTb for K = 16.00-19.03 Q = 3.36-4.00 after 431.6 sec [total]
done with UBTbA for K = 16.00-19.03 Q = 3.36-4.00 after 431.8 sec [total]
done with UBTbC for K = 16.00-19.03 Q = 3.36-4.00 after 432.1 sec [total]
done with H for K = 16.00-19.03 Q = 3.36-4.00 after 432.9 sec [total]
done with H++ for K = 16.00-19.03 Q = 3.36-4.00 after 436.2 sec [total]
done with H+- for K = 16.00-19.03 Q = 3.36-4.00 after 437.3 sec [total]
done with H-+ for K = 16.00-19.03 Q = 3.36-4.00 after 438.3 sec [total]
done with H-- for K = 16.00-19.03 Q = 3.36-4.00 after 438.8 sec [total]
done with UU for K = 19.03-22.63 Q = 3.36-4.00 after 439.7 sec [total]
done with BB for K = 19.03-22.63 Q = 3.36-4.00 after 440.8 sec [total]
done with UBTa for K = 19.03-22.63 Q = 3.36-4.00 after 440.9 sec [total]
done with UBTb for K = 19.03-22.63 Q = 3.36-4.00 after 441.1 sec [total]
done with UBTbA for K = 19.03-22.63 Q = 3.36-4.00 after 441.3 sec [total]
done with UBTbC for K = 19.03-22.63 Q = 3.36-4.00 after 441.6 sec [total]
done with H for K = 19.03-22.63 Q = 3.36-4.00 after 442.5 sec [total]
done with H++ for K = 19.03-22.63 Q = 3.36-4.00 after 445.7 sec [total]
done with H+- for K = 19.03-22.63 Q = 3.36-4.00 after 446.9 sec [total]
done with H-+ for K = 19.03-22.63 Q = 3.36-4.00 after 448.2 sec [total]
done with H-- for K = 19.03-22.63 Q = 3.36-4.00 after 448.4 sec [total]
done with UU for K = 22.63-26.91 Q = 3.36-4.00 after 449.3 sec [total]
done with BB for K = 22.63-26.91 Q = 3.36-4.00 after 450.3 sec [total]
done with UBTa for K = 22.63-26.91 Q = 3.36-4.00 after 450.5 sec [total]
done with UBTb for K = 22.63-26.91 Q = 3.36-4.00 after 450.7 sec [total]
done with UBTbA for K = 22.63-26.91 Q = 3.36-4.00 after 450.9 sec [total]
done with UBTbC for K = 22.63-26.91 Q = 3.36-4.00 after 451.2 sec [total]
done with H for K = 22.63-26.91 Q = 3.36-4.00 after 452.1 sec [total]
done with H++ for K = 22.63-26.91 Q = 3.36-4.00 after 455.2 sec [total]
done with H+- for K = 22.63-26.91 Q = 3.36-4.00 after 456.4 sec [total]
done with H-+ for K = 22.63-26.91 Q = 3.36-4.00 after 457.5 sec [total]
done with H-- for K = 22.63-26.91 Q = 3.36-4.00 after 457.9 sec [total]
done with UU for K = 26.91-32.00 Q = 3.36-4.00 after 458.8 sec [total]
done with BB for K = 26.91-32.00 Q = 3.36-4.00 after 459.9 sec [total]
done with UBTa for K = 26.91-32.00 Q = 3.36-4.00 after 460.0 sec [total]
done with UBTb for K = 26.91-32.00 Q = 3.36-4.00 after 460.2 sec [total]
done with UBTbA for K = 26.91-32.00 Q = 3.36-4.00 after 460.4 sec [total]
done with UBTbC for K = 26.91-32.00 Q = 3.36-4.00 after 460.7 sec [total]
done with H for K = 26.91-32.00 Q = 3.36-4.00 after 461.6 sec [total]
done with H++ for K = 26.91-32.00 Q = 3.36-4.00 after 464.8 sec [total]
done with H+- for K = 26.91-32.00 Q = 3.36-4.00 after 465.9 sec [total]
done with H-+ for K = 26.91-32.00 Q = 3.36-4.00 after 467.1 sec [total]
done with H-- for K = 26.91-32.00 Q = 3.36-4.00 after 467.5 sec [total]
done with UU for K = 32.00-38.05 Q = 3.36-4.00 after 468.4 sec [total]
done with BB for K = 32.00-38.05 Q = 3.36-4.00 after 469.4 sec [total]
done with UBTa for K = 32.00-38.05 Q = 3.36-4.00 after 469.6 sec [total]
done with UBTb for K = 32.00-38.05 Q = 3.36-4.00 after 469.8 sec [total]
done with UBTbA for K = 32.00-38.05 Q = 3.36-4.00 after 470.0 sec [total]
done with UBTbC for K = 32.00-38.05 Q = 3.36-4.00 after 470.3 sec [total]
done with H for K = 32.00-38.05 Q = 3.36-4.00 after 471.2 sec [total]
done with H++ for K = 32.00-38.05 Q = 3.36-4.00 after 474.3 sec [total]
done with H+- for K = 32.00-38.05 Q = 3.36-4.00 after 475.5 sec [total]
done with H-+ for K = 32.00-38.05 Q = 3.36-4.00 after 476.7 sec [total]
done with H-- for K = 32.00-38.05 Q = 3.36-4.00 after 477.0 sec [total]
done with UU for K = 38.05-45.25 Q = 3.36-4.00 after 477.9 sec [total]
done with BB for K = 38.05-45.25 Q = 3.36-4.00 after 479.0 sec [total]
done with UBTa for K = 38.05-45.25 Q = 3.36-4.00 after 479.1 sec [total]
done with UBTb for K = 38.05-45.25 Q = 3.36-4.00 after 479.3 sec [total]
done with UBTbA for K = 38.05-45.25 Q = 3.36-4.00 after 479.5 sec [total]
done with UBTbC for K = 38.05-45.25 Q = 3.36-4.00 after 479.8 sec [total]
done with H for K = 38.05-45.25 Q = 3.36-4.00 after 480.7 sec [total]
done with H++ for K = 38.05-45.25 Q = 3.36-4.00 after 483.9 sec [total]
done with H+- for K = 38.05-45.25 Q = 3.36-4.00 after 485.1 sec [total]
done with H-+ for K = 38.05-45.25 Q = 3.36-4.00 after 486.3 sec [total]
done with H-- for K = 38.05-45.25 Q = 3.36-4.00 after 486.6 sec [total]
done with UU for K = 45.25-53.82 Q = 3.36-4.00 after 487.4 sec [total]
done with BB for K = 45.25-53.82 Q = 3.36-4.00 after 488.4 sec [total]
done with UBTa for K = 45.25-53.82 Q = 3.36-4.00 after 488.6 sec [total]
done with UBTb for K = 45.25-53.82 Q = 3.36-4.00 after 488.9 sec [total]
done with UBTbA for K = 45.25-53.82 Q = 3.36-4.00 after 489.0 sec [total]
done with UBTbC for K = 45.25-53.82 Q = 3.36-4.00 after 489.3 sec [total]
done with H for K = 45.25-53.82 Q = 3.36-4.00 after 490.2 sec [total]
done with H++ for K = 45.25-53.82 Q = 3.36-4.00 after 493.4 sec [total]
done with H+- for K = 45.25-53.82 Q = 3.36-4.00 after 494.6 sec [total]
done with H-+ for K = 45.25-53.82 Q = 3.36-4.00 after 495.7 sec [total]
done with H-- for K = 45.25-53.82 Q = 3.36-4.00 after 496.1 sec [total]
done with UU for K = 53.82-64.00 Q = 3.36-4.00 after 497.0 sec [total]
done with BB for K = 53.82-64.00 Q = 3.36-4.00 after 498.0 sec [total]
done with UBTa for K = 53.82-64.00 Q = 3.36-4.00 after 498.2 sec [total]
done with UBTb for K = 53.82-64.00 Q = 3.36-4.00 after 498.4 sec [total]
done with UBTbA for K = 53.82-64.00 Q = 3.36-4.00 after 498.6 sec [total]
done with UBTbC for K = 53.82-64.00 Q = 3.36-4.00 after 498.9 sec [total]
done with H for K = 53.82-64.00 Q = 3.36-4.00 after 499.8 sec [total]
done with H++ for K = 53.82-64.00 Q = 3.36-4.00 after 503.0 sec [total]
done with H+- for K = 53.82-64.00 Q = 3.36-4.00 after 504.2 sec [total]
done with H-+ for K = 53.82-64.00 Q = 3.36-4.00 after 505.4 sec [total]
done with H-- for K = 53.82-64.00 Q = 3.36-4.00 after 505.7 sec [total]
done with UU for K = 64.00-76.11 Q = 3.36-4.00 after 506.6 sec [total]
done with BB for K = 64.00-76.11 Q = 3.36-4.00 after 507.6 sec [total]
done with UBTa for K = 64.00-76.11 Q = 3.36-4.00 after 507.8 sec [total]
done with UBTb for K = 64.00-76.11 Q = 3.36-4.00 after 508.0 sec [total]
done with UBTbA for K = 64.00-76.11 Q = 3.36-4.00 after 508.2 sec [total]
done with UBTbC for K = 64.00-76.11 Q = 3.36-4.00 after 508.5 sec [total]
done with H for K = 64.00-76.11 Q = 3.36-4.00 after 509.4 sec [total]
done with H++ for K = 64.00-76.11 Q = 3.36-4.00 after 512.5 sec [total]
done with H+- for K = 64.00-76.11 Q = 3.36-4.00 after 513.6 sec [total]
done with H-+ for K = 64.00-76.11 Q = 3.36-4.00 after 514.6 sec [total]
done with H-- for K = 64.00-76.11 Q = 3.36-4.00 after 515.3 sec [total]
done with UU for K = 76.11-90.51 Q = 3.36-4.00 after 516.1 sec [total]
done with BB for K = 76.11-90.51 Q = 3.36-4.00 after 517.2 sec [total]
done with UBTa for K = 76.11-90.51 Q = 3.36-4.00 after 517.4 sec [total]
done with UBTb for K = 76.11-90.51 Q = 3.36-4.00 after 517.6 sec [total]
done with UBTbA for K = 76.11-90.51 Q = 3.36-4.00 after 517.8 sec [total]
done with UBTbC for K = 76.11-90.51 Q = 3.36-4.00 after 518.0 sec [total]
done with H for K = 76.11-90.51 Q = 3.36-4.00 after 518.9 sec [total]
done with H++ for K = 76.11-90.51 Q = 3.36-4.00 after 522.1 sec [total]
done with H+- for K = 76.11-90.51 Q = 3.36-4.00 after 523.3 sec [total]
done with H-+ for K = 76.11-90.51 Q = 3.36-4.00 after 524.5 sec [total]
done with H-- for K = 76.11-90.51 Q = 3.36-4.00 after 524.8 sec [total]
done with UU for K = 90.51-107.63 Q = 3.36-4.00 after 525.7 sec [total]
done with BB for K = 90.51-107.63 Q = 3.36-4.00 after 526.8 sec [total]
done with UBTa for K = 90.51-107.63 Q = 3.36-4.00 after 527.0 sec [total]
done with UBTb for K = 90.51-107.63 Q = 3.36-4.00 after 527.2 sec [total]
done with UBTbA for K = 90.51-107.63 Q = 3.36-4.00 after 527.3 sec [total]
done with UBTbC for K = 90.51-107.63 Q = 3.36-4.00 after 527.6 sec [total]
done with H for K = 90.51-107.63 Q = 3.36-4.00 after 528.4 sec [total]
done with H++ for K = 90.51-107.63 Q = 3.36-4.00 after 531.6 sec [total]
done with H+- for K = 90.51-107.63 Q = 3.36-4.00 after 532.7 sec [total]
done with H-+ for K = 90.51-107.63 Q = 3.36-4.00 after 533.9 sec [total]
done with H-- for K = 90.51-107.63 Q = 3.36-4.00 after 534.3 sec [total]
done with UU for K = 107.63-128.00 Q = 3.36-4.00 after 535.2 sec [total]
done with BB for K = 107.63-128.00 Q = 3.36-4.00 after 536.2 sec [total]
done with UBTa for K = 107.63-128.00 Q = 3.36-4.00 after 536.4 sec [total]
done with UBTb for K = 107.63-128.00 Q = 3.36-4.00 after 536.6 sec [total]
done with UBTbA for K = 107.63-128.00 Q = 3.36-4.00 after 536.8 sec [total]
done with UBTbC for K = 107.63-128.00 Q = 3.36-4.00 after 537.0 sec [total]
done with H for K = 107.63-128.00 Q = 3.36-4.00 after 537.9 sec [total]
done with H++ for K = 107.63-128.00 Q = 3.36-4.00 after 541.1 sec [total]
done with H+- for K = 107.63-128.00 Q = 3.36-4.00 after 542.3 sec [total]
done with H-+ for K = 107.63-128.00 Q = 3.36-4.00 after 543.4 sec [total]
done with H-- for K = 107.63-128.00 Q = 3.36-4.00 after 543.8 sec [total]
done with UU for K = 128.00-152.22 Q = 3.36-4.00 after 544.7 sec [total]
done with BB for K = 128.00-152.22 Q = 3.36-4.00 after 545.7 sec [total]
done with UBTa for K = 128.00-152.22 Q = 3.36-4.00 after 545.9 sec [total]
done with UBTb for K = 128.00-152.22 Q = 3.36-4.00 after 546.1 sec [total]
done with UBTbA for K = 128.00-152.22 Q = 3.36-4.00 after 546.3 sec [total]
done with UBTbC for K = 128.00-152.22 Q = 3.36-4.00 after 546.6 sec [total]
done with H for K = 128.00-152.22 Q = 3.36-4.00 after 547.5 sec [total]
done with H++ for K = 128.00-152.22 Q = 3.36-4.00 after 550.6 sec [total]
done with H+- for K = 128.00-152.22 Q = 3.36-4.00 after 551.6 sec [total]
done with H-+ for K = 128.00-152.22 Q = 3.36-4.00 after 552.8 sec [total]
done with H-- for K = 128.00-152.22 Q = 3.36-4.00 after 553.3 sec [total]
done with UU for K = 152.22-181.02 Q = 3.36-4.00 after 554.2 sec [total]
done with BB for K = 152.22-181.02 Q = 3.36-4.00 after 555.3 sec [total]
done with UBTa for K = 152.22-181.02 Q = 3.36-4.00 after 555.5 sec [total]
done with UBTb for K = 152.22-181.02 Q = 3.36-4.00 after 555.7 sec [total]
done with UBTbA for K = 152.22-181.02 Q = 3.36-4.00 after 555.8 sec [total]
done with UBTbC for K = 152.22-181.02 Q = 3.36-4.00 after 556.1 sec [total]
done with H for K = 152.22-181.02 Q = 3.36-4.00 after 557.0 sec [total]
done with H++ for K = 152.22-181.02 Q = 3.36-4.00 after 560.1 sec [total]
done with H+- for K = 152.22-181.02 Q = 3.36-4.00 after 561.1 sec [total]
done with H-+ for K = 152.22-181.02 Q = 3.36-4.00 after 562.3 sec [total]
done with H-- for K = 152.22-181.02 Q = 3.36-4.00 after 562.9 sec [total]
done with UU for K = 181.02-215.27 Q = 3.36-4.00 after 563.8 sec [total]
done with BB for K = 181.02-215.27 Q = 3.36-4.00 after 564.8 sec [total]
done with UBTa for K = 181.02-215.27 Q = 3.36-4.00 after 565.0 sec [total]
done with UBTb for K = 181.02-215.27 Q = 3.36-4.00 after 565.2 sec [total]
done with UBTbA for K = 181.02-215.27 Q = 3.36-4.00 after 565.4 sec [total]
done with UBTbC for K = 181.02-215.27 Q = 3.36-4.00 after 565.7 sec [total]
done with H for K = 181.02-215.27 Q = 3.36-4.00 after 566.5 sec [total]
done with H++ for K = 181.02-215.27 Q = 3.36-4.00 after 569.7 sec [total]
done with H+- for K = 181.02-215.27 Q = 3.36-4.00 after 570.8 sec [total]
done with H-+ for K = 181.02-215.27 Q = 3.36-4.00 after 571.8 sec [total]
done with H-- for K = 181.02-215.27 Q = 3.36-4.00 after 572.4 sec [total]
done with UU for K = 215.27-256.00 Q = 3.36-4.00 after 573.4 sec [total]
done with BB for K = 215.27-256.00 Q = 3.36-4.00 after 574.4 sec [total]
done with UBTa for K = 215.27-256.00 Q = 3.36-4.00 after 574.6 sec [total]
done with UBTb for K = 215.27-256.00 Q = 3.36-4.00 after 574.8 sec [total]
done with UBTbA for K = 215.27-256.00 Q = 3.36-4.00 after 575.0 sec [total]
done with UBTbC for K = 215.27-256.00 Q = 3.36-4.00 after 575.3 sec [total]
done with H for K = 215.27-256.00 Q = 3.36-4.00 after 576.2 sec [total]
done with H++ for K = 215.27-256.00 Q = 3.36-4.00 after 579.3 sec [total]
done with H+- for K = 215.27-256.00 Q = 3.36-4.00 after 580.5 sec [total]
done with H-+ for K = 215.27-256.00 Q = 3.36-4.00 after 581.7 sec [total]
done with H-- for K = 215.27-256.00 Q = 3.36-4.00 after 582.1 sec [total]
done with UU for K = 256.00-304.44 Q = 3.36-4.00 after 583.0 sec [total]
done with BB for K = 256.00-304.44 Q = 3.36-4.00 after 584.1 sec [total]
done with UBTa for K = 256.00-304.44 Q = 3.36-4.00 after 584.3 sec [total]
done with UBTb for K = 256.00-304.44 Q = 3.36-4.00 after 584.4 sec [total]
done with UBTbA for K = 256.00-304.44 Q = 3.36-4.00 after 584.6 sec [total]
done with UBTbC for K = 256.00-304.44 Q = 3.36-4.00 after 584.9 sec [total]
done with H for K = 256.00-304.44 Q = 3.36-4.00 after 585.8 sec [total]
done with H++ for K = 256.00-304.44 Q = 3.36-4.00 after 588.9 sec [total]
done with H+- for K = 256.00-304.44 Q = 3.36-4.00 after 589.9 sec [total]
done with H-+ for K = 256.00-304.44 Q = 3.36-4.00 after 591.0 sec [total]
done with H-- for K = 256.00-304.44 Q = 3.36-4.00 after 591.7 sec [total]
done with UU for K = 304.44-362.04 Q = 3.36-4.00 after 592.5 sec [total]
done with BB for K = 304.44-362.04 Q = 3.36-4.00 after 593.6 sec [total]
done with UBTa for K = 304.44-362.04 Q = 3.36-4.00 after 593.8 sec [total]
done with UBTb for K = 304.44-362.04 Q = 3.36-4.00 after 594.0 sec [total]
done with UBTbA for K = 304.44-362.04 Q = 3.36-4.00 after 594.2 sec [total]
done with UBTbC for K = 304.44-362.04 Q = 3.36-4.00 after 594.5 sec [total]
done with H for K = 304.44-362.04 Q = 3.36-4.00 after 595.3 sec [total]
done with H++ for K = 304.44-362.04 Q = 3.36-4.00 after 598.5 sec [total]
done with H+- for K = 304.44-362.04 Q = 3.36-4.00 after 599.6 sec [total]
done with H-+ for K = 304.44-362.04 Q = 3.36-4.00 after 600.6 sec [total]
done with H-- for K = 304.44-362.04 Q = 3.36-4.00 after 601.2 sec [total]
done with UU for K = 362.04-430.54 Q = 3.36-4.00 after 602.1 sec [total]
done with BB for K = 362.04-430.54 Q = 3.36-4.00 after 603.1 sec [total]
done with UBTa for K = 362.04-430.54 Q = 3.36-4.00 after 603.3 sec [total]
done with UBTb for K = 362.04-430.54 Q = 3.36-4.00 after 603.5 sec [total]
done with UBTbA for K = 362.04-430.54 Q = 3.36-4.00 after 603.7 sec [total]
done with UBTbC for K = 362.04-430.54 Q = 3.36-4.00 after 604.0 sec [total]
done with H for K = 362.04-430.54 Q = 3.36-4.00 after 604.9 sec [total]
done with H++ for K = 362.04-430.54 Q = 3.36-4.00 after 608.1 sec [total]
done with H+- for K = 362.04-430.54 Q = 3.36-4.00 after 609.3 sec [total]
done with H-+ for K = 362.04-430.54 Q = 3.36-4.00 after 610.6 sec [total]
done with H-- for K = 362.04-430.54 Q = 3.36-4.00 after 610.8 sec [total]
done with UU for K = 430.54-512.00 Q = 3.36-4.00 after 611.6 sec [total]
done with BB for K = 430.54-512.00 Q = 3.36-4.00 after 612.7 sec [total]
done with UBTa for K = 430.54-512.00 Q = 3.36-4.00 after 612.9 sec [total]
done with UBTb for K = 430.54-512.00 Q = 3.36-4.00 after 613.1 sec [total]
done with UBTbA for K = 430.54-512.00 Q = 3.36-4.00 after 613.2 sec [total]
done with UBTbC for K = 430.54-512.00 Q = 3.36-4.00 after 613.5 sec [total]
done with H for K = 430.54-512.00 Q = 3.36-4.00 after 614.4 sec [total]
done with H++ for K = 430.54-512.00 Q = 3.36-4.00 after 617.6 sec [total]
done with H+- for K = 430.54-512.00 Q = 3.36-4.00 after 618.8 sec [total]
done with H-+ for K = 430.54-512.00 Q = 3.36-4.00 after 619.9 sec [total]
done with H-- for K = 430.54-512.00 Q = 3.36-4.00 after 620.3 sec [total]
done with UU for K = 512.00-608.87 Q = 3.36-4.00 after 621.2 sec [total]
done with BB for K = 512.00-608.87 Q = 3.36-4.00 after 622.2 sec [total]
done with UBTa for K = 512.00-608.87 Q = 3.36-4.00 after 622.4 sec [total]
done with UBTb for K = 512.00-608.87 Q = 3.36-4.00 after 622.6 sec [total]
done with UBTbA for K = 512.00-608.87 Q = 3.36-4.00 after 622.8 sec [total]
done with UBTbC for K = 512.00-608.87 Q = 3.36-4.00 after 623.1 sec [total]
done with H for K = 512.00-608.87 Q = 3.36-4.00 after 624.0 sec [total]
done with H++ for K = 512.00-608.87 Q = 3.36-4.00 after 627.1 sec [total]
done with H+- for K = 512.00-608.87 Q = 3.36-4.00 after 628.2 sec [total]
done with H-+ for K = 512.00-608.87 Q = 3.36-4.00 after 629.3 sec [total]
done with H-- for K = 512.00-608.87 Q = 3.36-4.00 after 629.9 sec [total]
done with UU for K = 608.87-724.08 Q = 3.36-4.00 after 630.8 sec [total]
done with BB for K = 608.87-724.08 Q = 3.36-4.00 after 631.8 sec [total]
done with UBTa for K = 608.87-724.08 Q = 3.36-4.00 after 632.0 sec [total]
done with UBTb for K = 608.87-724.08 Q = 3.36-4.00 after 632.2 sec [total]
done with UBTbA for K = 608.87-724.08 Q = 3.36-4.00 after 632.4 sec [total]
done with UBTbC for K = 608.87-724.08 Q = 3.36-4.00 after 632.7 sec [total]
done with H for K = 608.87-724.08 Q = 3.36-4.00 after 633.6 sec [total]
done with H++ for K = 608.87-724.08 Q = 3.36-4.00 after 636.7 sec [total]
done with H+- for K = 608.87-724.08 Q = 3.36-4.00 after 637.9 sec [total]
done with H-+ for K = 608.87-724.08 Q = 3.36-4.00 after 639.1 sec [total]
done with H-- for K = 608.87-724.08 Q = 3.36-4.00 after 639.4 sec [total]
done with UU for K = 724.08-861.08 Q = 3.36-4.00 after 640.3 sec [total]
done with BB for K = 724.08-861.08 Q = 3.36-4.00 after 641.4 sec [total]
done with UBTa for K = 724.08-861.08 Q = 3.36-4.00 after 641.5 sec [total]
done with UBTb for K = 724.08-861.08 Q = 3.36-4.00 after 641.7 sec [total]
done with UBTbA for K = 724.08-861.08 Q = 3.36-4.00 after 641.9 sec [total]
done with UBTbC for K = 724.08-861.08 Q = 3.36-4.00 after 642.2 sec [total]
done with H for K = 724.08-861.08 Q = 3.36-4.00 after 643.1 sec [total]
done with H++ for K = 724.08-861.08 Q = 3.36-4.00 after 646.3 sec [total]
done with H+- for K = 724.08-861.08 Q = 3.36-4.00 after 647.5 sec [total]
done with H-+ for K = 724.08-861.08 Q = 3.36-4.00 after 648.8 sec [total]
done with H-- for K = 724.08-861.08 Q = 3.36-4.00 after 649.0 sec [total]
done with UU for K = 861.08-1024.00 Q = 3.36-4.00 after 649.9 sec [total]
done with BB for K = 861.08-1024.00 Q = 3.36-4.00 after 650.9 sec [total]
done with UBTa for K = 861.08-1024.00 Q = 3.36-4.00 after 651.1 sec [total]
done with UBTb for K = 861.08-1024.00 Q = 3.36-4.00 after 651.3 sec [total]
done with UBTbA for K = 861.08-1024.00 Q = 3.36-4.00 after 651.5 sec [total]
done with UBTbC for K = 861.08-1024.00 Q = 3.36-4.00 after 651.8 sec [total]
done with H for K = 861.08-1024.00 Q = 3.36-4.00 after 652.7 sec [total]
done with H++ for K = 861.08-1024.00 Q = 3.36-4.00 after 655.8 sec [total]
done with H+- for K = 861.08-1024.00 Q = 3.36-4.00 after 657.1 sec [total]
done with H-+ for K = 861.08-1024.00 Q = 3.36-4.00 after 658.2 sec [total]
done with H-- for K = 861.08-1024.00 Q = 3.36-4.00 after 658.5 sec [total]
done with UU for K = 0.00-3.36 Q = 4.00-4.76 after 660.3 sec [total]
done with BB for K = 0.00-3.36 Q = 4.00-4.76 after 662.5 sec [total]
done with UBTa for K = 0.00-3.36 Q = 4.00-4.76 after 663.4 sec [total]
done with UBTb for K = 0.00-3.36 Q = 4.00-4.76 after 664.5 sec [total]
done with UBTbA for K = 0.00-3.36 Q = 4.00-4.76 after 665.6 sec [total]
done with UBTbC for K = 0.00-3.36 Q = 4.00-4.76 after 665.9 sec [total]
done with H for K = 0.00-3.36 Q = 4.00-4.76 after 666.9 sec [total]
done with H++ for K = 0.00-3.36 Q = 4.00-4.76 after 670.1 sec [total]
done with H+- for K = 0.00-3.36 Q = 4.00-4.76 after 671.3 sec [total]
done with H-+ for K = 0.00-3.36 Q = 4.00-4.76 after 672.5 sec [total]
done with H-- for K = 0.00-3.36 Q = 4.00-4.76 after 672.8 sec [total]
done with UU for K = 3.36-4.00 Q = 4.00-4.76 after 673.7 sec [total]
done with BB for K = 3.36-4.00 Q = 4.00-4.76 after 674.8 sec [total]
done with UBTa for K = 3.36-4.00 Q = 4.00-4.76 after 674.9 sec [total]
done with UBTb for K = 3.36-4.00 Q = 4.00-4.76 after 675.1 sec [total]
done with UBTbA for K = 3.36-4.00 Q = 4.00-4.76 after 675.3 sec [total]
done with UBTbC for K = 3.36-4.00 Q = 4.00-4.76 after 675.6 sec [total]
done with H for K = 3.36-4.00 Q = 4.00-4.76 after 676.5 sec [total]
done with H++ for K = 3.36-4.00 Q = 4.00-4.76 after 679.8 sec [total]
done with H+- for K = 3.36-4.00 Q = 4.00-4.76 after 681.0 sec [total]
done with H-+ for K = 3.36-4.00 Q = 4.00-4.76 after 682.2 sec [total]
done with H-- for K = 3.36-4.00 Q = 4.00-4.76 after 682.5 sec [total]
done with UU for K = 4.00-4.76 Q = 4.00-4.76 after 683.4 sec [total]
done with BB for K = 4.00-4.76 Q = 4.00-4.76 after 684.4 sec [total]
done with UBTa for K = 4.00-4.76 Q = 4.00-4.76 after 684.6 sec [total]
done with UBTb for K = 4.00-4.76 Q = 4.00-4.76 after 684.8 sec [total]
done with UBTbA for K = 4.00-4.76 Q = 4.00-4.76 after 684.9 sec [total]
done with UBTbC for K = 4.00-4.76 Q = 4.00-4.76 after 685.2 sec [total]
done with H for K = 4.00-4.76 Q = 4.00-4.76 after 686.1 sec [total]
done with H++ for K = 4.00-4.76 Q = 4.00-4.76 after 689.3 sec [total]
done with H+- for K = 4.00-4.76 Q = 4.00-4.76 after 690.5 sec [total]
done with H-+ for K = 4.00-4.76 Q = 4.00-4.76 after 691.6 sec [total]
done with H-- for K = 4.00-4.76 Q = 4.00-4.76 after 692.1 sec [total]
done with UU for K = 4.76-5.66 Q = 4.00-4.76 after 693.0 sec [total]
done with BB for K = 4.76-5.66 Q = 4.00-4.76 after 694.0 sec [total]
done with UBTa for K = 4.76-5.66 Q = 4.00-4.76 after 694.3 sec [total]
done with UBTb for K = 4.76-5.66 Q = 4.00-4.76 after 694.4 sec [total]
done with UBTbA for K = 4.76-5.66 Q = 4.00-4.76 after 694.6 sec [total]
done with UBTbC for K = 4.76-5.66 Q = 4.00-4.76 after 694.9 sec [total]
done with H for K = 4.76-5.66 Q = 4.00-4.76 after 695.8 sec [total]
done with H++ for K = 4.76-5.66 Q = 4.00-4.76 after 698.9 sec [total]
done with H+- for K = 4.76-5.66 Q = 4.00-4.76 after 700.1 sec [total]
done with H-+ for K = 4.76-5.66 Q = 4.00-4.76 after 701.3 sec [total]
done with H-- for K = 4.76-5.66 Q = 4.00-4.76 after 701.7 sec [total]
done with UU for K = 5.66-6.73 Q = 4.00-4.76 after 702.6 sec [total]
done with BB for K = 5.66-6.73 Q = 4.00-4.76 after 703.6 sec [total]
done with UBTa for K = 5.66-6.73 Q = 4.00-4.76 after 703.8 sec [total]
done with UBTb for K = 5.66-6.73 Q = 4.00-4.76 after 704.0 sec [total]
done with UBTbA for K = 5.66-6.73 Q = 4.00-4.76 after 704.2 sec [total]
done with UBTbC for K = 5.66-6.73 Q = 4.00-4.76 after 704.5 sec [total]
done with H for K = 5.66-6.73 Q = 4.00-4.76 after 705.4 sec [total]
done with H++ for K = 5.66-6.73 Q = 4.00-4.76 after 708.6 sec [total]
done with H+- for K = 5.66-6.73 Q = 4.00-4.76 after 709.7 sec [total]
done with H-+ for K = 5.66-6.73 Q = 4.00-4.76 after 710.9 sec [total]
done with H-- for K = 5.66-6.73 Q = 4.00-4.76 after 711.4 sec [total]
done with UU for K = 6.73-8.00 Q = 4.00-4.76 after 712.3 sec [total]
done with BB for K = 6.73-8.00 Q = 4.00-4.76 after 713.3 sec [total]
done with UBTa for K = 6.73-8.00 Q = 4.00-4.76 after 713.5 sec [total]
done with UBTb for K = 6.73-8.00 Q = 4.00-4.76 after 713.7 sec [total]
done with UBTbA for K = 6.73-8.00 Q = 4.00-4.76 after 713.9 sec [total]
done with UBTbC for K = 6.73-8.00 Q = 4.00-4.76 after 714.2 sec [total]
done with H for K = 6.73-8.00 Q = 4.00-4.76 after 715.0 sec [total]
done with H++ for K = 6.73-8.00 Q = 4.00-4.76 after 718.2 sec [total]
done with H+- for K = 6.73-8.00 Q = 4.00-4.76 after 719.4 sec [total]
done with H-+ for K = 6.73-8.00 Q = 4.00-4.76 after 720.4 sec [total]
done with H-- for K = 6.73-8.00 Q = 4.00-4.76 after 720.9 sec [total]
done with UU for K = 8.00-9.51 Q = 4.00-4.76 after 721.8 sec [total]
done with BB for K = 8.00-9.51 Q = 4.00-4.76 after 722.9 sec [total]
done with UBTa for K = 8.00-9.51 Q = 4.00-4.76 after 723.1 sec [total]
done with UBTb for K = 8.00-9.51 Q = 4.00-4.76 after 723.3 sec [total]
done with UBTbA for K = 8.00-9.51 Q = 4.00-4.76 after 723.4 sec [total]
done with UBTbC for K = 8.00-9.51 Q = 4.00-4.76 after 723.7 sec [total]
done with H for K = 8.00-9.51 Q = 4.00-4.76 after 724.6 sec [total]
done with H++ for K = 8.00-9.51 Q = 4.00-4.76 after 727.8 sec [total]
done with H+- for K = 8.00-9.51 Q = 4.00-4.76 after 729.0 sec [total]
done with H-+ for K = 8.00-9.51 Q = 4.00-4.76 after 730.2 sec [total]
done with H-- for K = 8.00-9.51 Q = 4.00-4.76 after 730.5 sec [total]
done with UU for K = 9.51-11.31 Q = 4.00-4.76 after 731.4 sec [total]
done with BB for K = 9.51-11.31 Q = 4.00-4.76 after 732.5 sec [total]
done with UBTa for K = 9.51-11.31 Q = 4.00-4.76 after 732.6 sec [total]
done with UBTb for K = 9.51-11.31 Q = 4.00-4.76 after 732.9 sec [total]
done with UBTbA for K = 9.51-11.31 Q = 4.00-4.76 after 733.0 sec [total]
done with UBTbC for K = 9.51-11.31 Q = 4.00-4.76 after 733.3 sec [total]
done with H for K = 9.51-11.31 Q = 4.00-4.76 after 734.2 sec [total]
done with H++ for K = 9.51-11.31 Q = 4.00-4.76 after 737.3 sec [total]
done with H+- for K = 9.51-11.31 Q = 4.00-4.76 after 738.6 sec [total]
done with H-+ for K = 9.51-11.31 Q = 4.00-4.76 after 739.8 sec [total]
done with H-- for K = 9.51-11.31 Q = 4.00-4.76 after 740.1 sec [total]
done with UU for K = 11.31-13.45 Q = 4.00-4.76 after 741.0 sec [total]
done with BB for K = 11.31-13.45 Q = 4.00-4.76 after 742.0 sec [total]
done with UBTa for K = 11.31-13.45 Q = 4.00-4.76 after 742.2 sec [total]
done with UBTb for K = 11.31-13.45 Q = 4.00-4.76 after 742.4 sec [total]
done with UBTbA for K = 11.31-13.45 Q = 4.00-4.76 after 742.6 sec [total]
done with UBTbC for K = 11.31-13.45 Q = 4.00-4.76 after 742.9 sec [total]
done with H for K = 11.31-13.45 Q = 4.00-4.76 after 743.8 sec [total]
done with H++ for K = 11.31-13.45 Q = 4.00-4.76 after 747.0 sec [total]
done with H+- for K = 11.31-13.45 Q = 4.00-4.76 after 748.0 sec [total]
done with H-+ for K = 11.31-13.45 Q = 4.00-4.76 after 749.1 sec [total]
done with H-- for K = 11.31-13.45 Q = 4.00-4.76 after 749.7 sec [total]
done with UU for K = 13.45-16.00 Q = 4.00-4.76 after 750.6 sec [total]
done with BB for K = 13.45-16.00 Q = 4.00-4.76 after 751.7 sec [total]
done with UBTa for K = 13.45-16.00 Q = 4.00-4.76 after 751.8 sec [total]
done with UBTb for K = 13.45-16.00 Q = 4.00-4.76 after 752.1 sec [total]
done with UBTbA for K = 13.45-16.00 Q = 4.00-4.76 after 752.2 sec [total]
done with UBTbC for K = 13.45-16.00 Q = 4.00-4.76 after 752.5 sec [total]
done with H for K = 13.45-16.00 Q = 4.00-4.76 after 753.4 sec [total]
done with H++ for K = 13.45-16.00 Q = 4.00-4.76 after 756.5 sec [total]
done with H+- for K = 13.45-16.00 Q = 4.00-4.76 after 757.7 sec [total]
done with H-+ for K = 13.45-16.00 Q = 4.00-4.76 after 758.8 sec [total]
done with H-- for K = 13.45-16.00 Q = 4.00-4.76 after 759.3 sec [total]
done with UU for K = 16.00-19.03 Q = 4.00-4.76 after 760.3 sec [total]
done with BB for K = 16.00-19.03 Q = 4.00-4.76 after 761.3 sec [total]
done with UBTa for K = 16.00-19.03 Q = 4.00-4.76 after 761.4 sec [total]
done with UBTb for K = 16.00-19.03 Q = 4.00-4.76 after 761.7 sec [total]
done with UBTbA for K = 16.00-19.03 Q = 4.00-4.76 after 761.9 sec [total]
done with UBTbC for K = 16.00-19.03 Q = 4.00-4.76 after 762.2 sec [total]
done with H for K = 16.00-19.03 Q = 4.00-4.76 after 763.0 sec [total]
done with H++ for K = 16.00-19.03 Q = 4.00-4.76 after 766.2 sec [total]
done with H+- for K = 16.00-19.03 Q = 4.00-4.76 after 767.3 sec [total]
done with H-+ for K = 16.00-19.03 Q = 4.00-4.76 after 768.3 sec [total]
done with H-- for K = 16.00-19.03 Q = 4.00-4.76 after 769.0 sec [total]
done with UU for K = 19.03-22.63 Q = 4.00-4.76 after 769.9 sec [total]
done with BB for K = 19.03-22.63 Q = 4.00-4.76 after 771.0 sec [total]
done with UBTa for K = 19.03-22.63 Q = 4.00-4.76 after 771.2 sec [total]
done with UBTb for K = 19.03-22.63 Q = 4.00-4.76 after 771.3 sec [total]
done with UBTbA for K = 19.03-22.63 Q = 4.00-4.76 after 771.5 sec [total]
done with UBTbC for K = 19.03-22.63 Q = 4.00-4.76 after 771.8 sec [total]
done with H for K = 19.03-22.63 Q = 4.00-4.76 after 772.6 sec [total]
done with H++ for K = 19.03-22.63 Q = 4.00-4.76 after 775.8 sec [total]
done with H+- for K = 19.03-22.63 Q = 4.00-4.76 after 777.0 sec [total]
done with H-+ for K = 19.03-22.63 Q = 4.00-4.76 after 778.3 sec [total]
done with H-- for K = 19.03-22.63 Q = 4.00-4.76 after 778.6 sec [total]
done with UU for K = 22.63-26.91 Q = 4.00-4.76 after 779.5 sec [total]
done with BB for K = 22.63-26.91 Q = 4.00-4.76 after 780.5 sec [total]
done with UBTa for K = 22.63-26.91 Q = 4.00-4.76 after 780.6 sec [total]
done with UBTb for K = 22.63-26.91 Q = 4.00-4.76 after 780.8 sec [total]
done with UBTbA for K = 22.63-26.91 Q = 4.00-4.76 after 781.1 sec [total]
done with UBTbC for K = 22.63-26.91 Q = 4.00-4.76 after 781.3 sec [total]
done with H for K = 22.63-26.91 Q = 4.00-4.76 after 782.2 sec [total]
done with H++ for K = 22.63-26.91 Q = 4.00-4.76 after 785.4 sec [total]
done with H+- for K = 22.63-26.91 Q = 4.00-4.76 after 786.5 sec [total]
done with H-+ for K = 22.63-26.91 Q = 4.00-4.76 after 787.6 sec [total]
done with H-- for K = 22.63-26.91 Q = 4.00-4.76 after 788.1 sec [total]
done with UU for K = 26.91-32.00 Q = 4.00-4.76 after 789.0 sec [total]
done with BB for K = 26.91-32.00 Q = 4.00-4.76 after 790.1 sec [total]
done with UBTa for K = 26.91-32.00 Q = 4.00-4.76 after 790.3 sec [total]
done with UBTb for K = 26.91-32.00 Q = 4.00-4.76 after 790.5 sec [total]
done with UBTbA for K = 26.91-32.00 Q = 4.00-4.76 after 790.7 sec [total]
done with UBTbC for K = 26.91-32.00 Q = 4.00-4.76 after 790.9 sec [total]
done with H for K = 26.91-32.00 Q = 4.00-4.76 after 791.8 sec [total]
done with H++ for K = 26.91-32.00 Q = 4.00-4.76 after 795.0 sec [total]
done with H+- for K = 26.91-32.00 Q = 4.00-4.76 after 796.3 sec [total]
done with H-+ for K = 26.91-32.00 Q = 4.00-4.76 after 797.4 sec [total]
done with H-- for K = 26.91-32.00 Q = 4.00-4.76 after 797.7 sec [total]
done with UU for K = 32.00-38.05 Q = 4.00-4.76 after 798.6 sec [total]
done with BB for K = 32.00-38.05 Q = 4.00-4.76 after 799.7 sec [total]
done with UBTa for K = 32.00-38.05 Q = 4.00-4.76 after 799.9 sec [total]
done with UBTb for K = 32.00-38.05 Q = 4.00-4.76 after 800.1 sec [total]
done with UBTbA for K = 32.00-38.05 Q = 4.00-4.76 after 800.2 sec [total]
done with UBTbC for K = 32.00-38.05 Q = 4.00-4.76 after 800.5 sec [total]
done with H for K = 32.00-38.05 Q = 4.00-4.76 after 801.5 sec [total]
done with H++ for K = 32.00-38.05 Q = 4.00-4.76 after 804.7 sec [total]
done with H+- for K = 32.00-38.05 Q = 4.00-4.76 after 805.7 sec [total]
done with H-+ for K = 32.00-38.05 Q = 4.00-4.76 after 806.9 sec [total]
done with H-- for K = 32.00-38.05 Q = 4.00-4.76 after 807.4 sec [total]
done with UU for K = 38.05-45.25 Q = 4.00-4.76 after 808.3 sec [total]
done with BB for K = 38.05-45.25 Q = 4.00-4.76 after 809.3 sec [total]
done with UBTa for K = 38.05-45.25 Q = 4.00-4.76 after 809.5 sec [total]
done with UBTb for K = 38.05-45.25 Q = 4.00-4.76 after 809.7 sec [total]
done with UBTbA for K = 38.05-45.25 Q = 4.00-4.76 after 809.9 sec [total]
done with UBTbC for K = 38.05-45.25 Q = 4.00-4.76 after 810.2 sec [total]
done with H for K = 38.05-45.25 Q = 4.00-4.76 after 811.0 sec [total]
done with H++ for K = 38.05-45.25 Q = 4.00-4.76 after 814.2 sec [total]
done with H+- for K = 38.05-45.25 Q = 4.00-4.76 after 815.3 sec [total]
done with H-+ for K = 38.05-45.25 Q = 4.00-4.76 after 816.5 sec [total]
done with H-- for K = 38.05-45.25 Q = 4.00-4.76 after 816.9 sec [total]
done with UU for K = 45.25-53.82 Q = 4.00-4.76 after 817.8 sec [total]
done with BB for K = 45.25-53.82 Q = 4.00-4.76 after 818.8 sec [total]
done with UBTa for K = 45.25-53.82 Q = 4.00-4.76 after 819.0 sec [total]
done with UBTb for K = 45.25-53.82 Q = 4.00-4.76 after 819.2 sec [total]
done with UBTbA for K = 45.25-53.82 Q = 4.00-4.76 after 819.4 sec [total]
done with UBTbC for K = 45.25-53.82 Q = 4.00-4.76 after 819.7 sec [total]
done with H for K = 45.25-53.82 Q = 4.00-4.76 after 820.6 sec [total]
done with H++ for K = 45.25-53.82 Q = 4.00-4.76 after 823.8 sec [total]
done with H+- for K = 45.25-53.82 Q = 4.00-4.76 after 825.0 sec [total]
done with H-+ for K = 45.25-53.82 Q = 4.00-4.76 after 826.1 sec [total]
done with H-- for K = 45.25-53.82 Q = 4.00-4.76 after 826.5 sec [total]
done with UU for K = 53.82-64.00 Q = 4.00-4.76 after 827.5 sec [total]
done with BB for K = 53.82-64.00 Q = 4.00-4.76 after 828.5 sec [total]
done with UBTa for K = 53.82-64.00 Q = 4.00-4.76 after 828.7 sec [total]
done with UBTb for K = 53.82-64.00 Q = 4.00-4.76 after 828.9 sec [total]
done with UBTbA for K = 53.82-64.00 Q = 4.00-4.76 after 829.0 sec [total]
done with UBTbC for K = 53.82-64.00 Q = 4.00-4.76 after 829.4 sec [total]
done with H for K = 53.82-64.00 Q = 4.00-4.76 after 830.3 sec [total]
done with H++ for K = 53.82-64.00 Q = 4.00-4.76 after 833.4 sec [total]
done with H+- for K = 53.82-64.00 Q = 4.00-4.76 after 834.6 sec [total]
done with H-+ for K = 53.82-64.00 Q = 4.00-4.76 after 835.5 sec [total]
done with H-- for K = 53.82-64.00 Q = 4.00-4.76 after 836.2 sec [total]
done with UU for K = 64.00-76.11 Q = 4.00-4.76 after 837.1 sec [total]
done with BB for K = 64.00-76.11 Q = 4.00-4.76 after 838.1 sec [total]
done with UBTa for K = 64.00-76.11 Q = 4.00-4.76 after 838.3 sec [total]
done with UBTb for K = 64.00-76.11 Q = 4.00-4.76 after 838.5 sec [total]
done with UBTbA for K = 64.00-76.11 Q = 4.00-4.76 after 838.7 sec [total]
done with UBTbC for K = 64.00-76.11 Q = 4.00-4.76 after 839.0 sec [total]
done with H for K = 64.00-76.11 Q = 4.00-4.76 after 839.9 sec [total]
done with H++ for K = 64.00-76.11 Q = 4.00-4.76 after 843.1 sec [total]
done with H+- for K = 64.00-76.11 Q = 4.00-4.76 after 844.1 sec [total]
done with H-+ for K = 64.00-76.11 Q = 4.00-4.76 after 845.2 sec [total]
done with H-- for K = 64.00-76.11 Q = 4.00-4.76 after 845.8 sec [total]
done with UU for K = 76.11-90.51 Q = 4.00-4.76 after 846.7 sec [total]
done with BB for K = 76.11-90.51 Q = 4.00-4.76 after 847.8 sec [total]
done with UBTa for K = 76.11-90.51 Q = 4.00-4.76 after 847.9 sec [total]
done with UBTb for K = 76.11-90.51 Q = 4.00-4.76 after 848.1 sec [total]
done with UBTbA for K = 76.11-90.51 Q = 4.00-4.76 after 848.3 sec [total]
done with UBTbC for K = 76.11-90.51 Q = 4.00-4.76 after 848.6 sec [total]
done with H for K = 76.11-90.51 Q = 4.00-4.76 after 849.5 sec [total]
done with H++ for K = 76.11-90.51 Q = 4.00-4.76 after 852.7 sec [total]
done with H+- for K = 76.11-90.51 Q = 4.00-4.76 after 853.8 sec [total]
done with H-+ for K = 76.11-90.51 Q = 4.00-4.76 after 854.8 sec [total]
done with H-- for K = 76.11-90.51 Q = 4.00-4.76 after 855.4 sec [total]
done with UU for K = 90.51-107.63 Q = 4.00-4.76 after 856.3 sec [total]
done with BB for K = 90.51-107.63 Q = 4.00-4.76 after 857.3 sec [total]
done with UBTa for K = 90.51-107.63 Q = 4.00-4.76 after 857.5 sec [total]
done with UBTb for K = 90.51-107.63 Q = 4.00-4.76 after 857.7 sec [total]
done with UBTbA for K = 90.51-107.63 Q = 4.00-4.76 after 857.9 sec [total]
done with UBTbC for K = 90.51-107.63 Q = 4.00-4.76 after 858.2 sec [total]
done with H for K = 90.51-107.63 Q = 4.00-4.76 after 859.1 sec [total]
done with H++ for K = 90.51-107.63 Q = 4.00-4.76 after 862.3 sec [total]
done with H+- for K = 90.51-107.63 Q = 4.00-4.76 after 863.4 sec [total]
done with H-+ for K = 90.51-107.63 Q = 4.00-4.76 after 864.5 sec [total]
done with H-- for K = 90.51-107.63 Q = 4.00-4.76 after 865.0 sec [total]
done with UU for K = 107.63-128.00 Q = 4.00-4.76 after 865.9 sec [total]
done with BB for K = 107.63-128.00 Q = 4.00-4.76 after 867.0 sec [total]
done with UBTa for K = 107.63-128.00 Q = 4.00-4.76 after 867.1 sec [total]
done with UBTb for K = 107.63-128.00 Q = 4.00-4.76 after 867.3 sec [total]
done with UBTbA for K = 107.63-128.00 Q = 4.00-4.76 after 867.5 sec [total]
done with UBTbC for K = 107.63-128.00 Q = 4.00-4.76 after 867.8 sec [total]
done with H for K = 107.63-128.00 Q = 4.00-4.76 after 868.7 sec [total]
done with H++ for K = 107.63-128.00 Q = 4.00-4.76 after 871.8 sec [total]
done with H+- for K = 107.63-128.00 Q = 4.00-4.76 after 873.0 sec [total]
done with H-+ for K = 107.63-128.00 Q = 4.00-4.76 after 874.1 sec [total]
done with H-- for K = 107.63-128.00 Q = 4.00-4.76 after 874.6 sec [total]
done with UU for K = 128.00-152.22 Q = 4.00-4.76 after 875.5 sec [total]
done with BB for K = 128.00-152.22 Q = 4.00-4.76 after 876.5 sec [total]
done with UBTa for K = 128.00-152.22 Q = 4.00-4.76 after 876.7 sec [total]
done with UBTb for K = 128.00-152.22 Q = 4.00-4.76 after 876.9 sec [total]
done with UBTbA for K = 128.00-152.22 Q = 4.00-4.76 after 877.1 sec [total]
done with UBTbC for K = 128.00-152.22 Q = 4.00-4.76 after 877.4 sec [total]
done with H for K = 128.00-152.22 Q = 4.00-4.76 after 878.3 sec [total]
done with H++ for K = 128.00-152.22 Q = 4.00-4.76 after 881.4 sec [total]
done with H+- for K = 128.00-152.22 Q = 4.00-4.76 after 882.4 sec [total]
done with H-+ for K = 128.00-152.22 Q = 4.00-4.76 after 883.5 sec [total]
done with H-- for K = 128.00-152.22 Q = 4.00-4.76 after 884.2 sec [total]
done with UU for K = 152.22-181.02 Q = 4.00-4.76 after 885.2 sec [total]
done with BB for K = 152.22-181.02 Q = 4.00-4.76 after 886.2 sec [total]
done with UBTa for K = 152.22-181.02 Q = 4.00-4.76 after 886.4 sec [total]
done with UBTb for K = 152.22-181.02 Q = 4.00-4.76 after 886.6 sec [total]
done with UBTbA for K = 152.22-181.02 Q = 4.00-4.76 after 886.7 sec [total]
done with UBTbC for K = 152.22-181.02 Q = 4.00-4.76 after 887.1 sec [total]
done with H for K = 152.22-181.02 Q = 4.00-4.76 after 887.9 sec [total]
done with H++ for K = 152.22-181.02 Q = 4.00-4.76 after 891.1 sec [total]
done with H+- for K = 152.22-181.02 Q = 4.00-4.76 after 892.2 sec [total]
done with H-+ for K = 152.22-181.02 Q = 4.00-4.76 after 893.3 sec [total]
done with H-- for K = 152.22-181.02 Q = 4.00-4.76 after 893.8 sec [total]
done with UU for K = 181.02-215.27 Q = 4.00-4.76 after 894.7 sec [total]
done with BB for K = 181.02-215.27 Q = 4.00-4.76 after 895.7 sec [total]
done with UBTa for K = 181.02-215.27 Q = 4.00-4.76 after 895.9 sec [total]
done with UBTb for K = 181.02-215.27 Q = 4.00-4.76 after 896.1 sec [total]
done with UBTbA for K = 181.02-215.27 Q = 4.00-4.76 after 896.3 sec [total]
done with UBTbC for K = 181.02-215.27 Q = 4.00-4.76 after 896.6 sec [total]
done with H for K = 181.02-215.27 Q = 4.00-4.76 after 897.5 sec [total]
done with H++ for K = 181.02-215.27 Q = 4.00-4.76 after 900.7 sec [total]
done with H+- for K = 181.02-215.27 Q = 4.00-4.76 after 901.8 sec [total]
done with H-+ for K = 181.02-215.27 Q = 4.00-4.76 after 902.9 sec [total]
done with H-- for K = 181.02-215.27 Q = 4.00-4.76 after 903.4 sec [total]
done with UU for K = 215.27-256.00 Q = 4.00-4.76 after 904.3 sec [total]
done with BB for K = 215.27-256.00 Q = 4.00-4.76 after 905.4 sec [total]
done with UBTa for K = 215.27-256.00 Q = 4.00-4.76 after 905.7 sec [total]
done with UBTb for K = 215.27-256.00 Q = 4.00-4.76 after 905.8 sec [total]
done with UBTbA for K = 215.27-256.00 Q = 4.00-4.76 after 906.0 sec [total]
done with UBTbC for K = 215.27-256.00 Q = 4.00-4.76 after 906.3 sec [total]
done with H for K = 215.27-256.00 Q = 4.00-4.76 after 907.1 sec [total]
done with H++ for K = 215.27-256.00 Q = 4.00-4.76 after 910.3 sec [total]
done with H+- for K = 215.27-256.00 Q = 4.00-4.76 after 911.3 sec [total]
done with H-+ for K = 215.27-256.00 Q = 4.00-4.76 after 912.4 sec [total]
done with H-- for K = 215.27-256.00 Q = 4.00-4.76 after 913.0 sec [total]
done with UU for K = 256.00-304.44 Q = 4.00-4.76 after 913.9 sec [total]
done with BB for K = 256.00-304.44 Q = 4.00-4.76 after 915.0 sec [total]
done with UBTa for K = 256.00-304.44 Q = 4.00-4.76 after 915.1 sec [total]
done with UBTb for K = 256.00-304.44 Q = 4.00-4.76 after 915.3 sec [total]
done with UBTbA for K = 256.00-304.44 Q = 4.00-4.76 after 915.5 sec [total]
done with UBTbC for K = 256.00-304.44 Q = 4.00-4.76 after 915.8 sec [total]
done with H for K = 256.00-304.44 Q = 4.00-4.76 after 916.7 sec [total]
done with H++ for K = 256.00-304.44 Q = 4.00-4.76 after 919.9 sec [total]
done with H+- for K = 256.00-304.44 Q = 4.00-4.76 after 921.1 sec [total]
done with H-+ for K = 256.00-304.44 Q = 4.00-4.76 after 922.2 sec [total]
done with H-- for K = 256.00-304.44 Q = 4.00-4.76 after 922.6 sec [total]
done with UU for K = 304.44-362.04 Q = 4.00-4.76 after 923.5 sec [total]
done with BB for K = 304.44-362.04 Q = 4.00-4.76 after 924.5 sec [total]
done with UBTa for K = 304.44-362.04 Q = 4.00-4.76 after 924.7 sec [total]
done with UBTb for K = 304.44-362.04 Q = 4.00-4.76 after 924.9 sec [total]
done with UBTbA for K = 304.44-362.04 Q = 4.00-4.76 after 925.0 sec [total]
done with UBTbC for K = 304.44-362.04 Q = 4.00-4.76 after 925.4 sec [total]
done with H for K = 304.44-362.04 Q = 4.00-4.76 after 926.3 sec [total]
done with H++ for K = 304.44-362.04 Q = 4.00-4.76 after 929.5 sec [total]
done with H+- for K = 304.44-362.04 Q = 4.00-4.76 after 930.8 sec [total]
done with H-+ for K = 304.44-362.04 Q = 4.00-4.76 after 931.9 sec [total]
done with H-- for K = 304.44-362.04 Q = 4.00-4.76 after 932.3 sec [total]
done with UU for K = 362.04-430.54 Q = 4.00-4.76 after 933.2 sec [total]
done with BB for K = 362.04-430.54 Q = 4.00-4.76 after 934.3 sec [total]
done with UBTa for K = 362.04-430.54 Q = 4.00-4.76 after 934.4 sec [total]
done with UBTb for K = 362.04-430.54 Q = 4.00-4.76 after 934.6 sec [total]
done with UBTbA for K = 362.04-430.54 Q = 4.00-4.76 after 934.8 sec [total]
done with UBTbC for K = 362.04-430.54 Q = 4.00-4.76 after 935.1 sec [total]
done with H for K = 362.04-430.54 Q = 4.00-4.76 after 936.0 sec [total]
done with H++ for K = 362.04-430.54 Q = 4.00-4.76 after 939.2 sec [total]
done with H+- for K = 362.04-430.54 Q = 4.00-4.76 after 940.3 sec [total]
done with H-+ for K = 362.04-430.54 Q = 4.00-4.76 after 941.4 sec [total]
done with H-- for K = 362.04-430.54 Q = 4.00-4.76 after 941.9 sec [total]
done with UU for K = 430.54-512.00 Q = 4.00-4.76 after 942.8 sec [total]
done with BB for K = 430.54-512.00 Q = 4.00-4.76 after 943.9 sec [total]
done with UBTa for K = 430.54-512.00 Q = 4.00-4.76 after 944.0 sec [total]
done with UBTb for K = 430.54-512.00 Q = 4.00-4.76 after 944.2 sec [total]
done with UBTbA for K = 430.54-512.00 Q = 4.00-4.76 after 944.4 sec [total]
done with UBTbC for K = 430.54-512.00 Q = 4.00-4.76 after 944.7 sec [total]
done with H for K = 430.54-512.00 Q = 4.00-4.76 after 945.6 sec [total]
done with H++ for K = 430.54-512.00 Q = 4.00-4.76 after 948.8 sec [total]
done with H+- for K = 430.54-512.00 Q = 4.00-4.76 after 949.9 sec [total]
done with H-+ for K = 430.54-512.00 Q = 4.00-4.76 after 951.1 sec [total]
done with H-- for K = 430.54-512.00 Q = 4.00-4.76 after 951.6 sec [total]
done with UU for K = 512.00-608.87 Q = 4.00-4.76 after 952.5 sec [total]
done with BB for K = 512.00-608.87 Q = 4.00-4.76 after 953.5 sec [total]
done with UBTa for K = 512.00-608.87 Q = 4.00-4.76 after 953.7 sec [total]
done with UBTb for K = 512.00-608.87 Q = 4.00-4.76 after 953.9 sec [total]
done with UBTbA for K = 512.00-608.87 Q = 4.00-4.76 after 954.0 sec [total]
done with UBTbC for K = 512.00-608.87 Q = 4.00-4.76 after 954.3 sec [total]
done with H for K = 512.00-608.87 Q = 4.00-4.76 after 955.2 sec [total]
done with H++ for K = 512.00-608.87 Q = 4.00-4.76 after 958.4 sec [total]
done with H+- for K = 512.00-608.87 Q = 4.00-4.76 after 959.6 sec [total]
done with H-+ for K = 512.00-608.87 Q = 4.00-4.76 after 960.7 sec [total]
done with H-- for K = 512.00-608.87 Q = 4.00-4.76 after 961.1 sec [total]
done with UU for K = 608.87-724.08 Q = 4.00-4.76 after 962.1 sec [total]
done with BB for K = 608.87-724.08 Q = 4.00-4.76 after 963.1 sec [total]
done with UBTa for K = 608.87-724.08 Q = 4.00-4.76 after 963.3 sec [total]
done with UBTb for K = 608.87-724.08 Q = 4.00-4.76 after 963.5 sec [total]
done with UBTbA for K = 608.87-724.08 Q = 4.00-4.76 after 963.7 sec [total]
done with UBTbC for K = 608.87-724.08 Q = 4.00-4.76 after 964.0 sec [total]
done with H for K = 608.87-724.08 Q = 4.00-4.76 after 964.9 sec [total]
done with H++ for K = 608.87-724.08 Q = 4.00-4.76 after 968.0 sec [total]
done with H+- for K = 608.87-724.08 Q = 4.00-4.76 after 969.1 sec [total]
done with H-+ for K = 608.87-724.08 Q = 4.00-4.76 after 970.1 sec [total]
done with H-- for K = 608.87-724.08 Q = 4.00-4.76 after 970.7 sec [total]
done with UU for K = 724.08-861.08 Q = 4.00-4.76 after 971.7 sec [total]
done with BB for K = 724.08-861.08 Q = 4.00-4.76 after 972.7 sec [total]
done with UBTa for K = 724.08-861.08 Q = 4.00-4.76 after 972.8 sec [total]
done with UBTb for K = 724.08-861.08 Q = 4.00-4.76 after 973.1 sec [total]
done with UBTbA for K = 724.08-861.08 Q = 4.00-4.76 after 973.3 sec [total]
done with UBTbC for K = 724.08-861.08 Q = 4.00-4.76 after 973.6 sec [total]
done with H for K = 724.08-861.08 Q = 4.00-4.76 after 974.5 sec [total]
done with H++ for K = 724.08-861.08 Q = 4.00-4.76 after 977.6 sec [total]
done with H+- for K = 724.08-861.08 Q = 4.00-4.76 after 978.8 sec [total]
done with H-+ for K = 724.08-861.08 Q = 4.00-4.76 after 979.9 sec [total]
done with H-- for K = 724.08-861.08 Q = 4.00-4.76 after 980.4 sec [total]
done with UU for K = 861.08-1024.00 Q = 4.00-4.76 after 981.3 sec [total]
done with BB for K = 861.08-1024.00 Q = 4.00-4.76 after 982.3 sec [total]
done with UBTa for K = 861.08-1024.00 Q = 4.00-4.76 after 982.5 sec [total]
done with UBTb for K = 861.08-1024.00 Q = 4.00-4.76 after 982.7 sec [total]
done with UBTbA for K = 861.08-1024.00 Q = 4.00-4.76 after 982.9 sec [total]
done with UBTbC for K = 861.08-1024.00 Q = 4.00-4.76 after 983.2 sec [total]
done with H for K = 861.08-1024.00 Q = 4.00-4.76 after 984.0 sec [total]
done with H++ for K = 861.08-1024.00 Q = 4.00-4.76 after 987.2 sec [total]
done with H+- for K = 861.08-1024.00 Q = 4.00-4.76 after 988.4 sec [total]
done with H-+ for K = 861.08-1024.00 Q = 4.00-4.76 after 989.7 sec [total]
done with H-- for K = 861.08-1024.00 Q = 4.00-4.76 after 989.9 sec [total]
done with UU for K = 0.00-3.36 Q = 4.76-5.66 after 991.7 sec [total]
done with BB for K = 0.00-3.36 Q = 4.76-5.66 after 994.0 sec [total]
done with UBTa for K = 0.00-3.36 Q = 4.76-5.66 after 995.0 sec [total]
done with UBTb for K = 0.00-3.36 Q = 4.76-5.66 after 996.1 sec [total]
done with UBTbA for K = 0.00-3.36 Q = 4.76-5.66 after 997.1 sec [total]
done with UBTbC for K = 0.00-3.36 Q = 4.76-5.66 after 997.4 sec [total]
done with H for K = 0.00-3.36 Q = 4.76-5.66 after 998.4 sec [total]
done with H++ for K = 0.00-3.36 Q = 4.76-5.66 after 1001.5 sec [total]
done with H+- for K = 0.00-3.36 Q = 4.76-5.66 after 1002.7 sec [total]
done with H-+ for K = 0.00-3.36 Q = 4.76-5.66 after 1003.8 sec [total]
done with H-- for K = 0.00-3.36 Q = 4.76-5.66 after 1004.3 sec [total]
done with UU for K = 3.36-4.00 Q = 4.76-5.66 after 1005.2 sec [total]
done with BB for K = 3.36-4.00 Q = 4.76-5.66 after 1006.3 sec [total]
done with UBTa for K = 3.36-4.00 Q = 4.76-5.66 after 1006.5 sec [total]
done with UBTb for K = 3.36-4.00 Q = 4.76-5.66 after 1006.7 sec [total]
done with UBTbA for K = 3.36-4.00 Q = 4.76-5.66 after 1006.9 sec [total]
done with UBTbC for K = 3.36-4.00 Q = 4.76-5.66 after 1007.2 sec [total]
done with H for K = 3.36-4.00 Q = 4.76-5.66 after 1008.0 sec [total]
done with H++ for K = 3.36-4.00 Q = 4.76-5.66 after 1011.2 sec [total]
done with H+- for K = 3.36-4.00 Q = 4.76-5.66 after 1012.3 sec [total]
done with H-+ for K = 3.36-4.00 Q = 4.76-5.66 after 1013.3 sec [total]
done with H-- for K = 3.36-4.00 Q = 4.76-5.66 after 1013.9 sec [total]
done with UU for K = 4.00-4.76 Q = 4.76-5.66 after 1014.8 sec [total]
done with BB for K = 4.00-4.76 Q = 4.76-5.66 after 1015.9 sec [total]
done with UBTa for K = 4.00-4.76 Q = 4.76-5.66 after 1016.1 sec [total]
done with UBTb for K = 4.00-4.76 Q = 4.76-5.66 after 1016.3 sec [total]
done with UBTbA for K = 4.00-4.76 Q = 4.76-5.66 after 1016.4 sec [total]
done with UBTbC for K = 4.00-4.76 Q = 4.76-5.66 after 1016.7 sec [total]
done with H for K = 4.00-4.76 Q = 4.76-5.66 after 1017.6 sec [total]
done with H++ for K = 4.00-4.76 Q = 4.76-5.66 after 1020.8 sec [total]
done with H+- for K = 4.00-4.76 Q = 4.76-5.66 after 1022.0 sec [total]
done with H-+ for K = 4.00-4.76 Q = 4.76-5.66 after 1023.0 sec [total]
done with H-- for K = 4.00-4.76 Q = 4.76-5.66 after 1023.5 sec [total]
done with UU for K = 4.76-5.66 Q = 4.76-5.66 after 1024.4 sec [total]
done with BB for K = 4.76-5.66 Q = 4.76-5.66 after 1025.5 sec [total]
done with UBTa for K = 4.76-5.66 Q = 4.76-5.66 after 1025.7 sec [total]
done with UBTb for K = 4.76-5.66 Q = 4.76-5.66 after 1025.8 sec [total]
done with UBTbA for K = 4.76-5.66 Q = 4.76-5.66 after 1026.0 sec [total]
done with UBTbC for K = 4.76-5.66 Q = 4.76-5.66 after 1026.3 sec [total]
done with H for K = 4.76-5.66 Q = 4.76-5.66 after 1027.2 sec [total]
done with H++ for K = 4.76-5.66 Q = 4.76-5.66 after 1030.4 sec [total]
done with H+- for K = 4.76-5.66 Q = 4.76-5.66 after 1031.6 sec [total]
done with H-+ for K = 4.76-5.66 Q = 4.76-5.66 after 1032.7 sec [total]
done with H-- for K = 4.76-5.66 Q = 4.76-5.66 after 1033.2 sec [total]
done with UU for K = 5.66-6.73 Q = 4.76-5.66 after 1034.1 sec [total]
done with BB for K = 5.66-6.73 Q = 4.76-5.66 after 1035.1 sec [total]
done with UBTa for K = 5.66-6.73 Q = 4.76-5.66 after 1035.3 sec [total]
done with UBTb for K = 5.66-6.73 Q = 4.76-5.66 after 1035.5 sec [total]
done with UBTbA for K = 5.66-6.73 Q = 4.76-5.66 after 1035.7 sec [total]
done with UBTbC for K = 5.66-6.73 Q = 4.76-5.66 after 1036.0 sec [total]
done with H for K = 5.66-6.73 Q = 4.76-5.66 after 1036.9 sec [total]
done with H++ for K = 5.66-6.73 Q = 4.76-5.66 after 1040.0 sec [total]
done with H+- for K = 5.66-6.73 Q = 4.76-5.66 after 1041.3 sec [total]
done with H-+ for K = 5.66-6.73 Q = 4.76-5.66 after 1042.5 sec [total]
done with H-- for K = 5.66-6.73 Q = 4.76-5.66 after 1042.8 sec [total]
done with UU for K = 6.73-8.00 Q = 4.76-5.66 after 1043.7 sec [total]
done with BB for K = 6.73-8.00 Q = 4.76-5.66 after 1044.7 sec [total]
done with UBTa for K = 6.73-8.00 Q = 4.76-5.66 after 1044.9 sec [total]
done with UBTb for K = 6.73-8.00 Q = 4.76-5.66 after 1045.1 sec [total]
done with UBTbA for K = 6.73-8.00 Q = 4.76-5.66 after 1045.3 sec [total]
done with UBTbC for K = 6.73-8.00 Q = 4.76-5.66 after 1045.6 sec [total]
done with H for K = 6.73-8.00 Q = 4.76-5.66 after 1046.4 sec [total]
done with H++ for K = 6.73-8.00 Q = 4.76-5.66 after 1049.6 sec [total]
done with H+- for K = 6.73-8.00 Q = 4.76-5.66 after 1050.7 sec [total]
done with H-+ for K = 6.73-8.00 Q = 4.76-5.66 after 1051.8 sec [total]
done with H-- for K = 6.73-8.00 Q = 4.76-5.66 after 1052.3 sec [total]
done with UU for K = 8.00-9.51 Q = 4.76-5.66 after 1053.3 sec [total]
done with BB for K = 8.00-9.51 Q = 4.76-5.66 after 1054.3 sec [total]
done with UBTa for K = 8.00-9.51 Q = 4.76-5.66 after 1054.5 sec [total]
done with UBTb for K = 8.00-9.51 Q = 4.76-5.66 after 1054.7 sec [total]
done with UBTbA for K = 8.00-9.51 Q = 4.76-5.66 after 1054.9 sec [total]
done with UBTbC for K = 8.00-9.51 Q = 4.76-5.66 after 1055.2 sec [total]
done with H for K = 8.00-9.51 Q = 4.76-5.66 after 1056.0 sec [total]
done with H++ for K = 8.00-9.51 Q = 4.76-5.66 after 1059.2 sec [total]
done with H+- for K = 8.00-9.51 Q = 4.76-5.66 after 1060.4 sec [total]
done with H-+ for K = 8.00-9.51 Q = 4.76-5.66 after 1061.5 sec [total]
done with H-- for K = 8.00-9.51 Q = 4.76-5.66 after 1062.0 sec [total]
done with UU for K = 9.51-11.31 Q = 4.76-5.66 after 1062.9 sec [total]
done with BB for K = 9.51-11.31 Q = 4.76-5.66 after 1063.9 sec [total]
done with UBTa for K = 9.51-11.31 Q = 4.76-5.66 after 1064.1 sec [total]
done with UBTb for K = 9.51-11.31 Q = 4.76-5.66 after 1064.3 sec [total]
done with UBTbA for K = 9.51-11.31 Q = 4.76-5.66 after 1064.5 sec [total]
done with UBTbC for K = 9.51-11.31 Q = 4.76-5.66 after 1064.8 sec [total]
done with H for K = 9.51-11.31 Q = 4.76-5.66 after 1065.6 sec [total]
done with H++ for K = 9.51-11.31 Q = 4.76-5.66 after 1068.9 sec [total]
done with H+- for K = 9.51-11.31 Q = 4.76-5.66 after 1070.0 sec [total]
done with H-+ for K = 9.51-11.31 Q = 4.76-5.66 after 1071.1 sec [total]
done with H-- for K = 9.51-11.31 Q = 4.76-5.66 after 1071.6 sec [total]
done with UU for K = 11.31-13.45 Q = 4.76-5.66 after 1072.5 sec [total]
done with BB for K = 11.31-13.45 Q = 4.76-5.66 after 1073.5 sec [total]
done with UBTa for K = 11.31-13.45 Q = 4.76-5.66 after 1073.7 sec [total]
done with UBTb for K = 11.31-13.45 Q = 4.76-5.66 after 1073.9 sec [total]
done with UBTbA for K = 11.31-13.45 Q = 4.76-5.66 after 1074.1 sec [total]
done with UBTbC for K = 11.31-13.45 Q = 4.76-5.66 after 1074.4 sec [total]
done with H for K = 11.31-13.45 Q = 4.76-5.66 after 1075.3 sec [total]
done with H++ for K = 11.31-13.45 Q = 4.76-5.66 after 1078.4 sec [total]
done with H+- for K = 11.31-13.45 Q = 4.76-5.66 after 1079.7 sec [total]
done with H-+ for K = 11.31-13.45 Q = 4.76-5.66 after 1080.9 sec [total]
done with H-- for K = 11.31-13.45 Q = 4.76-5.66 after 1081.2 sec [total]
done with UU for K = 13.45-16.00 Q = 4.76-5.66 after 1082.1 sec [total]
done with BB for K = 13.45-16.00 Q = 4.76-5.66 after 1083.2 sec [total]
done with UBTa for K = 13.45-16.00 Q = 4.76-5.66 after 1083.3 sec [total]
done with UBTb for K = 13.45-16.00 Q = 4.76-5.66 after 1083.5 sec [total]
done with UBTbA for K = 13.45-16.00 Q = 4.76-5.66 after 1083.7 sec [total]
done with UBTbC for K = 13.45-16.00 Q = 4.76-5.66 after 1084.1 sec [total]
done with H for K = 13.45-16.00 Q = 4.76-5.66 after 1084.9 sec [total]
done with H++ for K = 13.45-16.00 Q = 4.76-5.66 after 1088.0 sec [total]
done with H+- for K = 13.45-16.00 Q = 4.76-5.66 after 1089.2 sec [total]
done with H-+ for K = 13.45-16.00 Q = 4.76-5.66 after 1090.3 sec [total]
done with H-- for K = 13.45-16.00 Q = 4.76-5.66 after 1090.8 sec [total]
done with UU for K = 16.00-19.03 Q = 4.76-5.66 after 1091.7 sec [total]
done with BB for K = 16.00-19.03 Q = 4.76-5.66 after 1092.8 sec [total]
done with UBTa for K = 16.00-19.03 Q = 4.76-5.66 after 1093.0 sec [total]
done with UBTb for K = 16.00-19.03 Q = 4.76-5.66 after 1093.2 sec [total]
done with UBTbA for K = 16.00-19.03 Q = 4.76-5.66 after 1093.4 sec [total]
done with UBTbC for K = 16.00-19.03 Q = 4.76-5.66 after 1093.7 sec [total]
done with H for K = 16.00-19.03 Q = 4.76-5.66 after 1094.5 sec [total]
done with H++ for K = 16.00-19.03 Q = 4.76-5.66 after 1097.7 sec [total]
done with H+- for K = 16.00-19.03 Q = 4.76-5.66 after 1098.9 sec [total]
done with H-+ for K = 16.00-19.03 Q = 4.76-5.66 after 1100.1 sec [total]
done with H-- for K = 16.00-19.03 Q = 4.76-5.66 after 1100.4 sec [total]
done with UU for K = 19.03-22.63 Q = 4.76-5.66 after 1101.3 sec [total]
done with BB for K = 19.03-22.63 Q = 4.76-5.66 after 1102.4 sec [total]
done with UBTa for K = 19.03-22.63 Q = 4.76-5.66 after 1102.6 sec [total]
done with UBTb for K = 19.03-22.63 Q = 4.76-5.66 after 1102.8 sec [total]
done with UBTbA for K = 19.03-22.63 Q = 4.76-5.66 after 1102.9 sec [total]
done with UBTbC for K = 19.03-22.63 Q = 4.76-5.66 after 1103.2 sec [total]
done with H for K = 19.03-22.63 Q = 4.76-5.66 after 1104.1 sec [total]
done with H++ for K = 19.03-22.63 Q = 4.76-5.66 after 1107.3 sec [total]
done with H+- for K = 19.03-22.63 Q = 4.76-5.66 after 1108.3 sec [total]
done with H-+ for K = 19.03-22.63 Q = 4.76-5.66 after 1109.4 sec [total]
done with H-- for K = 19.03-22.63 Q = 4.76-5.66 after 1110.0 sec [total]
done with UU for K = 22.63-26.91 Q = 4.76-5.66 after 1110.9 sec [total]
done with BB for K = 22.63-26.91 Q = 4.76-5.66 after 1112.0 sec [total]
done with UBTa for K = 22.63-26.91 Q = 4.76-5.66 after 1112.1 sec [total]
done with UBTb for K = 22.63-26.91 Q = 4.76-5.66 after 1112.3 sec [total]
done with UBTbA for K = 22.63-26.91 Q = 4.76-5.66 after 1112.5 sec [total]
done with UBTbC for K = 22.63-26.91 Q = 4.76-5.66 after 1112.8 sec [total]
done with H for K = 22.63-26.91 Q = 4.76-5.66 after 1113.7 sec [total]
done with H++ for K = 22.63-26.91 Q = 4.76-5.66 after 1116.8 sec [total]
done with H+- for K = 22.63-26.91 Q = 4.76-5.66 after 1118.1 sec [total]
done with H-+ for K = 22.63-26.91 Q = 4.76-5.66 after 1119.4 sec [total]
done with H-- for K = 22.63-26.91 Q = 4.76-5.66 after 1119.7 sec [total]
done with UU for K = 26.91-32.00 Q = 4.76-5.66 after 1120.6 sec [total]
done with BB for K = 26.91-32.00 Q = 4.76-5.66 after 1121.6 sec [total]
done with UBTa for K = 26.91-32.00 Q = 4.76-5.66 after 1121.7 sec [total]
done with UBTb for K = 26.91-32.00 Q = 4.76-5.66 after 1122.0 sec [total]
done with UBTbA for K = 26.91-32.00 Q = 4.76-5.66 after 1122.1 sec [total]
done with UBTbC for K = 26.91-32.00 Q = 4.76-5.66 after 1122.4 sec [total]
done with H for K = 26.91-32.00 Q = 4.76-5.66 after 1123.3 sec [total]
done with H++ for K = 26.91-32.00 Q = 4.76-5.66 after 1126.5 sec [total]
done with H+- for K = 26.91-32.00 Q = 4.76-5.66 after 1127.6 sec [total]
done with H-+ for K = 26.91-32.00 Q = 4.76-5.66 after 1128.6 sec [total]
done with H-- for K = 26.91-32.00 Q = 4.76-5.66 after 1129.3 sec [total]
done with UU for K = 32.00-38.05 Q = 4.76-5.66 after 1130.2 sec [total]
done with BB for K = 32.00-38.05 Q = 4.76-5.66 after 1131.3 sec [total]
done with UBTa for K = 32.00-38.05 Q = 4.76-5.66 after 1131.5 sec [total]
done with UBTb for K = 32.00-38.05 Q = 4.76-5.66 after 1131.7 sec [total]
done with UBTbA for K = 32.00-38.05 Q = 4.76-5.66 after 1131.9 sec [total]
done with UBTbC for K = 32.00-38.05 Q = 4.76-5.66 after 1132.2 sec [total]
done with H for K = 32.00-38.05 Q = 4.76-5.66 after 1132.9 sec [total]
done with H++ for K = 32.00-38.05 Q = 4.76-5.66 after 1136.1 sec [total]
done with H+- for K = 32.00-38.05 Q = 4.76-5.66 after 1137.3 sec [total]
done with H-+ for K = 32.00-38.05 Q = 4.76-5.66 after 1138.3 sec [total]
done with H-- for K = 32.00-38.05 Q = 4.76-5.66 after 1138.8 sec [total]
done with UU for K = 38.05-45.25 Q = 4.76-5.66 after 1139.8 sec [total]
done with BB for K = 38.05-45.25 Q = 4.76-5.66 after 1140.8 sec [total]
done with UBTa for K = 38.05-45.25 Q = 4.76-5.66 after 1141.0 sec [total]
done with UBTb for K = 38.05-45.25 Q = 4.76-5.66 after 1141.2 sec [total]
done with UBTbA for K = 38.05-45.25 Q = 4.76-5.66 after 1141.3 sec [total]
done with UBTbC for K = 38.05-45.25 Q = 4.76-5.66 after 1141.7 sec [total]
done with H for K = 38.05-45.25 Q = 4.76-5.66 after 1142.5 sec [total]
done with H++ for K = 38.05-45.25 Q = 4.76-5.66 after 1145.7 sec [total]
done with H+- for K = 38.05-45.25 Q = 4.76-5.66 after 1147.0 sec [total]
done with H-+ for K = 38.05-45.25 Q = 4.76-5.66 after 1148.2 sec [total]
done with H-- for K = 38.05-45.25 Q = 4.76-5.66 after 1148.5 sec [total]
done with UU for K = 45.25-53.82 Q = 4.76-5.66 after 1149.4 sec [total]
done with BB for K = 45.25-53.82 Q = 4.76-5.66 after 1150.4 sec [total]
done with UBTa for K = 45.25-53.82 Q = 4.76-5.66 after 1150.6 sec [total]
done with UBTb for K = 45.25-53.82 Q = 4.76-5.66 after 1150.7 sec [total]
done with UBTbA for K = 45.25-53.82 Q = 4.76-5.66 after 1150.9 sec [total]
done with UBTbC for K = 45.25-53.82 Q = 4.76-5.66 after 1151.2 sec [total]
done with H for K = 45.25-53.82 Q = 4.76-5.66 after 1152.2 sec [total]
done with H++ for K = 45.25-53.82 Q = 4.76-5.66 after 1155.3 sec [total]
done with H+- for K = 45.25-53.82 Q = 4.76-5.66 after 1156.6 sec [total]
done with H-+ for K = 45.25-53.82 Q = 4.76-5.66 after 1157.9 sec [total]
done with H-- for K = 45.25-53.82 Q = 4.76-5.66 after 1158.1 sec [total]
done with UU for K = 53.82-64.00 Q = 4.76-5.66 after 1159.0 sec [total]
done with BB for K = 53.82-64.00 Q = 4.76-5.66 after 1160.1 sec [total]
done with UBTa for K = 53.82-64.00 Q = 4.76-5.66 after 1160.3 sec [total]
done with UBTb for K = 53.82-64.00 Q = 4.76-5.66 after 1160.4 sec [total]
done with UBTbA for K = 53.82-64.00 Q = 4.76-5.66 after 1160.6 sec [total]
done with UBTbC for K = 53.82-64.00 Q = 4.76-5.66 after 1160.9 sec [total]
done with H for K = 53.82-64.00 Q = 4.76-5.66 after 1161.8 sec [total]
done with H++ for K = 53.82-64.00 Q = 4.76-5.66 after 1165.0 sec [total]
done with H+- for K = 53.82-64.00 Q = 4.76-5.66 after 1166.0 sec [total]
done with H-+ for K = 53.82-64.00 Q = 4.76-5.66 after 1167.2 sec [total]
done with H-- for K = 53.82-64.00 Q = 4.76-5.66 after 1167.7 sec [total]
done with UU for K = 64.00-76.11 Q = 4.76-5.66 after 1168.6 sec [total]
done with BB for K = 64.00-76.11 Q = 4.76-5.66 after 1169.6 sec [total]
done with UBTa for K = 64.00-76.11 Q = 4.76-5.66 after 1169.8 sec [total]
done with UBTb for K = 64.00-76.11 Q = 4.76-5.66 after 1170.0 sec [total]
done with UBTbA for K = 64.00-76.11 Q = 4.76-5.66 after 1170.2 sec [total]
done with UBTbC for K = 64.00-76.11 Q = 4.76-5.66 after 1170.5 sec [total]
done with H for K = 64.00-76.11 Q = 4.76-5.66 after 1171.4 sec [total]
done with H++ for K = 64.00-76.11 Q = 4.76-5.66 after 1174.5 sec [total]
done with H+- for K = 64.00-76.11 Q = 4.76-5.66 after 1175.7 sec [total]
done with H-+ for K = 64.00-76.11 Q = 4.76-5.66 after 1176.9 sec [total]
done with H-- for K = 64.00-76.11 Q = 4.76-5.66 after 1177.3 sec [total]
done with UU for K = 76.11-90.51 Q = 4.76-5.66 after 1178.2 sec [total]
done with BB for K = 76.11-90.51 Q = 4.76-5.66 after 1179.2 sec [total]
done with UBTa for K = 76.11-90.51 Q = 4.76-5.66 after 1179.4 sec [total]
done with UBTb for K = 76.11-90.51 Q = 4.76-5.66 after 1179.6 sec [total]
done with UBTbA for K = 76.11-90.51 Q = 4.76-5.66 after 1179.8 sec [total]
done with UBTbC for K = 76.11-90.51 Q = 4.76-5.66 after 1180.1 sec [total]
done with H for K = 76.11-90.51 Q = 4.76-5.66 after 1181.0 sec [total]
done with H++ for K = 76.11-90.51 Q = 4.76-5.66 after 1184.2 sec [total]
done with H+- for K = 76.11-90.51 Q = 4.76-5.66 after 1185.3 sec [total]
done with H-+ for K = 76.11-90.51 Q = 4.76-5.66 after 1186.4 sec [total]
done with H-- for K = 76.11-90.51 Q = 4.76-5.66 after 1186.9 sec [total]
done with UU for K = 90.51-107.63 Q = 4.76-5.66 after 1187.8 sec [total]
done with BB for K = 90.51-107.63 Q = 4.76-5.66 after 1188.8 sec [total]
done with UBTa for K = 90.51-107.63 Q = 4.76-5.66 after 1189.0 sec [total]
done with UBTb for K = 90.51-107.63 Q = 4.76-5.66 after 1189.2 sec [total]
done with UBTbA for K = 90.51-107.63 Q = 4.76-5.66 after 1189.3 sec [total]
done with UBTbC for K = 90.51-107.63 Q = 4.76-5.66 after 1189.7 sec [total]
done with H for K = 90.51-107.63 Q = 4.76-5.66 after 1190.6 sec [total]
done with H++ for K = 90.51-107.63 Q = 4.76-5.66 after 1193.7 sec [total]
done with H+- for K = 90.51-107.63 Q = 4.76-5.66 after 1194.8 sec [total]
done with H-+ for K = 90.51-107.63 Q = 4.76-5.66 after 1195.9 sec [total]
done with H-- for K = 90.51-107.63 Q = 4.76-5.66 after 1196.5 sec [total]
done with UU for K = 107.63-128.00 Q = 4.76-5.66 after 1197.5 sec [total]
done with BB for K = 107.63-128.00 Q = 4.76-5.66 after 1198.5 sec [total]
done with UBTa for K = 107.63-128.00 Q = 4.76-5.66 after 1198.7 sec [total]
done with UBTb for K = 107.63-128.00 Q = 4.76-5.66 after 1198.9 sec [total]
done with UBTbA for K = 107.63-128.00 Q = 4.76-5.66 after 1199.0 sec [total]
done with UBTbC for K = 107.63-128.00 Q = 4.76-5.66 after 1199.4 sec [total]
done with H for K = 107.63-128.00 Q = 4.76-5.66 after 1200.2 sec [total]
done with H++ for K = 107.63-128.00 Q = 4.76-5.66 after 1203.4 sec [total]
done with H+- for K = 107.63-128.00 Q = 4.76-5.66 after 1204.6 sec [total]
done with H-+ for K = 107.63-128.00 Q = 4.76-5.66 after 1205.6 sec [total]
done with H-- for K = 107.63-128.00 Q = 4.76-5.66 after 1206.2 sec [total]
done with UU for K = 128.00-152.22 Q = 4.76-5.66 after 1207.1 sec [total]
done with BB for K = 128.00-152.22 Q = 4.76-5.66 after 1208.1 sec [total]
done with UBTa for K = 128.00-152.22 Q = 4.76-5.66 after 1208.3 sec [total]
done with UBTb for K = 128.00-152.22 Q = 4.76-5.66 after 1208.5 sec [total]
done with UBTbA for K = 128.00-152.22 Q = 4.76-5.66 after 1208.6 sec [total]
done with UBTbC for K = 128.00-152.22 Q = 4.76-5.66 after 1209.0 sec [total]
done with H for K = 128.00-152.22 Q = 4.76-5.66 after 1209.8 sec [total]
done with H++ for K = 128.00-152.22 Q = 4.76-5.66 after 1213.0 sec [total]
done with H+- for K = 128.00-152.22 Q = 4.76-5.66 after 1214.1 sec [total]
done with H-+ for K = 128.00-152.22 Q = 4.76-5.66 after 1215.2 sec [total]
done with H-- for K = 128.00-152.22 Q = 4.76-5.66 after 1215.8 sec [total]
done with UU for K = 152.22-181.02 Q = 4.76-5.66 after 1216.7 sec [total]
done with BB for K = 152.22-181.02 Q = 4.76-5.66 after 1217.7 sec [total]
done with UBTa for K = 152.22-181.02 Q = 4.76-5.66 after 1217.9 sec [total]
done with UBTb for K = 152.22-181.02 Q = 4.76-5.66 after 1218.1 sec [total]
done with UBTbA for K = 152.22-181.02 Q = 4.76-5.66 after 1218.3 sec [total]
done with UBTbC for K = 152.22-181.02 Q = 4.76-5.66 after 1218.6 sec [total]
done with H for K = 152.22-181.02 Q = 4.76-5.66 after 1219.5 sec [total]
done with H++ for K = 152.22-181.02 Q = 4.76-5.66 after 1222.6 sec [total]
done with H+- for K = 152.22-181.02 Q = 4.76-5.66 after 1223.9 sec [total]
done with H-+ for K = 152.22-181.02 Q = 4.76-5.66 after 1225.2 sec [total]
done with H-- for K = 152.22-181.02 Q = 4.76-5.66 after 1225.4 sec [total]
done with UU for K = 181.02-215.27 Q = 4.76-5.66 after 1226.3 sec [total]
done with BB for K = 181.02-215.27 Q = 4.76-5.66 after 1227.4 sec [total]
done with UBTa for K = 181.02-215.27 Q = 4.76-5.66 after 1227.5 sec [total]
done with UBTb for K = 181.02-215.27 Q = 4.76-5.66 after 1227.7 sec [total]
done with UBTbA for K = 181.02-215.27 Q = 4.76-5.66 after 1227.9 sec [total]
done with UBTbC for K = 181.02-215.27 Q = 4.76-5.66 after 1228.3 sec [total]
done with H for K = 181.02-215.27 Q = 4.76-5.66 after 1229.1 sec [total]
done with H++ for K = 181.02-215.27 Q = 4.76-5.66 after 1232.3 sec [total]
done with H+- for K = 181.02-215.27 Q = 4.76-5.66 after 1233.5 sec [total]
done with H-+ for K = 181.02-215.27 Q = 4.76-5.66 after 1234.8 sec [total]
done with H-- for K = 181.02-215.27 Q = 4.76-5.66 after 1235.0 sec [total]
done with UU for K = 215.27-256.00 Q = 4.76-5.66 after 1235.9 sec [total]
done with BB for K = 215.27-256.00 Q = 4.76-5.66 after 1237.0 sec [total]
done with UBTa for K = 215.27-256.00 Q = 4.76-5.66 after 1237.1 sec [total]
done with UBTb for K = 215.27-256.00 Q = 4.76-5.66 after 1237.4 sec [total]
done with UBTbA for K = 215.27-256.00 Q = 4.76-5.66 after 1237.5 sec [total]
done with UBTbC for K = 215.27-256.00 Q = 4.76-5.66 after 1237.9 sec [total]
done with H for K = 215.27-256.00 Q = 4.76-5.66 after 1238.7 sec [total]
done with H++ for K = 215.27-256.00 Q = 4.76-5.66 after 1241.8 sec [total]
done with H+- for K = 215.27-256.00 Q = 4.76-5.66 after 1243.1 sec [total]
done with H-+ for K = 215.27-256.00 Q = 4.76-5.66 after 1244.3 sec [total]
done with H-- for K = 215.27-256.00 Q = 4.76-5.66 after 1244.7 sec [total]
done with UU for K = 256.00-304.44 Q = 4.76-5.66 after 1245.6 sec [total]
done with BB for K = 256.00-304.44 Q = 4.76-5.66 after 1246.6 sec [total]
done with UBTa for K = 256.00-304.44 Q = 4.76-5.66 after 1246.8 sec [total]
done with UBTb for K = 256.00-304.44 Q = 4.76-5.66 after 1247.0 sec [total]
done with UBTbA for K = 256.00-304.44 Q = 4.76-5.66 after 1247.1 sec [total]
done with UBTbC for K = 256.00-304.44 Q = 4.76-5.66 after 1247.4 sec [total]
done with H for K = 256.00-304.44 Q = 4.76-5.66 after 1248.3 sec [total]
done with H++ for K = 256.00-304.44 Q = 4.76-5.66 after 1251.5 sec [total]
done with H+- for K = 256.00-304.44 Q = 4.76-5.66 after 1252.5 sec [total]
done with H-+ for K = 256.00-304.44 Q = 4.76-5.66 after 1253.5 sec [total]
done with H-- for K = 256.00-304.44 Q = 4.76-5.66 after 1254.3 sec [total]
done with UU for K = 304.44-362.04 Q = 4.76-5.66 after 1255.2 sec [total]
done with BB for K = 304.44-362.04 Q = 4.76-5.66 after 1256.2 sec [total]
done with UBTa for K = 304.44-362.04 Q = 4.76-5.66 after 1256.4 sec [total]
done with UBTb for K = 304.44-362.04 Q = 4.76-5.66 after 1256.6 sec [total]
done with UBTbA for K = 304.44-362.04 Q = 4.76-5.66 after 1256.7 sec [total]
done with UBTbC for K = 304.44-362.04 Q = 4.76-5.66 after 1257.0 sec [total]
done with H for K = 304.44-362.04 Q = 4.76-5.66 after 1258.0 sec [total]
done with H++ for K = 304.44-362.04 Q = 4.76-5.66 after 1261.1 sec [total]
done with H+- for K = 304.44-362.04 Q = 4.76-5.66 after 1262.3 sec [total]
done with H-+ for K = 304.44-362.04 Q = 4.76-5.66 after 1263.4 sec [total]
done with H-- for K = 304.44-362.04 Q = 4.76-5.66 after 1263.9 sec [total]
done with UU for K = 362.04-430.54 Q = 4.76-5.66 after 1264.8 sec [total]
done with BB for K = 362.04-430.54 Q = 4.76-5.66 after 1265.8 sec [total]
done with UBTa for K = 362.04-430.54 Q = 4.76-5.66 after 1266.0 sec [total]
done with UBTb for K = 362.04-430.54 Q = 4.76-5.66 after 1266.2 sec [total]
done with UBTbA for K = 362.04-430.54 Q = 4.76-5.66 after 1266.4 sec [total]
done with UBTbC for K = 362.04-430.54 Q = 4.76-5.66 after 1266.7 sec [total]
done with H for K = 362.04-430.54 Q = 4.76-5.66 after 1267.6 sec [total]
done with H++ for K = 362.04-430.54 Q = 4.76-5.66 after 1270.7 sec [total]
done with H+- for K = 362.04-430.54 Q = 4.76-5.66 after 1272.0 sec [total]
done with H-+ for K = 362.04-430.54 Q = 4.76-5.66 after 1273.2 sec [total]
done with H-- for K = 362.04-430.54 Q = 4.76-5.66 after 1273.5 sec [total]
done with UU for K = 430.54-512.00 Q = 4.76-5.66 after 1274.4 sec [total]
done with BB for K = 430.54-512.00 Q = 4.76-5.66 after 1275.5 sec [total]
done with UBTa for K = 430.54-512.00 Q = 4.76-5.66 after 1275.7 sec [total]
done with UBTb for K = 430.54-512.00 Q = 4.76-5.66 after 1275.9 sec [total]
done with UBTbA for K = 430.54-512.00 Q = 4.76-5.66 after 1276.1 sec [total]
done with UBTbC for K = 430.54-512.00 Q = 4.76-5.66 after 1276.3 sec [total]
done with H for K = 430.54-512.00 Q = 4.76-5.66 after 1277.2 sec [total]
done with H++ for K = 430.54-512.00 Q = 4.76-5.66 after 1280.3 sec [total]
done with H+- for K = 430.54-512.00 Q = 4.76-5.66 after 1281.3 sec [total]
done with H-+ for K = 430.54-512.00 Q = 4.76-5.66 after 1282.4 sec [total]
done with H-- for K = 430.54-512.00 Q = 4.76-5.66 after 1283.1 sec [total]
done with UU for K = 512.00-608.87 Q = 4.76-5.66 after 1284.0 sec [total]
done with BB for K = 512.00-608.87 Q = 4.76-5.66 after 1285.1 sec [total]
done with UBTa for K = 512.00-608.87 Q = 4.76-5.66 after 1285.3 sec [total]
done with UBTb for K = 512.00-608.87 Q = 4.76-5.66 after 1285.5 sec [total]
done with UBTbA for K = 512.00-608.87 Q = 4.76-5.66 after 1285.6 sec [total]
done with UBTbC for K = 512.00-608.87 Q = 4.76-5.66 after 1285.9 sec [total]
done with H for K = 512.00-608.87 Q = 4.76-5.66 after 1286.8 sec [total]
done with H++ for K = 512.00-608.87 Q = 4.76-5.66 after 1290.0 sec [total]
done with H+- for K = 512.00-608.87 Q = 4.76-5.66 after 1291.1 sec [total]
done with H-+ for K = 512.00-608.87 Q = 4.76-5.66 after 1292.2 sec [total]
done with H-- for K = 512.00-608.87 Q = 4.76-5.66 after 1292.7 sec [total]
done with UU for K = 608.87-724.08 Q = 4.76-5.66 after 1293.6 sec [total]
done with BB for K = 608.87-724.08 Q = 4.76-5.66 after 1294.6 sec [total]
done with UBTa for K = 608.87-724.08 Q = 4.76-5.66 after 1294.8 sec [total]
done with UBTb for K = 608.87-724.08 Q = 4.76-5.66 after 1295.0 sec [total]
done with UBTbA for K = 608.87-724.08 Q = 4.76-5.66 after 1295.2 sec [total]
done with UBTbC for K = 608.87-724.08 Q = 4.76-5.66 after 1295.5 sec [total]
done with H for K = 608.87-724.08 Q = 4.76-5.66 after 1296.5 sec [total]
done with H++ for K = 608.87-724.08 Q = 4.76-5.66 after 1299.7 sec [total]
done with H+- for K = 608.87-724.08 Q = 4.76-5.66 after 1300.8 sec [total]
done with H-+ for K = 608.87-724.08 Q = 4.76-5.66 after 1301.9 sec [total]
done with H-- for K = 608.87-724.08 Q = 4.76-5.66 after 1302.4 sec [total]
done with UU for K = 724.08-861.08 Q = 4.76-5.66 after 1303.3 sec [total]
done with BB for K = 724.08-861.08 Q = 4.76-5.66 after 1304.4 sec [total]
done with UBTa for K = 724.08-861.08 Q = 4.76-5.66 after 1304.5 sec [total]
done with UBTb for K = 724.08-861.08 Q = 4.76-5.66 after 1304.7 sec [total]
done with UBTbA for K = 724.08-861.08 Q = 4.76-5.66 after 1304.9 sec [total]
done with UBTbC for K = 724.08-861.08 Q = 4.76-5.66 after 1305.2 sec [total]
done with H for K = 724.08-861.08 Q = 4.76-5.66 after 1306.1 sec [total]
done with H++ for K = 724.08-861.08 Q = 4.76-5.66 after 1309.2 sec [total]
done with H+- for K = 724.08-861.08 Q = 4.76-5.66 after 1310.3 sec [total]
done with H-+ for K = 724.08-861.08 Q = 4.76-5.66 after 1311.4 sec [total]
done with H-- for K = 724.08-861.08 Q = 4.76-5.66 after 1312.0 sec [total]
done with UU for K = 861.08-1024.00 Q = 4.76-5.66 after 1312.9 sec [total]
done with BB for K = 861.08-1024.00 Q = 4.76-5.66 after 1314.0 sec [total]
done with UBTa for K = 861.08-1024.00 Q = 4.76-5.66 after 1314.2 sec [total]
done with UBTb for K = 861.08-1024.00 Q = 4.76-5.66 after 1314.4 sec [total]
done with UBTbA for K = 861.08-1024.00 Q = 4.76-5.66 after 1314.6 sec [total]
done with UBTbC for K = 861.08-1024.00 Q = 4.76-5.66 after 1314.8 sec [total]
done with H for K = 861.08-1024.00 Q = 4.76-5.66 after 1315.7 sec [total]
done with H++ for K = 861.08-1024.00 Q = 4.76-5.66 after 1318.8 sec [total]
done with H+- for K = 861.08-1024.00 Q = 4.76-5.66 after 1320.1 sec [total]
done with H-+ for K = 861.08-1024.00 Q = 4.76-5.66 after 1321.3 sec [total]
done with H-- for K = 861.08-1024.00 Q = 4.76-5.66 after 1321.6 sec [total]
done with UU for K = 0.00-3.36 Q = 5.66-6.73 after 1323.4 sec [total]
done with BB for K = 0.00-3.36 Q = 5.66-6.73 after 1325.5 sec [total]
done with UBTa for K = 0.00-3.36 Q = 5.66-6.73 after 1326.5 sec [total]
done with UBTb for K = 0.00-3.36 Q = 5.66-6.73 after 1327.6 sec [total]
done with UBTbA for K = 0.00-3.36 Q = 5.66-6.73 after 1328.7 sec [total]
done with UBTbC for K = 0.00-3.36 Q = 5.66-6.73 after 1329.0 sec [total]
done with H for K = 0.00-3.36 Q = 5.66-6.73 after 1329.9 sec [total]
done with H++ for K = 0.00-3.36 Q = 5.66-6.73 after 1333.1 sec [total]
done with H+- for K = 0.00-3.36 Q = 5.66-6.73 after 1334.3 sec [total]
done with H-+ for K = 0.00-3.36 Q = 5.66-6.73 after 1335.4 sec [total]
done with H-- for K = 0.00-3.36 Q = 5.66-6.73 after 1335.8 sec [total]
done with UU for K = 3.36-4.00 Q = 5.66-6.73 after 1336.7 sec [total]
done with BB for K = 3.36-4.00 Q = 5.66-6.73 after 1337.7 sec [total]
done with UBTa for K = 3.36-4.00 Q = 5.66-6.73 after 1337.9 sec [total]
done with UBTb for K = 3.36-4.00 Q = 5.66-6.73 after 1338.2 sec [total]
done with UBTbA for K = 3.36-4.00 Q = 5.66-6.73 after 1338.3 sec [total]
done with UBTbC for K = 3.36-4.00 Q = 5.66-6.73 after 1338.6 sec [total]
done with H for K = 3.36-4.00 Q = 5.66-6.73 after 1339.5 sec [total]
done with H++ for K = 3.36-4.00 Q = 5.66-6.73 after 1342.7 sec [total]
done with H+- for K = 3.36-4.00 Q = 5.66-6.73 after 1343.8 sec [total]
done with H-+ for K = 3.36-4.00 Q = 5.66-6.73 after 1344.9 sec [total]
done with H-- for K = 3.36-4.00 Q = 5.66-6.73 after 1345.4 sec [total]
done with UU for K = 4.00-4.76 Q = 5.66-6.73 after 1346.3 sec [total]
done with BB for K = 4.00-4.76 Q = 5.66-6.73 after 1347.4 sec [total]
done with UBTa for K = 4.00-4.76 Q = 5.66-6.73 after 1347.6 sec [total]
done with UBTb for K = 4.00-4.76 Q = 5.66-6.73 after 1347.8 sec [total]
done with UBTbA for K = 4.00-4.76 Q = 5.66-6.73 after 1348.0 sec [total]
done with UBTbC for K = 4.00-4.76 Q = 5.66-6.73 after 1348.3 sec [total]
done with H for K = 4.00-4.76 Q = 5.66-6.73 after 1349.2 sec [total]
done with H++ for K = 4.00-4.76 Q = 5.66-6.73 after 1352.3 sec [total]
done with H+- for K = 4.00-4.76 Q = 5.66-6.73 after 1353.5 sec [total]
done with H-+ for K = 4.00-4.76 Q = 5.66-6.73 after 1354.5 sec [total]
done with H-- for K = 4.00-4.76 Q = 5.66-6.73 after 1355.1 sec [total]
done with UU for K = 4.76-5.66 Q = 5.66-6.73 after 1356.0 sec [total]
done with BB for K = 4.76-5.66 Q = 5.66-6.73 after 1357.1 sec [total]
done with UBTa for K = 4.76-5.66 Q = 5.66-6.73 after 1357.2 sec [total]
done with UBTb for K = 4.76-5.66 Q = 5.66-6.73 after 1357.4 sec [total]
done with UBTbA for K = 4.76-5.66 Q = 5.66-6.73 after 1357.6 sec [total]
done with UBTbC for K = 4.76-5.66 Q = 5.66-6.73 after 1357.9 sec [total]
done with H for K = 4.76-5.66 Q = 5.66-6.73 after 1358.8 sec [total]
done with H++ for K = 4.76-5.66 Q = 5.66-6.73 after 1362.0 sec [total]
done with H+- for K = 4.76-5.66 Q = 5.66-6.73 after 1363.1 sec [total]
done with H-+ for K = 4.76-5.66 Q = 5.66-6.73 after 1364.2 sec [total]
done with H-- for K = 4.76-5.66 Q = 5.66-6.73 after 1364.7 sec [total]
done with UU for K = 5.66-6.73 Q = 5.66-6.73 after 1365.6 sec [total]
done with BB for K = 5.66-6.73 Q = 5.66-6.73 after 1366.7 sec [total]
done with UBTa for K = 5.66-6.73 Q = 5.66-6.73 after 1366.9 sec [total]
done with UBTb for K = 5.66-6.73 Q = 5.66-6.73 after 1367.1 sec [total]
done with UBTbA for K = 5.66-6.73 Q = 5.66-6.73 after 1367.2 sec [total]
done with UBTbC for K = 5.66-6.73 Q = 5.66-6.73 after 1367.5 sec [total]
done with H for K = 5.66-6.73 Q = 5.66-6.73 after 1368.4 sec [total]
done with H++ for K = 5.66-6.73 Q = 5.66-6.73 after 1371.6 sec [total]
done with H+- for K = 5.66-6.73 Q = 5.66-6.73 after 1372.9 sec [total]
done with H-+ for K = 5.66-6.73 Q = 5.66-6.73 after 1374.2 sec [total]
done with H-- for K = 5.66-6.73 Q = 5.66-6.73 after 1374.4 sec [total]
done with UU for K = 6.73-8.00 Q = 5.66-6.73 after 1375.3 sec [total]
done with BB for K = 6.73-8.00 Q = 5.66-6.73 after 1376.3 sec [total]
done with UBTa for K = 6.73-8.00 Q = 5.66-6.73 after 1376.5 sec [total]
done with UBTb for K = 6.73-8.00 Q = 5.66-6.73 after 1376.7 sec [total]
done with UBTbA for K = 6.73-8.00 Q = 5.66-6.73 after 1376.9 sec [total]
done with UBTbC for K = 6.73-8.00 Q = 5.66-6.73 after 1377.2 sec [total]
done with H for K = 6.73-8.00 Q = 5.66-6.73 after 1378.1 sec [total]
done with H++ for K = 6.73-8.00 Q = 5.66-6.73 after 1381.2 sec [total]
done with H+- for K = 6.73-8.00 Q = 5.66-6.73 after 1382.4 sec [total]
done with H-+ for K = 6.73-8.00 Q = 5.66-6.73 after 1383.5 sec [total]
done with H-- for K = 6.73-8.00 Q = 5.66-6.73 after 1384.0 sec [total]
done with UU for K = 8.00-9.51 Q = 5.66-6.73 after 1384.9 sec [total]
done with BB for K = 8.00-9.51 Q = 5.66-6.73 after 1386.0 sec [total]
done with UBTa for K = 8.00-9.51 Q = 5.66-6.73 after 1386.1 sec [total]
done with UBTb for K = 8.00-9.51 Q = 5.66-6.73 after 1386.3 sec [total]
done with UBTbA for K = 8.00-9.51 Q = 5.66-6.73 after 1386.5 sec [total]
done with UBTbC for K = 8.00-9.51 Q = 5.66-6.73 after 1386.8 sec [total]
done with H for K = 8.00-9.51 Q = 5.66-6.73 after 1387.7 sec [total]
done with H++ for K = 8.00-9.51 Q = 5.66-6.73 after 1390.9 sec [total]
done with H+- for K = 8.00-9.51 Q = 5.66-6.73 after 1391.9 sec [total]
done with H-+ for K = 8.00-9.51 Q = 5.66-6.73 after 1393.1 sec [total]
done with H-- for K = 8.00-9.51 Q = 5.66-6.73 after 1393.6 sec [total]
done with UU for K = 9.51-11.31 Q = 5.66-6.73 after 1394.6 sec [total]
done with BB for K = 9.51-11.31 Q = 5.66-6.73 after 1395.6 sec [total]
done with UBTa for K = 9.51-11.31 Q = 5.66-6.73 after 1395.8 sec [total]
done with UBTb for K = 9.51-11.31 Q = 5.66-6.73 after 1396.0 sec [total]
done with UBTbA for K = 9.51-11.31 Q = 5.66-6.73 after 1396.1 sec [total]
done with UBTbC for K = 9.51-11.31 Q = 5.66-6.73 after 1396.5 sec [total]
done with H for K = 9.51-11.31 Q = 5.66-6.73 after 1397.3 sec [total]
done with H++ for K = 9.51-11.31 Q = 5.66-6.73 after 1400.5 sec [total]
done with H+- for K = 9.51-11.31 Q = 5.66-6.73 after 1401.6 sec [total]
done with H-+ for K = 9.51-11.31 Q = 5.66-6.73 after 1402.6 sec [total]
done with H-- for K = 9.51-11.31 Q = 5.66-6.73 after 1403.2 sec [total]
done with UU for K = 11.31-13.45 Q = 5.66-6.73 after 1404.2 sec [total]
done with BB for K = 11.31-13.45 Q = 5.66-6.73 after 1405.2 sec [total]
done with UBTa for K = 11.31-13.45 Q = 5.66-6.73 after 1405.3 sec [total]
done with UBTb for K = 11.31-13.45 Q = 5.66-6.73 after 1405.6 sec [total]
done with UBTbA for K = 11.31-13.45 Q = 5.66-6.73 after 1405.8 sec [total]
done with UBTbC for K = 11.31-13.45 Q = 5.66-6.73 after 1406.1 sec [total]
done with H for K = 11.31-13.45 Q = 5.66-6.73 after 1406.9 sec [total]
done with H++ for K = 11.31-13.45 Q = 5.66-6.73 after 1410.1 sec [total]
done with H+- for K = 11.31-13.45 Q = 5.66-6.73 after 1411.3 sec [total]
done with H-+ for K = 11.31-13.45 Q = 5.66-6.73 after 1412.4 sec [total]
done with H-- for K = 11.31-13.45 Q = 5.66-6.73 after 1412.9 sec [total]
done with UU for K = 13.45-16.00 Q = 5.66-6.73 after 1413.8 sec [total]
done with BB for K = 13.45-16.00 Q = 5.66-6.73 after 1414.8 sec [total]
done with UBTa for K = 13.45-16.00 Q = 5.66-6.73 after 1415.0 sec [total]
done with UBTb for K = 13.45-16.00 Q = 5.66-6.73 after 1415.2 sec [total]
done with UBTbA for K = 13.45-16.00 Q = 5.66-6.73 after 1415.4 sec [total]
done with UBTbC for K = 13.45-16.00 Q = 5.66-6.73 after 1415.6 sec [total]
done with H for K = 13.45-16.00 Q = 5.66-6.73 after 1416.5 sec [total]
done with H++ for K = 13.45-16.00 Q = 5.66-6.73 after 1419.8 sec [total]
done with H+- for K = 13.45-16.00 Q = 5.66-6.73 after 1420.9 sec [total]
done with H-+ for K = 13.45-16.00 Q = 5.66-6.73 after 1422.1 sec [total]
done with H-- for K = 13.45-16.00 Q = 5.66-6.73 after 1422.5 sec [total]
done with UU for K = 16.00-19.03 Q = 5.66-6.73 after 1423.4 sec [total]
done with BB for K = 16.00-19.03 Q = 5.66-6.73 after 1424.4 sec [total]
done with UBTa for K = 16.00-19.03 Q = 5.66-6.73 after 1424.6 sec [total]
done with UBTb for K = 16.00-19.03 Q = 5.66-6.73 after 1424.9 sec [total]
done with UBTbA for K = 16.00-19.03 Q = 5.66-6.73 after 1425.0 sec [total]
done with UBTbC for K = 16.00-19.03 Q = 5.66-6.73 after 1425.3 sec [total]
done with H for K = 16.00-19.03 Q = 5.66-6.73 after 1426.2 sec [total]
done with H++ for K = 16.00-19.03 Q = 5.66-6.73 after 1429.3 sec [total]
done with H+- for K = 16.00-19.03 Q = 5.66-6.73 after 1430.4 sec [total]
done with H-+ for K = 16.00-19.03 Q = 5.66-6.73 after 1431.6 sec [total]
done with H-- for K = 16.00-19.03 Q = 5.66-6.73 after 1432.1 sec [total]
done with UU for K = 19.03-22.63 Q = 5.66-6.73 after 1433.0 sec [total]
done with BB for K = 19.03-22.63 Q = 5.66-6.73 after 1434.1 sec [total]
done with UBTa for K = 19.03-22.63 Q = 5.66-6.73 after 1434.2 sec [total]
done with UBTb for K = 19.03-22.63 Q = 5.66-6.73 after 1434.5 sec [total]
done with UBTbA for K = 19.03-22.63 Q = 5.66-6.73 after 1434.6 sec [total]
done with UBTbC for K = 19.03-22.63 Q = 5.66-6.73 after 1434.9 sec [total]
done with H for K = 19.03-22.63 Q = 5.66-6.73 after 1435.8 sec [total]
done with H++ for K = 19.03-22.63 Q = 5.66-6.73 after 1438.9 sec [total]
done with H+- for K = 19.03-22.63 Q = 5.66-6.73 after 1440.1 sec [total]
done with H-+ for K = 19.03-22.63 Q = 5.66-6.73 after 1441.3 sec [total]
done with H-- for K = 19.03-22.63 Q = 5.66-6.73 after 1441.7 sec [total]
done with UU for K = 22.63-26.91 Q = 5.66-6.73 after 1442.6 sec [total]
done with BB for K = 22.63-26.91 Q = 5.66-6.73 after 1443.6 sec [total]
done with UBTa for K = 22.63-26.91 Q = 5.66-6.73 after 1443.8 sec [total]
done with UBTb for K = 22.63-26.91 Q = 5.66-6.73 after 1444.0 sec [total]
done with UBTbA for K = 22.63-26.91 Q = 5.66-6.73 after 1444.2 sec [total]
done with UBTbC for K = 22.63-26.91 Q = 5.66-6.73 after 1444.5 sec [total]
done with H for K = 22.63-26.91 Q = 5.66-6.73 after 1445.4 sec [total]
done with H++ for K = 22.63-26.91 Q = 5.66-6.73 after 1448.6 sec [total]
done with H+- for K = 22.63-26.91 Q = 5.66-6.73 after 1449.7 sec [total]
done with H-+ for K = 22.63-26.91 Q = 5.66-6.73 after 1450.8 sec [total]
done with H-- for K = 22.63-26.91 Q = 5.66-6.73 after 1451.3 sec [total]
done with UU for K = 26.91-32.00 Q = 5.66-6.73 after 1452.2 sec [total]
done with BB for K = 26.91-32.00 Q = 5.66-6.73 after 1453.3 sec [total]
done with UBTa for K = 26.91-32.00 Q = 5.66-6.73 after 1453.5 sec [total]
done with UBTb for K = 26.91-32.00 Q = 5.66-6.73 after 1453.7 sec [total]
done with UBTbA for K = 26.91-32.00 Q = 5.66-6.73 after 1453.8 sec [total]
done with UBTbC for K = 26.91-32.00 Q = 5.66-6.73 after 1454.1 sec [total]
done with H for K = 26.91-32.00 Q = 5.66-6.73 after 1455.0 sec [total]
done with H++ for K = 26.91-32.00 Q = 5.66-6.73 after 1458.2 sec [total]
done with H+- for K = 26.91-32.00 Q = 5.66-6.73 after 1459.4 sec [total]
done with H-+ for K = 26.91-32.00 Q = 5.66-6.73 after 1460.7 sec [total]
done with H-- for K = 26.91-32.00 Q = 5.66-6.73 after 1460.9 sec [total]
done with UU for K = 32.00-38.05 Q = 5.66-6.73 after 1461.8 sec [total]
done with BB for K = 32.00-38.05 Q = 5.66-6.73 after 1462.9 sec [total]
done with UBTa for K = 32.00-38.05 Q = 5.66-6.73 after 1463.1 sec [total]
done with UBTb for K = 32.00-38.05 Q = 5.66-6.73 after 1463.3 sec [total]
done with UBTbA for K = 32.00-38.05 Q = 5.66-6.73 after 1463.4 sec [total]
done with UBTbC for K = 32.00-38.05 Q = 5.66-6.73 after 1463.7 sec [total]
done with H for K = 32.00-38.05 Q = 5.66-6.73 after 1464.6 sec [total]
done with H++ for K = 32.00-38.05 Q = 5.66-6.73 after 1467.7 sec [total]
done with H+- for K = 32.00-38.05 Q = 5.66-6.73 after 1468.9 sec [total]
done with H-+ for K = 32.00-38.05 Q = 5.66-6.73 after 1470.2 sec [total]
done with H-- for K = 32.00-38.05 Q = 5.66-6.73 after 1470.5 sec [total]
done with UU for K = 38.05-45.25 Q = 5.66-6.73 after 1471.4 sec [total]
done with BB for K = 38.05-45.25 Q = 5.66-6.73 after 1472.4 sec [total]
done with UBTa for K = 38.05-45.25 Q = 5.66-6.73 after 1472.6 sec [total]
done with UBTb for K = 38.05-45.25 Q = 5.66-6.73 after 1472.8 sec [total]
done with UBTbA for K = 38.05-45.25 Q = 5.66-6.73 after 1473.0 sec [total]
done with UBTbC for K = 38.05-45.25 Q = 5.66-6.73 after 1473.3 sec [total]
done with H for K = 38.05-45.25 Q = 5.66-6.73 after 1474.2 sec [total]
done with H++ for K = 38.05-45.25 Q = 5.66-6.73 after 1477.4 sec [total]
done with H+- for K = 38.05-45.25 Q = 5.66-6.73 after 1478.5 sec [total]
done with H-+ for K = 38.05-45.25 Q = 5.66-6.73 after 1479.7 sec [total]
done with H-- for K = 38.05-45.25 Q = 5.66-6.73 after 1480.1 sec [total]
done with UU for K = 45.25-53.82 Q = 5.66-6.73 after 1481.0 sec [total]
done with BB for K = 45.25-53.82 Q = 5.66-6.73 after 1482.1 sec [total]
done with UBTa for K = 45.25-53.82 Q = 5.66-6.73 after 1482.2 sec [total]
done with UBTb for K = 45.25-53.82 Q = 5.66-6.73 after 1482.5 sec [total]
done with UBTbA for K = 45.25-53.82 Q = 5.66-6.73 after 1482.6 sec [total]
done with UBTbC for K = 45.25-53.82 Q = 5.66-6.73 after 1482.9 sec [total]
done with H for K = 45.25-53.82 Q = 5.66-6.73 after 1483.8 sec [total]
done with H++ for K = 45.25-53.82 Q = 5.66-6.73 after 1486.9 sec [total]
done with H+- for K = 45.25-53.82 Q = 5.66-6.73 after 1488.1 sec [total]
done with H-+ for K = 45.25-53.82 Q = 5.66-6.73 after 1489.2 sec [total]
done with H-- for K = 45.25-53.82 Q = 5.66-6.73 after 1489.7 sec [total]
done with UU for K = 53.82-64.00 Q = 5.66-6.73 after 1490.6 sec [total]
done with BB for K = 53.82-64.00 Q = 5.66-6.73 after 1491.7 sec [total]
done with UBTa for K = 53.82-64.00 Q = 5.66-6.73 after 1491.9 sec [total]
done with UBTb for K = 53.82-64.00 Q = 5.66-6.73 after 1492.0 sec [total]
done with UBTbA for K = 53.82-64.00 Q = 5.66-6.73 after 1492.2 sec [total]
done with UBTbC for K = 53.82-64.00 Q = 5.66-6.73 after 1492.5 sec [total]
done with H for K = 53.82-64.00 Q = 5.66-6.73 after 1493.4 sec [total]
done with H++ for K = 53.82-64.00 Q = 5.66-6.73 after 1496.5 sec [total]
done with H+- for K = 53.82-64.00 Q = 5.66-6.73 after 1497.8 sec [total]
done with H-+ for K = 53.82-64.00 Q = 5.66-6.73 after 1498.9 sec [total]
done with H-- for K = 53.82-64.00 Q = 5.66-6.73 after 1499.3 sec [total]
done with UU for K = 64.00-76.11 Q = 5.66-6.73 after 1500.2 sec [total]
done with BB for K = 64.00-76.11 Q = 5.66-6.73 after 1501.3 sec [total]
done with UBTa for K = 64.00-76.11 Q = 5.66-6.73 after 1501.5 sec [total]
done with UBTb for K = 64.00-76.11 Q = 5.66-6.73 after 1501.7 sec [total]
done with UBTbA for K = 64.00-76.11 Q = 5.66-6.73 after 1501.8 sec [total]
done with UBTbC for K = 64.00-76.11 Q = 5.66-6.73 after 1502.1 sec [total]
done with H for K = 64.00-76.11 Q = 5.66-6.73 after 1503.0 sec [total]
done with H++ for K = 64.00-76.11 Q = 5.66-6.73 after 1506.3 sec [total]
done with H+- for K = 64.00-76.11 Q = 5.66-6.73 after 1507.4 sec [total]
done with H-+ for K = 64.00-76.11 Q = 5.66-6.73 after 1508.6 sec [total]
done with H-- for K = 64.00-76.11 Q = 5.66-6.73 after 1509.0 sec [total]
done with UU for K = 76.11-90.51 Q = 5.66-6.73 after 1509.9 sec [total]
done with BB for K = 76.11-90.51 Q = 5.66-6.73 after 1510.9 sec [total]
done with UBTa for K = 76.11-90.51 Q = 5.66-6.73 after 1511.1 sec [total]
done with UBTb for K = 76.11-90.51 Q = 5.66-6.73 after 1511.3 sec [total]
done with UBTbA for K = 76.11-90.51 Q = 5.66-6.73 after 1511.5 sec [total]
done with UBTbC for K = 76.11-90.51 Q = 5.66-6.73 after 1511.8 sec [total]
done with H for K = 76.11-90.51 Q = 5.66-6.73 after 1512.7 sec [total]
done with H++ for K = 76.11-90.51 Q = 5.66-6.73 after 1515.9 sec [total]
done with H+- for K = 76.11-90.51 Q = 5.66-6.73 after 1517.0 sec [total]
done with H-+ for K = 76.11-90.51 Q = 5.66-6.73 after 1518.1 sec [total]
done with H-- for K = 76.11-90.51 Q = 5.66-6.73 after 1518.6 sec [total]
done with UU for K = 90.51-107.63 Q = 5.66-6.73 after 1519.5 sec [total]
done with BB for K = 90.51-107.63 Q = 5.66-6.73 after 1520.6 sec [total]
done with UBTa for K = 90.51-107.63 Q = 5.66-6.73 after 1520.7 sec [total]
done with UBTb for K = 90.51-107.63 Q = 5.66-6.73 after 1521.0 sec [total]
done with UBTbA for K = 90.51-107.63 Q = 5.66-6.73 after 1521.1 sec [total]
done with UBTbC for K = 90.51-107.63 Q = 5.66-6.73 after 1521.4 sec [total]
done with H for K = 90.51-107.63 Q = 5.66-6.73 after 1522.3 sec [total]
done with H++ for K = 90.51-107.63 Q = 5.66-6.73 after 1525.4 sec [total]
done with H+- for K = 90.51-107.63 Q = 5.66-6.73 after 1526.6 sec [total]
done with H-+ for K = 90.51-107.63 Q = 5.66-6.73 after 1527.8 sec [total]
done with H-- for K = 90.51-107.63 Q = 5.66-6.73 after 1528.2 sec [total]
done with UU for K = 107.63-128.00 Q = 5.66-6.73 after 1529.1 sec [total]
done with BB for K = 107.63-128.00 Q = 5.66-6.73 after 1530.1 sec [total]
done with UBTa for K = 107.63-128.00 Q = 5.66-6.73 after 1530.3 sec [total]
done with UBTb for K = 107.63-128.00 Q = 5.66-6.73 after 1530.5 sec [total]
done with UBTbA for K = 107.63-128.00 Q = 5.66-6.73 after 1530.7 sec [total]
done with UBTbC for K = 107.63-128.00 Q = 5.66-6.73 after 1531.0 sec [total]
done with H for K = 107.63-128.00 Q = 5.66-6.73 after 1531.9 sec [total]
done with H++ for K = 107.63-128.00 Q = 5.66-6.73 after 1535.1 sec [total]
done with H+- for K = 107.63-128.00 Q = 5.66-6.73 after 1536.2 sec [total]
done with H-+ for K = 107.63-128.00 Q = 5.66-6.73 after 1537.3 sec [total]
done with H-- for K = 107.63-128.00 Q = 5.66-6.73 after 1537.8 sec [total]
done with UU for K = 128.00-152.22 Q = 5.66-6.73 after 1538.7 sec [total]
done with BB for K = 128.00-152.22 Q = 5.66-6.73 after 1539.7 sec [total]
done with UBTa for K = 128.00-152.22 Q = 5.66-6.73 after 1540.0 sec [total]
done with UBTb for K = 128.00-152.22 Q = 5.66-6.73 after 1540.2 sec [total]
done with UBTbA for K = 128.00-152.22 Q = 5.66-6.73 after 1540.3 sec [total]
done with UBTbC for K = 128.00-152.22 Q = 5.66-6.73 after 1540.6 sec [total]
done with H for K = 128.00-152.22 Q = 5.66-6.73 after 1541.5 sec [total]
done with H++ for K = 128.00-152.22 Q = 5.66-6.73 after 1544.6 sec [total]
done with H+- for K = 128.00-152.22 Q = 5.66-6.73 after 1545.6 sec [total]
done with H-+ for K = 128.00-152.22 Q = 5.66-6.73 after 1546.7 sec [total]
done with H-- for K = 128.00-152.22 Q = 5.66-6.73 after 1547.4 sec [total]
done with UU for K = 152.22-181.02 Q = 5.66-6.73 after 1548.3 sec [total]
done with BB for K = 152.22-181.02 Q = 5.66-6.73 after 1549.4 sec [total]
done with UBTa for K = 152.22-181.02 Q = 5.66-6.73 after 1549.5 sec [total]
done with UBTb for K = 152.22-181.02 Q = 5.66-6.73 after 1549.7 sec [total]
done with UBTbA for K = 152.22-181.02 Q = 5.66-6.73 after 1549.9 sec [total]
done with UBTbC for K = 152.22-181.02 Q = 5.66-6.73 after 1550.2 sec [total]
done with H for K = 152.22-181.02 Q = 5.66-6.73 after 1551.1 sec [total]
done with H++ for K = 152.22-181.02 Q = 5.66-6.73 after 1554.2 sec [total]
done with H+- for K = 152.22-181.02 Q = 5.66-6.73 after 1555.4 sec [total]
done with H-+ for K = 152.22-181.02 Q = 5.66-6.73 after 1556.5 sec [total]
done with H-- for K = 152.22-181.02 Q = 5.66-6.73 after 1557.0 sec [total]
done with UU for K = 181.02-215.27 Q = 5.66-6.73 after 1557.9 sec [total]
done with BB for K = 181.02-215.27 Q = 5.66-6.73 after 1559.0 sec [total]
done with UBTa for K = 181.02-215.27 Q = 5.66-6.73 after 1559.2 sec [total]
done with UBTb for K = 181.02-215.27 Q = 5.66-6.73 after 1559.4 sec [total]
done with UBTbA for K = 181.02-215.27 Q = 5.66-6.73 after 1559.5 sec [total]
done with UBTbC for K = 181.02-215.27 Q = 5.66-6.73 after 1559.8 sec [total]
done with H for K = 181.02-215.27 Q = 5.66-6.73 after 1560.7 sec [total]
done with H++ for K = 181.02-215.27 Q = 5.66-6.73 after 1563.8 sec [total]
done with H+- for K = 181.02-215.27 Q = 5.66-6.73 after 1565.0 sec [total]
done with H-+ for K = 181.02-215.27 Q = 5.66-6.73 after 1566.0 sec [total]
done with H-- for K = 181.02-215.27 Q = 5.66-6.73 after 1566.6 sec [total]
done with UU for K = 215.27-256.00 Q = 5.66-6.73 after 1567.5 sec [total]
done with BB for K = 215.27-256.00 Q = 5.66-6.73 after 1568.5 sec [total]
done with UBTa for K = 215.27-256.00 Q = 5.66-6.73 after 1568.7 sec [total]
done with UBTb for K = 215.27-256.00 Q = 5.66-6.73 after 1568.9 sec [total]
done with UBTbA for K = 215.27-256.00 Q = 5.66-6.73 after 1569.1 sec [total]
done with UBTbC for K = 215.27-256.00 Q = 5.66-6.73 after 1569.4 sec [total]
done with H for K = 215.27-256.00 Q = 5.66-6.73 after 1570.3 sec [total]
done with H++ for K = 215.27-256.00 Q = 5.66-6.73 after 1573.5 sec [total]
done with H+- for K = 215.27-256.00 Q = 5.66-6.73 after 1574.6 sec [total]
done with H-+ for K = 215.27-256.00 Q = 5.66-6.73 after 1575.6 sec [total]
done with H-- for K = 215.27-256.00 Q = 5.66-6.73 after 1576.3 sec [total]
done with UU for K = 256.00-304.44 Q = 5.66-6.73 after 1577.2 sec [total]
done with BB for K = 256.00-304.44 Q = 5.66-6.73 after 1578.2 sec [total]
done with UBTa for K = 256.00-304.44 Q = 5.66-6.73 after 1578.4 sec [total]
done with UBTb for K = 256.00-304.44 Q = 5.66-6.73 after 1578.6 sec [total]
done with UBTbA for K = 256.00-304.44 Q = 5.66-6.73 after 1578.8 sec [total]
done with UBTbC for K = 256.00-304.44 Q = 5.66-6.73 after 1579.1 sec [total]
done with H for K = 256.00-304.44 Q = 5.66-6.73 after 1579.9 sec [total]
done with H++ for K = 256.00-304.44 Q = 5.66-6.73 after 1583.0 sec [total]
done with H+- for K = 256.00-304.44 Q = 5.66-6.73 after 1584.3 sec [total]
done with H-+ for K = 256.00-304.44 Q = 5.66-6.73 after 1585.3 sec [total]
done with H-- for K = 256.00-304.44 Q = 5.66-6.73 after 1585.8 sec [total]
done with UU for K = 304.44-362.04 Q = 5.66-6.73 after 1586.7 sec [total]
done with BB for K = 304.44-362.04 Q = 5.66-6.73 after 1587.8 sec [total]
done with UBTa for K = 304.44-362.04 Q = 5.66-6.73 after 1588.0 sec [total]
done with UBTb for K = 304.44-362.04 Q = 5.66-6.73 after 1588.2 sec [total]
done with UBTbA for K = 304.44-362.04 Q = 5.66-6.73 after 1588.3 sec [total]
done with UBTbC for K = 304.44-362.04 Q = 5.66-6.73 after 1588.6 sec [total]
done with H for K = 304.44-362.04 Q = 5.66-6.73 after 1589.5 sec [total]
done with H++ for K = 304.44-362.04 Q = 5.66-6.73 after 1592.7 sec [total]
done with H+- for K = 304.44-362.04 Q = 5.66-6.73 after 1594.0 sec [total]
done with H-+ for K = 304.44-362.04 Q = 5.66-6.73 after 1595.2 sec [total]
done with H-- for K = 304.44-362.04 Q = 5.66-6.73 after 1595.4 sec [total]
done with UU for K = 362.04-430.54 Q = 5.66-6.73 after 1596.3 sec [total]
done with BB for K = 362.04-430.54 Q = 5.66-6.73 after 1597.3 sec [total]
done with UBTa for K = 362.04-430.54 Q = 5.66-6.73 after 1597.5 sec [total]
done with UBTb for K = 362.04-430.54 Q = 5.66-6.73 after 1597.7 sec [total]
done with UBTbA for K = 362.04-430.54 Q = 5.66-6.73 after 1597.9 sec [total]
done with UBTbC for K = 362.04-430.54 Q = 5.66-6.73 after 1598.3 sec [total]
done with H for K = 362.04-430.54 Q = 5.66-6.73 after 1599.2 sec [total]
done with H++ for K = 362.04-430.54 Q = 5.66-6.73 after 1602.3 sec [total]
done with H+- for K = 362.04-430.54 Q = 5.66-6.73 after 1603.4 sec [total]
done with H-+ for K = 362.04-430.54 Q = 5.66-6.73 after 1604.6 sec [total]
done with H-- for K = 362.04-430.54 Q = 5.66-6.73 after 1605.1 sec [total]
done with UU for K = 430.54-512.00 Q = 5.66-6.73 after 1606.0 sec [total]
done with BB for K = 430.54-512.00 Q = 5.66-6.73 after 1607.0 sec [total]
done with UBTa for K = 430.54-512.00 Q = 5.66-6.73 after 1607.2 sec [total]
done with UBTb for K = 430.54-512.00 Q = 5.66-6.73 after 1607.4 sec [total]
done with UBTbA for K = 430.54-512.00 Q = 5.66-6.73 after 1607.5 sec [total]
done with UBTbC for K = 430.54-512.00 Q = 5.66-6.73 after 1607.8 sec [total]
done with H for K = 430.54-512.00 Q = 5.66-6.73 after 1608.8 sec [total]
done with H++ for K = 430.54-512.00 Q = 5.66-6.73 after 1612.0 sec [total]
done with H+- for K = 430.54-512.00 Q = 5.66-6.73 after 1613.1 sec [total]
done with H-+ for K = 430.54-512.00 Q = 5.66-6.73 after 1614.3 sec [total]
done with H-- for K = 430.54-512.00 Q = 5.66-6.73 after 1614.7 sec [total]
done with UU for K = 512.00-608.87 Q = 5.66-6.73 after 1615.6 sec [total]
done with BB for K = 512.00-608.87 Q = 5.66-6.73 after 1616.6 sec [total]
done with UBTa for K = 512.00-608.87 Q = 5.66-6.73 after 1616.8 sec [total]
done with UBTb for K = 512.00-608.87 Q = 5.66-6.73 after 1617.0 sec [total]
done with UBTbA for K = 512.00-608.87 Q = 5.66-6.73 after 1617.2 sec [total]
done with UBTbC for K = 512.00-608.87 Q = 5.66-6.73 after 1617.5 sec [total]
done with H for K = 512.00-608.87 Q = 5.66-6.73 after 1618.4 sec [total]
done with H++ for K = 512.00-608.87 Q = 5.66-6.73 after 1621.6 sec [total]
done with H+- for K = 512.00-608.87 Q = 5.66-6.73 after 1622.8 sec [total]
done with H-+ for K = 512.00-608.87 Q = 5.66-6.73 after 1624.1 sec [total]
done with H-- for K = 512.00-608.87 Q = 5.66-6.73 after 1624.4 sec [total]
done with UU for K = 608.87-724.08 Q = 5.66-6.73 after 1625.3 sec [total]
done with BB for K = 608.87-724.08 Q = 5.66-6.73 after 1626.3 sec [total]
done with UBTa for K = 608.87-724.08 Q = 5.66-6.73 after 1626.5 sec [total]
done with UBTb for K = 608.87-724.08 Q = 5.66-6.73 after 1626.7 sec [total]
done with UBTbA for K = 608.87-724.08 Q = 5.66-6.73 after 1626.8 sec [total]
done with UBTbC for K = 608.87-724.08 Q = 5.66-6.73 after 1627.1 sec [total]
done with H for K = 608.87-724.08 Q = 5.66-6.73 after 1628.1 sec [total]
done with H++ for K = 608.87-724.08 Q = 5.66-6.73 after 1631.2 sec [total]
done with H+- for K = 608.87-724.08 Q = 5.66-6.73 after 1632.5 sec [total]
done with H-+ for K = 608.87-724.08 Q = 5.66-6.73 after 1633.7 sec [total]
done with H-- for K = 608.87-724.08 Q = 5.66-6.73 after 1634.0 sec [total]
done with UU for K = 724.08-861.08 Q = 5.66-6.73 after 1634.9 sec [total]
done with BB for K = 724.08-861.08 Q = 5.66-6.73 after 1636.0 sec [total]
done with UBTa for K = 724.08-861.08 Q = 5.66-6.73 after 1636.2 sec [total]
done with UBTb for K = 724.08-861.08 Q = 5.66-6.73 after 1636.4 sec [total]
done with UBTbA for K = 724.08-861.08 Q = 5.66-6.73 after 1636.5 sec [total]
done with UBTbC for K = 724.08-861.08 Q = 5.66-6.73 after 1636.8 sec [total]
done with H for K = 724.08-861.08 Q = 5.66-6.73 after 1637.7 sec [total]
done with H++ for K = 724.08-861.08 Q = 5.66-6.73 after 1640.9 sec [total]
done with H+- for K = 724.08-861.08 Q = 5.66-6.73 after 1642.0 sec [total]
done with H-+ for K = 724.08-861.08 Q = 5.66-6.73 after 1643.2 sec [total]
done with H-- for K = 724.08-861.08 Q = 5.66-6.73 after 1643.6 sec [total]
done with UU for K = 861.08-1024.00 Q = 5.66-6.73 after 1644.5 sec [total]
done with BB for K = 861.08-1024.00 Q = 5.66-6.73 after 1645.6 sec [total]
done with UBTa for K = 861.08-1024.00 Q = 5.66-6.73 after 1645.8 sec [total]
done with UBTb for K = 861.08-1024.00 Q = 5.66-6.73 after 1646.0 sec [total]
done with UBTbA for K = 861.08-1024.00 Q = 5.66-6.73 after 1646.1 sec [total]
done with UBTbC for K = 861.08-1024.00 Q = 5.66-6.73 after 1646.4 sec [total]
done with H for K = 861.08-1024.00 Q = 5.66-6.73 after 1647.3 sec [total]
done with H++ for K = 861.08-1024.00 Q = 5.66-6.73 after 1650.5 sec [total]
done with H+- for K = 861.08-1024.00 Q = 5.66-6.73 after 1651.8 sec [total]
done with H-+ for K = 861.08-1024.00 Q = 5.66-6.73 after 1653.0 sec [total]
done with H-- for K = 861.08-1024.00 Q = 5.66-6.73 after 1653.2 sec [total]
done with UU for K = 0.00-3.36 Q = 6.73-8.00 after 1655.0 sec [total]
done with BB for K = 0.00-3.36 Q = 6.73-8.00 after 1657.2 sec [total]
done with UBTa for K = 0.00-3.36 Q = 6.73-8.00 after 1658.1 sec [total]
done with UBTb for K = 0.00-3.36 Q = 6.73-8.00 after 1659.2 sec [total]
done with UBTbA for K = 0.00-3.36 Q = 6.73-8.00 after 1660.3 sec [total]
done with UBTbC for K = 0.00-3.36 Q = 6.73-8.00 after 1660.6 sec [total]
done with H for K = 0.00-3.36 Q = 6.73-8.00 after 1661.6 sec [total]
done with H++ for K = 0.00-3.36 Q = 6.73-8.00 after 1664.7 sec [total]
done with H+- for K = 0.00-3.36 Q = 6.73-8.00 after 1665.8 sec [total]
done with H-+ for K = 0.00-3.36 Q = 6.73-8.00 after 1666.9 sec [total]
done with H-- for K = 0.00-3.36 Q = 6.73-8.00 after 1667.5 sec [total]
done with UU for K = 3.36-4.00 Q = 6.73-8.00 after 1668.4 sec [total]
done with BB for K = 3.36-4.00 Q = 6.73-8.00 after 1669.5 sec [total]
done with UBTa for K = 3.36-4.00 Q = 6.73-8.00 after 1669.6 sec [total]
done with UBTb for K = 3.36-4.00 Q = 6.73-8.00 after 1669.8 sec [total]
done with UBTbA for K = 3.36-4.00 Q = 6.73-8.00 after 1670.0 sec [total]
done with UBTbC for K = 3.36-4.00 Q = 6.73-8.00 after 1670.3 sec [total]
done with H for K = 3.36-4.00 Q = 6.73-8.00 after 1671.2 sec [total]
done with H++ for K = 3.36-4.00 Q = 6.73-8.00 after 1674.3 sec [total]
done with H+- for K = 3.36-4.00 Q = 6.73-8.00 after 1675.5 sec [total]
done with H-+ for K = 3.36-4.00 Q = 6.73-8.00 after 1676.8 sec [total]
done with H-- for K = 3.36-4.00 Q = 6.73-8.00 after 1677.2 sec [total]
done with UU for K = 4.00-4.76 Q = 6.73-8.00 after 1678.1 sec [total]
done with BB for K = 4.00-4.76 Q = 6.73-8.00 after 1679.1 sec [total]
done with UBTa for K = 4.00-4.76 Q = 6.73-8.00 after 1679.3 sec [total]
done with UBTb for K = 4.00-4.76 Q = 6.73-8.00 after 1679.5 sec [total]
done with UBTbA for K = 4.00-4.76 Q = 6.73-8.00 after 1679.6 sec [total]
done with UBTbC for K = 4.00-4.76 Q = 6.73-8.00 after 1680.0 sec [total]
done with H for K = 4.00-4.76 Q = 6.73-8.00 after 1680.9 sec [total]
done with H++ for K = 4.00-4.76 Q = 6.73-8.00 after 1684.0 sec [total]
done with H+- for K = 4.00-4.76 Q = 6.73-8.00 after 1685.2 sec [total]
done with H-+ for K = 4.00-4.76 Q = 6.73-8.00 after 1686.4 sec [total]
done with H-- for K = 4.00-4.76 Q = 6.73-8.00 after 1686.8 sec [total]
done with UU for K = 4.76-5.66 Q = 6.73-8.00 after 1687.7 sec [total]
done with BB for K = 4.76-5.66 Q = 6.73-8.00 after 1688.7 sec [total]
done with UBTa for K = 4.76-5.66 Q = 6.73-8.00 after 1688.9 sec [total]
done with UBTb for K = 4.76-5.66 Q = 6.73-8.00 after 1689.1 sec [total]
done with UBTbA for K = 4.76-5.66 Q = 6.73-8.00 after 1689.3 sec [total]
done with UBTbC for K = 4.76-5.66 Q = 6.73-8.00 after 1689.6 sec [total]
done with H for K = 4.76-5.66 Q = 6.73-8.00 after 1690.5 sec [total]
done with H++ for K = 4.76-5.66 Q = 6.73-8.00 after 1693.5 sec [total]
done with H+- for K = 4.76-5.66 Q = 6.73-8.00 after 1694.7 sec [total]
done with H-+ for K = 4.76-5.66 Q = 6.73-8.00 after 1695.8 sec [total]
done with H-- for K = 4.76-5.66 Q = 6.73-8.00 after 1696.4 sec [total]
done with UU for K = 5.66-6.73 Q = 6.73-8.00 after 1697.3 sec [total]
done with BB for K = 5.66-6.73 Q = 6.73-8.00 after 1698.3 sec [total]
done with UBTa for K = 5.66-6.73 Q = 6.73-8.00 after 1698.5 sec [total]
done with UBTb for K = 5.66-6.73 Q = 6.73-8.00 after 1698.7 sec [total]
done with UBTbA for K = 5.66-6.73 Q = 6.73-8.00 after 1698.9 sec [total]
done with UBTbC for K = 5.66-6.73 Q = 6.73-8.00 after 1699.2 sec [total]
done with H for K = 5.66-6.73 Q = 6.73-8.00 after 1700.1 sec [total]
done with H++ for K = 5.66-6.73 Q = 6.73-8.00 after 1703.2 sec [total]
done with H+- for K = 5.66-6.73 Q = 6.73-8.00 after 1704.4 sec [total]
done with H-+ for K = 5.66-6.73 Q = 6.73-8.00 after 1705.5 sec [total]
done with H-- for K = 5.66-6.73 Q = 6.73-8.00 after 1706.0 sec [total]
done with UU for K = 6.73-8.00 Q = 6.73-8.00 after 1706.9 sec [total]
done with BB for K = 6.73-8.00 Q = 6.73-8.00 after 1708.0 sec [total]
done with UBTa for K = 6.73-8.00 Q = 6.73-8.00 after 1708.2 sec [total]
done with UBTb for K = 6.73-8.00 Q = 6.73-8.00 after 1708.3 sec [total]
done with UBTbA for K = 6.73-8.00 Q = 6.73-8.00 after 1708.5 sec [total]
done with UBTbC for K = 6.73-8.00 Q = 6.73-8.00 after 1708.8 sec [total]
done with H for K = 6.73-8.00 Q = 6.73-8.00 after 1709.7 sec [total]
done with H++ for K = 6.73-8.00 Q = 6.73-8.00 after 1712.9 sec [total]
done with H+- for K = 6.73-8.00 Q = 6.73-8.00 after 1714.0 sec [total]
done with H-+ for K = 6.73-8.00 Q = 6.73-8.00 after 1715.1 sec [total]
done with H-- for K = 6.73-8.00 Q = 6.73-8.00 after 1715.6 sec [total]
done with UU for K = 8.00-9.51 Q = 6.73-8.00 after 1716.5 sec [total]
done with BB for K = 8.00-9.51 Q = 6.73-8.00 after 1717.5 sec [total]
done with UBTa for K = 8.00-9.51 Q = 6.73-8.00 after 1717.7 sec [total]
done with UBTb for K = 8.00-9.51 Q = 6.73-8.00 after 1717.9 sec [total]
done with UBTbA for K = 8.00-9.51 Q = 6.73-8.00 after 1718.1 sec [total]
done with UBTbC for K = 8.00-9.51 Q = 6.73-8.00 after 1718.4 sec [total]
done with H for K = 8.00-9.51 Q = 6.73-8.00 after 1719.3 sec [total]
done with H++ for K = 8.00-9.51 Q = 6.73-8.00 after 1722.5 sec [total]
done with H+- for K = 8.00-9.51 Q = 6.73-8.00 after 1723.7 sec [total]
done with H-+ for K = 8.00-9.51 Q = 6.73-8.00 after 1724.7 sec [total]
done with H-- for K = 8.00-9.51 Q = 6.73-8.00 after 1725.2 sec [total]
done with UU for K = 9.51-11.31 Q = 6.73-8.00 after 1726.1 sec [total]
done with BB for K = 9.51-11.31 Q = 6.73-8.00 after 1727.2 sec [total]
done with UBTa for K = 9.51-11.31 Q = 6.73-8.00 after 1727.4 sec [total]
done with UBTb for K = 9.51-11.31 Q = 6.73-8.00 after 1727.6 sec [total]
done with UBTbA for K = 9.51-11.31 Q = 6.73-8.00 after 1727.7 sec [total]
done with UBTbC for K = 9.51-11.31 Q = 6.73-8.00 after 1728.0 sec [total]
done with H for K = 9.51-11.31 Q = 6.73-8.00 after 1728.9 sec [total]
done with H++ for K = 9.51-11.31 Q = 6.73-8.00 after 1732.1 sec [total]
done with H+- for K = 9.51-11.31 Q = 6.73-8.00 after 1733.3 sec [total]
done with H-+ for K = 9.51-11.31 Q = 6.73-8.00 after 1734.5 sec [total]
done with H-- for K = 9.51-11.31 Q = 6.73-8.00 after 1734.8 sec [total]
done with UU for K = 11.31-13.45 Q = 6.73-8.00 after 1735.7 sec [total]
done with BB for K = 11.31-13.45 Q = 6.73-8.00 after 1736.8 sec [total]
done with UBTa for K = 11.31-13.45 Q = 6.73-8.00 after 1737.0 sec [total]
done with UBTb for K = 11.31-13.45 Q = 6.73-8.00 after 1737.2 sec [total]
done with UBTbA for K = 11.31-13.45 Q = 6.73-8.00 after 1737.4 sec [total]
done with UBTbC for K = 11.31-13.45 Q = 6.73-8.00 after 1737.6 sec [total]
done with H for K = 11.31-13.45 Q = 6.73-8.00 after 1738.5 sec [total]
done with H++ for K = 11.31-13.45 Q = 6.73-8.00 after 1741.7 sec [total]
done with H+- for K = 11.31-13.45 Q = 6.73-8.00 after 1742.9 sec [total]
done with H-+ for K = 11.31-13.45 Q = 6.73-8.00 after 1744.1 sec [total]
done with H-- for K = 11.31-13.45 Q = 6.73-8.00 after 1744.4 sec [total]
done with UU for K = 13.45-16.00 Q = 6.73-8.00 after 1745.3 sec [total]
done with BB for K = 13.45-16.00 Q = 6.73-8.00 after 1746.3 sec [total]
done with UBTa for K = 13.45-16.00 Q = 6.73-8.00 after 1746.5 sec [total]
done with UBTb for K = 13.45-16.00 Q = 6.73-8.00 after 1746.7 sec [total]
done with UBTbA for K = 13.45-16.00 Q = 6.73-8.00 after 1746.9 sec [total]
done with UBTbC for K = 13.45-16.00 Q = 6.73-8.00 after 1747.2 sec [total]
done with H for K = 13.45-16.00 Q = 6.73-8.00 after 1748.1 sec [total]
done with H++ for K = 13.45-16.00 Q = 6.73-8.00 after 1751.2 sec [total]
done with H+- for K = 13.45-16.00 Q = 6.73-8.00 after 1752.3 sec [total]
done with H-+ for K = 13.45-16.00 Q = 6.73-8.00 after 1753.4 sec [total]
done with H-- for K = 13.45-16.00 Q = 6.73-8.00 after 1754.0 sec [total]
done with UU for K = 16.00-19.03 Q = 6.73-8.00 after 1754.9 sec [total]
done with BB for K = 16.00-19.03 Q = 6.73-8.00 after 1755.9 sec [total]
done with UBTa for K = 16.00-19.03 Q = 6.73-8.00 after 1756.2 sec [total]
done with UBTb for K = 16.00-19.03 Q = 6.73-8.00 after 1756.3 sec [total]
done with UBTbA for K = 16.00-19.03 Q = 6.73-8.00 after 1756.5 sec [total]
done with UBTbC for K = 16.00-19.03 Q = 6.73-8.00 after 1756.8 sec [total]
done with H for K = 16.00-19.03 Q = 6.73-8.00 after 1757.7 sec [total]
done with H++ for K = 16.00-19.03 Q = 6.73-8.00 after 1760.8 sec [total]
done with H+- for K = 16.00-19.03 Q = 6.73-8.00 after 1762.0 sec [total]
done with H-+ for K = 16.00-19.03 Q = 6.73-8.00 after 1763.0 sec [total]
done with H-- for K = 16.00-19.03 Q = 6.73-8.00 after 1763.6 sec [total]
done with UU for K = 19.03-22.63 Q = 6.73-8.00 after 1764.5 sec [total]
done with BB for K = 19.03-22.63 Q = 6.73-8.00 after 1765.5 sec [total]
done with UBTa for K = 19.03-22.63 Q = 6.73-8.00 after 1765.7 sec [total]
done with UBTb for K = 19.03-22.63 Q = 6.73-8.00 after 1765.9 sec [total]
done with UBTbA for K = 19.03-22.63 Q = 6.73-8.00 after 1766.1 sec [total]
done with UBTbC for K = 19.03-22.63 Q = 6.73-8.00 after 1766.4 sec [total]
done with H for K = 19.03-22.63 Q = 6.73-8.00 after 1767.3 sec [total]
done with H++ for K = 19.03-22.63 Q = 6.73-8.00 after 1770.4 sec [total]
done with H+- for K = 19.03-22.63 Q = 6.73-8.00 after 1771.5 sec [total]
done with H-+ for K = 19.03-22.63 Q = 6.73-8.00 after 1772.6 sec [total]
done with H-- for K = 19.03-22.63 Q = 6.73-8.00 after 1773.2 sec [total]
done with UU for K = 22.63-26.91 Q = 6.73-8.00 after 1774.1 sec [total]
done with BB for K = 22.63-26.91 Q = 6.73-8.00 after 1775.1 sec [total]
done with UBTa for K = 22.63-26.91 Q = 6.73-8.00 after 1775.3 sec [total]
done with UBTb for K = 22.63-26.91 Q = 6.73-8.00 after 1775.5 sec [total]
done with UBTbA for K = 22.63-26.91 Q = 6.73-8.00 after 1775.7 sec [total]
done with UBTbC for K = 22.63-26.91 Q = 6.73-8.00 after 1776.0 sec [total]
done with H for K = 22.63-26.91 Q = 6.73-8.00 after 1776.9 sec [total]
done with H++ for K = 22.63-26.91 Q = 6.73-8.00 after 1779.9 sec [total]
done with H+- for K = 22.63-26.91 Q = 6.73-8.00 after 1780.9 sec [total]
done with H-+ for K = 22.63-26.91 Q = 6.73-8.00 after 1781.9 sec [total]
done with H-- for K = 22.63-26.91 Q = 6.73-8.00 after 1782.8 sec [total]
done with UU for K = 26.91-32.00 Q = 6.73-8.00 after 1783.7 sec [total]
done with BB for K = 26.91-32.00 Q = 6.73-8.00 after 1784.7 sec [total]
done with UBTa for K = 26.91-32.00 Q = 6.73-8.00 after 1784.9 sec [total]
done with UBTb for K = 26.91-32.00 Q = 6.73-8.00 after 1785.1 sec [total]
done with UBTbA for K = 26.91-32.00 Q = 6.73-8.00 after 1785.3 sec [total]
done with UBTbC for K = 26.91-32.00 Q = 6.73-8.00 after 1785.6 sec [total]
done with H for K = 26.91-32.00 Q = 6.73-8.00 after 1786.5 sec [total]
done with H++ for K = 26.91-32.00 Q = 6.73-8.00 after 1789.6 sec [total]
done with H+- for K = 26.91-32.00 Q = 6.73-8.00 after 1790.7 sec [total]
done with H-+ for K = 26.91-32.00 Q = 6.73-8.00 after 1791.8 sec [total]
done with H-- for K = 26.91-32.00 Q = 6.73-8.00 after 1792.4 sec [total]
done with UU for K = 32.00-38.05 Q = 6.73-8.00 after 1793.3 sec [total]
done with BB for K = 32.00-38.05 Q = 6.73-8.00 after 1794.3 sec [total]
done with UBTa for K = 32.00-38.05 Q = 6.73-8.00 after 1794.5 sec [total]
done with UBTb for K = 32.00-38.05 Q = 6.73-8.00 after 1794.7 sec [total]
done with UBTbA for K = 32.00-38.05 Q = 6.73-8.00 after 1794.8 sec [total]
done with UBTbC for K = 32.00-38.05 Q = 6.73-8.00 after 1795.2 sec [total]
done with H for K = 32.00-38.05 Q = 6.73-8.00 after 1796.0 sec [total]
done with H++ for K = 32.00-38.05 Q = 6.73-8.00 after 1799.1 sec [total]
done with H+- for K = 32.00-38.05 Q = 6.73-8.00 after 1800.3 sec [total]
done with H-+ for K = 32.00-38.05 Q = 6.73-8.00 after 1801.4 sec [total]
done with H-- for K = 32.00-38.05 Q = 6.73-8.00 after 1802.0 sec [total]
done with UU for K = 38.05-45.25 Q = 6.73-8.00 after 1802.9 sec [total]
done with BB for K = 38.05-45.25 Q = 6.73-8.00 after 1803.9 sec [total]
done with UBTa for K = 38.05-45.25 Q = 6.73-8.00 after 1804.1 sec [total]
done with UBTb for K = 38.05-45.25 Q = 6.73-8.00 after 1804.3 sec [total]
done with UBTbA for K = 38.05-45.25 Q = 6.73-8.00 after 1804.5 sec [total]
done with UBTbC for K = 38.05-45.25 Q = 6.73-8.00 after 1804.8 sec [total]
done with H for K = 38.05-45.25 Q = 6.73-8.00 after 1805.6 sec [total]
done with H++ for K = 38.05-45.25 Q = 6.73-8.00 after 1808.7 sec [total]
done with H+- for K = 38.05-45.25 Q = 6.73-8.00 after 1809.8 sec [total]
done with H-+ for K = 38.05-45.25 Q = 6.73-8.00 after 1810.8 sec [total]
done with H-- for K = 38.05-45.25 Q = 6.73-8.00 after 1811.5 sec [total]
done with UU for K = 45.25-53.82 Q = 6.73-8.00 after 1812.4 sec [total]
done with BB for K = 45.25-53.82 Q = 6.73-8.00 after 1813.5 sec [total]
done with UBTa for K = 45.25-53.82 Q = 6.73-8.00 after 1813.6 sec [total]
done with UBTb for K = 45.25-53.82 Q = 6.73-8.00 after 1813.8 sec [total]
done with UBTbA for K = 45.25-53.82 Q = 6.73-8.00 after 1814.0 sec [total]
done with UBTbC for K = 45.25-53.82 Q = 6.73-8.00 after 1814.3 sec [total]
done with H for K = 45.25-53.82 Q = 6.73-8.00 after 1815.2 sec [total]
done with H++ for K = 45.25-53.82 Q = 6.73-8.00 after 1818.4 sec [total]
done with H+- for K = 45.25-53.82 Q = 6.73-8.00 after 1819.5 sec [total]
done with H-+ for K = 45.25-53.82 Q = 6.73-8.00 after 1820.7 sec [total]
done with H-- for K = 45.25-53.82 Q = 6.73-8.00 after 1821.1 sec [total]
done with UU for K = 53.82-64.00 Q = 6.73-8.00 after 1822.0 sec [total]
done with BB for K = 53.82-64.00 Q = 6.73-8.00 after 1823.1 sec [total]
done with UBTa for K = 53.82-64.00 Q = 6.73-8.00 after 1823.3 sec [total]
done with UBTb for K = 53.82-64.00 Q = 6.73-8.00 after 1823.5 sec [total]
done with UBTbA for K = 53.82-64.00 Q = 6.73-8.00 after 1823.6 sec [total]
done with UBTbC for K = 53.82-64.00 Q = 6.73-8.00 after 1823.9 sec [total]
done with H for K = 53.82-64.00 Q = 6.73-8.00 after 1824.9 sec [total]
done with H++ for K = 53.82-64.00 Q = 6.73-8.00 after 1828.0 sec [total]
done with H+- for K = 53.82-64.00 Q = 6.73-8.00 after 1829.2 sec [total]
done with H-+ for K = 53.82-64.00 Q = 6.73-8.00 after 1830.2 sec [total]
done with H-- for K = 53.82-64.00 Q = 6.73-8.00 after 1830.8 sec [total]
done with UU for K = 64.00-76.11 Q = 6.73-8.00 after 1831.7 sec [total]
done with BB for K = 64.00-76.11 Q = 6.73-8.00 after 1832.7 sec [total]
done with UBTa for K = 64.00-76.11 Q = 6.73-8.00 after 1832.9 sec [total]
done with UBTb for K = 64.00-76.11 Q = 6.73-8.00 after 1833.1 sec [total]
done with UBTbA for K = 64.00-76.11 Q = 6.73-8.00 after 1833.3 sec [total]
done with UBTbC for K = 64.00-76.11 Q = 6.73-8.00 after 1833.6 sec [total]
done with H for K = 64.00-76.11 Q = 6.73-8.00 after 1834.4 sec [total]
done with H++ for K = 64.00-76.11 Q = 6.73-8.00 after 1837.6 sec [total]
done with H+- for K = 64.00-76.11 Q = 6.73-8.00 after 1838.7 sec [total]
done with H-+ for K = 64.00-76.11 Q = 6.73-8.00 after 1839.6 sec [total]
done with H-- for K = 64.00-76.11 Q = 6.73-8.00 after 1840.4 sec [total]
done with UU for K = 76.11-90.51 Q = 6.73-8.00 after 1841.3 sec [total]
done with BB for K = 76.11-90.51 Q = 6.73-8.00 after 1842.4 sec [total]
done with UBTa for K = 76.11-90.51 Q = 6.73-8.00 after 1842.6 sec [total]
done with UBTb for K = 76.11-90.51 Q = 6.73-8.00 after 1842.7 sec [total]
done with UBTbA for K = 76.11-90.51 Q = 6.73-8.00 after 1842.9 sec [total]
done with UBTbC for K = 76.11-90.51 Q = 6.73-8.00 after 1843.2 sec [total]
done with H for K = 76.11-90.51 Q = 6.73-8.00 after 1844.1 sec [total]
done with H++ for K = 76.11-90.51 Q = 6.73-8.00 after 1847.2 sec [total]
done with H+- for K = 76.11-90.51 Q = 6.73-8.00 after 1848.3 sec [total]
done with H-+ for K = 76.11-90.51 Q = 6.73-8.00 after 1849.4 sec [total]
done with H-- for K = 76.11-90.51 Q = 6.73-8.00 after 1850.0 sec [total]
done with UU for K = 90.51-107.63 Q = 6.73-8.00 after 1850.9 sec [total]
done with BB for K = 90.51-107.63 Q = 6.73-8.00 after 1851.9 sec [total]
done with UBTa for K = 90.51-107.63 Q = 6.73-8.00 after 1852.1 sec [total]
done with UBTb for K = 90.51-107.63 Q = 6.73-8.00 after 1852.3 sec [total]
done with UBTbA for K = 90.51-107.63 Q = 6.73-8.00 after 1852.4 sec [total]
done with UBTbC for K = 90.51-107.63 Q = 6.73-8.00 after 1852.7 sec [total]
done with H for K = 90.51-107.63 Q = 6.73-8.00 after 1853.7 sec [total]
done with H++ for K = 90.51-107.63 Q = 6.73-8.00 after 1856.9 sec [total]
done with H+- for K = 90.51-107.63 Q = 6.73-8.00 after 1858.1 sec [total]
done with H-+ for K = 90.51-107.63 Q = 6.73-8.00 after 1859.4 sec [total]
done with H-- for K = 90.51-107.63 Q = 6.73-8.00 after 1859.6 sec [total]
done with UU for K = 107.63-128.00 Q = 6.73-8.00 after 1860.5 sec [total]
done with BB for K = 107.63-128.00 Q = 6.73-8.00 after 1861.5 sec [total]
done with UBTa for K = 107.63-128.00 Q = 6.73-8.00 after 1861.7 sec [total]
done with UBTb for K = 107.63-128.00 Q = 6.73-8.00 after 1861.9 sec [total]
done with UBTbA for K = 107.63-128.00 Q = 6.73-8.00 after 1862.1 sec [total]
done with UBTbC for K = 107.63-128.00 Q = 6.73-8.00 after 1862.4 sec [total]
done with H for K = 107.63-128.00 Q = 6.73-8.00 after 1863.3 sec [total]
done with H++ for K = 107.63-128.00 Q = 6.73-8.00 after 1866.4 sec [total]
done with H+- for K = 107.63-128.00 Q = 6.73-8.00 after 1867.6 sec [total]
done with H-+ for K = 107.63-128.00 Q = 6.73-8.00 after 1868.9 sec [total]
done with H-- for K = 107.63-128.00 Q = 6.73-8.00 after 1869.2 sec [total]
done with UU for K = 128.00-152.22 Q = 6.73-8.00 after 1870.1 sec [total]
done with BB for K = 128.00-152.22 Q = 6.73-8.00 after 1871.1 sec [total]
done with UBTa for K = 128.00-152.22 Q = 6.73-8.00 after 1871.3 sec [total]
done with UBTb for K = 128.00-152.22 Q = 6.73-8.00 after 1871.5 sec [total]
done with UBTbA for K = 128.00-152.22 Q = 6.73-8.00 after 1871.7 sec [total]
done with UBTbC for K = 128.00-152.22 Q = 6.73-8.00 after 1872.0 sec [total]
done with H for K = 128.00-152.22 Q = 6.73-8.00 after 1872.9 sec [total]
done with H++ for K = 128.00-152.22 Q = 6.73-8.00 after 1876.1 sec [total]
done with H+- for K = 128.00-152.22 Q = 6.73-8.00 after 1877.3 sec [total]
done with H-+ for K = 128.00-152.22 Q = 6.73-8.00 after 1878.6 sec [total]
done with H-- for K = 128.00-152.22 Q = 6.73-8.00 after 1878.8 sec [total]
done with UU for K = 152.22-181.02 Q = 6.73-8.00 after 1879.7 sec [total]
done with BB for K = 152.22-181.02 Q = 6.73-8.00 after 1880.7 sec [total]
done with UBTa for K = 152.22-181.02 Q = 6.73-8.00 after 1880.9 sec [total]
done with UBTb for K = 152.22-181.02 Q = 6.73-8.00 after 1881.1 sec [total]
done with UBTbA for K = 152.22-181.02 Q = 6.73-8.00 after 1881.3 sec [total]
done with UBTbC for K = 152.22-181.02 Q = 6.73-8.00 after 1881.6 sec [total]
done with H for K = 152.22-181.02 Q = 6.73-8.00 after 1882.5 sec [total]
done with H++ for K = 152.22-181.02 Q = 6.73-8.00 after 1885.8 sec [total]
done with H+- for K = 152.22-181.02 Q = 6.73-8.00 after 1886.9 sec [total]
done with H-+ for K = 152.22-181.02 Q = 6.73-8.00 after 1888.2 sec [total]
done with H-- for K = 152.22-181.02 Q = 6.73-8.00 after 1888.5 sec [total]
done with UU for K = 181.02-215.27 Q = 6.73-8.00 after 1889.4 sec [total]
done with BB for K = 181.02-215.27 Q = 6.73-8.00 after 1890.4 sec [total]
done with UBTa for K = 181.02-215.27 Q = 6.73-8.00 after 1890.6 sec [total]
done with UBTb for K = 181.02-215.27 Q = 6.73-8.00 after 1890.8 sec [total]
done with UBTbA for K = 181.02-215.27 Q = 6.73-8.00 after 1891.0 sec [total]
done with UBTbC for K = 181.02-215.27 Q = 6.73-8.00 after 1891.3 sec [total]
done with H for K = 181.02-215.27 Q = 6.73-8.00 after 1892.2 sec [total]
done with H++ for K = 181.02-215.27 Q = 6.73-8.00 after 1895.4 sec [total]
done with H+- for K = 181.02-215.27 Q = 6.73-8.00 after 1896.6 sec [total]
done with H-+ for K = 181.02-215.27 Q = 6.73-8.00 after 1897.9 sec [total]
done with H-- for K = 181.02-215.27 Q = 6.73-8.00 after 1898.2 sec [total]
done with UU for K = 215.27-256.00 Q = 6.73-8.00 after 1899.1 sec [total]
done with BB for K = 215.27-256.00 Q = 6.73-8.00 after 1900.1 sec [total]
done with UBTa for K = 215.27-256.00 Q = 6.73-8.00 after 1900.3 sec [total]
done with UBTb for K = 215.27-256.00 Q = 6.73-8.00 after 1900.5 sec [total]
done with UBTbA for K = 215.27-256.00 Q = 6.73-8.00 after 1900.7 sec [total]
done with UBTbC for K = 215.27-256.00 Q = 6.73-8.00 after 1901.0 sec [total]
done with H for K = 215.27-256.00 Q = 6.73-8.00 after 1901.8 sec [total]
done with H++ for K = 215.27-256.00 Q = 6.73-8.00 after 1905.0 sec [total]
done with H+- for K = 215.27-256.00 Q = 6.73-8.00 after 1906.3 sec [total]
done with H-+ for K = 215.27-256.00 Q = 6.73-8.00 after 1907.6 sec [total]
done with H-- for K = 215.27-256.00 Q = 6.73-8.00 after 1907.8 sec [total]
done with UU for K = 256.00-304.44 Q = 6.73-8.00 after 1908.7 sec [total]
done with BB for K = 256.00-304.44 Q = 6.73-8.00 after 1909.7 sec [total]
done with UBTa for K = 256.00-304.44 Q = 6.73-8.00 after 1909.9 sec [total]
done with UBTb for K = 256.00-304.44 Q = 6.73-8.00 after 1910.1 sec [total]
done with UBTbA for K = 256.00-304.44 Q = 6.73-8.00 after 1910.3 sec [total]
done with UBTbC for K = 256.00-304.44 Q = 6.73-8.00 after 1910.6 sec [total]
done with H for K = 256.00-304.44 Q = 6.73-8.00 after 1911.5 sec [total]
done with H++ for K = 256.00-304.44 Q = 6.73-8.00 after 1914.7 sec [total]
done with H+- for K = 256.00-304.44 Q = 6.73-8.00 after 1915.9 sec [total]
done with H-+ for K = 256.00-304.44 Q = 6.73-8.00 after 1917.1 sec [total]
done with H-- for K = 256.00-304.44 Q = 6.73-8.00 after 1917.4 sec [total]
done with UU for K = 304.44-362.04 Q = 6.73-8.00 after 1918.3 sec [total]
done with BB for K = 304.44-362.04 Q = 6.73-8.00 after 1919.4 sec [total]
done with UBTa for K = 304.44-362.04 Q = 6.73-8.00 after 1919.6 sec [total]
done with UBTb for K = 304.44-362.04 Q = 6.73-8.00 after 1919.8 sec [total]
done with UBTbA for K = 304.44-362.04 Q = 6.73-8.00 after 1920.0 sec [total]
done with UBTbC for K = 304.44-362.04 Q = 6.73-8.00 after 1920.2 sec [total]
done with H for K = 304.44-362.04 Q = 6.73-8.00 after 1921.1 sec [total]
done with H++ for K = 304.44-362.04 Q = 6.73-8.00 after 1924.3 sec [total]
done with H+- for K = 304.44-362.04 Q = 6.73-8.00 after 1925.7 sec [total]
done with H-+ for K = 304.44-362.04 Q = 6.73-8.00 after 1926.9 sec [total]
done with H-- for K = 304.44-362.04 Q = 6.73-8.00 after 1927.1 sec [total]
done with UU for K = 362.04-430.54 Q = 6.73-8.00 after 1928.0 sec [total]
done with BB for K = 362.04-430.54 Q = 6.73-8.00 after 1929.1 sec [total]
done with UBTa for K = 362.04-430.54 Q = 6.73-8.00 after 1929.3 sec [total]
done with UBTb for K = 362.04-430.54 Q = 6.73-8.00 after 1929.5 sec [total]
done with UBTbA for K = 362.04-430.54 Q = 6.73-8.00 after 1929.6 sec [total]
done with UBTbC for K = 362.04-430.54 Q = 6.73-8.00 after 1930.0 sec [total]
done with H for K = 362.04-430.54 Q = 6.73-8.00 after 1930.8 sec [total]
done with H++ for K = 362.04-430.54 Q = 6.73-8.00 after 1934.0 sec [total]
done with H+- for K = 362.04-430.54 Q = 6.73-8.00 after 1935.3 sec [total]
done with H-+ for K = 362.04-430.54 Q = 6.73-8.00 after 1936.6 sec [total]
done with H-- for K = 362.04-430.54 Q = 6.73-8.00 after 1936.8 sec [total]
done with UU for K = 430.54-512.00 Q = 6.73-8.00 after 1937.7 sec [total]
done with BB for K = 430.54-512.00 Q = 6.73-8.00 after 1938.8 sec [total]
done with UBTa for K = 430.54-512.00 Q = 6.73-8.00 after 1939.0 sec [total]
done with UBTb for K = 430.54-512.00 Q = 6.73-8.00 after 1939.2 sec [total]
done with UBTbA for K = 430.54-512.00 Q = 6.73-8.00 after 1939.3 sec [total]
done with UBTbC for K = 430.54-512.00 Q = 6.73-8.00 after 1939.6 sec [total]
done with H for K = 430.54-512.00 Q = 6.73-8.00 after 1940.5 sec [total]
done with H++ for K = 430.54-512.00 Q = 6.73-8.00 after 1943.7 sec [total]
done with H+- for K = 430.54-512.00 Q = 6.73-8.00 after 1944.8 sec [total]
done with H-+ for K = 430.54-512.00 Q = 6.73-8.00 after 1946.0 sec [total]
done with H-- for K = 430.54-512.00 Q = 6.73-8.00 after 1946.4 sec [total]
done with UU for K = 512.00-608.87 Q = 6.73-8.00 after 1947.3 sec [total]
done with BB for K = 512.00-608.87 Q = 6.73-8.00 after 1948.4 sec [total]
done with UBTa for K = 512.00-608.87 Q = 6.73-8.00 after 1948.6 sec [total]
done with UBTb for K = 512.00-608.87 Q = 6.73-8.00 after 1948.8 sec [total]
done with UBTbA for K = 512.00-608.87 Q = 6.73-8.00 after 1948.9 sec [total]
done with UBTbC for K = 512.00-608.87 Q = 6.73-8.00 after 1949.2 sec [total]
done with H for K = 512.00-608.87 Q = 6.73-8.00 after 1950.1 sec [total]
done with H++ for K = 512.00-608.87 Q = 6.73-8.00 after 1953.2 sec [total]
done with H+- for K = 512.00-608.87 Q = 6.73-8.00 after 1954.5 sec [total]
done with H-+ for K = 512.00-608.87 Q = 6.73-8.00 after 1955.6 sec [total]
done with H-- for K = 512.00-608.87 Q = 6.73-8.00 after 1956.1 sec [total]
done with UU for K = 608.87-724.08 Q = 6.73-8.00 after 1957.0 sec [total]
done with BB for K = 608.87-724.08 Q = 6.73-8.00 after 1958.0 sec [total]
done with UBTa for K = 608.87-724.08 Q = 6.73-8.00 after 1958.2 sec [total]
done with UBTb for K = 608.87-724.08 Q = 6.73-8.00 after 1958.4 sec [total]
done with UBTbA for K = 608.87-724.08 Q = 6.73-8.00 after 1958.6 sec [total]
done with UBTbC for K = 608.87-724.08 Q = 6.73-8.00 after 1958.9 sec [total]
done with H for K = 608.87-724.08 Q = 6.73-8.00 after 1959.8 sec [total]
done with H++ for K = 608.87-724.08 Q = 6.73-8.00 after 1962.9 sec [total]
done with H+- for K = 608.87-724.08 Q = 6.73-8.00 after 1964.1 sec [total]
done with H-+ for K = 608.87-724.08 Q = 6.73-8.00 after 1965.3 sec [total]
done with H-- for K = 608.87-724.08 Q = 6.73-8.00 after 1965.7 sec [total]
done with UU for K = 724.08-861.08 Q = 6.73-8.00 after 1966.6 sec [total]
done with BB for K = 724.08-861.08 Q = 6.73-8.00 after 1967.6 sec [total]
done with UBTa for K = 724.08-861.08 Q = 6.73-8.00 after 1967.8 sec [total]
done with UBTb for K = 724.08-861.08 Q = 6.73-8.00 after 1968.0 sec [total]
done with UBTbA for K = 724.08-861.08 Q = 6.73-8.00 after 1968.2 sec [total]
done with UBTbC for K = 724.08-861.08 Q = 6.73-8.00 after 1968.5 sec [total]
done with H for K = 724.08-861.08 Q = 6.73-8.00 after 1969.4 sec [total]
done with H++ for K = 724.08-861.08 Q = 6.73-8.00 after 1972.6 sec [total]
done with H+- for K = 724.08-861.08 Q = 6.73-8.00 after 1973.6 sec [total]
done with H-+ for K = 724.08-861.08 Q = 6.73-8.00 after 1974.7 sec [total]
done with H-- for K = 724.08-861.08 Q = 6.73-8.00 after 1975.3 sec [total]
done with UU for K = 861.08-1024.00 Q = 6.73-8.00 after 1976.2 sec [total]
done with BB for K = 861.08-1024.00 Q = 6.73-8.00 after 1977.2 sec [total]
done with UBTa for K = 861.08-1024.00 Q = 6.73-8.00 after 1977.4 sec [total]
done with UBTb for K = 861.08-1024.00 Q = 6.73-8.00 after 1977.6 sec [total]
done with UBTbA for K = 861.08-1024.00 Q = 6.73-8.00 after 1977.8 sec [total]
done with UBTbC for K = 861.08-1024.00 Q = 6.73-8.00 after 1978.1 sec [total]
done with H for K = 861.08-1024.00 Q = 6.73-8.00 after 1979.0 sec [total]
done with H++ for K = 861.08-1024.00 Q = 6.73-8.00 after 1982.2 sec [total]
done with H+- for K = 861.08-1024.00 Q = 6.73-8.00 after 1983.4 sec [total]
done with H-+ for K = 861.08-1024.00 Q = 6.73-8.00 after 1984.7 sec [total]
done with H-- for K = 861.08-1024.00 Q = 6.73-8.00 after 1984.8 sec [total]
done with UU for K = 0.00-3.36 Q = 8.00-9.51 after 1986.6 sec [total]
done with BB for K = 0.00-3.36 Q = 8.00-9.51 after 1988.8 sec [total]
done with UBTa for K = 0.00-3.36 Q = 8.00-9.51 after 1989.7 sec [total]
done with UBTb for K = 0.00-3.36 Q = 8.00-9.51 after 1990.9 sec [total]
done with UBTbA for K = 0.00-3.36 Q = 8.00-9.51 after 1991.9 sec [total]
done with UBTbC for K = 0.00-3.36 Q = 8.00-9.51 after 1992.2 sec [total]
done with H for K = 0.00-3.36 Q = 8.00-9.51 after 1993.2 sec [total]
done with H++ for K = 0.00-3.36 Q = 8.00-9.51 after 1996.3 sec [total]
done with H+- for K = 0.00-3.36 Q = 8.00-9.51 after 1997.4 sec [total]
done with H-+ for K = 0.00-3.36 Q = 8.00-9.51 after 1998.6 sec [total]
done with H-- for K = 0.00-3.36 Q = 8.00-9.51 after 1999.1 sec [total]
done with UU for K = 3.36-4.00 Q = 8.00-9.51 after 2000.0 sec [total]
done with BB for K = 3.36-4.00 Q = 8.00-9.51 after 2001.1 sec [total]
done with UBTa for K = 3.36-4.00 Q = 8.00-9.51 after 2001.3 sec [total]
done with UBTb for K = 3.36-4.00 Q = 8.00-9.51 after 2001.5 sec [total]
done with UBTbA for K = 3.36-4.00 Q = 8.00-9.51 after 2001.6 sec [total]
done with UBTbC for K = 3.36-4.00 Q = 8.00-9.51 after 2001.9 sec [total]
done with H for K = 3.36-4.00 Q = 8.00-9.51 after 2002.8 sec [total]
done with H++ for K = 3.36-4.00 Q = 8.00-9.51 after 2005.9 sec [total]
done with H+- for K = 3.36-4.00 Q = 8.00-9.51 after 2007.2 sec [total]
done with H-+ for K = 3.36-4.00 Q = 8.00-9.51 after 2008.2 sec [total]
done with H-- for K = 3.36-4.00 Q = 8.00-9.51 after 2008.7 sec [total]
done with UU for K = 4.00-4.76 Q = 8.00-9.51 after 2009.6 sec [total]
done with BB for K = 4.00-4.76 Q = 8.00-9.51 after 2010.7 sec [total]
done with UBTa for K = 4.00-4.76 Q = 8.00-9.51 after 2010.8 sec [total]
done with UBTb for K = 4.00-4.76 Q = 8.00-9.51 after 2011.1 sec [total]
done with UBTbA for K = 4.00-4.76 Q = 8.00-9.51 after 2011.2 sec [total]
done with UBTbC for K = 4.00-4.76 Q = 8.00-9.51 after 2011.5 sec [total]
done with H for K = 4.00-4.76 Q = 8.00-9.51 after 2012.4 sec [total]
done with H++ for K = 4.00-4.76 Q = 8.00-9.51 after 2015.6 sec [total]
done with H+- for K = 4.00-4.76 Q = 8.00-9.51 after 2016.8 sec [total]
done with H-+ for K = 4.00-4.76 Q = 8.00-9.51 after 2018.0 sec [total]
done with H-- for K = 4.00-4.76 Q = 8.00-9.51 after 2018.3 sec [total]
done with UU for K = 4.76-5.66 Q = 8.00-9.51 after 2019.2 sec [total]
done with BB for K = 4.76-5.66 Q = 8.00-9.51 after 2020.2 sec [total]
done with UBTa for K = 4.76-5.66 Q = 8.00-9.51 after 2020.4 sec [total]
done with UBTb for K = 4.76-5.66 Q = 8.00-9.51 after 2020.6 sec [total]
done with UBTbA for K = 4.76-5.66 Q = 8.00-9.51 after 2020.8 sec [total]
done with UBTbC for K = 4.76-5.66 Q = 8.00-9.51 after 2021.1 sec [total]
done with H for K = 4.76-5.66 Q = 8.00-9.51 after 2022.1 sec [total]
done with H++ for K = 4.76-5.66 Q = 8.00-9.51 after 2025.2 sec [total]
done with H+- for K = 4.76-5.66 Q = 8.00-9.51 after 2026.4 sec [total]
done with H-+ for K = 4.76-5.66 Q = 8.00-9.51 after 2027.6 sec [total]
done with H-- for K = 4.76-5.66 Q = 8.00-9.51 after 2028.0 sec [total]
done with UU for K = 5.66-6.73 Q = 8.00-9.51 after 2028.9 sec [total]
done with BB for K = 5.66-6.73 Q = 8.00-9.51 after 2029.9 sec [total]
done with UBTa for K = 5.66-6.73 Q = 8.00-9.51 after 2030.1 sec [total]
done with UBTb for K = 5.66-6.73 Q = 8.00-9.51 after 2030.3 sec [total]
done with UBTbA for K = 5.66-6.73 Q = 8.00-9.51 after 2030.5 sec [total]
done with UBTbC for K = 5.66-6.73 Q = 8.00-9.51 after 2030.7 sec [total]
done with H for K = 5.66-6.73 Q = 8.00-9.51 after 2031.6 sec [total]
done with H++ for K = 5.66-6.73 Q = 8.00-9.51 after 2034.8 sec [total]
done with H+- for K = 5.66-6.73 Q = 8.00-9.51 after 2035.8 sec [total]
done with H-+ for K = 5.66-6.73 Q = 8.00-9.51 after 2036.9 sec [total]
done with H-- for K = 5.66-6.73 Q = 8.00-9.51 after 2037.6 sec [total]
done with UU for K = 6.73-8.00 Q = 8.00-9.51 after 2038.5 sec [total]
done with BB for K = 6.73-8.00 Q = 8.00-9.51 after 2039.6 sec [total]
done with UBTa for K = 6.73-8.00 Q = 8.00-9.51 after 2039.8 sec [total]
done with UBTb for K = 6.73-8.00 Q = 8.00-9.51 after 2040.0 sec [total]
done with UBTbA for K = 6.73-8.00 Q = 8.00-9.51 after 2040.2 sec [total]
done with UBTbC for K = 6.73-8.00 Q = 8.00-9.51 after 2040.4 sec [total]
done with H for K = 6.73-8.00 Q = 8.00-9.51 after 2041.3 sec [total]
done with H++ for K = 6.73-8.00 Q = 8.00-9.51 after 2044.4 sec [total]
done with H+- for K = 6.73-8.00 Q = 8.00-9.51 after 2045.6 sec [total]
done with H-+ for K = 6.73-8.00 Q = 8.00-9.51 after 2046.6 sec [total]
done with H-- for K = 6.73-8.00 Q = 8.00-9.51 after 2047.2 sec [total]
done with UU for K = 8.00-9.51 Q = 8.00-9.51 after 2048.1 sec [total]
done with BB for K = 8.00-9.51 Q = 8.00-9.51 after 2049.1 sec [total]
done with UBTa for K = 8.00-9.51 Q = 8.00-9.51 after 2049.3 sec [total]
done with UBTb for K = 8.00-9.51 Q = 8.00-9.51 after 2049.5 sec [total]
done with UBTbA for K = 8.00-9.51 Q = 8.00-9.51 after 2049.7 sec [total]
done with UBTbC for K = 8.00-9.51 Q = 8.00-9.51 after 2050.0 sec [total]
done with H for K = 8.00-9.51 Q = 8.00-9.51 after 2050.9 sec [total]
done with H++ for K = 8.00-9.51 Q = 8.00-9.51 after 2054.0 sec [total]
done with H+- for K = 8.00-9.51 Q = 8.00-9.51 after 2055.1 sec [total]
done with H-+ for K = 8.00-9.51 Q = 8.00-9.51 after 2056.2 sec [total]
done with H-- for K = 8.00-9.51 Q = 8.00-9.51 after 2056.8 sec [total]
done with UU for K = 9.51-11.31 Q = 8.00-9.51 after 2057.7 sec [total]
done with BB for K = 9.51-11.31 Q = 8.00-9.51 after 2058.8 sec [total]
done with UBTa for K = 9.51-11.31 Q = 8.00-9.51 after 2059.0 sec [total]
done with UBTb for K = 9.51-11.31 Q = 8.00-9.51 after 2059.2 sec [total]
done with UBTbA for K = 9.51-11.31 Q = 8.00-9.51 after 2059.3 sec [total]
done with UBTbC for K = 9.51-11.31 Q = 8.00-9.51 after 2059.6 sec [total]
done with H for K = 9.51-11.31 Q = 8.00-9.51 after 2060.5 sec [total]
done with H++ for K = 9.51-11.31 Q = 8.00-9.51 after 2063.7 sec [total]
done with H+- for K = 9.51-11.31 Q = 8.00-9.51 after 2064.8 sec [total]
done with H-+ for K = 9.51-11.31 Q = 8.00-9.51 after 2065.8 sec [total]
done with H-- for K = 9.51-11.31 Q = 8.00-9.51 after 2066.5 sec [total]
done with UU for K = 11.31-13.45 Q = 8.00-9.51 after 2067.4 sec [total]
done with BB for K = 11.31-13.45 Q = 8.00-9.51 after 2068.4 sec [total]
done with UBTa for K = 11.31-13.45 Q = 8.00-9.51 after 2068.6 sec [total]
done with UBTb for K = 11.31-13.45 Q = 8.00-9.51 after 2068.8 sec [total]
done with UBTbA for K = 11.31-13.45 Q = 8.00-9.51 after 2068.9 sec [total]
done with UBTbC for K = 11.31-13.45 Q = 8.00-9.51 after 2069.2 sec [total]
done with H for K = 11.31-13.45 Q = 8.00-9.51 after 2070.1 sec [total]
done with H++ for K = 11.31-13.45 Q = 8.00-9.51 after 2073.3 sec [total]
done with H+- for K = 11.31-13.45 Q = 8.00-9.51 after 2074.5 sec [total]
done with H-+ for K = 11.31-13.45 Q = 8.00-9.51 after 2075.5 sec [total]
done with H-- for K = 11.31-13.45 Q = 8.00-9.51 after 2076.0 sec [total]
done with UU for K = 13.45-16.00 Q = 8.00-9.51 after 2077.0 sec [total]
done with BB for K = 13.45-16.00 Q = 8.00-9.51 after 2078.0 sec [total]
done with UBTa for K = 13.45-16.00 Q = 8.00-9.51 after 2078.2 sec [total]
done with UBTb for K = 13.45-16.00 Q = 8.00-9.51 after 2078.4 sec [total]
done with UBTbA for K = 13.45-16.00 Q = 8.00-9.51 after 2078.6 sec [total]
done with UBTbC for K = 13.45-16.00 Q = 8.00-9.51 after 2078.9 sec [total]
done with H for K = 13.45-16.00 Q = 8.00-9.51 after 2079.7 sec [total]
done with H++ for K = 13.45-16.00 Q = 8.00-9.51 after 2082.9 sec [total]
done with H+- for K = 13.45-16.00 Q = 8.00-9.51 after 2084.0 sec [total]
done with H-+ for K = 13.45-16.00 Q = 8.00-9.51 after 2084.9 sec [total]
done with H-- for K = 13.45-16.00 Q = 8.00-9.51 after 2085.7 sec [total]
done with UU for K = 16.00-19.03 Q = 8.00-9.51 after 2086.6 sec [total]
done with BB for K = 16.00-19.03 Q = 8.00-9.51 after 2087.6 sec [total]
done with UBTa for K = 16.00-19.03 Q = 8.00-9.51 after 2087.8 sec [total]
done with UBTb for K = 16.00-19.03 Q = 8.00-9.51 after 2088.0 sec [total]
done with UBTbA for K = 16.00-19.03 Q = 8.00-9.51 after 2088.2 sec [total]
done with UBTbC for K = 16.00-19.03 Q = 8.00-9.51 after 2088.5 sec [total]
done with H for K = 16.00-19.03 Q = 8.00-9.51 after 2089.4 sec [total]
done with H++ for K = 16.00-19.03 Q = 8.00-9.51 after 2092.5 sec [total]
done with H+- for K = 16.00-19.03 Q = 8.00-9.51 after 2093.8 sec [total]
done with H-+ for K = 16.00-19.03 Q = 8.00-9.51 after 2095.1 sec [total]
done with H-- for K = 16.00-19.03 Q = 8.00-9.51 after 2095.3 sec [total]
done with UU for K = 19.03-22.63 Q = 8.00-9.51 after 2096.2 sec [total]
done with BB for K = 19.03-22.63 Q = 8.00-9.51 after 2097.3 sec [total]
done with UBTa for K = 19.03-22.63 Q = 8.00-9.51 after 2097.5 sec [total]
done with UBTb for K = 19.03-22.63 Q = 8.00-9.51 after 2097.7 sec [total]
done with UBTbA for K = 19.03-22.63 Q = 8.00-9.51 after 2097.9 sec [total]
done with UBTbC for K = 19.03-22.63 Q = 8.00-9.51 after 2098.1 sec [total]
done with H for K = 19.03-22.63 Q = 8.00-9.51 after 2099.0 sec [total]
done with H++ for K = 19.03-22.63 Q = 8.00-9.51 after 2102.2 sec [total]
done with H+- for K = 19.03-22.63 Q = 8.00-9.51 after 2103.3 sec [total]
done with H-+ for K = 19.03-22.63 Q = 8.00-9.51 after 2104.4 sec [total]
done with H-- for K = 19.03-22.63 Q = 8.00-9.51 after 2105.0 sec [total]
done with UU for K = 22.63-26.91 Q = 8.00-9.51 after 2105.9 sec [total]
done with BB for K = 22.63-26.91 Q = 8.00-9.51 after 2107.0 sec [total]
done with UBTa for K = 22.63-26.91 Q = 8.00-9.51 after 2107.2 sec [total]
done with UBTb for K = 22.63-26.91 Q = 8.00-9.51 after 2107.4 sec [total]
done with UBTbA for K = 22.63-26.91 Q = 8.00-9.51 after 2107.5 sec [total]
done with UBTbC for K = 22.63-26.91 Q = 8.00-9.51 after 2107.8 sec [total]
done with H for K = 22.63-26.91 Q = 8.00-9.51 after 2108.7 sec [total]
done with H++ for K = 22.63-26.91 Q = 8.00-9.51 after 2111.8 sec [total]
done with H+- for K = 22.63-26.91 Q = 8.00-9.51 after 2113.0 sec [total]
done with H-+ for K = 22.63-26.91 Q = 8.00-9.51 after 2114.1 sec [total]
done with H-- for K = 22.63-26.91 Q = 8.00-9.51 after 2114.6 sec [total]
done with UU for K = 26.91-32.00 Q = 8.00-9.51 after 2115.5 sec [total]
done with BB for K = 26.91-32.00 Q = 8.00-9.51 after 2116.6 sec [total]
done with UBTa for K = 26.91-32.00 Q = 8.00-9.51 after 2116.8 sec [total]
done with UBTb for K = 26.91-32.00 Q = 8.00-9.51 after 2117.0 sec [total]
done with UBTbA for K = 26.91-32.00 Q = 8.00-9.51 after 2117.2 sec [total]
done with UBTbC for K = 26.91-32.00 Q = 8.00-9.51 after 2117.5 sec [total]
done with H for K = 26.91-32.00 Q = 8.00-9.51 after 2118.3 sec [total]
done with H++ for K = 26.91-32.00 Q = 8.00-9.51 after 2121.4 sec [total]
done with H+- for K = 26.91-32.00 Q = 8.00-9.51 after 2122.6 sec [total]
done with H-+ for K = 26.91-32.00 Q = 8.00-9.51 after 2123.8 sec [total]
done with H-- for K = 26.91-32.00 Q = 8.00-9.51 after 2124.2 sec [total]
done with UU for K = 32.00-38.05 Q = 8.00-9.51 after 2125.1 sec [total]
done with BB for K = 32.00-38.05 Q = 8.00-9.51 after 2126.2 sec [total]
done with UBTa for K = 32.00-38.05 Q = 8.00-9.51 after 2126.3 sec [total]
done with UBTb for K = 32.00-38.05 Q = 8.00-9.51 after 2126.5 sec [total]
done with UBTbA for K = 32.00-38.05 Q = 8.00-9.51 after 2126.7 sec [total]
done with UBTbC for K = 32.00-38.05 Q = 8.00-9.51 after 2127.0 sec [total]
done with H for K = 32.00-38.05 Q = 8.00-9.51 after 2127.9 sec [total]
done with H++ for K = 32.00-38.05 Q = 8.00-9.51 after 2131.1 sec [total]
done with H+- for K = 32.00-38.05 Q = 8.00-9.51 after 2132.2 sec [total]
done with H-+ for K = 32.00-38.05 Q = 8.00-9.51 after 2133.3 sec [total]
done with H-- for K = 32.00-38.05 Q = 8.00-9.51 after 2133.8 sec [total]
done with UU for K = 38.05-45.25 Q = 8.00-9.51 after 2134.7 sec [total]
done with BB for K = 38.05-45.25 Q = 8.00-9.51 after 2135.8 sec [total]
done with UBTa for K = 38.05-45.25 Q = 8.00-9.51 after 2136.0 sec [total]
done with UBTb for K = 38.05-45.25 Q = 8.00-9.51 after 2136.2 sec [total]
done with UBTbA for K = 38.05-45.25 Q = 8.00-9.51 after 2136.4 sec [total]
done with UBTbC for K = 38.05-45.25 Q = 8.00-9.51 after 2136.7 sec [total]
done with H for K = 38.05-45.25 Q = 8.00-9.51 after 2137.5 sec [total]
done with H++ for K = 38.05-45.25 Q = 8.00-9.51 after 2140.6 sec [total]
done with H+- for K = 38.05-45.25 Q = 8.00-9.51 after 2141.8 sec [total]
done with H-+ for K = 38.05-45.25 Q = 8.00-9.51 after 2142.7 sec [total]
done with H-- for K = 38.05-45.25 Q = 8.00-9.51 after 2143.4 sec [total]
done with UU for K = 45.25-53.82 Q = 8.00-9.51 after 2144.3 sec [total]
done with BB for K = 45.25-53.82 Q = 8.00-9.51 after 2145.4 sec [total]
done with UBTa for K = 45.25-53.82 Q = 8.00-9.51 after 2145.6 sec [total]
done with UBTb for K = 45.25-53.82 Q = 8.00-9.51 after 2145.7 sec [total]
done with UBTbA for K = 45.25-53.82 Q = 8.00-9.51 after 2145.9 sec [total]
done with UBTbC for K = 45.25-53.82 Q = 8.00-9.51 after 2146.2 sec [total]
done with H for K = 45.25-53.82 Q = 8.00-9.51 after 2147.1 sec [total]
done with H++ for K = 45.25-53.82 Q = 8.00-9.51 after 2150.2 sec [total]
done with H+- for K = 45.25-53.82 Q = 8.00-9.51 after 2151.4 sec [total]
done with H-+ for K = 45.25-53.82 Q = 8.00-9.51 after 2152.7 sec [total]
done with H-- for K = 45.25-53.82 Q = 8.00-9.51 after 2153.0 sec [total]
done with UU for K = 53.82-64.00 Q = 8.00-9.51 after 2153.9 sec [total]
done with BB for K = 53.82-64.00 Q = 8.00-9.51 after 2155.0 sec [total]
done with UBTa for K = 53.82-64.00 Q = 8.00-9.51 after 2155.1 sec [total]
done with UBTb for K = 53.82-64.00 Q = 8.00-9.51 after 2155.3 sec [total]
done with UBTbA for K = 53.82-64.00 Q = 8.00-9.51 after 2155.5 sec [total]
done with UBTbC for K = 53.82-64.00 Q = 8.00-9.51 after 2155.9 sec [total]
done with H for K = 53.82-64.00 Q = 8.00-9.51 after 2156.7 sec [total]
done with H++ for K = 53.82-64.00 Q = 8.00-9.51 after 2159.9 sec [total]
done with H+- for K = 53.82-64.00 Q = 8.00-9.51 after 2161.1 sec [total]
done with H-+ for K = 53.82-64.00 Q = 8.00-9.51 after 2162.3 sec [total]
done with H-- for K = 53.82-64.00 Q = 8.00-9.51 after 2162.6 sec [total]
done with UU for K = 64.00-76.11 Q = 8.00-9.51 after 2163.5 sec [total]
done with BB for K = 64.00-76.11 Q = 8.00-9.51 after 2164.6 sec [total]
done with UBTa for K = 64.00-76.11 Q = 8.00-9.51 after 2164.8 sec [total]
done with UBTb for K = 64.00-76.11 Q = 8.00-9.51 after 2165.0 sec [total]
done with UBTbA for K = 64.00-76.11 Q = 8.00-9.51 after 2165.1 sec [total]
done with UBTbC for K = 64.00-76.11 Q = 8.00-9.51 after 2165.4 sec [total]
done with H for K = 64.00-76.11 Q = 8.00-9.51 after 2166.3 sec [total]
done with H++ for K = 64.00-76.11 Q = 8.00-9.51 after 2169.4 sec [total]
done with H+- for K = 64.00-76.11 Q = 8.00-9.51 after 2170.6 sec [total]
done with H-+ for K = 64.00-76.11 Q = 8.00-9.51 after 2171.5 sec [total]
done with H-- for K = 64.00-76.11 Q = 8.00-9.51 after 2172.3 sec [total]
done with UU for K = 76.11-90.51 Q = 8.00-9.51 after 2173.2 sec [total]
done with BB for K = 76.11-90.51 Q = 8.00-9.51 after 2174.2 sec [total]
done with UBTa for K = 76.11-90.51 Q = 8.00-9.51 after 2174.4 sec [total]
done with UBTb for K = 76.11-90.51 Q = 8.00-9.51 after 2174.5 sec [total]
done with UBTbA for K = 76.11-90.51 Q = 8.00-9.51 after 2174.7 sec [total]
done with UBTbC for K = 76.11-90.51 Q = 8.00-9.51 after 2175.1 sec [total]
done with H for K = 76.11-90.51 Q = 8.00-9.51 after 2176.0 sec [total]
done with H++ for K = 76.11-90.51 Q = 8.00-9.51 after 2179.1 sec [total]
done with H+- for K = 76.11-90.51 Q = 8.00-9.51 after 2180.3 sec [total]
done with H-+ for K = 76.11-90.51 Q = 8.00-9.51 after 2181.6 sec [total]
done with H-- for K = 76.11-90.51 Q = 8.00-9.51 after 2181.9 sec [total]
done with UU for K = 90.51-107.63 Q = 8.00-9.51 after 2182.8 sec [total]
done with BB for K = 90.51-107.63 Q = 8.00-9.51 after 2183.9 sec [total]
done with UBTa for K = 90.51-107.63 Q = 8.00-9.51 after 2184.1 sec [total]
done with UBTb for K = 90.51-107.63 Q = 8.00-9.51 after 2184.3 sec [total]
done with UBTbA for K = 90.51-107.63 Q = 8.00-9.51 after 2184.4 sec [total]
done with UBTbC for K = 90.51-107.63 Q = 8.00-9.51 after 2184.7 sec [total]
done with H for K = 90.51-107.63 Q = 8.00-9.51 after 2185.6 sec [total]
done with H++ for K = 90.51-107.63 Q = 8.00-9.51 after 2188.8 sec [total]
done with H+- for K = 90.51-107.63 Q = 8.00-9.51 after 2190.0 sec [total]
done with H-+ for K = 90.51-107.63 Q = 8.00-9.51 after 2191.2 sec [total]
done with H-- for K = 90.51-107.63 Q = 8.00-9.51 after 2191.5 sec [total]
done with UU for K = 107.63-128.00 Q = 8.00-9.51 after 2192.4 sec [total]
done with BB for K = 107.63-128.00 Q = 8.00-9.51 after 2193.5 sec [total]
done with UBTa for K = 107.63-128.00 Q = 8.00-9.51 after 2193.7 sec [total]
done with UBTb for K = 107.63-128.00 Q = 8.00-9.51 after 2193.9 sec [total]
done with UBTbA for K = 107.63-128.00 Q = 8.00-9.51 after 2194.0 sec [total]
done with UBTbC for K = 107.63-128.00 Q = 8.00-9.51 after 2194.3 sec [total]
done with H for K = 107.63-128.00 Q = 8.00-9.51 after 2195.2 sec [total]
done with H++ for K = 107.63-128.00 Q = 8.00-9.51 after 2198.4 sec [total]
done with H+- for K = 107.63-128.00 Q = 8.00-9.51 after 2199.5 sec [total]
done with H-+ for K = 107.63-128.00 Q = 8.00-9.51 after 2200.5 sec [total]
done with H-- for K = 107.63-128.00 Q = 8.00-9.51 after 2201.2 sec [total]
done with UU for K = 128.00-152.22 Q = 8.00-9.51 after 2202.1 sec [total]
done with BB for K = 128.00-152.22 Q = 8.00-9.51 after 2203.1 sec [total]
done with UBTa for K = 128.00-152.22 Q = 8.00-9.51 after 2203.3 sec [total]
done with UBTb for K = 128.00-152.22 Q = 8.00-9.51 after 2203.5 sec [total]
done with UBTbA for K = 128.00-152.22 Q = 8.00-9.51 after 2203.7 sec [total]
done with UBTbC for K = 128.00-152.22 Q = 8.00-9.51 after 2204.0 sec [total]
done with H for K = 128.00-152.22 Q = 8.00-9.51 after 2204.9 sec [total]
done with H++ for K = 128.00-152.22 Q = 8.00-9.51 after 2208.1 sec [total]
done with H+- for K = 128.00-152.22 Q = 8.00-9.51 after 2209.3 sec [total]
done with H-+ for K = 128.00-152.22 Q = 8.00-9.51 after 2210.6 sec [total]
done with H-- for K = 128.00-152.22 Q = 8.00-9.51 after 2210.8 sec [total]
done with UU for K = 152.22-181.02 Q = 8.00-9.51 after 2211.7 sec [total]
done with BB for K = 152.22-181.02 Q = 8.00-9.51 after 2212.8 sec [total]
done with UBTa for K = 152.22-181.02 Q = 8.00-9.51 after 2213.0 sec [total]
done with UBTb for K = 152.22-181.02 Q = 8.00-9.51 after 2213.2 sec [total]
done with UBTbA for K = 152.22-181.02 Q = 8.00-9.51 after 2213.3 sec [total]
done with UBTbC for K = 152.22-181.02 Q = 8.00-9.51 after 2213.7 sec [total]
done with H for K = 152.22-181.02 Q = 8.00-9.51 after 2214.5 sec [total]
done with H++ for K = 152.22-181.02 Q = 8.00-9.51 after 2217.7 sec [total]
done with H+- for K = 152.22-181.02 Q = 8.00-9.51 after 2218.8 sec [total]
done with H-+ for K = 152.22-181.02 Q = 8.00-9.51 after 2219.9 sec [total]
done with H-- for K = 152.22-181.02 Q = 8.00-9.51 after 2220.4 sec [total]
done with UU for K = 181.02-215.27 Q = 8.00-9.51 after 2221.3 sec [total]
done with BB for K = 181.02-215.27 Q = 8.00-9.51 after 2222.4 sec [total]
done with UBTa for K = 181.02-215.27 Q = 8.00-9.51 after 2222.5 sec [total]
done with UBTb for K = 181.02-215.27 Q = 8.00-9.51 after 2222.7 sec [total]
done with UBTbA for K = 181.02-215.27 Q = 8.00-9.51 after 2222.9 sec [total]
done with UBTbC for K = 181.02-215.27 Q = 8.00-9.51 after 2223.2 sec [total]
done with H for K = 181.02-215.27 Q = 8.00-9.51 after 2224.1 sec [total]
done with H++ for K = 181.02-215.27 Q = 8.00-9.51 after 2227.2 sec [total]
done with H+- for K = 181.02-215.27 Q = 8.00-9.51 after 2228.4 sec [total]
done with H-+ for K = 181.02-215.27 Q = 8.00-9.51 after 2229.4 sec [total]
done with H-- for K = 181.02-215.27 Q = 8.00-9.51 after 2230.0 sec [total]
done with UU for K = 215.27-256.00 Q = 8.00-9.51 after 2230.9 sec [total]
done with BB for K = 215.27-256.00 Q = 8.00-9.51 after 2232.0 sec [total]
done with UBTa for K = 215.27-256.00 Q = 8.00-9.51 after 2232.1 sec [total]
done with UBTb for K = 215.27-256.00 Q = 8.00-9.51 after 2232.3 sec [total]
done with UBTbA for K = 215.27-256.00 Q = 8.00-9.51 after 2232.5 sec [total]
done with UBTbC for K = 215.27-256.00 Q = 8.00-9.51 after 2232.8 sec [total]
done with H for K = 215.27-256.00 Q = 8.00-9.51 after 2233.7 sec [total]
done with H++ for K = 215.27-256.00 Q = 8.00-9.51 after 2236.9 sec [total]
done with H+- for K = 215.27-256.00 Q = 8.00-9.51 after 2238.2 sec [total]
done with H-+ for K = 215.27-256.00 Q = 8.00-9.51 after 2239.4 sec [total]
done with H-- for K = 215.27-256.00 Q = 8.00-9.51 after 2239.6 sec [total]
done with UU for K = 256.00-304.44 Q = 8.00-9.51 after 2240.5 sec [total]
done with BB for K = 256.00-304.44 Q = 8.00-9.51 after 2241.6 sec [total]
done with UBTa for K = 256.00-304.44 Q = 8.00-9.51 after 2241.8 sec [total]
done with UBTb for K = 256.00-304.44 Q = 8.00-9.51 after 2242.0 sec [total]
done with UBTbA for K = 256.00-304.44 Q = 8.00-9.51 after 2242.2 sec [total]
done with UBTbC for K = 256.00-304.44 Q = 8.00-9.51 after 2242.4 sec [total]
done with H for K = 256.00-304.44 Q = 8.00-9.51 after 2243.3 sec [total]
done with H++ for K = 256.00-304.44 Q = 8.00-9.51 after 2246.5 sec [total]
done with H+- for K = 256.00-304.44 Q = 8.00-9.51 after 2247.7 sec [total]
done with H-+ for K = 256.00-304.44 Q = 8.00-9.51 after 2248.8 sec [total]
done with H-- for K = 256.00-304.44 Q = 8.00-9.51 after 2249.2 sec [total]
done with UU for K = 304.44-362.04 Q = 8.00-9.51 after 2250.1 sec [total]
done with BB for K = 304.44-362.04 Q = 8.00-9.51 after 2251.2 sec [total]
done with UBTa for K = 304.44-362.04 Q = 8.00-9.51 after 2251.4 sec [total]
done with UBTb for K = 304.44-362.04 Q = 8.00-9.51 after 2251.6 sec [total]
done with UBTbA for K = 304.44-362.04 Q = 8.00-9.51 after 2251.8 sec [total]
done with UBTbC for K = 304.44-362.04 Q = 8.00-9.51 after 2252.1 sec [total]
done with H for K = 304.44-362.04 Q = 8.00-9.51 after 2253.0 sec [total]
done with H++ for K = 304.44-362.04 Q = 8.00-9.51 after 2256.1 sec [total]
done with H+- for K = 304.44-362.04 Q = 8.00-9.51 after 2257.3 sec [total]
done with H-+ for K = 304.44-362.04 Q = 8.00-9.51 after 2258.6 sec [total]
done with H-- for K = 304.44-362.04 Q = 8.00-9.51 after 2258.9 sec [total]
done with UU for K = 362.04-430.54 Q = 8.00-9.51 after 2259.8 sec [total]
done with BB for K = 362.04-430.54 Q = 8.00-9.51 after 2260.9 sec [total]
done with UBTa for K = 362.04-430.54 Q = 8.00-9.51 after 2261.1 sec [total]
done with UBTb for K = 362.04-430.54 Q = 8.00-9.51 after 2261.3 sec [total]
done with UBTbA for K = 362.04-430.54 Q = 8.00-9.51 after 2261.4 sec [total]
done with UBTbC for K = 362.04-430.54 Q = 8.00-9.51 after 2261.7 sec [total]
done with H for K = 362.04-430.54 Q = 8.00-9.51 after 2262.6 sec [total]
done with H++ for K = 362.04-430.54 Q = 8.00-9.51 after 2265.8 sec [total]
done with H+- for K = 362.04-430.54 Q = 8.00-9.51 after 2267.1 sec [total]
done with H-+ for K = 362.04-430.54 Q = 8.00-9.51 after 2268.4 sec [total]
done with H-- for K = 362.04-430.54 Q = 8.00-9.51 after 2268.6 sec [total]
done with UU for K = 430.54-512.00 Q = 8.00-9.51 after 2269.5 sec [total]
done with BB for K = 430.54-512.00 Q = 8.00-9.51 after 2270.5 sec [total]
done with UBTa for K = 430.54-512.00 Q = 8.00-9.51 after 2270.7 sec [total]
done with UBTb for K = 430.54-512.00 Q = 8.00-9.51 after 2270.9 sec [total]
done with UBTbA for K = 430.54-512.00 Q = 8.00-9.51 after 2271.1 sec [total]
done with UBTbC for K = 430.54-512.00 Q = 8.00-9.51 after 2271.4 sec [total]
done with H for K = 430.54-512.00 Q = 8.00-9.51 after 2272.2 sec [total]
done with H++ for K = 430.54-512.00 Q = 8.00-9.51 after 2275.4 sec [total]
done with H+- for K = 430.54-512.00 Q = 8.00-9.51 after 2276.6 sec [total]
done with H-+ for K = 430.54-512.00 Q = 8.00-9.51 after 2277.7 sec [total]
done with H-- for K = 430.54-512.00 Q = 8.00-9.51 after 2278.2 sec [total]
done with UU for K = 512.00-608.87 Q = 8.00-9.51 after 2279.1 sec [total]
done with BB for K = 512.00-608.87 Q = 8.00-9.51 after 2280.1 sec [total]
done with UBTa for K = 512.00-608.87 Q = 8.00-9.51 after 2280.3 sec [total]
done with UBTb for K = 512.00-608.87 Q = 8.00-9.51 after 2280.5 sec [total]
done with UBTbA for K = 512.00-608.87 Q = 8.00-9.51 after 2280.7 sec [total]
done with UBTbC for K = 512.00-608.87 Q = 8.00-9.51 after 2281.0 sec [total]
done with H for K = 512.00-608.87 Q = 8.00-9.51 after 2281.9 sec [total]
done with H++ for K = 512.00-608.87 Q = 8.00-9.51 after 2285.1 sec [total]
done with H+- for K = 512.00-608.87 Q = 8.00-9.51 after 2286.3 sec [total]
done with H-+ for K = 512.00-608.87 Q = 8.00-9.51 after 2287.6 sec [total]
done with H-- for K = 512.00-608.87 Q = 8.00-9.51 after 2287.8 sec [total]
done with UU for K = 608.87-724.08 Q = 8.00-9.51 after 2288.8 sec [total]
done with BB for K = 608.87-724.08 Q = 8.00-9.51 after 2289.8 sec [total]
done with UBTa for K = 608.87-724.08 Q = 8.00-9.51 after 2290.0 sec [total]
done with UBTb for K = 608.87-724.08 Q = 8.00-9.51 after 2290.2 sec [total]
done with UBTbA for K = 608.87-724.08 Q = 8.00-9.51 after 2290.4 sec [total]
done with UBTbC for K = 608.87-724.08 Q = 8.00-9.51 after 2290.6 sec [total]
done with H for K = 608.87-724.08 Q = 8.00-9.51 after 2291.5 sec [total]
done with H++ for K = 608.87-724.08 Q = 8.00-9.51 after 2294.7 sec [total]
done with H+- for K = 608.87-724.08 Q = 8.00-9.51 after 2295.9 sec [total]
done with H-+ for K = 608.87-724.08 Q = 8.00-9.51 after 2297.2 sec [total]
done with H-- for K = 608.87-724.08 Q = 8.00-9.51 after 2297.5 sec [total]
done with UU for K = 724.08-861.08 Q = 8.00-9.51 after 2298.4 sec [total]
done with BB for K = 724.08-861.08 Q = 8.00-9.51 after 2299.5 sec [total]
done with UBTa for K = 724.08-861.08 Q = 8.00-9.51 after 2299.7 sec [total]
done with UBTb for K = 724.08-861.08 Q = 8.00-9.51 after 2299.9 sec [total]
done with UBTbA for K = 724.08-861.08 Q = 8.00-9.51 after 2300.0 sec [total]
done with UBTbC for K = 724.08-861.08 Q = 8.00-9.51 after 2300.3 sec [total]
done with H for K = 724.08-861.08 Q = 8.00-9.51 after 2301.2 sec [total]
done with H++ for K = 724.08-861.08 Q = 8.00-9.51 after 2304.4 sec [total]
done with H+- for K = 724.08-861.08 Q = 8.00-9.51 after 2305.5 sec [total]
done with H-+ for K = 724.08-861.08 Q = 8.00-9.51 after 2306.6 sec [total]
done with H-- for K = 724.08-861.08 Q = 8.00-9.51 after 2307.1 sec [total]
done with UU for K = 861.08-1024.00 Q = 8.00-9.51 after 2308.0 sec [total]
done with BB for K = 861.08-1024.00 Q = 8.00-9.51 after 2309.1 sec [total]
done with UBTa for K = 861.08-1024.00 Q = 8.00-9.51 after 2309.3 sec [total]
done with UBTb for K = 861.08-1024.00 Q = 8.00-9.51 after 2309.5 sec [total]
done with UBTbA for K = 861.08-1024.00 Q = 8.00-9.51 after 2309.6 sec [total]
done with UBTbC for K = 861.08-1024.00 Q = 8.00-9.51 after 2310.0 sec [total]
done with H for K = 861.08-1024.00 Q = 8.00-9.51 after 2310.9 sec [total]
done with H++ for K = 861.08-1024.00 Q = 8.00-9.51 after 2314.0 sec [total]
done with H+- for K = 861.08-1024.00 Q = 8.00-9.51 after 2315.1 sec [total]
done with H-+ for K = 861.08-1024.00 Q = 8.00-9.51 after 2316.3 sec [total]
done with H-- for K = 861.08-1024.00 Q = 8.00-9.51 after 2316.7 sec [total]
done with UU for K = 0.00-3.36 Q = 9.51-11.31 after 2318.5 sec [total]
done with BB for K = 0.00-3.36 Q = 9.51-11.31 after 2320.6 sec [total]
done with UBTa for K = 0.00-3.36 Q = 9.51-11.31 after 2321.5 sec [total]
done with UBTb for K = 0.00-3.36 Q = 9.51-11.31 after 2322.7 sec [total]
done with UBTbA for K = 0.00-3.36 Q = 9.51-11.31 after 2323.8 sec [total]
done with UBTbC for K = 0.00-3.36 Q = 9.51-11.31 after 2324.1 sec [total]
done with H for K = 0.00-3.36 Q = 9.51-11.31 after 2325.0 sec [total]
done with H++ for K = 0.00-3.36 Q = 9.51-11.31 after 2328.3 sec [total]
done with H+- for K = 0.00-3.36 Q = 9.51-11.31 after 2329.3 sec [total]
done with H-+ for K = 0.00-3.36 Q = 9.51-11.31 after 2330.6 sec [total]
done with H-- for K = 0.00-3.36 Q = 9.51-11.31 after 2330.9 sec [total]
done with UU for K = 3.36-4.00 Q = 9.51-11.31 after 2331.8 sec [total]
done with BB for K = 3.36-4.00 Q = 9.51-11.31 after 2332.9 sec [total]
done with UBTa for K = 3.36-4.00 Q = 9.51-11.31 after 2333.1 sec [total]
done with UBTb for K = 3.36-4.00 Q = 9.51-11.31 after 2333.3 sec [total]
done with UBTbA for K = 3.36-4.00 Q = 9.51-11.31 after 2333.4 sec [total]
done with UBTbC for K = 3.36-4.00 Q = 9.51-11.31 after 2333.7 sec [total]
done with H for K = 3.36-4.00 Q = 9.51-11.31 after 2334.6 sec [total]
done with H++ for K = 3.36-4.00 Q = 9.51-11.31 after 2337.8 sec [total]
done with H+- for K = 3.36-4.00 Q = 9.51-11.31 after 2339.0 sec [total]
done with H-+ for K = 3.36-4.00 Q = 9.51-11.31 after 2340.1 sec [total]
done with H-- for K = 3.36-4.00 Q = 9.51-11.31 after 2340.5 sec [total]
done with UU for K = 4.00-4.76 Q = 9.51-11.31 after 2341.4 sec [total]
done with BB for K = 4.00-4.76 Q = 9.51-11.31 after 2342.5 sec [total]
done with UBTa for K = 4.00-4.76 Q = 9.51-11.31 after 2342.6 sec [total]
done with UBTb for K = 4.00-4.76 Q = 9.51-11.31 after 2342.8 sec [total]
done with UBTbA for K = 4.00-4.76 Q = 9.51-11.31 after 2343.0 sec [total]
done with UBTbC for K = 4.00-4.76 Q = 9.51-11.31 after 2343.3 sec [total]
done with H for K = 4.00-4.76 Q = 9.51-11.31 after 2344.2 sec [total]
done with H++ for K = 4.00-4.76 Q = 9.51-11.31 after 2347.3 sec [total]
done with H+- for K = 4.00-4.76 Q = 9.51-11.31 after 2348.4 sec [total]
done with H-+ for K = 4.00-4.76 Q = 9.51-11.31 after 2349.4 sec [total]
done with H-- for K = 4.00-4.76 Q = 9.51-11.31 after 2350.1 sec [total]
done with UU for K = 4.76-5.66 Q = 9.51-11.31 after 2351.0 sec [total]
done with BB for K = 4.76-5.66 Q = 9.51-11.31 after 2352.0 sec [total]
done with UBTa for K = 4.76-5.66 Q = 9.51-11.31 after 2352.2 sec [total]
done with UBTb for K = 4.76-5.66 Q = 9.51-11.31 after 2352.4 sec [total]
done with UBTbA for K = 4.76-5.66 Q = 9.51-11.31 after 2352.6 sec [total]
done with UBTbC for K = 4.76-5.66 Q = 9.51-11.31 after 2352.9 sec [total]
done with H for K = 4.76-5.66 Q = 9.51-11.31 after 2353.8 sec [total]
done with H++ for K = 4.76-5.66 Q = 9.51-11.31 after 2356.9 sec [total]
done with H+- for K = 4.76-5.66 Q = 9.51-11.31 after 2358.2 sec [total]
done with H-+ for K = 4.76-5.66 Q = 9.51-11.31 after 2359.5 sec [total]
done with H-- for K = 4.76-5.66 Q = 9.51-11.31 after 2359.7 sec [total]
done with UU for K = 5.66-6.73 Q = 9.51-11.31 after 2360.6 sec [total]
done with BB for K = 5.66-6.73 Q = 9.51-11.31 after 2361.6 sec [total]
done with UBTa for K = 5.66-6.73 Q = 9.51-11.31 after 2361.8 sec [total]
done with UBTb for K = 5.66-6.73 Q = 9.51-11.31 after 2362.0 sec [total]
done with UBTbA for K = 5.66-6.73 Q = 9.51-11.31 after 2362.2 sec [total]
done with UBTbC for K = 5.66-6.73 Q = 9.51-11.31 after 2362.5 sec [total]
done with H for K = 5.66-6.73 Q = 9.51-11.31 after 2363.4 sec [total]
done with H++ for K = 5.66-6.73 Q = 9.51-11.31 after 2366.5 sec [total]
done with H+- for K = 5.66-6.73 Q = 9.51-11.31 after 2367.6 sec [total]
done with H-+ for K = 5.66-6.73 Q = 9.51-11.31 after 2368.8 sec [total]
done with H-- for K = 5.66-6.73 Q = 9.51-11.31 after 2369.3 sec [total]
done with UU for K = 6.73-8.00 Q = 9.51-11.31 after 2370.2 sec [total]
done with BB for K = 6.73-8.00 Q = 9.51-11.31 after 2371.2 sec [total]
done with UBTa for K = 6.73-8.00 Q = 9.51-11.31 after 2371.4 sec [total]
done with UBTb for K = 6.73-8.00 Q = 9.51-11.31 after 2371.6 sec [total]
done with UBTbA for K = 6.73-8.00 Q = 9.51-11.31 after 2371.8 sec [total]
done with UBTbC for K = 6.73-8.00 Q = 9.51-11.31 after 2372.1 sec [total]
done with H for K = 6.73-8.00 Q = 9.51-11.31 after 2373.0 sec [total]
done with H++ for K = 6.73-8.00 Q = 9.51-11.31 after 2376.1 sec [total]
done with H+- for K = 6.73-8.00 Q = 9.51-11.31 after 2377.3 sec [total]
done with H-+ for K = 6.73-8.00 Q = 9.51-11.31 after 2378.4 sec [total]
done with H-- for K = 6.73-8.00 Q = 9.51-11.31 after 2378.9 sec [total]
done with UU for K = 8.00-9.51 Q = 9.51-11.31 after 2379.8 sec [total]
done with BB for K = 8.00-9.51 Q = 9.51-11.31 after 2380.8 sec [total]
done with UBTa for K = 8.00-9.51 Q = 9.51-11.31 after 2381.0 sec [total]
done with UBTb for K = 8.00-9.51 Q = 9.51-11.31 after 2381.2 sec [total]
done with UBTbA for K = 8.00-9.51 Q = 9.51-11.31 after 2381.4 sec [total]
done with UBTbC for K = 8.00-9.51 Q = 9.51-11.31 after 2381.7 sec [total]
done with H for K = 8.00-9.51 Q = 9.51-11.31 after 2382.5 sec [total]
done with H++ for K = 8.00-9.51 Q = 9.51-11.31 after 2385.7 sec [total]
done with H+- for K = 8.00-9.51 Q = 9.51-11.31 after 2386.9 sec [total]
done with H-+ for K = 8.00-9.51 Q = 9.51-11.31 after 2388.0 sec [total]
done with H-- for K = 8.00-9.51 Q = 9.51-11.31 after 2388.4 sec [total]
done with UU for K = 9.51-11.31 Q = 9.51-11.31 after 2389.4 sec [total]
done with BB for K = 9.51-11.31 Q = 9.51-11.31 after 2390.4 sec [total]
done with UBTa for K = 9.51-11.31 Q = 9.51-11.31 after 2390.6 sec [total]
done with UBTb for K = 9.51-11.31 Q = 9.51-11.31 after 2390.8 sec [total]
done with UBTbA for K = 9.51-11.31 Q = 9.51-11.31 after 2390.9 sec [total]
done with UBTbC for K = 9.51-11.31 Q = 9.51-11.31 after 2391.2 sec [total]
done with H for K = 9.51-11.31 Q = 9.51-11.31 after 2392.1 sec [total]
done with H++ for K = 9.51-11.31 Q = 9.51-11.31 after 2395.3 sec [total]
done with H+- for K = 9.51-11.31 Q = 9.51-11.31 after 2396.4 sec [total]
done with H-+ for K = 9.51-11.31 Q = 9.51-11.31 after 2397.6 sec [total]
done with H-- for K = 9.51-11.31 Q = 9.51-11.31 after 2398.0 sec [total]
done with UU for K = 11.31-13.45 Q = 9.51-11.31 after 2398.9 sec [total]
done with BB for K = 11.31-13.45 Q = 9.51-11.31 after 2400.0 sec [total]
done with UBTa for K = 11.31-13.45 Q = 9.51-11.31 after 2400.2 sec [total]
done with UBTb for K = 11.31-13.45 Q = 9.51-11.31 after 2400.4 sec [total]
done with UBTbA for K = 11.31-13.45 Q = 9.51-11.31 after 2400.5 sec [total]
done with UBTbC for K = 11.31-13.45 Q = 9.51-11.31 after 2400.9 sec [total]
done with H for K = 11.31-13.45 Q = 9.51-11.31 after 2401.7 sec [total]
done with H++ for K = 11.31-13.45 Q = 9.51-11.31 after 2404.9 sec [total]
done with H+- for K = 11.31-13.45 Q = 9.51-11.31 after 2406.1 sec [total]
done with H-+ for K = 11.31-13.45 Q = 9.51-11.31 after 2407.2 sec [total]
done with H-- for K = 11.31-13.45 Q = 9.51-11.31 after 2407.6 sec [total]
done with UU for K = 13.45-16.00 Q = 9.51-11.31 after 2408.5 sec [total]
done with BB for K = 13.45-16.00 Q = 9.51-11.31 after 2409.6 sec [total]
done with UBTa for K = 13.45-16.00 Q = 9.51-11.31 after 2409.8 sec [total]
done with UBTb for K = 13.45-16.00 Q = 9.51-11.31 after 2410.0 sec [total]
done with UBTbA for K = 13.45-16.00 Q = 9.51-11.31 after 2410.1 sec [total]
done with UBTbC for K = 13.45-16.00 Q = 9.51-11.31 after 2410.4 sec [total]
done with H for K = 13.45-16.00 Q = 9.51-11.31 after 2411.3 sec [total]
done with H++ for K = 13.45-16.00 Q = 9.51-11.31 after 2414.4 sec [total]
done with H+- for K = 13.45-16.00 Q = 9.51-11.31 after 2415.6 sec [total]
done with H-+ for K = 13.45-16.00 Q = 9.51-11.31 after 2416.6 sec [total]
done with H-- for K = 13.45-16.00 Q = 9.51-11.31 after 2417.2 sec [total]
done with UU for K = 16.00-19.03 Q = 9.51-11.31 after 2418.1 sec [total]
done with BB for K = 16.00-19.03 Q = 9.51-11.31 after 2419.2 sec [total]
done with UBTa for K = 16.00-19.03 Q = 9.51-11.31 after 2419.4 sec [total]
done with UBTb for K = 16.00-19.03 Q = 9.51-11.31 after 2419.6 sec [total]
done with UBTbA for K = 16.00-19.03 Q = 9.51-11.31 after 2419.7 sec [total]
done with UBTbC for K = 16.00-19.03 Q = 9.51-11.31 after 2420.0 sec [total]
done with H for K = 16.00-19.03 Q = 9.51-11.31 after 2420.9 sec [total]
done with H++ for K = 16.00-19.03 Q = 9.51-11.31 after 2424.1 sec [total]
done with H+- for K = 16.00-19.03 Q = 9.51-11.31 after 2425.2 sec [total]
done with H-+ for K = 16.00-19.03 Q = 9.51-11.31 after 2426.3 sec [total]
done with H-- for K = 16.00-19.03 Q = 9.51-11.31 after 2426.8 sec [total]
done with UU for K = 19.03-22.63 Q = 9.51-11.31 after 2427.7 sec [total]
done with BB for K = 19.03-22.63 Q = 9.51-11.31 after 2428.8 sec [total]
done with UBTa for K = 19.03-22.63 Q = 9.51-11.31 after 2429.0 sec [total]
done with UBTb for K = 19.03-22.63 Q = 9.51-11.31 after 2429.2 sec [total]
done with UBTbA for K = 19.03-22.63 Q = 9.51-11.31 after 2429.3 sec [total]
done with UBTbC for K = 19.03-22.63 Q = 9.51-11.31 after 2429.6 sec [total]
done with H for K = 19.03-22.63 Q = 9.51-11.31 after 2430.5 sec [total]
done with H++ for K = 19.03-22.63 Q = 9.51-11.31 after 2433.6 sec [total]
done with H+- for K = 19.03-22.63 Q = 9.51-11.31 after 2434.9 sec [total]
done with H-+ for K = 19.03-22.63 Q = 9.51-11.31 after 2436.0 sec [total]
done with H-- for K = 19.03-22.63 Q = 9.51-11.31 after 2436.4 sec [total]
done with UU for K = 22.63-26.91 Q = 9.51-11.31 after 2437.3 sec [total]
done with BB for K = 22.63-26.91 Q = 9.51-11.31 after 2438.4 sec [total]
done with UBTa for K = 22.63-26.91 Q = 9.51-11.31 after 2438.5 sec [total]
done with UBTb for K = 22.63-26.91 Q = 9.51-11.31 after 2438.7 sec [total]
done with UBTbA for K = 22.63-26.91 Q = 9.51-11.31 after 2438.9 sec [total]
done with UBTbC for K = 22.63-26.91 Q = 9.51-11.31 after 2439.2 sec [total]
done with H for K = 22.63-26.91 Q = 9.51-11.31 after 2440.1 sec [total]
done with H++ for K = 22.63-26.91 Q = 9.51-11.31 after 2443.3 sec [total]
done with H+- for K = 22.63-26.91 Q = 9.51-11.31 after 2444.4 sec [total]
done with H-+ for K = 22.63-26.91 Q = 9.51-11.31 after 2445.5 sec [total]
done with H-- for K = 22.63-26.91 Q = 9.51-11.31 after 2446.0 sec [total]
done with UU for K = 26.91-32.00 Q = 9.51-11.31 after 2446.9 sec [total]
done with BB for K = 26.91-32.00 Q = 9.51-11.31 after 2447.9 sec [total]
done with UBTa for K = 26.91-32.00 Q = 9.51-11.31 after 2448.1 sec [total]
done with UBTb for K = 26.91-32.00 Q = 9.51-11.31 after 2448.3 sec [total]
done with UBTbA for K = 26.91-32.00 Q = 9.51-11.31 after 2448.5 sec [total]
done with UBTbC for K = 26.91-32.00 Q = 9.51-11.31 after 2448.8 sec [total]
done with H for K = 26.91-32.00 Q = 9.51-11.31 after 2449.7 sec [total]
done with H++ for K = 26.91-32.00 Q = 9.51-11.31 after 2452.8 sec [total]
done with H+- for K = 26.91-32.00 Q = 9.51-11.31 after 2454.0 sec [total]
done with H-+ for K = 26.91-32.00 Q = 9.51-11.31 after 2454.9 sec [total]
done with H-- for K = 26.91-32.00 Q = 9.51-11.31 after 2455.6 sec [total]
done with UU for K = 32.00-38.05 Q = 9.51-11.31 after 2456.5 sec [total]
done with BB for K = 32.00-38.05 Q = 9.51-11.31 after 2457.5 sec [total]
done with UBTa for K = 32.00-38.05 Q = 9.51-11.31 after 2457.7 sec [total]
done with UBTb for K = 32.00-38.05 Q = 9.51-11.31 after 2457.9 sec [total]
done with UBTbA for K = 32.00-38.05 Q = 9.51-11.31 after 2458.1 sec [total]
done with UBTbC for K = 32.00-38.05 Q = 9.51-11.31 after 2458.4 sec [total]
done with H for K = 32.00-38.05 Q = 9.51-11.31 after 2459.3 sec [total]
done with H++ for K = 32.00-38.05 Q = 9.51-11.31 after 2462.4 sec [total]
done with H+- for K = 32.00-38.05 Q = 9.51-11.31 after 2463.6 sec [total]
done with H-+ for K = 32.00-38.05 Q = 9.51-11.31 after 2464.9 sec [total]
done with H-- for K = 32.00-38.05 Q = 9.51-11.31 after 2465.2 sec [total]
done with UU for K = 38.05-45.25 Q = 9.51-11.31 after 2466.1 sec [total]
done with BB for K = 38.05-45.25 Q = 9.51-11.31 after 2467.1 sec [total]
done with UBTa for K = 38.05-45.25 Q = 9.51-11.31 after 2467.3 sec [total]
done with UBTb for K = 38.05-45.25 Q = 9.51-11.31 after 2467.5 sec [total]
done with UBTbA for K = 38.05-45.25 Q = 9.51-11.31 after 2467.7 sec [total]
done with UBTbC for K = 38.05-45.25 Q = 9.51-11.31 after 2468.0 sec [total]
done with H for K = 38.05-45.25 Q = 9.51-11.31 after 2468.8 sec [total]
done with H++ for K = 38.05-45.25 Q = 9.51-11.31 after 2472.0 sec [total]
done with H+- for K = 38.05-45.25 Q = 9.51-11.31 after 2473.2 sec [total]
done with H-+ for K = 38.05-45.25 Q = 9.51-11.31 after 2474.4 sec [total]
done with H-- for K = 38.05-45.25 Q = 9.51-11.31 after 2474.8 sec [total]
done with UU for K = 45.25-53.82 Q = 9.51-11.31 after 2475.7 sec [total]
done with BB for K = 45.25-53.82 Q = 9.51-11.31 after 2476.7 sec [total]
done with UBTa for K = 45.25-53.82 Q = 9.51-11.31 after 2476.9 sec [total]
done with UBTb for K = 45.25-53.82 Q = 9.51-11.31 after 2477.1 sec [total]
done with UBTbA for K = 45.25-53.82 Q = 9.51-11.31 after 2477.3 sec [total]
done with UBTbC for K = 45.25-53.82 Q = 9.51-11.31 after 2477.5 sec [total]
done with H for K = 45.25-53.82 Q = 9.51-11.31 after 2478.4 sec [total]
done with H++ for K = 45.25-53.82 Q = 9.51-11.31 after 2481.6 sec [total]
done with H+- for K = 45.25-53.82 Q = 9.51-11.31 after 2482.7 sec [total]
done with H-+ for K = 45.25-53.82 Q = 9.51-11.31 after 2483.8 sec [total]
done with H-- for K = 45.25-53.82 Q = 9.51-11.31 after 2484.4 sec [total]
done with UU for K = 53.82-64.00 Q = 9.51-11.31 after 2485.3 sec [total]
done with BB for K = 53.82-64.00 Q = 9.51-11.31 after 2486.3 sec [total]
done with UBTa for K = 53.82-64.00 Q = 9.51-11.31 after 2486.5 sec [total]
done with UBTb for K = 53.82-64.00 Q = 9.51-11.31 after 2486.7 sec [total]
done with UBTbA for K = 53.82-64.00 Q = 9.51-11.31 after 2486.9 sec [total]
done with UBTbC for K = 53.82-64.00 Q = 9.51-11.31 after 2487.2 sec [total]
done with H for K = 53.82-64.00 Q = 9.51-11.31 after 2488.1 sec [total]
done with H++ for K = 53.82-64.00 Q = 9.51-11.31 after 2491.3 sec [total]
done with H+- for K = 53.82-64.00 Q = 9.51-11.31 after 2492.4 sec [total]
done with H-+ for K = 53.82-64.00 Q = 9.51-11.31 after 2493.6 sec [total]
done with H-- for K = 53.82-64.00 Q = 9.51-11.31 after 2494.0 sec [total]
done with UU for K = 64.00-76.11 Q = 9.51-11.31 after 2494.9 sec [total]
done with BB for K = 64.00-76.11 Q = 9.51-11.31 after 2496.0 sec [total]
done with UBTa for K = 64.00-76.11 Q = 9.51-11.31 after 2496.2 sec [total]
done with UBTb for K = 64.00-76.11 Q = 9.51-11.31 after 2496.4 sec [total]
done with UBTbA for K = 64.00-76.11 Q = 9.51-11.31 after 2496.5 sec [total]
done with UBTbC for K = 64.00-76.11 Q = 9.51-11.31 after 2496.8 sec [total]
done with H for K = 64.00-76.11 Q = 9.51-11.31 after 2497.7 sec [total]
done with H++ for K = 64.00-76.11 Q = 9.51-11.31 after 2500.8 sec [total]
done with H+- for K = 64.00-76.11 Q = 9.51-11.31 after 2502.2 sec [total]
done with H-+ for K = 64.00-76.11 Q = 9.51-11.31 after 2503.4 sec [total]
done with H-- for K = 64.00-76.11 Q = 9.51-11.31 after 2503.6 sec [total]
done with UU for K = 76.11-90.51 Q = 9.51-11.31 after 2504.5 sec [total]
done with BB for K = 76.11-90.51 Q = 9.51-11.31 after 2505.5 sec [total]
done with UBTa for K = 76.11-90.51 Q = 9.51-11.31 after 2505.7 sec [total]
done with UBTb for K = 76.11-90.51 Q = 9.51-11.31 after 2505.9 sec [total]
done with UBTbA for K = 76.11-90.51 Q = 9.51-11.31 after 2506.1 sec [total]
done with UBTbC for K = 76.11-90.51 Q = 9.51-11.31 after 2506.4 sec [total]
done with H for K = 76.11-90.51 Q = 9.51-11.31 after 2507.2 sec [total]
done with H++ for K = 76.11-90.51 Q = 9.51-11.31 after 2510.4 sec [total]
done with H+- for K = 76.11-90.51 Q = 9.51-11.31 after 2511.6 sec [total]
done with H-+ for K = 76.11-90.51 Q = 9.51-11.31 after 2513.0 sec [total]
done with H-- for K = 76.11-90.51 Q = 9.51-11.31 after 2513.2 sec [total]
done with UU for K = 90.51-107.63 Q = 9.51-11.31 after 2514.1 sec [total]
done with BB for K = 90.51-107.63 Q = 9.51-11.31 after 2515.1 sec [total]
done with UBTa for K = 90.51-107.63 Q = 9.51-11.31 after 2515.3 sec [total]
done with UBTb for K = 90.51-107.63 Q = 9.51-11.31 after 2515.5 sec [total]
done with UBTbA for K = 90.51-107.63 Q = 9.51-11.31 after 2515.6 sec [total]
done with UBTbC for K = 90.51-107.63 Q = 9.51-11.31 after 2515.9 sec [total]
done with H for K = 90.51-107.63 Q = 9.51-11.31 after 2516.9 sec [total]
done with H++ for K = 90.51-107.63 Q = 9.51-11.31 after 2520.1 sec [total]
done with H+- for K = 90.51-107.63 Q = 9.51-11.31 after 2521.4 sec [total]
done with H-+ for K = 90.51-107.63 Q = 9.51-11.31 after 2522.6 sec [total]
done with H-- for K = 90.51-107.63 Q = 9.51-11.31 after 2522.8 sec [total]
done with UU for K = 107.63-128.00 Q = 9.51-11.31 after 2523.7 sec [total]
done with BB for K = 107.63-128.00 Q = 9.51-11.31 after 2524.8 sec [total]
done with UBTa for K = 107.63-128.00 Q = 9.51-11.31 after 2525.0 sec [total]
done with UBTb for K = 107.63-128.00 Q = 9.51-11.31 after 2525.2 sec [total]
done with UBTbA for K = 107.63-128.00 Q = 9.51-11.31 after 2525.3 sec [total]
done with UBTbC for K = 107.63-128.00 Q = 9.51-11.31 after 2525.6 sec [total]
done with H for K = 107.63-128.00 Q = 9.51-11.31 after 2526.5 sec [total]
done with H++ for K = 107.63-128.00 Q = 9.51-11.31 after 2529.6 sec [total]
done with H+- for K = 107.63-128.00 Q = 9.51-11.31 after 2531.0 sec [total]
done with H-+ for K = 107.63-128.00 Q = 9.51-11.31 after 2532.2 sec [total]
done with H-- for K = 107.63-128.00 Q = 9.51-11.31 after 2532.4 sec [total]
done with UU for K = 128.00-152.22 Q = 9.51-11.31 after 2533.3 sec [total]
done with BB for K = 128.00-152.22 Q = 9.51-11.31 after 2534.3 sec [total]
done with UBTa for K = 128.00-152.22 Q = 9.51-11.31 after 2534.5 sec [total]
done with UBTb for K = 128.00-152.22 Q = 9.51-11.31 after 2534.7 sec [total]
done with UBTbA for K = 128.00-152.22 Q = 9.51-11.31 after 2534.9 sec [total]
done with UBTbC for K = 128.00-152.22 Q = 9.51-11.31 after 2535.2 sec [total]
done with H for K = 128.00-152.22 Q = 9.51-11.31 after 2536.1 sec [total]
done with H++ for K = 128.00-152.22 Q = 9.51-11.31 after 2539.2 sec [total]
done with H+- for K = 128.00-152.22 Q = 9.51-11.31 after 2540.4 sec [total]
done with H-+ for K = 128.00-152.22 Q = 9.51-11.31 after 2541.6 sec [total]
done with H-- for K = 128.00-152.22 Q = 9.51-11.31 after 2542.0 sec [total]
done with UU for K = 152.22-181.02 Q = 9.51-11.31 after 2542.9 sec [total]
done with BB for K = 152.22-181.02 Q = 9.51-11.31 after 2544.0 sec [total]
done with UBTa for K = 152.22-181.02 Q = 9.51-11.31 after 2544.1 sec [total]
done with UBTb for K = 152.22-181.02 Q = 9.51-11.31 after 2544.3 sec [total]
done with UBTbA for K = 152.22-181.02 Q = 9.51-11.31 after 2544.5 sec [total]
done with UBTbC for K = 152.22-181.02 Q = 9.51-11.31 after 2544.8 sec [total]
done with H for K = 152.22-181.02 Q = 9.51-11.31 after 2545.7 sec [total]
done with H++ for K = 152.22-181.02 Q = 9.51-11.31 after 2548.8 sec [total]
done with H+- for K = 152.22-181.02 Q = 9.51-11.31 after 2550.0 sec [total]
done with H-+ for K = 152.22-181.02 Q = 9.51-11.31 after 2551.3 sec [total]
done with H-- for K = 152.22-181.02 Q = 9.51-11.31 after 2551.6 sec [total]
done with UU for K = 181.02-215.27 Q = 9.51-11.31 after 2552.5 sec [total]
done with BB for K = 181.02-215.27 Q = 9.51-11.31 after 2553.5 sec [total]
done with UBTa for K = 181.02-215.27 Q = 9.51-11.31 after 2553.7 sec [total]
done with UBTb for K = 181.02-215.27 Q = 9.51-11.31 after 2553.9 sec [total]
done with UBTbA for K = 181.02-215.27 Q = 9.51-11.31 after 2554.1 sec [total]
done with UBTbC for K = 181.02-215.27 Q = 9.51-11.31 after 2554.4 sec [total]
done with H for K = 181.02-215.27 Q = 9.51-11.31 after 2555.3 sec [total]
done with H++ for K = 181.02-215.27 Q = 9.51-11.31 after 2558.4 sec [total]
done with H+- for K = 181.02-215.27 Q = 9.51-11.31 after 2559.6 sec [total]
done with H-+ for K = 181.02-215.27 Q = 9.51-11.31 after 2560.9 sec [total]
done with H-- for K = 181.02-215.27 Q = 9.51-11.31 after 2561.2 sec [total]
done with UU for K = 215.27-256.00 Q = 9.51-11.31 after 2562.1 sec [total]
done with BB for K = 215.27-256.00 Q = 9.51-11.31 after 2563.1 sec [total]
done with UBTa for K = 215.27-256.00 Q = 9.51-11.31 after 2563.3 sec [total]
done with UBTb for K = 215.27-256.00 Q = 9.51-11.31 after 2563.5 sec [total]
done with UBTbA for K = 215.27-256.00 Q = 9.51-11.31 after 2563.7 sec [total]
done with UBTbC for K = 215.27-256.00 Q = 9.51-11.31 after 2564.0 sec [total]
done with H for K = 215.27-256.00 Q = 9.51-11.31 after 2564.9 sec [total]
done with H++ for K = 215.27-256.00 Q = 9.51-11.31 after 2568.0 sec [total]
done with H+- for K = 215.27-256.00 Q = 9.51-11.31 after 2569.0 sec [total]
done with H-+ for K = 215.27-256.00 Q = 9.51-11.31 after 2570.1 sec [total]
done with H-- for K = 215.27-256.00 Q = 9.51-11.31 after 2570.8 sec [total]
done with UU for K = 256.00-304.44 Q = 9.51-11.31 after 2571.7 sec [total]
done with BB for K = 256.00-304.44 Q = 9.51-11.31 after 2572.7 sec [total]
done with UBTa for K = 256.00-304.44 Q = 9.51-11.31 after 2572.9 sec [total]
done with UBTb for K = 256.00-304.44 Q = 9.51-11.31 after 2573.1 sec [total]
done with UBTbA for K = 256.00-304.44 Q = 9.51-11.31 after 2573.3 sec [total]
done with UBTbC for K = 256.00-304.44 Q = 9.51-11.31 after 2573.6 sec [total]
done with H for K = 256.00-304.44 Q = 9.51-11.31 after 2574.5 sec [total]
done with H++ for K = 256.00-304.44 Q = 9.51-11.31 after 2577.6 sec [total]
done with H+- for K = 256.00-304.44 Q = 9.51-11.31 after 2578.9 sec [total]
done with H-+ for K = 256.00-304.44 Q = 9.51-11.31 after 2580.2 sec [total]
done with H-- for K = 256.00-304.44 Q = 9.51-11.31 after 2580.4 sec [total]
done with UU for K = 304.44-362.04 Q = 9.51-11.31 after 2581.3 sec [total]
done with BB for K = 304.44-362.04 Q = 9.51-11.31 after 2582.4 sec [total]
done with UBTa for K = 304.44-362.04 Q = 9.51-11.31 after 2582.6 sec [total]
done with UBTb for K = 304.44-362.04 Q = 9.51-11.31 after 2582.8 sec [total]
done with UBTbA for K = 304.44-362.04 Q = 9.51-11.31 after 2582.9 sec [total]
done with UBTbC for K = 304.44-362.04 Q = 9.51-11.31 after 2583.2 sec [total]
done with H for K = 304.44-362.04 Q = 9.51-11.31 after 2584.1 sec [total]
done with H++ for K = 304.44-362.04 Q = 9.51-11.31 after 2587.2 sec [total]
done with H+- for K = 304.44-362.04 Q = 9.51-11.31 after 2588.5 sec [total]
done with H-+ for K = 304.44-362.04 Q = 9.51-11.31 after 2589.8 sec [total]
done with H-- for K = 304.44-362.04 Q = 9.51-11.31 after 2590.0 sec [total]
done with UU for K = 362.04-430.54 Q = 9.51-11.31 after 2590.9 sec [total]
done with BB for K = 362.04-430.54 Q = 9.51-11.31 after 2592.0 sec [total]
done with UBTa for K = 362.04-430.54 Q = 9.51-11.31 after 2592.2 sec [total]
done with UBTb for K = 362.04-430.54 Q = 9.51-11.31 after 2592.4 sec [total]
done with UBTbA for K = 362.04-430.54 Q = 9.51-11.31 after 2592.5 sec [total]
done with UBTbC for K = 362.04-430.54 Q = 9.51-11.31 after 2592.8 sec [total]
done with H for K = 362.04-430.54 Q = 9.51-11.31 after 2593.7 sec [total]
done with H++ for K = 362.04-430.54 Q = 9.51-11.31 after 2596.8 sec [total]
done with H+- for K = 362.04-430.54 Q = 9.51-11.31 after 2597.9 sec [total]
done with H-+ for K = 362.04-430.54 Q = 9.51-11.31 after 2599.1 sec [total]
done with H-- for K = 362.04-430.54 Q = 9.51-11.31 after 2599.6 sec [total]
done with UU for K = 430.54-512.00 Q = 9.51-11.31 after 2600.5 sec [total]
done with BB for K = 430.54-512.00 Q = 9.51-11.31 after 2601.5 sec [total]
done with UBTa for K = 430.54-512.00 Q = 9.51-11.31 after 2601.7 sec [total]
done with UBTb for K = 430.54-512.00 Q = 9.51-11.31 after 2601.9 sec [total]
done with UBTbA for K = 430.54-512.00 Q = 9.51-11.31 after 2602.1 sec [total]
done with UBTbC for K = 430.54-512.00 Q = 9.51-11.31 after 2602.4 sec [total]
done with H for K = 430.54-512.00 Q = 9.51-11.31 after 2603.3 sec [total]
done with H++ for K = 430.54-512.00 Q = 9.51-11.31 after 2606.5 sec [total]
done with H+- for K = 430.54-512.00 Q = 9.51-11.31 after 2607.5 sec [total]
done with H-+ for K = 430.54-512.00 Q = 9.51-11.31 after 2608.6 sec [total]
done with H-- for K = 430.54-512.00 Q = 9.51-11.31 after 2609.2 sec [total]
done with UU for K = 512.00-608.87 Q = 9.51-11.31 after 2610.1 sec [total]
done with BB for K = 512.00-608.87 Q = 9.51-11.31 after 2611.2 sec [total]
done with UBTa for K = 512.00-608.87 Q = 9.51-11.31 after 2611.4 sec [total]
done with UBTb for K = 512.00-608.87 Q = 9.51-11.31 after 2611.6 sec [total]
done with UBTbA for K = 512.00-608.87 Q = 9.51-11.31 after 2611.7 sec [total]
done with UBTbC for K = 512.00-608.87 Q = 9.51-11.31 after 2612.0 sec [total]
done with H for K = 512.00-608.87 Q = 9.51-11.31 after 2612.9 sec [total]
done with H++ for K = 512.00-608.87 Q = 9.51-11.31 after 2616.0 sec [total]
done with H+- for K = 512.00-608.87 Q = 9.51-11.31 after 2617.2 sec [total]
done with H-+ for K = 512.00-608.87 Q = 9.51-11.31 after 2618.3 sec [total]
done with H-- for K = 512.00-608.87 Q = 9.51-11.31 after 2618.8 sec [total]
done with UU for K = 608.87-724.08 Q = 9.51-11.31 after 2619.7 sec [total]
done with BB for K = 608.87-724.08 Q = 9.51-11.31 after 2620.8 sec [total]
done with UBTa for K = 608.87-724.08 Q = 9.51-11.31 after 2621.0 sec [total]
done with UBTb for K = 608.87-724.08 Q = 9.51-11.31 after 2621.2 sec [total]
done with UBTbA for K = 608.87-724.08 Q = 9.51-11.31 after 2621.3 sec [total]
done with UBTbC for K = 608.87-724.08 Q = 9.51-11.31 after 2621.6 sec [total]
done with H for K = 608.87-724.08 Q = 9.51-11.31 after 2622.5 sec [total]
done with H++ for K = 608.87-724.08 Q = 9.51-11.31 after 2625.7 sec [total]
done with H+- for K = 608.87-724.08 Q = 9.51-11.31 after 2626.9 sec [total]
done with H-+ for K = 608.87-724.08 Q = 9.51-11.31 after 2628.1 sec [total]
done with H-- for K = 608.87-724.08 Q = 9.51-11.31 after 2628.5 sec [total]
done with UU for K = 724.08-861.08 Q = 9.51-11.31 after 2629.4 sec [total]
done with BB for K = 724.08-861.08 Q = 9.51-11.31 after 2630.4 sec [total]
done with UBTa for K = 724.08-861.08 Q = 9.51-11.31 after 2630.6 sec [total]
done with UBTb for K = 724.08-861.08 Q = 9.51-11.31 after 2630.8 sec [total]
done with UBTbA for K = 724.08-861.08 Q = 9.51-11.31 after 2631.0 sec [total]
done with UBTbC for K = 724.08-861.08 Q = 9.51-11.31 after 2631.3 sec [total]
done with H for K = 724.08-861.08 Q = 9.51-11.31 after 2632.2 sec [total]
done with H++ for K = 724.08-861.08 Q = 9.51-11.31 after 2635.4 sec [total]
done with H+- for K = 724.08-861.08 Q = 9.51-11.31 after 2636.6 sec [total]
done with H-+ for K = 724.08-861.08 Q = 9.51-11.31 after 2637.9 sec [total]
done with H-- for K = 724.08-861.08 Q = 9.51-11.31 after 2638.1 sec [total]
done with UU for K = 861.08-1024.00 Q = 9.51-11.31 after 2639.0 sec [total]
done with BB for K = 861.08-1024.00 Q = 9.51-11.31 after 2640.1 sec [total]
done with UBTa for K = 861.08-1024.00 Q = 9.51-11.31 after 2640.3 sec [total]
done with UBTb for K = 861.08-1024.00 Q = 9.51-11.31 after 2640.5 sec [total]
done with UBTbA for K = 861.08-1024.00 Q = 9.51-11.31 after 2640.6 sec [total]
done with UBTbC for K = 861.08-1024.00 Q = 9.51-11.31 after 2640.9 sec [total]
done with H for K = 861.08-1024.00 Q = 9.51-11.31 after 2641.8 sec [total]
done with H++ for K = 861.08-1024.00 Q = 9.51-11.31 after 2645.0 sec [total]
done with H+- for K = 861.08-1024.00 Q = 9.51-11.31 after 2646.1 sec [total]
done with H-+ for K = 861.08-1024.00 Q = 9.51-11.31 after 2647.2 sec [total]
done with H-- for K = 861.08-1024.00 Q = 9.51-11.31 after 2647.7 sec [total]
done with UU for K = 0.00-3.36 Q = 11.31-13.45 after 2649.4 sec [total]
done with BB for K = 0.00-3.36 Q = 11.31-13.45 after 2651.6 sec [total]
done with UBTa for K = 0.00-3.36 Q = 11.31-13.45 after 2652.6 sec [total]
done with UBTb for K = 0.00-3.36 Q = 11.31-13.45 after 2653.7 sec [total]
done with UBTbA for K = 0.00-3.36 Q = 11.31-13.45 after 2654.8 sec [total]
done with UBTbC for K = 0.00-3.36 Q = 11.31-13.45 after 2655.1 sec [total]
done with H for K = 0.00-3.36 Q = 11.31-13.45 after 2656.0 sec [total]
done with H++ for K = 0.00-3.36 Q = 11.31-13.45 after 2659.2 sec [total]
done with H+- for K = 0.00-3.36 Q = 11.31-13.45 after 2660.3 sec [total]
done with H-+ for K = 0.00-3.36 Q = 11.31-13.45 after 2661.4 sec [total]
done with H-- for K = 0.00-3.36 Q = 11.31-13.45 after 2661.9 sec [total]
done with UU for K = 3.36-4.00 Q = 11.31-13.45 after 2662.8 sec [total]
done with BB for K = 3.36-4.00 Q = 11.31-13.45 after 2663.8 sec [total]
done with UBTa for K = 3.36-4.00 Q = 11.31-13.45 after 2664.0 sec [total]
done with UBTb for K = 3.36-4.00 Q = 11.31-13.45 after 2664.2 sec [total]
done with UBTbA for K = 3.36-4.00 Q = 11.31-13.45 after 2664.4 sec [total]
done with UBTbC for K = 3.36-4.00 Q = 11.31-13.45 after 2664.7 sec [total]
done with H for K = 3.36-4.00 Q = 11.31-13.45 after 2665.6 sec [total]
done with H++ for K = 3.36-4.00 Q = 11.31-13.45 after 2668.8 sec [total]
done with H+- for K = 3.36-4.00 Q = 11.31-13.45 after 2670.0 sec [total]
done with H-+ for K = 3.36-4.00 Q = 11.31-13.45 after 2671.0 sec [total]
done with H-- for K = 3.36-4.00 Q = 11.31-13.45 after 2671.6 sec [total]
done with UU for K = 4.00-4.76 Q = 11.31-13.45 after 2672.5 sec [total]
done with BB for K = 4.00-4.76 Q = 11.31-13.45 after 2673.5 sec [total]
done with UBTa for K = 4.00-4.76 Q = 11.31-13.45 after 2673.7 sec [total]
done with UBTb for K = 4.00-4.76 Q = 11.31-13.45 after 2673.9 sec [total]
done with UBTbA for K = 4.00-4.76 Q = 11.31-13.45 after 2674.0 sec [total]
done with UBTbC for K = 4.00-4.76 Q = 11.31-13.45 after 2674.4 sec [total]
done with H for K = 4.00-4.76 Q = 11.31-13.45 after 2675.2 sec [total]
done with H++ for K = 4.00-4.76 Q = 11.31-13.45 after 2678.4 sec [total]
done with H+- for K = 4.00-4.76 Q = 11.31-13.45 after 2679.5 sec [total]
done with H-+ for K = 4.00-4.76 Q = 11.31-13.45 after 2680.6 sec [total]
done with H-- for K = 4.00-4.76 Q = 11.31-13.45 after 2681.1 sec [total]
done with UU for K = 4.76-5.66 Q = 11.31-13.45 after 2682.0 sec [total]
done with BB for K = 4.76-5.66 Q = 11.31-13.45 after 2683.0 sec [total]
done with UBTa for K = 4.76-5.66 Q = 11.31-13.45 after 2683.3 sec [total]
done with UBTb for K = 4.76-5.66 Q = 11.31-13.45 after 2683.5 sec [total]
done with UBTbA for K = 4.76-5.66 Q = 11.31-13.45 after 2683.6 sec [total]
done with UBTbC for K = 4.76-5.66 Q = 11.31-13.45 after 2683.9 sec [total]
done with H for K = 4.76-5.66 Q = 11.31-13.45 after 2684.8 sec [total]
done with H++ for K = 4.76-5.66 Q = 11.31-13.45 after 2687.9 sec [total]
done with H+- for K = 4.76-5.66 Q = 11.31-13.45 after 2689.2 sec [total]
done with H-+ for K = 4.76-5.66 Q = 11.31-13.45 after 2690.5 sec [total]
done with H-- for K = 4.76-5.66 Q = 11.31-13.45 after 2690.7 sec [total]
done with UU for K = 5.66-6.73 Q = 11.31-13.45 after 2691.6 sec [total]
done with BB for K = 5.66-6.73 Q = 11.31-13.45 after 2692.7 sec [total]
done with UBTa for K = 5.66-6.73 Q = 11.31-13.45 after 2692.9 sec [total]
done with UBTb for K = 5.66-6.73 Q = 11.31-13.45 after 2693.1 sec [total]
done with UBTbA for K = 5.66-6.73 Q = 11.31-13.45 after 2693.2 sec [total]
done with UBTbC for K = 5.66-6.73 Q = 11.31-13.45 after 2693.5 sec [total]
done with H for K = 5.66-6.73 Q = 11.31-13.45 after 2694.4 sec [total]
done with H++ for K = 5.66-6.73 Q = 11.31-13.45 after 2697.6 sec [total]
done with H+- for K = 5.66-6.73 Q = 11.31-13.45 after 2698.7 sec [total]
done with H-+ for K = 5.66-6.73 Q = 11.31-13.45 after 2699.9 sec [total]
done with H-- for K = 5.66-6.73 Q = 11.31-13.45 after 2700.3 sec [total]
done with UU for K = 6.73-8.00 Q = 11.31-13.45 after 2701.2 sec [total]
done with BB for K = 6.73-8.00 Q = 11.31-13.45 after 2702.3 sec [total]
done with UBTa for K = 6.73-8.00 Q = 11.31-13.45 after 2702.4 sec [total]
done with UBTb for K = 6.73-8.00 Q = 11.31-13.45 after 2702.6 sec [total]
done with UBTbA for K = 6.73-8.00 Q = 11.31-13.45 after 2702.8 sec [total]
done with UBTbC for K = 6.73-8.00 Q = 11.31-13.45 after 2703.1 sec [total]
done with H for K = 6.73-8.00 Q = 11.31-13.45 after 2704.0 sec [total]
done with H++ for K = 6.73-8.00 Q = 11.31-13.45 after 2707.2 sec [total]
done with H+- for K = 6.73-8.00 Q = 11.31-13.45 after 2708.3 sec [total]
done with H-+ for K = 6.73-8.00 Q = 11.31-13.45 after 2709.5 sec [total]
done with H-- for K = 6.73-8.00 Q = 11.31-13.45 after 2709.9 sec [total]
done with UU for K = 8.00-9.51 Q = 11.31-13.45 after 2710.8 sec [total]
done with BB for K = 8.00-9.51 Q = 11.31-13.45 after 2711.9 sec [total]
done with UBTa for K = 8.00-9.51 Q = 11.31-13.45 after 2712.1 sec [total]
done with UBTb for K = 8.00-9.51 Q = 11.31-13.45 after 2712.3 sec [total]
done with UBTbA for K = 8.00-9.51 Q = 11.31-13.45 after 2712.5 sec [total]
done with UBTbC for K = 8.00-9.51 Q = 11.31-13.45 after 2712.7 sec [total]
done with H for K = 8.00-9.51 Q = 11.31-13.45 after 2713.6 sec [total]
done with H++ for K = 8.00-9.51 Q = 11.31-13.45 after 2716.8 sec [total]
done with H+- for K = 8.00-9.51 Q = 11.31-13.45 after 2718.0 sec [total]
done with H-+ for K = 8.00-9.51 Q = 11.31-13.45 after 2719.1 sec [total]
done with H-- for K = 8.00-9.51 Q = 11.31-13.45 after 2719.5 sec [total]
done with UU for K = 9.51-11.31 Q = 11.31-13.45 after 2720.4 sec [total]
done with BB for K = 9.51-11.31 Q = 11.31-13.45 after 2721.5 sec [total]
done with UBTa for K = 9.51-11.31 Q = 11.31-13.45 after 2721.6 sec [total]
done with UBTb for K = 9.51-11.31 Q = 11.31-13.45 after 2721.8 sec [total]
done with UBTbA for K = 9.51-11.31 Q = 11.31-13.45 after 2722.0 sec [total]
done with UBTbC for K = 9.51-11.31 Q = 11.31-13.45 after 2722.3 sec [total]
done with H for K = 9.51-11.31 Q = 11.31-13.45 after 2723.2 sec [total]
done with H++ for K = 9.51-11.31 Q = 11.31-13.45 after 2726.3 sec [total]
done with H+- for K = 9.51-11.31 Q = 11.31-13.45 after 2727.5 sec [total]
done with H-+ for K = 9.51-11.31 Q = 11.31-13.45 after 2728.6 sec [total]
done with H-- for K = 9.51-11.31 Q = 11.31-13.45 after 2729.1 sec [total]
done with UU for K = 11.31-13.45 Q = 11.31-13.45 after 2730.0 sec [total]
done with BB for K = 11.31-13.45 Q = 11.31-13.45 after 2731.1 sec [total]
done with UBTa for K = 11.31-13.45 Q = 11.31-13.45 after 2731.2 sec [total]
done with UBTb for K = 11.31-13.45 Q = 11.31-13.45 after 2731.4 sec [total]
done with UBTbA for K = 11.31-13.45 Q = 11.31-13.45 after 2731.6 sec [total]
done with UBTbC for K = 11.31-13.45 Q = 11.31-13.45 after 2731.9 sec [total]
done with H for K = 11.31-13.45 Q = 11.31-13.45 after 2732.8 sec [total]
done with H++ for K = 11.31-13.45 Q = 11.31-13.45 after 2735.8 sec [total]
done with H+- for K = 11.31-13.45 Q = 11.31-13.45 after 2736.9 sec [total]
done with H-+ for K = 11.31-13.45 Q = 11.31-13.45 after 2738.1 sec [total]
done with H-- for K = 11.31-13.45 Q = 11.31-13.45 after 2738.7 sec [total]
done with UU for K = 13.45-16.00 Q = 11.31-13.45 after 2739.6 sec [total]
done with BB for K = 13.45-16.00 Q = 11.31-13.45 after 2740.7 sec [total]
done with UBTa for K = 13.45-16.00 Q = 11.31-13.45 after 2740.9 sec [total]
done with UBTb for K = 13.45-16.00 Q = 11.31-13.45 after 2741.1 sec [total]
done with UBTbA for K = 13.45-16.00 Q = 11.31-13.45 after 2741.3 sec [total]
done with UBTbC for K = 13.45-16.00 Q = 11.31-13.45 after 2741.6 sec [total]
done with H for K = 13.45-16.00 Q = 11.31-13.45 after 2742.4 sec [total]
done with H++ for K = 13.45-16.00 Q = 11.31-13.45 after 2745.6 sec [total]
done with H+- for K = 13.45-16.00 Q = 11.31-13.45 after 2746.8 sec [total]
done with H-+ for K = 13.45-16.00 Q = 11.31-13.45 after 2748.0 sec [total]
done with H-- for K = 13.45-16.00 Q = 11.31-13.45 after 2748.3 sec [total]
done with UU for K = 16.00-19.03 Q = 11.31-13.45 after 2749.2 sec [total]
done with BB for K = 16.00-19.03 Q = 11.31-13.45 after 2750.3 sec [total]
done with UBTa for K = 16.00-19.03 Q = 11.31-13.45 after 2750.4 sec [total]
done with UBTb for K = 16.00-19.03 Q = 11.31-13.45 after 2750.6 sec [total]
done with UBTbA for K = 16.00-19.03 Q = 11.31-13.45 after 2750.8 sec [total]
done with UBTbC for K = 16.00-19.03 Q = 11.31-13.45 after 2751.1 sec [total]
done with H for K = 16.00-19.03 Q = 11.31-13.45 after 2752.0 sec [total]
done with H++ for K = 16.00-19.03 Q = 11.31-13.45 after 2755.2 sec [total]
done with H+- for K = 16.00-19.03 Q = 11.31-13.45 after 2756.3 sec [total]
done with H-+ for K = 16.00-19.03 Q = 11.31-13.45 after 2757.4 sec [total]
done with H-- for K = 16.00-19.03 Q = 11.31-13.45 after 2757.9 sec [total]
done with UU for K = 19.03-22.63 Q = 11.31-13.45 after 2758.8 sec [total]
done with BB for K = 19.03-22.63 Q = 11.31-13.45 after 2759.9 sec [total]
done with UBTa for K = 19.03-22.63 Q = 11.31-13.45 after 2760.1 sec [total]
done with UBTb for K = 19.03-22.63 Q = 11.31-13.45 after 2760.3 sec [total]
done with UBTbA for K = 19.03-22.63 Q = 11.31-13.45 after 2760.5 sec [total]
done with UBTbC for K = 19.03-22.63 Q = 11.31-13.45 after 2760.8 sec [total]
done with H for K = 19.03-22.63 Q = 11.31-13.45 after 2761.6 sec [total]
done with H++ for K = 19.03-22.63 Q = 11.31-13.45 after 2764.8 sec [total]
done with H+- for K = 19.03-22.63 Q = 11.31-13.45 after 2766.0 sec [total]
done with H-+ for K = 19.03-22.63 Q = 11.31-13.45 after 2767.1 sec [total]
done with H-- for K = 19.03-22.63 Q = 11.31-13.45 after 2767.5 sec [total]
done with UU for K = 22.63-26.91 Q = 11.31-13.45 after 2768.4 sec [total]
done with BB for K = 22.63-26.91 Q = 11.31-13.45 after 2769.4 sec [total]
done with UBTa for K = 22.63-26.91 Q = 11.31-13.45 after 2769.6 sec [total]
done with UBTb for K = 22.63-26.91 Q = 11.31-13.45 after 2769.8 sec [total]
done with UBTbA for K = 22.63-26.91 Q = 11.31-13.45 after 2770.0 sec [total]
done with UBTbC for K = 22.63-26.91 Q = 11.31-13.45 after 2770.3 sec [total]
done with H for K = 22.63-26.91 Q = 11.31-13.45 after 2771.2 sec [total]
done with H++ for K = 22.63-26.91 Q = 11.31-13.45 after 2774.3 sec [total]
done with H+- for K = 22.63-26.91 Q = 11.31-13.45 after 2775.5 sec [total]
done with H-+ for K = 22.63-26.91 Q = 11.31-13.45 after 2776.6 sec [total]
done with H-- for K = 22.63-26.91 Q = 11.31-13.45 after 2777.1 sec [total]
done with UU for K = 26.91-32.00 Q = 11.31-13.45 after 2778.0 sec [total]
done with BB for K = 26.91-32.00 Q = 11.31-13.45 after 2779.0 sec [total]
done with UBTa for K = 26.91-32.00 Q = 11.31-13.45 after 2779.2 sec [total]
done with UBTb for K = 26.91-32.00 Q = 11.31-13.45 after 2779.4 sec [total]
done with UBTbA for K = 26.91-32.00 Q = 11.31-13.45 after 2779.6 sec [total]
done with UBTbC for K = 26.91-32.00 Q = 11.31-13.45 after 2779.9 sec [total]
done with H for K = 26.91-32.00 Q = 11.31-13.45 after 2780.8 sec [total]
done with H++ for K = 26.91-32.00 Q = 11.31-13.45 after 2783.9 sec [total]
done with H+- for K = 26.91-32.00 Q = 11.31-13.45 after 2785.0 sec [total]
done with H-+ for K = 26.91-32.00 Q = 11.31-13.45 after 2786.1 sec [total]
done with H-- for K = 26.91-32.00 Q = 11.31-13.45 after 2786.7 sec [total]
done with UU for K = 32.00-38.05 Q = 11.31-13.45 after 2787.6 sec [total]
done with BB for K = 32.00-38.05 Q = 11.31-13.45 after 2788.6 sec [total]
done with UBTa for K = 32.00-38.05 Q = 11.31-13.45 after 2788.8 sec [total]
done with UBTb for K = 32.00-38.05 Q = 11.31-13.45 after 2789.0 sec [total]
done with UBTbA for K = 32.00-38.05 Q = 11.31-13.45 after 2789.2 sec [total]
done with UBTbC for K = 32.00-38.05 Q = 11.31-13.45 after 2789.5 sec [total]
done with H for K = 32.00-38.05 Q = 11.31-13.45 after 2790.4 sec [total]
done with H++ for K = 32.00-38.05 Q = 11.31-13.45 after 2793.6 sec [total]
done with H+- for K = 32.00-38.05 Q = 11.31-13.45 after 2794.7 sec [total]
done with H-+ for K = 32.00-38.05 Q = 11.31-13.45 after 2795.8 sec [total]
done with H-- for K = 32.00-38.05 Q = 11.31-13.45 after 2796.4 sec [total]
done with UU for K = 38.05-45.25 Q = 11.31-13.45 after 2797.3 sec [total]
done with BB for K = 38.05-45.25 Q = 11.31-13.45 after 2798.3 sec [total]
done with UBTa for K = 38.05-45.25 Q = 11.31-13.45 after 2798.5 sec [total]
done with UBTb for K = 38.05-45.25 Q = 11.31-13.45 after 2798.7 sec [total]
done with UBTbA for K = 38.05-45.25 Q = 11.31-13.45 after 2798.9 sec [total]
done with UBTbC for K = 38.05-45.25 Q = 11.31-13.45 after 2799.1 sec [total]
done with H for K = 38.05-45.25 Q = 11.31-13.45 after 2800.0 sec [total]
done with H++ for K = 38.05-45.25 Q = 11.31-13.45 after 2803.2 sec [total]
done with H+- for K = 38.05-45.25 Q = 11.31-13.45 after 2804.3 sec [total]
done with H-+ for K = 38.05-45.25 Q = 11.31-13.45 after 2805.4 sec [total]
done with H-- for K = 38.05-45.25 Q = 11.31-13.45 after 2806.0 sec [total]
done with UU for K = 45.25-53.82 Q = 11.31-13.45 after 2806.9 sec [total]
done with BB for K = 45.25-53.82 Q = 11.31-13.45 after 2807.9 sec [total]
done with UBTa for K = 45.25-53.82 Q = 11.31-13.45 after 2808.1 sec [total]
done with UBTb for K = 45.25-53.82 Q = 11.31-13.45 after 2808.3 sec [total]
done with UBTbA for K = 45.25-53.82 Q = 11.31-13.45 after 2808.5 sec [total]
done with UBTbC for K = 45.25-53.82 Q = 11.31-13.45 after 2808.7 sec [total]
done with H for K = 45.25-53.82 Q = 11.31-13.45 after 2809.7 sec [total]
done with H++ for K = 45.25-53.82 Q = 11.31-13.45 after 2812.8 sec [total]
done with H+- for K = 45.25-53.82 Q = 11.31-13.45 after 2814.1 sec [total]
done with H-+ for K = 45.25-53.82 Q = 11.31-13.45 after 2815.3 sec [total]
done with H-- for K = 45.25-53.82 Q = 11.31-13.45 after 2815.6 sec [total]
done with UU for K = 53.82-64.00 Q = 11.31-13.45 after 2816.5 sec [total]
done with BB for K = 53.82-64.00 Q = 11.31-13.45 after 2817.5 sec [total]
done with UBTa for K = 53.82-64.00 Q = 11.31-13.45 after 2817.7 sec [total]
done with UBTb for K = 53.82-64.00 Q = 11.31-13.45 after 2817.9 sec [total]
done with UBTbA for K = 53.82-64.00 Q = 11.31-13.45 after 2818.1 sec [total]
done with UBTbC for K = 53.82-64.00 Q = 11.31-13.45 after 2818.4 sec [total]
done with H for K = 53.82-64.00 Q = 11.31-13.45 after 2819.3 sec [total]
done with H++ for K = 53.82-64.00 Q = 11.31-13.45 after 2822.4 sec [total]
done with H+- for K = 53.82-64.00 Q = 11.31-13.45 after 2823.7 sec [total]
done with H-+ for K = 53.82-64.00 Q = 11.31-13.45 after 2824.9 sec [total]
done with H-- for K = 53.82-64.00 Q = 11.31-13.45 after 2825.2 sec [total]
done with UU for K = 64.00-76.11 Q = 11.31-13.45 after 2826.1 sec [total]
done with BB for K = 64.00-76.11 Q = 11.31-13.45 after 2827.2 sec [total]
done with UBTa for K = 64.00-76.11 Q = 11.31-13.45 after 2827.3 sec [total]
done with UBTb for K = 64.00-76.11 Q = 11.31-13.45 after 2827.5 sec [total]
done with UBTbA for K = 64.00-76.11 Q = 11.31-13.45 after 2827.7 sec [total]
done with UBTbC for K = 64.00-76.11 Q = 11.31-13.45 after 2828.0 sec [total]
done with H for K = 64.00-76.11 Q = 11.31-13.45 after 2828.9 sec [total]
done with H++ for K = 64.00-76.11 Q = 11.31-13.45 after 2832.1 sec [total]
done with H+- for K = 64.00-76.11 Q = 11.31-13.45 after 2833.3 sec [total]
done with H-+ for K = 64.00-76.11 Q = 11.31-13.45 after 2834.5 sec [total]
done with H-- for K = 64.00-76.11 Q = 11.31-13.45 after 2834.8 sec [total]
done with UU for K = 76.11-90.51 Q = 11.31-13.45 after 2835.7 sec [total]
done with BB for K = 76.11-90.51 Q = 11.31-13.45 after 2836.8 sec [total]
done with UBTa for K = 76.11-90.51 Q = 11.31-13.45 after 2837.0 sec [total]
done with UBTb for K = 76.11-90.51 Q = 11.31-13.45 after 2837.2 sec [total]
done with UBTbA for K = 76.11-90.51 Q = 11.31-13.45 after 2837.4 sec [total]
done with UBTbC for K = 76.11-90.51 Q = 11.31-13.45 after 2837.7 sec [total]
done with H for K = 76.11-90.51 Q = 11.31-13.45 after 2838.5 sec [total]
done with H++ for K = 76.11-90.51 Q = 11.31-13.45 after 2841.7 sec [total]
done with H+- for K = 76.11-90.51 Q = 11.31-13.45 after 2842.9 sec [total]
done with H-+ for K = 76.11-90.51 Q = 11.31-13.45 after 2843.9 sec [total]
done with H-- for K = 76.11-90.51 Q = 11.31-13.45 after 2844.5 sec [total]
done with UU for K = 90.51-107.63 Q = 11.31-13.45 after 2845.4 sec [total]
done with BB for K = 90.51-107.63 Q = 11.31-13.45 after 2846.4 sec [total]
done with UBTa for K = 90.51-107.63 Q = 11.31-13.45 after 2846.6 sec [total]
done with UBTb for K = 90.51-107.63 Q = 11.31-13.45 after 2846.8 sec [total]
done with UBTbA for K = 90.51-107.63 Q = 11.31-13.45 after 2847.0 sec [total]
done with UBTbC for K = 90.51-107.63 Q = 11.31-13.45 after 2847.3 sec [total]
done with H for K = 90.51-107.63 Q = 11.31-13.45 after 2848.2 sec [total]
done with H++ for K = 90.51-107.63 Q = 11.31-13.45 after 2851.4 sec [total]
done with H+- for K = 90.51-107.63 Q = 11.31-13.45 after 2852.5 sec [total]
done with H-+ for K = 90.51-107.63 Q = 11.31-13.45 after 2853.5 sec [total]
done with H-- for K = 90.51-107.63 Q = 11.31-13.45 after 2854.1 sec [total]
done with UU for K = 107.63-128.00 Q = 11.31-13.45 after 2855.0 sec [total]
done with BB for K = 107.63-128.00 Q = 11.31-13.45 after 2856.1 sec [total]
done with UBTa for K = 107.63-128.00 Q = 11.31-13.45 after 2856.3 sec [total]
done with UBTb for K = 107.63-128.00 Q = 11.31-13.45 after 2856.5 sec [total]
done with UBTbA for K = 107.63-128.00 Q = 11.31-13.45 after 2856.6 sec [total]
done with UBTbC for K = 107.63-128.00 Q = 11.31-13.45 after 2856.9 sec [total]
done with H for K = 107.63-128.00 Q = 11.31-13.45 after 2857.8 sec [total]
done with H++ for K = 107.63-128.00 Q = 11.31-13.45 after 2860.9 sec [total]
done with H+- for K = 107.63-128.00 Q = 11.31-13.45 after 2862.1 sec [total]
done with H-+ for K = 107.63-128.00 Q = 11.31-13.45 after 2863.1 sec [total]
done with H-- for K = 107.63-128.00 Q = 11.31-13.45 after 2863.7 sec [total]
done with UU for K = 128.00-152.22 Q = 11.31-13.45 after 2864.6 sec [total]
done with BB for K = 128.00-152.22 Q = 11.31-13.45 after 2865.7 sec [total]
done with UBTa for K = 128.00-152.22 Q = 11.31-13.45 after 2865.9 sec [total]
done with UBTb for K = 128.00-152.22 Q = 11.31-13.45 after 2866.1 sec [total]
done with UBTbA for K = 128.00-152.22 Q = 11.31-13.45 after 2866.3 sec [total]
done with UBTbC for K = 128.00-152.22 Q = 11.31-13.45 after 2866.5 sec [total]
done with H for K = 128.00-152.22 Q = 11.31-13.45 after 2867.4 sec [total]
done with H++ for K = 128.00-152.22 Q = 11.31-13.45 after 2870.5 sec [total]
done with H+- for K = 128.00-152.22 Q = 11.31-13.45 after 2871.6 sec [total]
done with H-+ for K = 128.00-152.22 Q = 11.31-13.45 after 2872.8 sec [total]
done with H-- for K = 128.00-152.22 Q = 11.31-13.45 after 2873.3 sec [total]
done with UU for K = 152.22-181.02 Q = 11.31-13.45 after 2874.2 sec [total]
done with BB for K = 152.22-181.02 Q = 11.31-13.45 after 2875.3 sec [total]
done with UBTa for K = 152.22-181.02 Q = 11.31-13.45 after 2875.5 sec [total]
done with UBTb for K = 152.22-181.02 Q = 11.31-13.45 after 2875.7 sec [total]
done with UBTbA for K = 152.22-181.02 Q = 11.31-13.45 after 2875.8 sec [total]
done with UBTbC for K = 152.22-181.02 Q = 11.31-13.45 after 2876.1 sec [total]
done with H for K = 152.22-181.02 Q = 11.31-13.45 after 2877.0 sec [total]
done with H++ for K = 152.22-181.02 Q = 11.31-13.45 after 2880.2 sec [total]
done with H+- for K = 152.22-181.02 Q = 11.31-13.45 after 2881.4 sec [total]
done with H-+ for K = 152.22-181.02 Q = 11.31-13.45 after 2882.5 sec [total]
done with H-- for K = 152.22-181.02 Q = 11.31-13.45 after 2882.9 sec [total]
done with UU for K = 181.02-215.27 Q = 11.31-13.45 after 2883.8 sec [total]
done with BB for K = 181.02-215.27 Q = 11.31-13.45 after 2884.8 sec [total]
done with UBTa for K = 181.02-215.27 Q = 11.31-13.45 after 2885.0 sec [total]
done with UBTb for K = 181.02-215.27 Q = 11.31-13.45 after 2885.2 sec [total]
done with UBTbA for K = 181.02-215.27 Q = 11.31-13.45 after 2885.4 sec [total]
done with UBTbC for K = 181.02-215.27 Q = 11.31-13.45 after 2885.7 sec [total]
done with H for K = 181.02-215.27 Q = 11.31-13.45 after 2886.6 sec [total]
done with H++ for K = 181.02-215.27 Q = 11.31-13.45 after 2889.7 sec [total]
done with H+- for K = 181.02-215.27 Q = 11.31-13.45 after 2890.9 sec [total]
done with H-+ for K = 181.02-215.27 Q = 11.31-13.45 after 2891.9 sec [total]
done with H-- for K = 181.02-215.27 Q = 11.31-13.45 after 2892.5 sec [total]
done with UU for K = 215.27-256.00 Q = 11.31-13.45 after 2893.4 sec [total]
done with BB for K = 215.27-256.00 Q = 11.31-13.45 after 2894.4 sec [total]
done with UBTa for K = 215.27-256.00 Q = 11.31-13.45 after 2894.6 sec [total]
done with UBTb for K = 215.27-256.00 Q = 11.31-13.45 after 2894.8 sec [total]
done with UBTbA for K = 215.27-256.00 Q = 11.31-13.45 after 2895.0 sec [total]
done with UBTbC for K = 215.27-256.00 Q = 11.31-13.45 after 2895.4 sec [total]
done with H for K = 215.27-256.00 Q = 11.31-13.45 after 2896.2 sec [total]
done with H++ for K = 215.27-256.00 Q = 11.31-13.45 after 2899.4 sec [total]
done with H+- for K = 215.27-256.00 Q = 11.31-13.45 after 2900.5 sec [total]
done with H-+ for K = 215.27-256.00 Q = 11.31-13.45 after 2901.5 sec [total]
done with H-- for K = 215.27-256.00 Q = 11.31-13.45 after 2902.2 sec [total]
done with UU for K = 256.00-304.44 Q = 11.31-13.45 after 2903.1 sec [total]
done with BB for K = 256.00-304.44 Q = 11.31-13.45 after 2904.1 sec [total]
done with UBTa for K = 256.00-304.44 Q = 11.31-13.45 after 2904.3 sec [total]
done with UBTb for K = 256.00-304.44 Q = 11.31-13.45 after 2904.5 sec [total]
done with UBTbA for K = 256.00-304.44 Q = 11.31-13.45 after 2904.7 sec [total]
done with UBTbC for K = 256.00-304.44 Q = 11.31-13.45 after 2905.0 sec [total]
done with H for K = 256.00-304.44 Q = 11.31-13.45 after 2905.8 sec [total]
done with H++ for K = 256.00-304.44 Q = 11.31-13.45 after 2909.0 sec [total]
done with H+- for K = 256.00-304.44 Q = 11.31-13.45 after 2910.1 sec [total]
done with H-+ for K = 256.00-304.44 Q = 11.31-13.45 after 2911.4 sec [total]
done with H-- for K = 256.00-304.44 Q = 11.31-13.45 after 2911.8 sec [total]
done with UU for K = 304.44-362.04 Q = 11.31-13.45 after 2912.7 sec [total]
done with BB for K = 304.44-362.04 Q = 11.31-13.45 after 2913.7 sec [total]
done with UBTa for K = 304.44-362.04 Q = 11.31-13.45 after 2913.9 sec [total]
done with UBTb for K = 304.44-362.04 Q = 11.31-13.45 after 2914.1 sec [total]
done with UBTbA for K = 304.44-362.04 Q = 11.31-13.45 after 2914.2 sec [total]
done with UBTbC for K = 304.44-362.04 Q = 11.31-13.45 after 2914.6 sec [total]
done with H for K = 304.44-362.04 Q = 11.31-13.45 after 2915.4 sec [total]
done with H++ for K = 304.44-362.04 Q = 11.31-13.45 after 2918.6 sec [total]
done with H+- for K = 304.44-362.04 Q = 11.31-13.45 after 2919.8 sec [total]
done with H-+ for K = 304.44-362.04 Q = 11.31-13.45 after 2920.8 sec [total]
done with H-- for K = 304.44-362.04 Q = 11.31-13.45 after 2921.3 sec [total]
done with UU for K = 362.04-430.54 Q = 11.31-13.45 after 2922.3 sec [total]
done with BB for K = 362.04-430.54 Q = 11.31-13.45 after 2923.3 sec [total]
done with UBTa for K = 362.04-430.54 Q = 11.31-13.45 after 2923.5 sec [total]
done with UBTb for K = 362.04-430.54 Q = 11.31-13.45 after 2923.7 sec [total]
done with UBTbA for K = 362.04-430.54 Q = 11.31-13.45 after 2923.8 sec [total]
done with UBTbC for K = 362.04-430.54 Q = 11.31-13.45 after 2924.1 sec [total]
done with H for K = 362.04-430.54 Q = 11.31-13.45 after 2925.1 sec [total]
done with H++ for K = 362.04-430.54 Q = 11.31-13.45 after 2928.2 sec [total]
done with H+- for K = 362.04-430.54 Q = 11.31-13.45 after 2929.3 sec [total]
done with H-+ for K = 362.04-430.54 Q = 11.31-13.45 after 2930.4 sec [total]
done with H-- for K = 362.04-430.54 Q = 11.31-13.45 after 2931.0 sec [total]
done with UU for K = 430.54-512.00 Q = 11.31-13.45 after 2931.9 sec [total]
done with BB for K = 430.54-512.00 Q = 11.31-13.45 after 2932.9 sec [total]
done with UBTa for K = 430.54-512.00 Q = 11.31-13.45 after 2933.1 sec [total]
done with UBTb for K = 430.54-512.00 Q = 11.31-13.45 after 2933.3 sec [total]
done with UBTbA for K = 430.54-512.00 Q = 11.31-13.45 after 2933.5 sec [total]
done with UBTbC for K = 430.54-512.00 Q = 11.31-13.45 after 2933.8 sec [total]
done with H for K = 430.54-512.00 Q = 11.31-13.45 after 2934.7 sec [total]
done with H++ for K = 430.54-512.00 Q = 11.31-13.45 after 2937.8 sec [total]
done with H+- for K = 430.54-512.00 Q = 11.31-13.45 after 2939.1 sec [total]
done with H-+ for K = 430.54-512.00 Q = 11.31-13.45 after 2940.4 sec [total]
done with H-- for K = 430.54-512.00 Q = 11.31-13.45 after 2940.6 sec [total]
done with UU for K = 512.00-608.87 Q = 11.31-13.45 after 2941.5 sec [total]
done with BB for K = 512.00-608.87 Q = 11.31-13.45 after 2942.5 sec [total]
done with UBTa for K = 512.00-608.87 Q = 11.31-13.45 after 2942.7 sec [total]
done with UBTb for K = 512.00-608.87 Q = 11.31-13.45 after 2942.9 sec [total]
done with UBTbA for K = 512.00-608.87 Q = 11.31-13.45 after 2943.1 sec [total]
done with UBTbC for K = 512.00-608.87 Q = 11.31-13.45 after 2943.4 sec [total]
done with H for K = 512.00-608.87 Q = 11.31-13.45 after 2944.3 sec [total]
done with H++ for K = 512.00-608.87 Q = 11.31-13.45 after 2947.4 sec [total]
done with H+- for K = 512.00-608.87 Q = 11.31-13.45 after 2948.6 sec [total]
done with H-+ for K = 512.00-608.87 Q = 11.31-13.45 after 2949.7 sec [total]
done with H-- for K = 512.00-608.87 Q = 11.31-13.45 after 2950.2 sec [total]
done with UU for K = 608.87-724.08 Q = 11.31-13.45 after 2951.1 sec [total]
done with BB for K = 608.87-724.08 Q = 11.31-13.45 after 2952.2 sec [total]
done with UBTa for K = 608.87-724.08 Q = 11.31-13.45 after 2952.4 sec [total]
done with UBTb for K = 608.87-724.08 Q = 11.31-13.45 after 2952.6 sec [total]
done with UBTbA for K = 608.87-724.08 Q = 11.31-13.45 after 2952.7 sec [total]
done with UBTbC for K = 608.87-724.08 Q = 11.31-13.45 after 2953.0 sec [total]
done with H for K = 608.87-724.08 Q = 11.31-13.45 after 2953.9 sec [total]
done with H++ for K = 608.87-724.08 Q = 11.31-13.45 after 2957.1 sec [total]
done with H+- for K = 608.87-724.08 Q = 11.31-13.45 after 2958.2 sec [total]
done with H-+ for K = 608.87-724.08 Q = 11.31-13.45 after 2959.4 sec [total]
done with H-- for K = 608.87-724.08 Q = 11.31-13.45 after 2959.8 sec [total]
done with UU for K = 724.08-861.08 Q = 11.31-13.45 after 2960.7 sec [total]
done with BB for K = 724.08-861.08 Q = 11.31-13.45 after 2961.8 sec [total]
done with UBTa for K = 724.08-861.08 Q = 11.31-13.45 after 2962.0 sec [total]
done with UBTb for K = 724.08-861.08 Q = 11.31-13.45 after 2962.2 sec [total]
done with UBTbA for K = 724.08-861.08 Q = 11.31-13.45 after 2962.3 sec [total]
done with UBTbC for K = 724.08-861.08 Q = 11.31-13.45 after 2962.7 sec [total]
done with H for K = 724.08-861.08 Q = 11.31-13.45 after 2963.5 sec [total]
done with H++ for K = 724.08-861.08 Q = 11.31-13.45 after 2966.7 sec [total]
done with H+- for K = 724.08-861.08 Q = 11.31-13.45 after 2967.8 sec [total]
done with H-+ for K = 724.08-861.08 Q = 11.31-13.45 after 2968.9 sec [total]
done with H-- for K = 724.08-861.08 Q = 11.31-13.45 after 2969.4 sec [total]
done with UU for K = 861.08-1024.00 Q = 11.31-13.45 after 2970.3 sec [total]
done with BB for K = 861.08-1024.00 Q = 11.31-13.45 after 2971.4 sec [total]
done with UBTa for K = 861.08-1024.00 Q = 11.31-13.45 after 2971.6 sec [total]
done with UBTb for K = 861.08-1024.00 Q = 11.31-13.45 after 2971.7 sec [total]
done with UBTbA for K = 861.08-1024.00 Q = 11.31-13.45 after 2971.9 sec [total]
done with UBTbC for K = 861.08-1024.00 Q = 11.31-13.45 after 2972.2 sec [total]
done with H for K = 861.08-1024.00 Q = 11.31-13.45 after 2973.1 sec [total]
done with H++ for K = 861.08-1024.00 Q = 11.31-13.45 after 2976.3 sec [total]
done with H+- for K = 861.08-1024.00 Q = 11.31-13.45 after 2977.4 sec [total]
done with H-+ for K = 861.08-1024.00 Q = 11.31-13.45 after 2978.4 sec [total]
done with H-- for K = 861.08-1024.00 Q = 11.31-13.45 after 2979.0 sec [total]
done with UU for K = 0.00-3.36 Q = 13.45-16.00 after 2980.8 sec [total]
done with BB for K = 0.00-3.36 Q = 13.45-16.00 after 2983.0 sec [total]
done with UBTa for K = 0.00-3.36 Q = 13.45-16.00 after 2984.0 sec [total]
done with UBTb for K = 0.00-3.36 Q = 13.45-16.00 after 2985.1 sec [total]
done with UBTbA for K = 0.00-3.36 Q = 13.45-16.00 after 2986.1 sec [total]
done with UBTbC for K = 0.00-3.36 Q = 13.45-16.00 after 2986.4 sec [total]
done with H for K = 0.00-3.36 Q = 13.45-16.00 after 2987.4 sec [total]
done with H++ for K = 0.00-3.36 Q = 13.45-16.00 after 2990.5 sec [total]
done with H+- for K = 0.00-3.36 Q = 13.45-16.00 after 2991.7 sec [total]
done with H-+ for K = 0.00-3.36 Q = 13.45-16.00 after 2992.8 sec [total]
done with H-- for K = 0.00-3.36 Q = 13.45-16.00 after 2993.3 sec [total]
done with UU for K = 3.36-4.00 Q = 13.45-16.00 after 2994.2 sec [total]
done with BB for K = 3.36-4.00 Q = 13.45-16.00 after 2995.3 sec [total]
done with UBTa for K = 3.36-4.00 Q = 13.45-16.00 after 2995.5 sec [total]
done with UBTb for K = 3.36-4.00 Q = 13.45-16.00 after 2995.7 sec [total]
done with UBTbA for K = 3.36-4.00 Q = 13.45-16.00 after 2995.9 sec [total]
done with UBTbC for K = 3.36-4.00 Q = 13.45-16.00 after 2996.2 sec [total]
done with H for K = 3.36-4.00 Q = 13.45-16.00 after 2997.0 sec [total]
done with H++ for K = 3.36-4.00 Q = 13.45-16.00 after 3000.2 sec [total]
done with H+- for K = 3.36-4.00 Q = 13.45-16.00 after 3001.3 sec [total]
done with H-+ for K = 3.36-4.00 Q = 13.45-16.00 after 3002.4 sec [total]
done with H-- for K = 3.36-4.00 Q = 13.45-16.00 after 3002.9 sec [total]
done with UU for K = 4.00-4.76 Q = 13.45-16.00 after 3003.8 sec [total]
done with BB for K = 4.00-4.76 Q = 13.45-16.00 after 3004.9 sec [total]
done with UBTa for K = 4.00-4.76 Q = 13.45-16.00 after 3005.1 sec [total]
done with UBTb for K = 4.00-4.76 Q = 13.45-16.00 after 3005.3 sec [total]
done with UBTbA for K = 4.00-4.76 Q = 13.45-16.00 after 3005.4 sec [total]
done with UBTbC for K = 4.00-4.76 Q = 13.45-16.00 after 3005.7 sec [total]
done with H for K = 4.00-4.76 Q = 13.45-16.00 after 3006.6 sec [total]
done with H++ for K = 4.00-4.76 Q = 13.45-16.00 after 3009.7 sec [total]
done with H+- for K = 4.00-4.76 Q = 13.45-16.00 after 3010.9 sec [total]
done with H-+ for K = 4.00-4.76 Q = 13.45-16.00 after 3012.0 sec [total]
done with H-- for K = 4.00-4.76 Q = 13.45-16.00 after 3012.5 sec [total]
done with UU for K = 4.76-5.66 Q = 13.45-16.00 after 3013.4 sec [total]
done with BB for K = 4.76-5.66 Q = 13.45-16.00 after 3014.5 sec [total]
done with UBTa for K = 4.76-5.66 Q = 13.45-16.00 after 3014.7 sec [total]
done with UBTb for K = 4.76-5.66 Q = 13.45-16.00 after 3014.8 sec [total]
done with UBTbA for K = 4.76-5.66 Q = 13.45-16.00 after 3015.0 sec [total]
done with UBTbC for K = 4.76-5.66 Q = 13.45-16.00 after 3015.3 sec [total]
done with H for K = 4.76-5.66 Q = 13.45-16.00 after 3016.2 sec [total]
done with H++ for K = 4.76-5.66 Q = 13.45-16.00 after 3019.4 sec [total]
done with H+- for K = 4.76-5.66 Q = 13.45-16.00 after 3020.6 sec [total]
done with H-+ for K = 4.76-5.66 Q = 13.45-16.00 after 3021.8 sec [total]
done with H-- for K = 4.76-5.66 Q = 13.45-16.00 after 3022.1 sec [total]
done with UU for K = 5.66-6.73 Q = 13.45-16.00 after 3023.0 sec [total]
done with BB for K = 5.66-6.73 Q = 13.45-16.00 after 3024.0 sec [total]
done with UBTa for K = 5.66-6.73 Q = 13.45-16.00 after 3024.2 sec [total]
done with UBTb for K = 5.66-6.73 Q = 13.45-16.00 after 3024.4 sec [total]
done with UBTbA for K = 5.66-6.73 Q = 13.45-16.00 after 3024.6 sec [total]
done with UBTbC for K = 5.66-6.73 Q = 13.45-16.00 after 3024.9 sec [total]
done with H for K = 5.66-6.73 Q = 13.45-16.00 after 3025.8 sec [total]
done with H++ for K = 5.66-6.73 Q = 13.45-16.00 after 3029.0 sec [total]
done with H+- for K = 5.66-6.73 Q = 13.45-16.00 after 3030.1 sec [total]
done with H-+ for K = 5.66-6.73 Q = 13.45-16.00 after 3031.3 sec [total]
done with H-- for K = 5.66-6.73 Q = 13.45-16.00 after 3031.7 sec [total]
done with UU for K = 6.73-8.00 Q = 13.45-16.00 after 3032.6 sec [total]
done with BB for K = 6.73-8.00 Q = 13.45-16.00 after 3033.7 sec [total]
done with UBTa for K = 6.73-8.00 Q = 13.45-16.00 after 3033.8 sec [total]
done with UBTb for K = 6.73-8.00 Q = 13.45-16.00 after 3034.1 sec [total]
done with UBTbA for K = 6.73-8.00 Q = 13.45-16.00 after 3034.2 sec [total]
done with UBTbC for K = 6.73-8.00 Q = 13.45-16.00 after 3034.5 sec [total]
done with H for K = 6.73-8.00 Q = 13.45-16.00 after 3035.4 sec [total]
done with H++ for K = 6.73-8.00 Q = 13.45-16.00 after 3038.6 sec [total]
done with H+- for K = 6.73-8.00 Q = 13.45-16.00 after 3039.8 sec [total]
done with H-+ for K = 6.73-8.00 Q = 13.45-16.00 after 3041.1 sec [total]
done with H-- for K = 6.73-8.00 Q = 13.45-16.00 after 3041.4 sec [total]
done with UU for K = 8.00-9.51 Q = 13.45-16.00 after 3042.3 sec [total]
done with BB for K = 8.00-9.51 Q = 13.45-16.00 after 3043.3 sec [total]
done with UBTa for K = 8.00-9.51 Q = 13.45-16.00 after 3043.5 sec [total]
done with UBTb for K = 8.00-9.51 Q = 13.45-16.00 after 3043.7 sec [total]
done with UBTbA for K = 8.00-9.51 Q = 13.45-16.00 after 3043.9 sec [total]
done with UBTbC for K = 8.00-9.51 Q = 13.45-16.00 after 3044.2 sec [total]
done with H for K = 8.00-9.51 Q = 13.45-16.00 after 3045.1 sec [total]
done with H++ for K = 8.00-9.51 Q = 13.45-16.00 after 3048.3 sec [total]
done with H+- for K = 8.00-9.51 Q = 13.45-16.00 after 3049.4 sec [total]
done with H-+ for K = 8.00-9.51 Q = 13.45-16.00 after 3050.6 sec [total]
done with H-- for K = 8.00-9.51 Q = 13.45-16.00 after 3051.0 sec [total]
done with UU for K = 9.51-11.31 Q = 13.45-16.00 after 3051.9 sec [total]
done with BB for K = 9.51-11.31 Q = 13.45-16.00 after 3052.9 sec [total]
done with UBTa for K = 9.51-11.31 Q = 13.45-16.00 after 3053.1 sec [total]
done with UBTb for K = 9.51-11.31 Q = 13.45-16.00 after 3053.3 sec [total]
done with UBTbA for K = 9.51-11.31 Q = 13.45-16.00 after 3053.4 sec [total]
done with UBTbC for K = 9.51-11.31 Q = 13.45-16.00 after 3053.8 sec [total]
done with H for K = 9.51-11.31 Q = 13.45-16.00 after 3054.7 sec [total]
done with H++ for K = 9.51-11.31 Q = 13.45-16.00 after 3057.8 sec [total]
done with H+- for K = 9.51-11.31 Q = 13.45-16.00 after 3059.1 sec [total]
done with H-+ for K = 9.51-11.31 Q = 13.45-16.00 after 3060.4 sec [total]
done with H-- for K = 9.51-11.31 Q = 13.45-16.00 after 3060.6 sec [total]
done with UU for K = 11.31-13.45 Q = 13.45-16.00 after 3061.5 sec [total]
done with BB for K = 11.31-13.45 Q = 13.45-16.00 after 3062.6 sec [total]
done with UBTa for K = 11.31-13.45 Q = 13.45-16.00 after 3062.8 sec [total]
done with UBTb for K = 11.31-13.45 Q = 13.45-16.00 after 3063.0 sec [total]
done with UBTbA for K = 11.31-13.45 Q = 13.45-16.00 after 3063.1 sec [total]
done with UBTbC for K = 11.31-13.45 Q = 13.45-16.00 after 3063.4 sec [total]
done with H for K = 11.31-13.45 Q = 13.45-16.00 after 3064.3 sec [total]
done with H++ for K = 11.31-13.45 Q = 13.45-16.00 after 3067.4 sec [total]
done with H+- for K = 11.31-13.45 Q = 13.45-16.00 after 3068.7 sec [total]
done with H-+ for K = 11.31-13.45 Q = 13.45-16.00 after 3070.0 sec [total]
done with H-- for K = 11.31-13.45 Q = 13.45-16.00 after 3070.2 sec [total]
done with UU for K = 13.45-16.00 Q = 13.45-16.00 after 3071.1 sec [total]
done with BB for K = 13.45-16.00 Q = 13.45-16.00 after 3072.2 sec [total]
done with UBTa for K = 13.45-16.00 Q = 13.45-16.00 after 3072.4 sec [total]
done with UBTb for K = 13.45-16.00 Q = 13.45-16.00 after 3072.6 sec [total]
done with UBTbA for K = 13.45-16.00 Q = 13.45-16.00 after 3072.7 sec [total]
done with UBTbC for K = 13.45-16.00 Q = 13.45-16.00 after 3073.0 sec [total]
done with H for K = 13.45-16.00 Q = 13.45-16.00 after 3073.9 sec [total]
done with H++ for K = 13.45-16.00 Q = 13.45-16.00 after 3077.0 sec [total]
done with H+- for K = 13.45-16.00 Q = 13.45-16.00 after 3078.4 sec [total]
done with H-+ for K = 13.45-16.00 Q = 13.45-16.00 after 3079.6 sec [total]
done with H-- for K = 13.45-16.00 Q = 13.45-16.00 after 3079.8 sec [total]
done with UU for K = 16.00-19.03 Q = 13.45-16.00 after 3080.7 sec [total]
done with BB for K = 16.00-19.03 Q = 13.45-16.00 after 3081.7 sec [total]
done with UBTa for K = 16.00-19.03 Q = 13.45-16.00 after 3082.0 sec [total]
done with UBTb for K = 16.00-19.03 Q = 13.45-16.00 after 3082.1 sec [total]
done with UBTbA for K = 16.00-19.03 Q = 13.45-16.00 after 3082.3 sec [total]
done with UBTbC for K = 16.00-19.03 Q = 13.45-16.00 after 3082.6 sec [total]
done with H for K = 16.00-19.03 Q = 13.45-16.00 after 3083.5 sec [total]
done with H++ for K = 16.00-19.03 Q = 13.45-16.00 after 3086.6 sec [total]
done with H+- for K = 16.00-19.03 Q = 13.45-16.00 after 3087.9 sec [total]
done with H-+ for K = 16.00-19.03 Q = 13.45-16.00 after 3089.2 sec [total]
done with H-- for K = 16.00-19.03 Q = 13.45-16.00 after 3089.4 sec [total]
done with UU for K = 19.03-22.63 Q = 13.45-16.00 after 3090.3 sec [total]
done with BB for K = 19.03-22.63 Q = 13.45-16.00 after 3091.4 sec [total]
done with UBTa for K = 19.03-22.63 Q = 13.45-16.00 after 3091.6 sec [total]
done with UBTb for K = 19.03-22.63 Q = 13.45-16.00 after 3091.8 sec [total]
done with UBTbA for K = 19.03-22.63 Q = 13.45-16.00 after 3091.9 sec [total]
done with UBTbC for K = 19.03-22.63 Q = 13.45-16.00 after 3092.2 sec [total]
done with H for K = 19.03-22.63 Q = 13.45-16.00 after 3093.1 sec [total]
done with H++ for K = 19.03-22.63 Q = 13.45-16.00 after 3096.3 sec [total]
done with H+- for K = 19.03-22.63 Q = 13.45-16.00 after 3097.4 sec [total]
done with H-+ for K = 19.03-22.63 Q = 13.45-16.00 after 3098.5 sec [total]
done with H-- for K = 19.03-22.63 Q = 13.45-16.00 after 3099.0 sec [total]
done with UU for K = 22.63-26.91 Q = 13.45-16.00 after 3099.9 sec [total]
done with BB for K = 22.63-26.91 Q = 13.45-16.00 after 3101.0 sec [total]
done with UBTa for K = 22.63-26.91 Q = 13.45-16.00 after 3101.2 sec [total]
done with UBTb for K = 22.63-26.91 Q = 13.45-16.00 after 3101.3 sec [total]
done with UBTbA for K = 22.63-26.91 Q = 13.45-16.00 after 3101.5 sec [total]
done with UBTbC for K = 22.63-26.91 Q = 13.45-16.00 after 3101.9 sec [total]
done with H for K = 22.63-26.91 Q = 13.45-16.00 after 3102.7 sec [total]
done with H++ for K = 22.63-26.91 Q = 13.45-16.00 after 3105.9 sec [total]
done with H+- for K = 22.63-26.91 Q = 13.45-16.00 after 3107.3 sec [total]
done with H-+ for K = 22.63-26.91 Q = 13.45-16.00 after 3108.5 sec [total]
done with H-- for K = 22.63-26.91 Q = 13.45-16.00 after 3108.7 sec [total]
done with UU for K = 26.91-32.00 Q = 13.45-16.00 after 3109.6 sec [total]
done with BB for K = 26.91-32.00 Q = 13.45-16.00 after 3110.6 sec [total]
done with UBTa for K = 26.91-32.00 Q = 13.45-16.00 after 3110.8 sec [total]
done with UBTb for K = 26.91-32.00 Q = 13.45-16.00 after 3111.0 sec [total]
done with UBTbA for K = 26.91-32.00 Q = 13.45-16.00 after 3111.2 sec [total]
done with UBTbC for K = 26.91-32.00 Q = 13.45-16.00 after 3111.5 sec [total]
done with H for K = 26.91-32.00 Q = 13.45-16.00 after 3112.3 sec [total]
done with H++ for K = 26.91-32.00 Q = 13.45-16.00 after 3115.5 sec [total]
done with H+- for K = 26.91-32.00 Q = 13.45-16.00 after 3116.6 sec [total]
done with H-+ for K = 26.91-32.00 Q = 13.45-16.00 after 3117.8 sec [total]
done with H-- for K = 26.91-32.00 Q = 13.45-16.00 after 3118.3 sec [total]
done with UU for K = 32.00-38.05 Q = 13.45-16.00 after 3119.2 sec [total]
done with BB for K = 32.00-38.05 Q = 13.45-16.00 after 3120.2 sec [total]
done with UBTa for K = 32.00-38.05 Q = 13.45-16.00 after 3120.4 sec [total]
done with UBTb for K = 32.00-38.05 Q = 13.45-16.00 after 3120.6 sec [total]
done with UBTbA for K = 32.00-38.05 Q = 13.45-16.00 after 3120.8 sec [total]
done with UBTbC for K = 32.00-38.05 Q = 13.45-16.00 after 3121.0 sec [total]
done with H for K = 32.00-38.05 Q = 13.45-16.00 after 3121.9 sec [total]
done with H++ for K = 32.00-38.05 Q = 13.45-16.00 after 3125.0 sec [total]
done with H+- for K = 32.00-38.05 Q = 13.45-16.00 after 3126.3 sec [total]
done with H-+ for K = 32.00-38.05 Q = 13.45-16.00 after 3127.3 sec [total]
done with H-- for K = 32.00-38.05 Q = 13.45-16.00 after 3127.8 sec [total]
done with UU for K = 38.05-45.25 Q = 13.45-16.00 after 3128.7 sec [total]
done with BB for K = 38.05-45.25 Q = 13.45-16.00 after 3129.8 sec [total]
done with UBTa for K = 38.05-45.25 Q = 13.45-16.00 after 3130.0 sec [total]
done with UBTb for K = 38.05-45.25 Q = 13.45-16.00 after 3130.2 sec [total]
done with UBTbA for K = 38.05-45.25 Q = 13.45-16.00 after 3130.4 sec [total]
done with UBTbC for K = 38.05-45.25 Q = 13.45-16.00 after 3130.7 sec [total]
done with H for K = 38.05-45.25 Q = 13.45-16.00 after 3131.6 sec [total]
done with H++ for K = 38.05-45.25 Q = 13.45-16.00 after 3134.8 sec [total]
done with H+- for K = 38.05-45.25 Q = 13.45-16.00 after 3136.0 sec [total]
done with H-+ for K = 38.05-45.25 Q = 13.45-16.00 after 3137.3 sec [total]
done with H-- for K = 38.05-45.25 Q = 13.45-16.00 after 3137.5 sec [total]
done with UU for K = 45.25-53.82 Q = 13.45-16.00 after 3138.4 sec [total]
done with BB for K = 45.25-53.82 Q = 13.45-16.00 after 3139.4 sec [total]
done with UBTa for K = 45.25-53.82 Q = 13.45-16.00 after 3139.6 sec [total]
done with UBTb for K = 45.25-53.82 Q = 13.45-16.00 after 3139.8 sec [total]
done with UBTbA for K = 45.25-53.82 Q = 13.45-16.00 after 3140.0 sec [total]
done with UBTbC for K = 45.25-53.82 Q = 13.45-16.00 after 3140.3 sec [total]
done with H for K = 45.25-53.82 Q = 13.45-16.00 after 3141.2 sec [total]
done with H++ for K = 45.25-53.82 Q = 13.45-16.00 after 3144.4 sec [total]
done with H+- for K = 45.25-53.82 Q = 13.45-16.00 after 3145.5 sec [total]
done with H-+ for K = 45.25-53.82 Q = 13.45-16.00 after 3146.7 sec [total]
done with H-- for K = 45.25-53.82 Q = 13.45-16.00 after 3147.1 sec [total]
done with UU for K = 53.82-64.00 Q = 13.45-16.00 after 3148.0 sec [total]
done with BB for K = 53.82-64.00 Q = 13.45-16.00 after 3149.0 sec [total]
done with UBTa for K = 53.82-64.00 Q = 13.45-16.00 after 3149.2 sec [total]
done with UBTb for K = 53.82-64.00 Q = 13.45-16.00 after 3149.4 sec [total]
done with UBTbA for K = 53.82-64.00 Q = 13.45-16.00 after 3149.6 sec [total]
done with UBTbC for K = 53.82-64.00 Q = 13.45-16.00 after 3149.9 sec [total]
done with H for K = 53.82-64.00 Q = 13.45-16.00 after 3150.8 sec [total]
done with H++ for K = 53.82-64.00 Q = 13.45-16.00 after 3153.9 sec [total]
done with H+- for K = 53.82-64.00 Q = 13.45-16.00 after 3155.1 sec [total]
done with H-+ for K = 53.82-64.00 Q = 13.45-16.00 after 3156.2 sec [total]
done with H-- for K = 53.82-64.00 Q = 13.45-16.00 after 3156.7 sec [total]
done with UU for K = 64.00-76.11 Q = 13.45-16.00 after 3157.6 sec [total]
done with BB for K = 64.00-76.11 Q = 13.45-16.00 after 3158.6 sec [total]
done with UBTa for K = 64.00-76.11 Q = 13.45-16.00 after 3158.8 sec [total]
done with UBTb for K = 64.00-76.11 Q = 13.45-16.00 after 3159.0 sec [total]
done with UBTbA for K = 64.00-76.11 Q = 13.45-16.00 after 3159.2 sec [total]
done with UBTbC for K = 64.00-76.11 Q = 13.45-16.00 after 3159.5 sec [total]
done with H for K = 64.00-76.11 Q = 13.45-16.00 after 3160.4 sec [total]
done with H++ for K = 64.00-76.11 Q = 13.45-16.00 after 3163.5 sec [total]
done with H+- for K = 64.00-76.11 Q = 13.45-16.00 after 3164.7 sec [total]
done with H-+ for K = 64.00-76.11 Q = 13.45-16.00 after 3165.8 sec [total]
done with H-- for K = 64.00-76.11 Q = 13.45-16.00 after 3166.3 sec [total]
done with UU for K = 76.11-90.51 Q = 13.45-16.00 after 3167.2 sec [total]
done with BB for K = 76.11-90.51 Q = 13.45-16.00 after 3168.3 sec [total]
done with UBTa for K = 76.11-90.51 Q = 13.45-16.00 after 3168.5 sec [total]
done with UBTb for K = 76.11-90.51 Q = 13.45-16.00 after 3168.6 sec [total]
done with UBTbA for K = 76.11-90.51 Q = 13.45-16.00 after 3168.8 sec [total]
done with UBTbC for K = 76.11-90.51 Q = 13.45-16.00 after 3169.1 sec [total]
done with H for K = 76.11-90.51 Q = 13.45-16.00 after 3170.0 sec [total]
done with H++ for K = 76.11-90.51 Q = 13.45-16.00 after 3173.1 sec [total]
done with H+- for K = 76.11-90.51 Q = 13.45-16.00 after 3174.4 sec [total]
done with H-+ for K = 76.11-90.51 Q = 13.45-16.00 after 3175.6 sec [total]
done with H-- for K = 76.11-90.51 Q = 13.45-16.00 after 3175.9 sec [total]
done with UU for K = 90.51-107.63 Q = 13.45-16.00 after 3176.8 sec [total]
done with BB for K = 90.51-107.63 Q = 13.45-16.00 after 3177.9 sec [total]
done with UBTa for K = 90.51-107.63 Q = 13.45-16.00 after 3178.1 sec [total]
done with UBTb for K = 90.51-107.63 Q = 13.45-16.00 after 3178.2 sec [total]
done with UBTbA for K = 90.51-107.63 Q = 13.45-16.00 after 3178.4 sec [total]
done with UBTbC for K = 90.51-107.63 Q = 13.45-16.00 after 3178.7 sec [total]
done with H for K = 90.51-107.63 Q = 13.45-16.00 after 3179.5 sec [total]
done with H++ for K = 90.51-107.63 Q = 13.45-16.00 after 3182.7 sec [total]
done with H+- for K = 90.51-107.63 Q = 13.45-16.00 after 3183.9 sec [total]
done with H-+ for K = 90.51-107.63 Q = 13.45-16.00 after 3185.0 sec [total]
done with H-- for K = 90.51-107.63 Q = 13.45-16.00 after 3185.4 sec [total]
done with UU for K = 107.63-128.00 Q = 13.45-16.00 after 3186.4 sec [total]
done with BB for K = 107.63-128.00 Q = 13.45-16.00 after 3187.4 sec [total]
done with UBTa for K = 107.63-128.00 Q = 13.45-16.00 after 3187.6 sec [total]
done with UBTb for K = 107.63-128.00 Q = 13.45-16.00 after 3187.8 sec [total]
done with UBTbA for K = 107.63-128.00 Q = 13.45-16.00 after 3187.9 sec [total]
done with UBTbC for K = 107.63-128.00 Q = 13.45-16.00 after 3188.3 sec [total]
done with H for K = 107.63-128.00 Q = 13.45-16.00 after 3189.1 sec [total]
done with H++ for K = 107.63-128.00 Q = 13.45-16.00 after 3192.4 sec [total]
done with H+- for K = 107.63-128.00 Q = 13.45-16.00 after 3193.7 sec [total]
done with H-+ for K = 107.63-128.00 Q = 13.45-16.00 after 3194.9 sec [total]
done with H-- for K = 107.63-128.00 Q = 13.45-16.00 after 3195.1 sec [total]
done with UU for K = 128.00-152.22 Q = 13.45-16.00 after 3196.0 sec [total]
done with BB for K = 128.00-152.22 Q = 13.45-16.00 after 3197.1 sec [total]
done with UBTa for K = 128.00-152.22 Q = 13.45-16.00 after 3197.3 sec [total]
done with UBTb for K = 128.00-152.22 Q = 13.45-16.00 after 3197.5 sec [total]
done with UBTbA for K = 128.00-152.22 Q = 13.45-16.00 after 3197.6 sec [total]
done with UBTbC for K = 128.00-152.22 Q = 13.45-16.00 after 3197.9 sec [total]
done with H for K = 128.00-152.22 Q = 13.45-16.00 after 3198.8 sec [total]
done with H++ for K = 128.00-152.22 Q = 13.45-16.00 after 3201.9 sec [total]
done with H+- for K = 128.00-152.22 Q = 13.45-16.00 after 3203.1 sec [total]
done with H-+ for K = 128.00-152.22 Q = 13.45-16.00 after 3204.3 sec [total]
done with H-- for K = 128.00-152.22 Q = 13.45-16.00 after 3204.7 sec [total]
done with UU for K = 152.22-181.02 Q = 13.45-16.00 after 3205.6 sec [total]
done with BB for K = 152.22-181.02 Q = 13.45-16.00 after 3206.7 sec [total]
done with UBTa for K = 152.22-181.02 Q = 13.45-16.00 after 3206.9 sec [total]
done with UBTb for K = 152.22-181.02 Q = 13.45-16.00 after 3207.1 sec [total]
done with UBTbA for K = 152.22-181.02 Q = 13.45-16.00 after 3207.3 sec [total]
done with UBTbC for K = 152.22-181.02 Q = 13.45-16.00 after 3207.6 sec [total]
done with H for K = 152.22-181.02 Q = 13.45-16.00 after 3208.4 sec [total]
done with H++ for K = 152.22-181.02 Q = 13.45-16.00 after 3211.5 sec [total]
done with H+- for K = 152.22-181.02 Q = 13.45-16.00 after 3212.7 sec [total]
done with H-+ for K = 152.22-181.02 Q = 13.45-16.00 after 3213.8 sec [total]
done with H-- for K = 152.22-181.02 Q = 13.45-16.00 after 3214.3 sec [total]
done with UU for K = 181.02-215.27 Q = 13.45-16.00 after 3215.2 sec [total]
done with BB for K = 181.02-215.27 Q = 13.45-16.00 after 3216.2 sec [total]
done with UBTa for K = 181.02-215.27 Q = 13.45-16.00 after 3216.4 sec [total]
done with UBTb for K = 181.02-215.27 Q = 13.45-16.00 after 3216.6 sec [total]
done with UBTbA for K = 181.02-215.27 Q = 13.45-16.00 after 3216.8 sec [total]
done with UBTbC for K = 181.02-215.27 Q = 13.45-16.00 after 3217.1 sec [total]
done with H for K = 181.02-215.27 Q = 13.45-16.00 after 3217.9 sec [total]
done with H++ for K = 181.02-215.27 Q = 13.45-16.00 after 3221.1 sec [total]
done with H+- for K = 181.02-215.27 Q = 13.45-16.00 after 3222.3 sec [total]
done with H-+ for K = 181.02-215.27 Q = 13.45-16.00 after 3223.3 sec [total]
done with H-- for K = 181.02-215.27 Q = 13.45-16.00 after 3223.9 sec [total]
done with UU for K = 215.27-256.00 Q = 13.45-16.00 after 3224.8 sec [total]
done with BB for K = 215.27-256.00 Q = 13.45-16.00 after 3225.8 sec [total]
done with UBTa for K = 215.27-256.00 Q = 13.45-16.00 after 3226.0 sec [total]
done with UBTb for K = 215.27-256.00 Q = 13.45-16.00 after 3226.2 sec [total]
done with UBTbA for K = 215.27-256.00 Q = 13.45-16.00 after 3226.4 sec [total]
done with UBTbC for K = 215.27-256.00 Q = 13.45-16.00 after 3226.7 sec [total]
done with H for K = 215.27-256.00 Q = 13.45-16.00 after 3227.6 sec [total]
done with H++ for K = 215.27-256.00 Q = 13.45-16.00 after 3230.7 sec [total]
done with H+- for K = 215.27-256.00 Q = 13.45-16.00 after 3231.8 sec [total]
done with H-+ for K = 215.27-256.00 Q = 13.45-16.00 after 3232.9 sec [total]
done with H-- for K = 215.27-256.00 Q = 13.45-16.00 after 3233.4 sec [total]
done with UU for K = 256.00-304.44 Q = 13.45-16.00 after 3234.4 sec [total]
done with BB for K = 256.00-304.44 Q = 13.45-16.00 after 3235.4 sec [total]
done with UBTa for K = 256.00-304.44 Q = 13.45-16.00 after 3235.6 sec [total]
done with UBTb for K = 256.00-304.44 Q = 13.45-16.00 after 3235.8 sec [total]
done with UBTbA for K = 256.00-304.44 Q = 13.45-16.00 after 3235.9 sec [total]
done with UBTbC for K = 256.00-304.44 Q = 13.45-16.00 after 3236.2 sec [total]
done with H for K = 256.00-304.44 Q = 13.45-16.00 after 3237.1 sec [total]
done with H++ for K = 256.00-304.44 Q = 13.45-16.00 after 3240.4 sec [total]
done with H+- for K = 256.00-304.44 Q = 13.45-16.00 after 3241.4 sec [total]
done with H-+ for K = 256.00-304.44 Q = 13.45-16.00 after 3242.5 sec [total]
done with H-- for K = 256.00-304.44 Q = 13.45-16.00 after 3243.0 sec [total]
done with UU for K = 304.44-362.04 Q = 13.45-16.00 after 3243.9 sec [total]
done with BB for K = 304.44-362.04 Q = 13.45-16.00 after 3245.0 sec [total]
done with UBTa for K = 304.44-362.04 Q = 13.45-16.00 after 3245.2 sec [total]
done with UBTb for K = 304.44-362.04 Q = 13.45-16.00 after 3245.4 sec [total]
done with UBTbA for K = 304.44-362.04 Q = 13.45-16.00 after 3245.5 sec [total]
done with UBTbC for K = 304.44-362.04 Q = 13.45-16.00 after 3245.8 sec [total]
done with H for K = 304.44-362.04 Q = 13.45-16.00 after 3246.7 sec [total]
done with H++ for K = 304.44-362.04 Q = 13.45-16.00 after 3249.9 sec [total]
done with H+- for K = 304.44-362.04 Q = 13.45-16.00 after 3250.9 sec [total]
done with H-+ for K = 304.44-362.04 Q = 13.45-16.00 after 3252.0 sec [total]
done with H-- for K = 304.44-362.04 Q = 13.45-16.00 after 3252.6 sec [total]
done with UU for K = 362.04-430.54 Q = 13.45-16.00 after 3253.5 sec [total]
done with BB for K = 362.04-430.54 Q = 13.45-16.00 after 3254.6 sec [total]
done with UBTa for K = 362.04-430.54 Q = 13.45-16.00 after 3254.8 sec [total]
done with UBTb for K = 362.04-430.54 Q = 13.45-16.00 after 3255.0 sec [total]
done with UBTbA for K = 362.04-430.54 Q = 13.45-16.00 after 3255.1 sec [total]
done with UBTbC for K = 362.04-430.54 Q = 13.45-16.00 after 3255.4 sec [total]
done with H for K = 362.04-430.54 Q = 13.45-16.00 after 3256.3 sec [total]
done with H++ for K = 362.04-430.54 Q = 13.45-16.00 after 3259.5 sec [total]
done with H+- for K = 362.04-430.54 Q = 13.45-16.00 after 3260.6 sec [total]
done with H-+ for K = 362.04-430.54 Q = 13.45-16.00 after 3261.6 sec [total]
done with H-- for K = 362.04-430.54 Q = 13.45-16.00 after 3262.2 sec [total]
done with UU for K = 430.54-512.00 Q = 13.45-16.00 after 3263.1 sec [total]
done with BB for K = 430.54-512.00 Q = 13.45-16.00 after 3264.1 sec [total]
done with UBTa for K = 430.54-512.00 Q = 13.45-16.00 after 3264.3 sec [total]
done with UBTb for K = 430.54-512.00 Q = 13.45-16.00 after 3264.5 sec [total]
done with UBTbA for K = 430.54-512.00 Q = 13.45-16.00 after 3264.7 sec [total]
done with UBTbC for K = 430.54-512.00 Q = 13.45-16.00 after 3265.0 sec [total]
done with H for K = 430.54-512.00 Q = 13.45-16.00 after 3265.9 sec [total]
done with H++ for K = 430.54-512.00 Q = 13.45-16.00 after 3269.0 sec [total]
done with H+- for K = 430.54-512.00 Q = 13.45-16.00 after 3270.2 sec [total]
done with H-+ for K = 430.54-512.00 Q = 13.45-16.00 after 3271.4 sec [total]
done with H-- for K = 430.54-512.00 Q = 13.45-16.00 after 3271.8 sec [total]
done with UU for K = 512.00-608.87 Q = 13.45-16.00 after 3272.7 sec [total]
done with BB for K = 512.00-608.87 Q = 13.45-16.00 after 3273.8 sec [total]
done with UBTa for K = 512.00-608.87 Q = 13.45-16.00 after 3273.9 sec [total]
done with UBTb for K = 512.00-608.87 Q = 13.45-16.00 after 3274.1 sec [total]
done with UBTbA for K = 512.00-608.87 Q = 13.45-16.00 after 3274.3 sec [total]
done with UBTbC for K = 512.00-608.87 Q = 13.45-16.00 after 3274.6 sec [total]
done with H for K = 512.00-608.87 Q = 13.45-16.00 after 3275.5 sec [total]
done with H++ for K = 512.00-608.87 Q = 13.45-16.00 after 3278.6 sec [total]
done with H+- for K = 512.00-608.87 Q = 13.45-16.00 after 3279.7 sec [total]
done with H-+ for K = 512.00-608.87 Q = 13.45-16.00 after 3280.7 sec [total]
done with H-- for K = 512.00-608.87 Q = 13.45-16.00 after 3281.4 sec [total]
done with UU for K = 608.87-724.08 Q = 13.45-16.00 after 3282.3 sec [total]
done with BB for K = 608.87-724.08 Q = 13.45-16.00 after 3283.4 sec [total]
done with UBTa for K = 608.87-724.08 Q = 13.45-16.00 after 3283.6 sec [total]
done with UBTb for K = 608.87-724.08 Q = 13.45-16.00 after 3283.8 sec [total]
done with UBTbA for K = 608.87-724.08 Q = 13.45-16.00 after 3284.0 sec [total]
done with UBTbC for K = 608.87-724.08 Q = 13.45-16.00 after 3284.3 sec [total]
done with H for K = 608.87-724.08 Q = 13.45-16.00 after 3285.1 sec [total]
done with H++ for K = 608.87-724.08 Q = 13.45-16.00 after 3288.2 sec [total]
done with H+- for K = 608.87-724.08 Q = 13.45-16.00 after 3289.3 sec [total]
done with H-+ for K = 608.87-724.08 Q = 13.45-16.00 after 3290.5 sec [total]
done with H-- for K = 608.87-724.08 Q = 13.45-16.00 after 3291.0 sec [total]
done with UU for K = 724.08-861.08 Q = 13.45-16.00 after 3291.9 sec [total]
done with BB for K = 724.08-861.08 Q = 13.45-16.00 after 3292.9 sec [total]
done with UBTa for K = 724.08-861.08 Q = 13.45-16.00 after 3293.1 sec [total]
done with UBTb for K = 724.08-861.08 Q = 13.45-16.00 after 3293.3 sec [total]
done with UBTbA for K = 724.08-861.08 Q = 13.45-16.00 after 3293.5 sec [total]
done with UBTbC for K = 724.08-861.08 Q = 13.45-16.00 after 3293.8 sec [total]
done with H for K = 724.08-861.08 Q = 13.45-16.00 after 3294.7 sec [total]
done with H++ for K = 724.08-861.08 Q = 13.45-16.00 after 3297.8 sec [total]
done with H+- for K = 724.08-861.08 Q = 13.45-16.00 after 3298.9 sec [total]
done with H-+ for K = 724.08-861.08 Q = 13.45-16.00 after 3300.1 sec [total]
done with H-- for K = 724.08-861.08 Q = 13.45-16.00 after 3300.6 sec [total]
done with UU for K = 861.08-1024.00 Q = 13.45-16.00 after 3301.5 sec [total]
done with BB for K = 861.08-1024.00 Q = 13.45-16.00 after 3302.6 sec [total]
done with UBTa for K = 861.08-1024.00 Q = 13.45-16.00 after 3302.8 sec [total]
done with UBTb for K = 861.08-1024.00 Q = 13.45-16.00 after 3303.0 sec [total]
done with UBTbA for K = 861.08-1024.00 Q = 13.45-16.00 after 3303.1 sec [total]
done with UBTbC for K = 861.08-1024.00 Q = 13.45-16.00 after 3303.4 sec [total]
done with H for K = 861.08-1024.00 Q = 13.45-16.00 after 3304.3 sec [total]
done with H++ for K = 861.08-1024.00 Q = 13.45-16.00 after 3307.4 sec [total]
done with H+- for K = 861.08-1024.00 Q = 13.45-16.00 after 3308.5 sec [total]
done with H-+ for K = 861.08-1024.00 Q = 13.45-16.00 after 3309.6 sec [total]
done with H-- for K = 861.08-1024.00 Q = 13.45-16.00 after 3310.1 sec [total]
done with UU for K = 0.00-3.36 Q = 16.00-19.03 after 3311.9 sec [total]
done with BB for K = 0.00-3.36 Q = 16.00-19.03 after 3314.1 sec [total]
done with UBTa for K = 0.00-3.36 Q = 16.00-19.03 after 3315.1 sec [total]
done with UBTb for K = 0.00-3.36 Q = 16.00-19.03 after 3316.2 sec [total]
done with UBTbA for K = 0.00-3.36 Q = 16.00-19.03 after 3317.3 sec [total]
done with UBTbC for K = 0.00-3.36 Q = 16.00-19.03 after 3317.6 sec [total]
done with H for K = 0.00-3.36 Q = 16.00-19.03 after 3318.5 sec [total]
done with H++ for K = 0.00-3.36 Q = 16.00-19.03 after 3321.7 sec [total]
done with H+- for K = 0.00-3.36 Q = 16.00-19.03 after 3322.8 sec [total]
done with H-+ for K = 0.00-3.36 Q = 16.00-19.03 after 3323.9 sec [total]
done with H-- for K = 0.00-3.36 Q = 16.00-19.03 after 3324.4 sec [total]
done with UU for K = 3.36-4.00 Q = 16.00-19.03 after 3325.3 sec [total]
done with BB for K = 3.36-4.00 Q = 16.00-19.03 after 3326.4 sec [total]
done with UBTa for K = 3.36-4.00 Q = 16.00-19.03 after 3326.6 sec [total]
done with UBTb for K = 3.36-4.00 Q = 16.00-19.03 after 3326.8 sec [total]
done with UBTbA for K = 3.36-4.00 Q = 16.00-19.03 after 3327.0 sec [total]
done with UBTbC for K = 3.36-4.00 Q = 16.00-19.03 after 3327.2 sec [total]
done with H for K = 3.36-4.00 Q = 16.00-19.03 after 3328.1 sec [total]
done with H++ for K = 3.36-4.00 Q = 16.00-19.03 after 3331.3 sec [total]
done with H+- for K = 3.36-4.00 Q = 16.00-19.03 after 3332.5 sec [total]
done with H-+ for K = 3.36-4.00 Q = 16.00-19.03 after 3333.8 sec [total]
done with H-- for K = 3.36-4.00 Q = 16.00-19.03 after 3334.0 sec [total]
done with UU for K = 4.00-4.76 Q = 16.00-19.03 after 3334.9 sec [total]
done with BB for K = 4.00-4.76 Q = 16.00-19.03 after 3336.0 sec [total]
done with UBTa for K = 4.00-4.76 Q = 16.00-19.03 after 3336.1 sec [total]
done with UBTb for K = 4.00-4.76 Q = 16.00-19.03 after 3336.3 sec [total]
done with UBTbA for K = 4.00-4.76 Q = 16.00-19.03 after 3336.5 sec [total]
done with UBTbC for K = 4.00-4.76 Q = 16.00-19.03 after 3336.8 sec [total]
done with H for K = 4.00-4.76 Q = 16.00-19.03 after 3337.7 sec [total]
done with H++ for K = 4.00-4.76 Q = 16.00-19.03 after 3340.9 sec [total]
done with H+- for K = 4.00-4.76 Q = 16.00-19.03 after 3342.0 sec [total]
done with H-+ for K = 4.00-4.76 Q = 16.00-19.03 after 3343.1 sec [total]
done with H-- for K = 4.00-4.76 Q = 16.00-19.03 after 3343.6 sec [total]
done with UU for K = 4.76-5.66 Q = 16.00-19.03 after 3344.5 sec [total]
done with BB for K = 4.76-5.66 Q = 16.00-19.03 after 3345.5 sec [total]
done with UBTa for K = 4.76-5.66 Q = 16.00-19.03 after 3345.7 sec [total]
done with UBTb for K = 4.76-5.66 Q = 16.00-19.03 after 3345.9 sec [total]
done with UBTbA for K = 4.76-5.66 Q = 16.00-19.03 after 3346.1 sec [total]
done with UBTbC for K = 4.76-5.66 Q = 16.00-19.03 after 3346.4 sec [total]
done with H for K = 4.76-5.66 Q = 16.00-19.03 after 3347.3 sec [total]
done with H++ for K = 4.76-5.66 Q = 16.00-19.03 after 3350.5 sec [total]
done with H+- for K = 4.76-5.66 Q = 16.00-19.03 after 3351.6 sec [total]
done with H-+ for K = 4.76-5.66 Q = 16.00-19.03 after 3352.9 sec [total]
done with H-- for K = 4.76-5.66 Q = 16.00-19.03 after 3353.2 sec [total]
done with UU for K = 5.66-6.73 Q = 16.00-19.03 after 3354.1 sec [total]
done with BB for K = 5.66-6.73 Q = 16.00-19.03 after 3355.1 sec [total]
done with UBTa for K = 5.66-6.73 Q = 16.00-19.03 after 3355.3 sec [total]
done with UBTb for K = 5.66-6.73 Q = 16.00-19.03 after 3355.5 sec [total]
done with UBTbA for K = 5.66-6.73 Q = 16.00-19.03 after 3355.6 sec [total]
done with UBTbC for K = 5.66-6.73 Q = 16.00-19.03 after 3356.0 sec [total]
done with H for K = 5.66-6.73 Q = 16.00-19.03 after 3356.9 sec [total]
done with H++ for K = 5.66-6.73 Q = 16.00-19.03 after 3360.0 sec [total]
done with H+- for K = 5.66-6.73 Q = 16.00-19.03 after 3361.2 sec [total]
done with H-+ for K = 5.66-6.73 Q = 16.00-19.03 after 3362.3 sec [total]
done with H-- for K = 5.66-6.73 Q = 16.00-19.03 after 3362.8 sec [total]
done with UU for K = 6.73-8.00 Q = 16.00-19.03 after 3363.7 sec [total]
done with BB for K = 6.73-8.00 Q = 16.00-19.03 after 3364.7 sec [total]
done with UBTa for K = 6.73-8.00 Q = 16.00-19.03 after 3364.9 sec [total]
done with UBTb for K = 6.73-8.00 Q = 16.00-19.03 after 3365.1 sec [total]
done with UBTbA for K = 6.73-8.00 Q = 16.00-19.03 after 3365.2 sec [total]
done with UBTbC for K = 6.73-8.00 Q = 16.00-19.03 after 3365.6 sec [total]
done with H for K = 6.73-8.00 Q = 16.00-19.03 after 3366.4 sec [total]
done with H++ for K = 6.73-8.00 Q = 16.00-19.03 after 3369.6 sec [total]
done with H+- for K = 6.73-8.00 Q = 16.00-19.03 after 3370.9 sec [total]
done with H-+ for K = 6.73-8.00 Q = 16.00-19.03 after 3372.1 sec [total]
done with H-- for K = 6.73-8.00 Q = 16.00-19.03 after 3372.4 sec [total]
done with UU for K = 8.00-9.51 Q = 16.00-19.03 after 3373.3 sec [total]
done with BB for K = 8.00-9.51 Q = 16.00-19.03 after 3374.4 sec [total]
done with UBTa for K = 8.00-9.51 Q = 16.00-19.03 after 3374.6 sec [total]
done with UBTb for K = 8.00-9.51 Q = 16.00-19.03 after 3374.8 sec [total]
done with UBTbA for K = 8.00-9.51 Q = 16.00-19.03 after 3374.9 sec [total]
done with UBTbC for K = 8.00-9.51 Q = 16.00-19.03 after 3375.2 sec [total]
done with H for K = 8.00-9.51 Q = 16.00-19.03 after 3376.1 sec [total]
done with H++ for K = 8.00-9.51 Q = 16.00-19.03 after 3379.2 sec [total]
done with H+- for K = 8.00-9.51 Q = 16.00-19.03 after 3380.4 sec [total]
done with H-+ for K = 8.00-9.51 Q = 16.00-19.03 after 3381.6 sec [total]
done with H-- for K = 8.00-9.51 Q = 16.00-19.03 after 3381.9 sec [total]
done with UU for K = 9.51-11.31 Q = 16.00-19.03 after 3382.9 sec [total]
done with BB for K = 9.51-11.31 Q = 16.00-19.03 after 3383.9 sec [total]
done with UBTa for K = 9.51-11.31 Q = 16.00-19.03 after 3384.1 sec [total]
done with UBTb for K = 9.51-11.31 Q = 16.00-19.03 after 3384.3 sec [total]
done with UBTbA for K = 9.51-11.31 Q = 16.00-19.03 after 3384.5 sec [total]
done with UBTbC for K = 9.51-11.31 Q = 16.00-19.03 after 3384.8 sec [total]
done with H for K = 9.51-11.31 Q = 16.00-19.03 after 3385.6 sec [total]
done with H++ for K = 9.51-11.31 Q = 16.00-19.03 after 3388.8 sec [total]
done with H+- for K = 9.51-11.31 Q = 16.00-19.03 after 3389.9 sec [total]
done with H-+ for K = 9.51-11.31 Q = 16.00-19.03 after 3391.1 sec [total]
done with H-- for K = 9.51-11.31 Q = 16.00-19.03 after 3391.5 sec [total]
done with UU for K = 11.31-13.45 Q = 16.00-19.03 after 3392.5 sec [total]
done with BB for K = 11.31-13.45 Q = 16.00-19.03 after 3393.5 sec [total]
done with UBTa for K = 11.31-13.45 Q = 16.00-19.03 after 3393.7 sec [total]
done with UBTb for K = 11.31-13.45 Q = 16.00-19.03 after 3393.9 sec [total]
done with UBTbA for K = 11.31-13.45 Q = 16.00-19.03 after 3394.0 sec [total]
done with UBTbC for K = 11.31-13.45 Q = 16.00-19.03 after 3394.3 sec [total]
done with H for K = 11.31-13.45 Q = 16.00-19.03 after 3395.3 sec [total]
done with H++ for K = 11.31-13.45 Q = 16.00-19.03 after 3398.4 sec [total]
done with H+- for K = 11.31-13.45 Q = 16.00-19.03 after 3399.7 sec [total]
done with H-+ for K = 11.31-13.45 Q = 16.00-19.03 after 3400.9 sec [total]
done with H-- for K = 11.31-13.45 Q = 16.00-19.03 after 3401.2 sec [total]
done with UU for K = 13.45-16.00 Q = 16.00-19.03 after 3402.1 sec [total]
done with BB for K = 13.45-16.00 Q = 16.00-19.03 after 3403.2 sec [total]
done with UBTa for K = 13.45-16.00 Q = 16.00-19.03 after 3403.3 sec [total]
done with UBTb for K = 13.45-16.00 Q = 16.00-19.03 after 3403.6 sec [total]
done with UBTbA for K = 13.45-16.00 Q = 16.00-19.03 after 3403.7 sec [total]
done with UBTbC for K = 13.45-16.00 Q = 16.00-19.03 after 3404.0 sec [total]
done with H for K = 13.45-16.00 Q = 16.00-19.03 after 3404.8 sec [total]
done with H++ for K = 13.45-16.00 Q = 16.00-19.03 after 3408.0 sec [total]
done with H+- for K = 13.45-16.00 Q = 16.00-19.03 after 3409.2 sec [total]
done with H-+ for K = 13.45-16.00 Q = 16.00-19.03 after 3410.6 sec [total]
done with H-- for K = 13.45-16.00 Q = 16.00-19.03 after 3410.8 sec [total]
done with UU for K = 16.00-19.03 Q = 16.00-19.03 after 3411.7 sec [total]
done with BB for K = 16.00-19.03 Q = 16.00-19.03 after 3412.7 sec [total]
done with UBTa for K = 16.00-19.03 Q = 16.00-19.03 after 3412.8 sec [total]
done with UBTb for K = 16.00-19.03 Q = 16.00-19.03 after 3413.0 sec [total]
done with UBTbA for K = 16.00-19.03 Q = 16.00-19.03 after 3413.2 sec [total]
done with UBTbC for K = 16.00-19.03 Q = 16.00-19.03 after 3413.5 sec [total]
done with H for K = 16.00-19.03 Q = 16.00-19.03 after 3414.5 sec [total]
done with H++ for K = 16.00-19.03 Q = 16.00-19.03 after 3417.7 sec [total]
done with H+- for K = 16.00-19.03 Q = 16.00-19.03 after 3419.0 sec [total]
done with H-+ for K = 16.00-19.03 Q = 16.00-19.03 after 3420.2 sec [total]
done with H-- for K = 16.00-19.03 Q = 16.00-19.03 after 3420.4 sec [total]
done with UU for K = 19.03-22.63 Q = 16.00-19.03 after 3421.3 sec [total]
done with BB for K = 19.03-22.63 Q = 16.00-19.03 after 3422.3 sec [total]
done with UBTa for K = 19.03-22.63 Q = 16.00-19.03 after 3422.5 sec [total]
done with UBTb for K = 19.03-22.63 Q = 16.00-19.03 after 3422.7 sec [total]
done with UBTbA for K = 19.03-22.63 Q = 16.00-19.03 after 3422.9 sec [total]
done with UBTbC for K = 19.03-22.63 Q = 16.00-19.03 after 3423.2 sec [total]
done with H for K = 19.03-22.63 Q = 16.00-19.03 after 3424.1 sec [total]
done with H++ for K = 19.03-22.63 Q = 16.00-19.03 after 3427.2 sec [total]
done with H+- for K = 19.03-22.63 Q = 16.00-19.03 after 3428.4 sec [total]
done with H-+ for K = 19.03-22.63 Q = 16.00-19.03 after 3429.7 sec [total]
done with H-- for K = 19.03-22.63 Q = 16.00-19.03 after 3430.0 sec [total]
done with UU for K = 22.63-26.91 Q = 16.00-19.03 after 3430.9 sec [total]
done with BB for K = 22.63-26.91 Q = 16.00-19.03 after 3431.9 sec [total]
done with UBTa for K = 22.63-26.91 Q = 16.00-19.03 after 3432.1 sec [total]
done with UBTb for K = 22.63-26.91 Q = 16.00-19.03 after 3432.4 sec [total]
done with UBTbA for K = 22.63-26.91 Q = 16.00-19.03 after 3432.5 sec [total]
done with UBTbC for K = 22.63-26.91 Q = 16.00-19.03 after 3432.8 sec [total]
done with H for K = 22.63-26.91 Q = 16.00-19.03 after 3433.6 sec [total]
done with H++ for K = 22.63-26.91 Q = 16.00-19.03 after 3436.8 sec [total]
done with H+- for K = 22.63-26.91 Q = 16.00-19.03 after 3438.1 sec [total]
done with H-+ for K = 22.63-26.91 Q = 16.00-19.03 after 3439.4 sec [total]
done with H-- for K = 22.63-26.91 Q = 16.00-19.03 after 3439.5 sec [total]
done with UU for K = 26.91-32.00 Q = 16.00-19.03 after 3440.4 sec [total]
done with BB for K = 26.91-32.00 Q = 16.00-19.03 after 3441.5 sec [total]
done with UBTa for K = 26.91-32.00 Q = 16.00-19.03 after 3441.7 sec [total]
done with UBTb for K = 26.91-32.00 Q = 16.00-19.03 after 3441.8 sec [total]
done with UBTbA for K = 26.91-32.00 Q = 16.00-19.03 after 3442.0 sec [total]
done with UBTbC for K = 26.91-32.00 Q = 16.00-19.03 after 3442.3 sec [total]
done with H for K = 26.91-32.00 Q = 16.00-19.03 after 3443.2 sec [total]
done with H++ for K = 26.91-32.00 Q = 16.00-19.03 after 3446.3 sec [total]
done with H+- for K = 26.91-32.00 Q = 16.00-19.03 after 3447.5 sec [total]
done with H-+ for K = 26.91-32.00 Q = 16.00-19.03 after 3448.6 sec [total]
done with H-- for K = 26.91-32.00 Q = 16.00-19.03 after 3449.1 sec [total]
done with UU for K = 32.00-38.05 Q = 16.00-19.03 after 3450.0 sec [total]
done with BB for K = 32.00-38.05 Q = 16.00-19.03 after 3451.1 sec [total]
done with UBTa for K = 32.00-38.05 Q = 16.00-19.03 after 3451.2 sec [total]
done with UBTb for K = 32.00-38.05 Q = 16.00-19.03 after 3451.4 sec [total]
done with UBTbA for K = 32.00-38.05 Q = 16.00-19.03 after 3451.6 sec [total]
done with UBTbC for K = 32.00-38.05 Q = 16.00-19.03 after 3451.9 sec [total]
done with H for K = 32.00-38.05 Q = 16.00-19.03 after 3452.8 sec [total]
done with H++ for K = 32.00-38.05 Q = 16.00-19.03 after 3455.9 sec [total]
done with H+- for K = 32.00-38.05 Q = 16.00-19.03 after 3457.2 sec [total]
done with H-+ for K = 32.00-38.05 Q = 16.00-19.03 after 3458.4 sec [total]
done with H-- for K = 32.00-38.05 Q = 16.00-19.03 after 3458.8 sec [total]
done with UU for K = 38.05-45.25 Q = 16.00-19.03 after 3459.7 sec [total]
done with BB for K = 38.05-45.25 Q = 16.00-19.03 after 3460.7 sec [total]
done with UBTa for K = 38.05-45.25 Q = 16.00-19.03 after 3460.9 sec [total]
done with UBTb for K = 38.05-45.25 Q = 16.00-19.03 after 3461.1 sec [total]
done with UBTbA for K = 38.05-45.25 Q = 16.00-19.03 after 3461.3 sec [total]
done with UBTbC for K = 38.05-45.25 Q = 16.00-19.03 after 3461.6 sec [total]
done with H for K = 38.05-45.25 Q = 16.00-19.03 after 3462.5 sec [total]
done with H++ for K = 38.05-45.25 Q = 16.00-19.03 after 3465.6 sec [total]
done with H+- for K = 38.05-45.25 Q = 16.00-19.03 after 3466.7 sec [total]
done with H-+ for K = 38.05-45.25 Q = 16.00-19.03 after 3467.8 sec [total]
done with H-- for K = 38.05-45.25 Q = 16.00-19.03 after 3468.4 sec [total]
done with UU for K = 45.25-53.82 Q = 16.00-19.03 after 3469.3 sec [total]
done with BB for K = 45.25-53.82 Q = 16.00-19.03 after 3470.4 sec [total]
done with UBTa for K = 45.25-53.82 Q = 16.00-19.03 after 3470.6 sec [total]
done with UBTb for K = 45.25-53.82 Q = 16.00-19.03 after 3470.8 sec [total]
done with UBTbA for K = 45.25-53.82 Q = 16.00-19.03 after 3470.9 sec [total]
done with UBTbC for K = 45.25-53.82 Q = 16.00-19.03 after 3471.2 sec [total]
done with H for K = 45.25-53.82 Q = 16.00-19.03 after 3472.1 sec [total]
done with H++ for K = 45.25-53.82 Q = 16.00-19.03 after 3475.3 sec [total]
done with H+- for K = 45.25-53.82 Q = 16.00-19.03 after 3476.5 sec [total]
done with H-+ for K = 45.25-53.82 Q = 16.00-19.03 after 3477.7 sec [total]
done with H-- for K = 45.25-53.82 Q = 16.00-19.03 after 3478.0 sec [total]
done with UU for K = 53.82-64.00 Q = 16.00-19.03 after 3478.9 sec [total]
done with BB for K = 53.82-64.00 Q = 16.00-19.03 after 3479.9 sec [total]
done with UBTa for K = 53.82-64.00 Q = 16.00-19.03 after 3480.1 sec [total]
done with UBTb for K = 53.82-64.00 Q = 16.00-19.03 after 3480.3 sec [total]
done with UBTbA for K = 53.82-64.00 Q = 16.00-19.03 after 3480.5 sec [total]
done with UBTbC for K = 53.82-64.00 Q = 16.00-19.03 after 3480.8 sec [total]
done with H for K = 53.82-64.00 Q = 16.00-19.03 after 3481.7 sec [total]
done with H++ for K = 53.82-64.00 Q = 16.00-19.03 after 3484.9 sec [total]
done with H+- for K = 53.82-64.00 Q = 16.00-19.03 after 3486.1 sec [total]
done with H-+ for K = 53.82-64.00 Q = 16.00-19.03 after 3487.3 sec [total]
done with H-- for K = 53.82-64.00 Q = 16.00-19.03 after 3487.7 sec [total]
done with UU for K = 64.00-76.11 Q = 16.00-19.03 after 3488.6 sec [total]
done with BB for K = 64.00-76.11 Q = 16.00-19.03 after 3489.6 sec [total]
done with UBTa for K = 64.00-76.11 Q = 16.00-19.03 after 3489.8 sec [total]
done with UBTb for K = 64.00-76.11 Q = 16.00-19.03 after 3490.0 sec [total]
done with UBTbA for K = 64.00-76.11 Q = 16.00-19.03 after 3490.2 sec [total]
done with UBTbC for K = 64.00-76.11 Q = 16.00-19.03 after 3490.5 sec [total]
done with H for K = 64.00-76.11 Q = 16.00-19.03 after 3491.3 sec [total]
done with H++ for K = 64.00-76.11 Q = 16.00-19.03 after 3494.5 sec [total]
done with H+- for K = 64.00-76.11 Q = 16.00-19.03 after 3495.7 sec [total]
done with H-+ for K = 64.00-76.11 Q = 16.00-19.03 after 3496.9 sec [total]
done with H-- for K = 64.00-76.11 Q = 16.00-19.03 after 3497.3 sec [total]
done with UU for K = 76.11-90.51 Q = 16.00-19.03 after 3498.2 sec [total]
done with BB for K = 76.11-90.51 Q = 16.00-19.03 after 3499.2 sec [total]
done with UBTa for K = 76.11-90.51 Q = 16.00-19.03 after 3499.4 sec [total]
done with UBTb for K = 76.11-90.51 Q = 16.00-19.03 after 3499.6 sec [total]
done with UBTbA for K = 76.11-90.51 Q = 16.00-19.03 after 3499.8 sec [total]
done with UBTbC for K = 76.11-90.51 Q = 16.00-19.03 after 3500.1 sec [total]
done with H for K = 76.11-90.51 Q = 16.00-19.03 after 3501.0 sec [total]
done with H++ for K = 76.11-90.51 Q = 16.00-19.03 after 3504.1 sec [total]
done with H+- for K = 76.11-90.51 Q = 16.00-19.03 after 3505.3 sec [total]
done with H-+ for K = 76.11-90.51 Q = 16.00-19.03 after 3506.5 sec [total]
done with H-- for K = 76.11-90.51 Q = 16.00-19.03 after 3506.9 sec [total]
done with UU for K = 90.51-107.63 Q = 16.00-19.03 after 3507.8 sec [total]
done with BB for K = 90.51-107.63 Q = 16.00-19.03 after 3508.8 sec [total]
done with UBTa for K = 90.51-107.63 Q = 16.00-19.03 after 3509.0 sec [total]
done with UBTb for K = 90.51-107.63 Q = 16.00-19.03 after 3509.2 sec [total]
done with UBTbA for K = 90.51-107.63 Q = 16.00-19.03 after 3509.4 sec [total]
done with UBTbC for K = 90.51-107.63 Q = 16.00-19.03 after 3509.7 sec [total]
done with H for K = 90.51-107.63 Q = 16.00-19.03 after 3510.6 sec [total]
done with H++ for K = 90.51-107.63 Q = 16.00-19.03 after 3513.7 sec [total]
done with H+- for K = 90.51-107.63 Q = 16.00-19.03 after 3514.9 sec [total]
done with H-+ for K = 90.51-107.63 Q = 16.00-19.03 after 3516.1 sec [total]
done with H-- for K = 90.51-107.63 Q = 16.00-19.03 after 3516.5 sec [total]
done with UU for K = 107.63-128.00 Q = 16.00-19.03 after 3517.4 sec [total]
done with BB for K = 107.63-128.00 Q = 16.00-19.03 after 3518.4 sec [total]
done with UBTa for K = 107.63-128.00 Q = 16.00-19.03 after 3518.6 sec [total]
done with UBTb for K = 107.63-128.00 Q = 16.00-19.03 after 3518.8 sec [total]
done with UBTbA for K = 107.63-128.00 Q = 16.00-19.03 after 3519.0 sec [total]
done with UBTbC for K = 107.63-128.00 Q = 16.00-19.03 after 3519.3 sec [total]
done with H for K = 107.63-128.00 Q = 16.00-19.03 after 3520.2 sec [total]
done with H++ for K = 107.63-128.00 Q = 16.00-19.03 after 3523.3 sec [total]
done with H+- for K = 107.63-128.00 Q = 16.00-19.03 after 3524.4 sec [total]
done with H-+ for K = 107.63-128.00 Q = 16.00-19.03 after 3525.5 sec [total]
done with H-- for K = 107.63-128.00 Q = 16.00-19.03 after 3526.1 sec [total]
done with UU for K = 128.00-152.22 Q = 16.00-19.03 after 3527.0 sec [total]
done with BB for K = 128.00-152.22 Q = 16.00-19.03 after 3528.0 sec [total]
done with UBTa for K = 128.00-152.22 Q = 16.00-19.03 after 3528.2 sec [total]
done with UBTb for K = 128.00-152.22 Q = 16.00-19.03 after 3528.4 sec [total]
done with UBTbA for K = 128.00-152.22 Q = 16.00-19.03 after 3528.6 sec [total]
done with UBTbC for K = 128.00-152.22 Q = 16.00-19.03 after 3528.9 sec [total]
done with H for K = 128.00-152.22 Q = 16.00-19.03 after 3529.7 sec [total]
done with H++ for K = 128.00-152.22 Q = 16.00-19.03 after 3532.9 sec [total]
done with H+- for K = 128.00-152.22 Q = 16.00-19.03 after 3534.1 sec [total]
done with H-+ for K = 128.00-152.22 Q = 16.00-19.03 after 3535.2 sec [total]
done with H-- for K = 128.00-152.22 Q = 16.00-19.03 after 3535.6 sec [total]
done with UU for K = 152.22-181.02 Q = 16.00-19.03 after 3536.5 sec [total]
done with BB for K = 152.22-181.02 Q = 16.00-19.03 after 3537.6 sec [total]
done with UBTa for K = 152.22-181.02 Q = 16.00-19.03 after 3537.8 sec [total]
done with UBTb for K = 152.22-181.02 Q = 16.00-19.03 after 3538.0 sec [total]
done with UBTbA for K = 152.22-181.02 Q = 16.00-19.03 after 3538.1 sec [total]
done with UBTbC for K = 152.22-181.02 Q = 16.00-19.03 after 3538.4 sec [total]
done with H for K = 152.22-181.02 Q = 16.00-19.03 after 3539.3 sec [total]
done with H++ for K = 152.22-181.02 Q = 16.00-19.03 after 3542.4 sec [total]
done with H+- for K = 152.22-181.02 Q = 16.00-19.03 after 3543.6 sec [total]
done with H-+ for K = 152.22-181.02 Q = 16.00-19.03 after 3544.9 sec [total]
done with H-- for K = 152.22-181.02 Q = 16.00-19.03 after 3545.2 sec [total]
done with UU for K = 181.02-215.27 Q = 16.00-19.03 after 3546.1 sec [total]
done with BB for K = 181.02-215.27 Q = 16.00-19.03 after 3547.2 sec [total]
done with UBTa for K = 181.02-215.27 Q = 16.00-19.03 after 3547.3 sec [total]
done with UBTb for K = 181.02-215.27 Q = 16.00-19.03 after 3547.5 sec [total]
done with UBTbA for K = 181.02-215.27 Q = 16.00-19.03 after 3547.7 sec [total]
done with UBTbC for K = 181.02-215.27 Q = 16.00-19.03 after 3548.0 sec [total]
done with H for K = 181.02-215.27 Q = 16.00-19.03 after 3548.9 sec [total]
done with H++ for K = 181.02-215.27 Q = 16.00-19.03 after 3552.1 sec [total]
done with H+- for K = 181.02-215.27 Q = 16.00-19.03 after 3553.2 sec [total]
done with H-+ for K = 181.02-215.27 Q = 16.00-19.03 after 3554.3 sec [total]
done with H-- for K = 181.02-215.27 Q = 16.00-19.03 after 3554.9 sec [total]
done with UU for K = 215.27-256.00 Q = 16.00-19.03 after 3555.8 sec [total]
done with BB for K = 215.27-256.00 Q = 16.00-19.03 after 3556.8 sec [total]
done with UBTa for K = 215.27-256.00 Q = 16.00-19.03 after 3557.0 sec [total]
done with UBTb for K = 215.27-256.00 Q = 16.00-19.03 after 3557.2 sec [total]
done with UBTbA for K = 215.27-256.00 Q = 16.00-19.03 after 3557.4 sec [total]
done with UBTbC for K = 215.27-256.00 Q = 16.00-19.03 after 3557.6 sec [total]
done with H for K = 215.27-256.00 Q = 16.00-19.03 after 3558.5 sec [total]
done with H++ for K = 215.27-256.00 Q = 16.00-19.03 after 3561.7 sec [total]
done with H+- for K = 215.27-256.00 Q = 16.00-19.03 after 3562.8 sec [total]
done with H-+ for K = 215.27-256.00 Q = 16.00-19.03 after 3563.8 sec [total]
done with H-- for K = 215.27-256.00 Q = 16.00-19.03 after 3564.4 sec [total]
done with UU for K = 256.00-304.44 Q = 16.00-19.03 after 3565.3 sec [total]
done with BB for K = 256.00-304.44 Q = 16.00-19.03 after 3566.4 sec [total]
done with UBTa for K = 256.00-304.44 Q = 16.00-19.03 after 3566.6 sec [total]
done with UBTb for K = 256.00-304.44 Q = 16.00-19.03 after 3566.8 sec [total]
done with UBTbA for K = 256.00-304.44 Q = 16.00-19.03 after 3566.9 sec [total]
done with UBTbC for K = 256.00-304.44 Q = 16.00-19.03 after 3567.3 sec [total]
done with H for K = 256.00-304.44 Q = 16.00-19.03 after 3568.1 sec [total]
done with H++ for K = 256.00-304.44 Q = 16.00-19.03 after 3571.3 sec [total]
done with H+- for K = 256.00-304.44 Q = 16.00-19.03 after 3572.4 sec [total]
done with H-+ for K = 256.00-304.44 Q = 16.00-19.03 after 3573.6 sec [total]
done with H-- for K = 256.00-304.44 Q = 16.00-19.03 after 3574.0 sec [total]
done with UU for K = 304.44-362.04 Q = 16.00-19.03 after 3575.0 sec [total]
done with BB for K = 304.44-362.04 Q = 16.00-19.03 after 3576.0 sec [total]
done with UBTa for K = 304.44-362.04 Q = 16.00-19.03 after 3576.2 sec [total]
done with UBTb for K = 304.44-362.04 Q = 16.00-19.03 after 3576.4 sec [total]
done with UBTbA for K = 304.44-362.04 Q = 16.00-19.03 after 3576.6 sec [total]
done with UBTbC for K = 304.44-362.04 Q = 16.00-19.03 after 3576.9 sec [total]
done with H for K = 304.44-362.04 Q = 16.00-19.03 after 3577.7 sec [total]
done with H++ for K = 304.44-362.04 Q = 16.00-19.03 after 3580.9 sec [total]
done with H+- for K = 304.44-362.04 Q = 16.00-19.03 after 3582.0 sec [total]
done with H-+ for K = 304.44-362.04 Q = 16.00-19.03 after 3583.1 sec [total]
done with H-- for K = 304.44-362.04 Q = 16.00-19.03 after 3583.6 sec [total]
done with UU for K = 362.04-430.54 Q = 16.00-19.03 after 3584.6 sec [total]
done with BB for K = 362.04-430.54 Q = 16.00-19.03 after 3585.6 sec [total]
done with UBTa for K = 362.04-430.54 Q = 16.00-19.03 after 3585.8 sec [total]
done with UBTb for K = 362.04-430.54 Q = 16.00-19.03 after 3586.0 sec [total]
done with UBTbA for K = 362.04-430.54 Q = 16.00-19.03 after 3586.2 sec [total]
done with UBTbC for K = 362.04-430.54 Q = 16.00-19.03 after 3586.4 sec [total]
done with H for K = 362.04-430.54 Q = 16.00-19.03 after 3587.4 sec [total]
done with H++ for K = 362.04-430.54 Q = 16.00-19.03 after 3590.5 sec [total]
done with H+- for K = 362.04-430.54 Q = 16.00-19.03 after 3591.8 sec [total]
done with H-+ for K = 362.04-430.54 Q = 16.00-19.03 after 3593.0 sec [total]
done with H-- for K = 362.04-430.54 Q = 16.00-19.03 after 3593.3 sec [total]
done with UU for K = 430.54-512.00 Q = 16.00-19.03 after 3594.2 sec [total]
done with BB for K = 430.54-512.00 Q = 16.00-19.03 after 3595.3 sec [total]
done with UBTa for K = 430.54-512.00 Q = 16.00-19.03 after 3595.5 sec [total]
done with UBTb for K = 430.54-512.00 Q = 16.00-19.03 after 3595.7 sec [total]
done with UBTbA for K = 430.54-512.00 Q = 16.00-19.03 after 3595.8 sec [total]
done with UBTbC for K = 430.54-512.00 Q = 16.00-19.03 after 3596.1 sec [total]
done with H for K = 430.54-512.00 Q = 16.00-19.03 after 3597.0 sec [total]
done with H++ for K = 430.54-512.00 Q = 16.00-19.03 after 3600.2 sec [total]
done with H+- for K = 430.54-512.00 Q = 16.00-19.03 after 3601.4 sec [total]
done with H-+ for K = 430.54-512.00 Q = 16.00-19.03 after 3602.4 sec [total]
done with H-- for K = 430.54-512.00 Q = 16.00-19.03 after 3602.9 sec [total]
done with UU for K = 512.00-608.87 Q = 16.00-19.03 after 3603.8 sec [total]
done with BB for K = 512.00-608.87 Q = 16.00-19.03 after 3604.9 sec [total]
done with UBTa for K = 512.00-608.87 Q = 16.00-19.03 after 3605.0 sec [total]
done with UBTb for K = 512.00-608.87 Q = 16.00-19.03 after 3605.2 sec [total]
done with UBTbA for K = 512.00-608.87 Q = 16.00-19.03 after 3605.4 sec [total]
done with UBTbC for K = 512.00-608.87 Q = 16.00-19.03 after 3605.7 sec [total]
done with H for K = 512.00-608.87 Q = 16.00-19.03 after 3606.6 sec [total]
done with H++ for K = 512.00-608.87 Q = 16.00-19.03 after 3609.8 sec [total]
done with H+- for K = 512.00-608.87 Q = 16.00-19.03 after 3610.9 sec [total]
done with H-+ for K = 512.00-608.87 Q = 16.00-19.03 after 3612.0 sec [total]
done with H-- for K = 512.00-608.87 Q = 16.00-19.03 after 3612.5 sec [total]
done with UU for K = 608.87-724.08 Q = 16.00-19.03 after 3613.4 sec [total]
done with BB for K = 608.87-724.08 Q = 16.00-19.03 after 3614.5 sec [total]
done with UBTa for K = 608.87-724.08 Q = 16.00-19.03 after 3614.6 sec [total]
done with UBTb for K = 608.87-724.08 Q = 16.00-19.03 after 3614.9 sec [total]
done with UBTbA for K = 608.87-724.08 Q = 16.00-19.03 after 3615.0 sec [total]
done with UBTbC for K = 608.87-724.08 Q = 16.00-19.03 after 3615.4 sec [total]
done with H for K = 608.87-724.08 Q = 16.00-19.03 after 3616.2 sec [total]
done with H++ for K = 608.87-724.08 Q = 16.00-19.03 after 3619.4 sec [total]
done with H+- for K = 608.87-724.08 Q = 16.00-19.03 after 3620.6 sec [total]
done with H-+ for K = 608.87-724.08 Q = 16.00-19.03 after 3621.9 sec [total]
done with H-- for K = 608.87-724.08 Q = 16.00-19.03 after 3622.2 sec [total]
done with UU for K = 724.08-861.08 Q = 16.00-19.03 after 3623.1 sec [total]
done with BB for K = 724.08-861.08 Q = 16.00-19.03 after 3624.1 sec [total]
done with UBTa for K = 724.08-861.08 Q = 16.00-19.03 after 3624.3 sec [total]
done with UBTb for K = 724.08-861.08 Q = 16.00-19.03 after 3624.5 sec [total]
done with UBTbA for K = 724.08-861.08 Q = 16.00-19.03 after 3624.7 sec [total]
done with UBTbC for K = 724.08-861.08 Q = 16.00-19.03 after 3625.0 sec [total]
done with H for K = 724.08-861.08 Q = 16.00-19.03 after 3625.9 sec [total]
done with H++ for K = 724.08-861.08 Q = 16.00-19.03 after 3629.0 sec [total]
done with H+- for K = 724.08-861.08 Q = 16.00-19.03 after 3630.3 sec [total]
done with H-+ for K = 724.08-861.08 Q = 16.00-19.03 after 3631.5 sec [total]
done with H-- for K = 724.08-861.08 Q = 16.00-19.03 after 3631.8 sec [total]
done with UU for K = 861.08-1024.00 Q = 16.00-19.03 after 3632.7 sec [total]
done with BB for K = 861.08-1024.00 Q = 16.00-19.03 after 3633.7 sec [total]
done with UBTa for K = 861.08-1024.00 Q = 16.00-19.03 after 3633.9 sec [total]
done with UBTb for K = 861.08-1024.00 Q = 16.00-19.03 after 3634.1 sec [total]
done with UBTbA for K = 861.08-1024.00 Q = 16.00-19.03 after 3634.3 sec [total]
done with UBTbC for K = 861.08-1024.00 Q = 16.00-19.03 after 3634.6 sec [total]
done with H for K = 861.08-1024.00 Q = 16.00-19.03 after 3635.5 sec [total]
done with H++ for K = 861.08-1024.00 Q = 16.00-19.03 after 3638.7 sec [total]
done with H+- for K = 861.08-1024.00 Q = 16.00-19.03 after 3639.8 sec [total]
done with H-+ for K = 861.08-1024.00 Q = 16.00-19.03 after 3640.9 sec [total]
done with H-- for K = 861.08-1024.00 Q = 16.00-19.03 after 3641.4 sec [total]
done with UU for K = 0.00-3.36 Q = 19.03-22.63 after 3643.2 sec [total]
done with BB for K = 0.00-3.36 Q = 19.03-22.63 after 3645.3 sec [total]
done with UBTa for K = 0.00-3.36 Q = 19.03-22.63 after 3646.4 sec [total]
done with UBTb for K = 0.00-3.36 Q = 19.03-22.63 after 3647.5 sec [total]
done with UBTbA for K = 0.00-3.36 Q = 19.03-22.63 after 3648.5 sec [total]
done with UBTbC for K = 0.00-3.36 Q = 19.03-22.63 after 3648.8 sec [total]
done with H for K = 0.00-3.36 Q = 19.03-22.63 after 3649.7 sec [total]
done with H++ for K = 0.00-3.36 Q = 19.03-22.63 after 3652.9 sec [total]
done with H+- for K = 0.00-3.36 Q = 19.03-22.63 after 3654.1 sec [total]
done with H-+ for K = 0.00-3.36 Q = 19.03-22.63 after 3655.2 sec [total]
done with H-- for K = 0.00-3.36 Q = 19.03-22.63 after 3655.7 sec [total]
done with UU for K = 3.36-4.00 Q = 19.03-22.63 after 3656.6 sec [total]
done with BB for K = 3.36-4.00 Q = 19.03-22.63 after 3657.6 sec [total]
done with UBTa for K = 3.36-4.00 Q = 19.03-22.63 after 3657.8 sec [total]
done with UBTb for K = 3.36-4.00 Q = 19.03-22.63 after 3658.0 sec [total]
done with UBTbA for K = 3.36-4.00 Q = 19.03-22.63 after 3658.2 sec [total]
done with UBTbC for K = 3.36-4.00 Q = 19.03-22.63 after 3658.5 sec [total]
done with H for K = 3.36-4.00 Q = 19.03-22.63 after 3659.4 sec [total]
done with H++ for K = 3.36-4.00 Q = 19.03-22.63 after 3662.6 sec [total]
done with H+- for K = 3.36-4.00 Q = 19.03-22.63 after 3663.6 sec [total]
done with H-+ for K = 3.36-4.00 Q = 19.03-22.63 after 3664.7 sec [total]
done with H-- for K = 3.36-4.00 Q = 19.03-22.63 after 3665.3 sec [total]
done with UU for K = 4.00-4.76 Q = 19.03-22.63 after 3666.3 sec [total]
done with BB for K = 4.00-4.76 Q = 19.03-22.63 after 3667.3 sec [total]
done with UBTa for K = 4.00-4.76 Q = 19.03-22.63 after 3667.4 sec [total]
done with UBTb for K = 4.00-4.76 Q = 19.03-22.63 after 3667.6 sec [total]
done with UBTbA for K = 4.00-4.76 Q = 19.03-22.63 after 3667.8 sec [total]
done with UBTbC for K = 4.00-4.76 Q = 19.03-22.63 after 3668.1 sec [total]
done with H for K = 4.00-4.76 Q = 19.03-22.63 after 3669.0 sec [total]
done with H++ for K = 4.00-4.76 Q = 19.03-22.63 after 3672.2 sec [total]
done with H+- for K = 4.00-4.76 Q = 19.03-22.63 after 3673.3 sec [total]
done with H-+ for K = 4.00-4.76 Q = 19.03-22.63 after 3674.5 sec [total]
done with H-- for K = 4.00-4.76 Q = 19.03-22.63 after 3675.0 sec [total]
done with UU for K = 4.76-5.66 Q = 19.03-22.63 after 3675.9 sec [total]
done with BB for K = 4.76-5.66 Q = 19.03-22.63 after 3676.9 sec [total]
done with UBTa for K = 4.76-5.66 Q = 19.03-22.63 after 3677.1 sec [total]
done with UBTb for K = 4.76-5.66 Q = 19.03-22.63 after 3677.3 sec [total]
done with UBTbA for K = 4.76-5.66 Q = 19.03-22.63 after 3677.5 sec [total]
done with UBTbC for K = 4.76-5.66 Q = 19.03-22.63 after 3677.7 sec [total]
done with H for K = 4.76-5.66 Q = 19.03-22.63 after 3678.6 sec [total]
done with H++ for K = 4.76-5.66 Q = 19.03-22.63 after 3681.7 sec [total]
done with H+- for K = 4.76-5.66 Q = 19.03-22.63 after 3683.0 sec [total]
done with H-+ for K = 4.76-5.66 Q = 19.03-22.63 after 3684.1 sec [total]
done with H-- for K = 4.76-5.66 Q = 19.03-22.63 after 3684.6 sec [total]
done with UU for K = 5.66-6.73 Q = 19.03-22.63 after 3685.5 sec [total]
done with BB for K = 5.66-6.73 Q = 19.03-22.63 after 3686.5 sec [total]
done with UBTa for K = 5.66-6.73 Q = 19.03-22.63 after 3686.6 sec [total]
done with UBTb for K = 5.66-6.73 Q = 19.03-22.63 after 3686.9 sec [total]
done with UBTbA for K = 5.66-6.73 Q = 19.03-22.63 after 3687.0 sec [total]
done with UBTbC for K = 5.66-6.73 Q = 19.03-22.63 after 3687.3 sec [total]
done with H for K = 5.66-6.73 Q = 19.03-22.63 after 3688.2 sec [total]
done with H++ for K = 5.66-6.73 Q = 19.03-22.63 after 3691.4 sec [total]
done with H+- for K = 5.66-6.73 Q = 19.03-22.63 after 3692.6 sec [total]
done with H-+ for K = 5.66-6.73 Q = 19.03-22.63 after 3693.7 sec [total]
done with H-- for K = 5.66-6.73 Q = 19.03-22.63 after 3694.1 sec [total]
done with UU for K = 6.73-8.00 Q = 19.03-22.63 after 3695.0 sec [total]
done with BB for K = 6.73-8.00 Q = 19.03-22.63 after 3696.1 sec [total]
done with UBTa for K = 6.73-8.00 Q = 19.03-22.63 after 3696.2 sec [total]
done with UBTb for K = 6.73-8.00 Q = 19.03-22.63 after 3696.5 sec [total]
done with UBTbA for K = 6.73-8.00 Q = 19.03-22.63 after 3696.6 sec [total]
done with UBTbC for K = 6.73-8.00 Q = 19.03-22.63 after 3696.9 sec [total]
done with H for K = 6.73-8.00 Q = 19.03-22.63 after 3697.8 sec [total]
done with H++ for K = 6.73-8.00 Q = 19.03-22.63 after 3701.0 sec [total]
done with H+- for K = 6.73-8.00 Q = 19.03-22.63 after 3702.1 sec [total]
done with H-+ for K = 6.73-8.00 Q = 19.03-22.63 after 3703.0 sec [total]
done with H-- for K = 6.73-8.00 Q = 19.03-22.63 after 3703.7 sec [total]
done with UU for K = 8.00-9.51 Q = 19.03-22.63 after 3704.6 sec [total]
done with BB for K = 8.00-9.51 Q = 19.03-22.63 after 3705.7 sec [total]
done with UBTa for K = 8.00-9.51 Q = 19.03-22.63 after 3705.9 sec [total]
done with UBTb for K = 8.00-9.51 Q = 19.03-22.63 after 3706.1 sec [total]
done with UBTbA for K = 8.00-9.51 Q = 19.03-22.63 after 3706.2 sec [total]
done with UBTbC for K = 8.00-9.51 Q = 19.03-22.63 after 3706.5 sec [total]
done with H for K = 8.00-9.51 Q = 19.03-22.63 after 3707.4 sec [total]
done with H++ for K = 8.00-9.51 Q = 19.03-22.63 after 3710.5 sec [total]
done with H+- for K = 8.00-9.51 Q = 19.03-22.63 after 3711.9 sec [total]
done with H-+ for K = 8.00-9.51 Q = 19.03-22.63 after 3713.2 sec [total]
done with H-- for K = 8.00-9.51 Q = 19.03-22.63 after 3713.4 sec [total]
done with UU for K = 9.51-11.31 Q = 19.03-22.63 after 3714.2 sec [total]
done with BB for K = 9.51-11.31 Q = 19.03-22.63 after 3715.3 sec [total]
done with UBTa for K = 9.51-11.31 Q = 19.03-22.63 after 3715.5 sec [total]
done with UBTb for K = 9.51-11.31 Q = 19.03-22.63 after 3715.7 sec [total]
done with UBTbA for K = 9.51-11.31 Q = 19.03-22.63 after 3715.9 sec [total]
done with UBTbC for K = 9.51-11.31 Q = 19.03-22.63 after 3716.2 sec [total]
done with H for K = 9.51-11.31 Q = 19.03-22.63 after 3717.0 sec [total]
done with H++ for K = 9.51-11.31 Q = 19.03-22.63 after 3720.3 sec [total]
done with H+- for K = 9.51-11.31 Q = 19.03-22.63 after 3721.4 sec [total]
done with H-+ for K = 9.51-11.31 Q = 19.03-22.63 after 3722.5 sec [total]
done with H-- for K = 9.51-11.31 Q = 19.03-22.63 after 3722.9 sec [total]
done with UU for K = 11.31-13.45 Q = 19.03-22.63 after 3723.8 sec [total]
done with BB for K = 11.31-13.45 Q = 19.03-22.63 after 3724.9 sec [total]
done with UBTa for K = 11.31-13.45 Q = 19.03-22.63 after 3725.1 sec [total]
done with UBTb for K = 11.31-13.45 Q = 19.03-22.63 after 3725.3 sec [total]
done with UBTbA for K = 11.31-13.45 Q = 19.03-22.63 after 3725.5 sec [total]
done with UBTbC for K = 11.31-13.45 Q = 19.03-22.63 after 3725.8 sec [total]
done with H for K = 11.31-13.45 Q = 19.03-22.63 after 3726.6 sec [total]
done with H++ for K = 11.31-13.45 Q = 19.03-22.63 after 3729.8 sec [total]
done with H+- for K = 11.31-13.45 Q = 19.03-22.63 after 3731.0 sec [total]
done with H-+ for K = 11.31-13.45 Q = 19.03-22.63 after 3732.0 sec [total]
done with H-- for K = 11.31-13.45 Q = 19.03-22.63 after 3732.5 sec [total]
done with UU for K = 13.45-16.00 Q = 19.03-22.63 after 3733.4 sec [total]
done with BB for K = 13.45-16.00 Q = 19.03-22.63 after 3734.5 sec [total]
done with UBTa for K = 13.45-16.00 Q = 19.03-22.63 after 3734.6 sec [total]
done with UBTb for K = 13.45-16.00 Q = 19.03-22.63 after 3734.8 sec [total]
done with UBTbA for K = 13.45-16.00 Q = 19.03-22.63 after 3735.0 sec [total]
done with UBTbC for K = 13.45-16.00 Q = 19.03-22.63 after 3735.3 sec [total]
done with H for K = 13.45-16.00 Q = 19.03-22.63 after 3736.2 sec [total]
done with H++ for K = 13.45-16.00 Q = 19.03-22.63 after 3739.4 sec [total]
done with H+- for K = 13.45-16.00 Q = 19.03-22.63 after 3740.7 sec [total]
done with H-+ for K = 13.45-16.00 Q = 19.03-22.63 after 3742.0 sec [total]
done with H-- for K = 13.45-16.00 Q = 19.03-22.63 after 3742.2 sec [total]
done with UU for K = 16.00-19.03 Q = 19.03-22.63 after 3743.1 sec [total]
done with BB for K = 16.00-19.03 Q = 19.03-22.63 after 3744.1 sec [total]
done with UBTa for K = 16.00-19.03 Q = 19.03-22.63 after 3744.3 sec [total]
done with UBTb for K = 16.00-19.03 Q = 19.03-22.63 after 3744.5 sec [total]
done with UBTbA for K = 16.00-19.03 Q = 19.03-22.63 after 3744.6 sec [total]
done with UBTbC for K = 16.00-19.03 Q = 19.03-22.63 after 3744.9 sec [total]
done with H for K = 16.00-19.03 Q = 19.03-22.63 after 3745.8 sec [total]
done with H++ for K = 16.00-19.03 Q = 19.03-22.63 after 3749.0 sec [total]
done with H+- for K = 16.00-19.03 Q = 19.03-22.63 after 3750.0 sec [total]
done with H-+ for K = 16.00-19.03 Q = 19.03-22.63 after 3751.2 sec [total]
done with H-- for K = 16.00-19.03 Q = 19.03-22.63 after 3751.8 sec [total]
done with UU for K = 19.03-22.63 Q = 19.03-22.63 after 3752.7 sec [total]
done with BB for K = 19.03-22.63 Q = 19.03-22.63 after 3753.7 sec [total]
done with UBTa for K = 19.03-22.63 Q = 19.03-22.63 after 3753.8 sec [total]
done with UBTb for K = 19.03-22.63 Q = 19.03-22.63 after 3754.0 sec [total]
done with UBTbA for K = 19.03-22.63 Q = 19.03-22.63 after 3754.2 sec [total]
done with UBTbC for K = 19.03-22.63 Q = 19.03-22.63 after 3754.5 sec [total]
done with H for K = 19.03-22.63 Q = 19.03-22.63 after 3755.5 sec [total]
done with H++ for K = 19.03-22.63 Q = 19.03-22.63 after 3758.6 sec [total]
done with H+- for K = 19.03-22.63 Q = 19.03-22.63 after 3759.9 sec [total]
done with H-+ for K = 19.03-22.63 Q = 19.03-22.63 after 3761.2 sec [total]
done with H-- for K = 19.03-22.63 Q = 19.03-22.63 after 3761.4 sec [total]
done with UU for K = 22.63-26.91 Q = 19.03-22.63 after 3762.3 sec [total]
done with BB for K = 22.63-26.91 Q = 19.03-22.63 after 3763.3 sec [total]
done with UBTa for K = 22.63-26.91 Q = 19.03-22.63 after 3763.5 sec [total]
done with UBTb for K = 22.63-26.91 Q = 19.03-22.63 after 3763.7 sec [total]
done with UBTbA for K = 22.63-26.91 Q = 19.03-22.63 after 3763.9 sec [total]
done with UBTbC for K = 22.63-26.91 Q = 19.03-22.63 after 3764.2 sec [total]
done with H for K = 22.63-26.91 Q = 19.03-22.63 after 3765.1 sec [total]
done with H++ for K = 22.63-26.91 Q = 19.03-22.63 after 3768.3 sec [total]
done with H+- for K = 22.63-26.91 Q = 19.03-22.63 after 3769.4 sec [total]
done with H-+ for K = 22.63-26.91 Q = 19.03-22.63 after 3770.4 sec [total]
done with H-- for K = 22.63-26.91 Q = 19.03-22.63 after 3771.0 sec [total]
done with UU for K = 26.91-32.00 Q = 19.03-22.63 after 3771.9 sec [total]
done with BB for K = 26.91-32.00 Q = 19.03-22.63 after 3772.9 sec [total]
done with UBTa for K = 26.91-32.00 Q = 19.03-22.63 after 3773.1 sec [total]
done with UBTb for K = 26.91-32.00 Q = 19.03-22.63 after 3773.3 sec [total]
done with UBTbA for K = 26.91-32.00 Q = 19.03-22.63 after 3773.5 sec [total]
done with UBTbC for K = 26.91-32.00 Q = 19.03-22.63 after 3773.8 sec [total]
done with H for K = 26.91-32.00 Q = 19.03-22.63 after 3774.6 sec [total]
done with H++ for K = 26.91-32.00 Q = 19.03-22.63 after 3777.8 sec [total]
done with H+- for K = 26.91-32.00 Q = 19.03-22.63 after 3779.1 sec [total]
done with H-+ for K = 26.91-32.00 Q = 19.03-22.63 after 3780.2 sec [total]
done with H-- for K = 26.91-32.00 Q = 19.03-22.63 after 3780.6 sec [total]
done with UU for K = 32.00-38.05 Q = 19.03-22.63 after 3781.5 sec [total]
done with BB for K = 32.00-38.05 Q = 19.03-22.63 after 3782.5 sec [total]
done with UBTa for K = 32.00-38.05 Q = 19.03-22.63 after 3782.7 sec [total]
done with UBTb for K = 32.00-38.05 Q = 19.03-22.63 after 3782.9 sec [total]
done with UBTbA for K = 32.00-38.05 Q = 19.03-22.63 after 3783.1 sec [total]
done with UBTbC for K = 32.00-38.05 Q = 19.03-22.63 after 3783.4 sec [total]
done with H for K = 32.00-38.05 Q = 19.03-22.63 after 3784.2 sec [total]
done with H++ for K = 32.00-38.05 Q = 19.03-22.63 after 3787.4 sec [total]
done with H+- for K = 32.00-38.05 Q = 19.03-22.63 after 3788.6 sec [total]
done with H-+ for K = 32.00-38.05 Q = 19.03-22.63 after 3789.8 sec [total]
done with H-- for K = 32.00-38.05 Q = 19.03-22.63 after 3790.2 sec [total]
done with UU for K = 38.05-45.25 Q = 19.03-22.63 after 3791.1 sec [total]
done with BB for K = 38.05-45.25 Q = 19.03-22.63 after 3792.1 sec [total]
done with UBTa for K = 38.05-45.25 Q = 19.03-22.63 after 3792.3 sec [total]
done with UBTb for K = 38.05-45.25 Q = 19.03-22.63 after 3792.5 sec [total]
done with UBTbA for K = 38.05-45.25 Q = 19.03-22.63 after 3792.7 sec [total]
done with UBTbC for K = 38.05-45.25 Q = 19.03-22.63 after 3793.0 sec [total]
done with H for K = 38.05-45.25 Q = 19.03-22.63 after 3793.9 sec [total]
done with H++ for K = 38.05-45.25 Q = 19.03-22.63 after 3797.0 sec [total]
done with H+- for K = 38.05-45.25 Q = 19.03-22.63 after 3798.2 sec [total]
done with H-+ for K = 38.05-45.25 Q = 19.03-22.63 after 3799.3 sec [total]
done with H-- for K = 38.05-45.25 Q = 19.03-22.63 after 3799.8 sec [total]
done with UU for K = 45.25-53.82 Q = 19.03-22.63 after 3800.7 sec [total]
done with BB for K = 45.25-53.82 Q = 19.03-22.63 after 3801.7 sec [total]
done with UBTa for K = 45.25-53.82 Q = 19.03-22.63 after 3801.9 sec [total]
done with UBTb for K = 45.25-53.82 Q = 19.03-22.63 after 3802.1 sec [total]
done with UBTbA for K = 45.25-53.82 Q = 19.03-22.63 after 3802.3 sec [total]
done with UBTbC for K = 45.25-53.82 Q = 19.03-22.63 after 3802.6 sec [total]
done with H for K = 45.25-53.82 Q = 19.03-22.63 after 3803.4 sec [total]
done with H++ for K = 45.25-53.82 Q = 19.03-22.63 after 3806.6 sec [total]
done with H+- for K = 45.25-53.82 Q = 19.03-22.63 after 3807.8 sec [total]
done with H-+ for K = 45.25-53.82 Q = 19.03-22.63 after 3809.1 sec [total]
done with H-- for K = 45.25-53.82 Q = 19.03-22.63 after 3809.4 sec [total]
done with UU for K = 53.82-64.00 Q = 19.03-22.63 after 3810.3 sec [total]
done with BB for K = 53.82-64.00 Q = 19.03-22.63 after 3811.3 sec [total]
done with UBTa for K = 53.82-64.00 Q = 19.03-22.63 after 3811.5 sec [total]
done with UBTb for K = 53.82-64.00 Q = 19.03-22.63 after 3811.7 sec [total]
done with UBTbA for K = 53.82-64.00 Q = 19.03-22.63 after 3811.9 sec [total]
done with UBTbC for K = 53.82-64.00 Q = 19.03-22.63 after 3812.2 sec [total]
done with H for K = 53.82-64.00 Q = 19.03-22.63 after 3813.1 sec [total]
done with H++ for K = 53.82-64.00 Q = 19.03-22.63 after 3816.2 sec [total]
done with H+- for K = 53.82-64.00 Q = 19.03-22.63 after 3817.4 sec [total]
done with H-+ for K = 53.82-64.00 Q = 19.03-22.63 after 3818.5 sec [total]
done with H-- for K = 53.82-64.00 Q = 19.03-22.63 after 3819.0 sec [total]
done with UU for K = 64.00-76.11 Q = 19.03-22.63 after 3819.9 sec [total]
done with BB for K = 64.00-76.11 Q = 19.03-22.63 after 3821.0 sec [total]
done with UBTa for K = 64.00-76.11 Q = 19.03-22.63 after 3821.2 sec [total]
done with UBTb for K = 64.00-76.11 Q = 19.03-22.63 after 3821.3 sec [total]
done with UBTbA for K = 64.00-76.11 Q = 19.03-22.63 after 3821.5 sec [total]
done with UBTbC for K = 64.00-76.11 Q = 19.03-22.63 after 3821.8 sec [total]
done with H for K = 64.00-76.11 Q = 19.03-22.63 after 3822.6 sec [total]
done with H++ for K = 64.00-76.11 Q = 19.03-22.63 after 3825.7 sec [total]
done with H+- for K = 64.00-76.11 Q = 19.03-22.63 after 3826.9 sec [total]
done with H-+ for K = 64.00-76.11 Q = 19.03-22.63 after 3828.0 sec [total]
done with H-- for K = 64.00-76.11 Q = 19.03-22.63 after 3828.5 sec [total]
done with UU for K = 76.11-90.51 Q = 19.03-22.63 after 3829.5 sec [total]
done with BB for K = 76.11-90.51 Q = 19.03-22.63 after 3830.5 sec [total]
done with UBTa for K = 76.11-90.51 Q = 19.03-22.63 after 3830.7 sec [total]
done with UBTb for K = 76.11-90.51 Q = 19.03-22.63 after 3830.9 sec [total]
done with UBTbA for K = 76.11-90.51 Q = 19.03-22.63 after 3831.1 sec [total]
done with UBTbC for K = 76.11-90.51 Q = 19.03-22.63 after 3831.4 sec [total]
done with H for K = 76.11-90.51 Q = 19.03-22.63 after 3832.2 sec [total]
done with H++ for K = 76.11-90.51 Q = 19.03-22.63 after 3835.4 sec [total]
done with H+- for K = 76.11-90.51 Q = 19.03-22.63 after 3836.5 sec [total]
done with H-+ for K = 76.11-90.51 Q = 19.03-22.63 after 3837.6 sec [total]
done with H-- for K = 76.11-90.51 Q = 19.03-22.63 after 3838.2 sec [total]
done with UU for K = 90.51-107.63 Q = 19.03-22.63 after 3839.1 sec [total]
done with BB for K = 90.51-107.63 Q = 19.03-22.63 after 3840.1 sec [total]
done with UBTa for K = 90.51-107.63 Q = 19.03-22.63 after 3840.3 sec [total]
done with UBTb for K = 90.51-107.63 Q = 19.03-22.63 after 3840.5 sec [total]
done with UBTbA for K = 90.51-107.63 Q = 19.03-22.63 after 3840.7 sec [total]
done with UBTbC for K = 90.51-107.63 Q = 19.03-22.63 after 3841.0 sec [total]
done with H for K = 90.51-107.63 Q = 19.03-22.63 after 3841.9 sec [total]
done with H++ for K = 90.51-107.63 Q = 19.03-22.63 after 3845.0 sec [total]
done with H+- for K = 90.51-107.63 Q = 19.03-22.63 after 3846.3 sec [total]
done with H-+ for K = 90.51-107.63 Q = 19.03-22.63 after 3847.5 sec [total]
done with H-- for K = 90.51-107.63 Q = 19.03-22.63 after 3847.8 sec [total]
done with UU for K = 107.63-128.00 Q = 19.03-22.63 after 3848.7 sec [total]
done with BB for K = 107.63-128.00 Q = 19.03-22.63 after 3849.8 sec [total]
done with UBTa for K = 107.63-128.00 Q = 19.03-22.63 after 3850.0 sec [total]
done with UBTb for K = 107.63-128.00 Q = 19.03-22.63 after 3850.2 sec [total]
done with UBTbA for K = 107.63-128.00 Q = 19.03-22.63 after 3850.3 sec [total]
done with UBTbC for K = 107.63-128.00 Q = 19.03-22.63 after 3850.7 sec [total]
done with H for K = 107.63-128.00 Q = 19.03-22.63 after 3851.6 sec [total]
done with H++ for K = 107.63-128.00 Q = 19.03-22.63 after 3854.7 sec [total]
done with H+- for K = 107.63-128.00 Q = 19.03-22.63 after 3856.0 sec [total]
done with H-+ for K = 107.63-128.00 Q = 19.03-22.63 after 3857.3 sec [total]
done with H-- for K = 107.63-128.00 Q = 19.03-22.63 after 3857.5 sec [total]
done with UU for K = 128.00-152.22 Q = 19.03-22.63 after 3858.4 sec [total]
done with BB for K = 128.00-152.22 Q = 19.03-22.63 after 3859.4 sec [total]
done with UBTa for K = 128.00-152.22 Q = 19.03-22.63 after 3859.6 sec [total]
done with UBTb for K = 128.00-152.22 Q = 19.03-22.63 after 3859.8 sec [total]
done with UBTbA for K = 128.00-152.22 Q = 19.03-22.63 after 3860.0 sec [total]
done with UBTbC for K = 128.00-152.22 Q = 19.03-22.63 after 3860.3 sec [total]
done with H for K = 128.00-152.22 Q = 19.03-22.63 after 3861.2 sec [total]
done with H++ for K = 128.00-152.22 Q = 19.03-22.63 after 3864.3 sec [total]
done with H+- for K = 128.00-152.22 Q = 19.03-22.63 after 3865.5 sec [total]
done with H-+ for K = 128.00-152.22 Q = 19.03-22.63 after 3866.6 sec [total]
done with H-- for K = 128.00-152.22 Q = 19.03-22.63 after 3867.1 sec [total]
done with UU for K = 152.22-181.02 Q = 19.03-22.63 after 3868.0 sec [total]
done with BB for K = 152.22-181.02 Q = 19.03-22.63 after 3869.1 sec [total]
done with UBTa for K = 152.22-181.02 Q = 19.03-22.63 after 3869.2 sec [total]
done with UBTb for K = 152.22-181.02 Q = 19.03-22.63 after 3869.4 sec [total]
done with UBTbA for K = 152.22-181.02 Q = 19.03-22.63 after 3869.6 sec [total]
done with UBTbC for K = 152.22-181.02 Q = 19.03-22.63 after 3869.9 sec [total]
done with H for K = 152.22-181.02 Q = 19.03-22.63 after 3870.8 sec [total]
done with H++ for K = 152.22-181.02 Q = 19.03-22.63 after 3874.0 sec [total]
done with H+- for K = 152.22-181.02 Q = 19.03-22.63 after 3875.1 sec [total]
done with H-+ for K = 152.22-181.02 Q = 19.03-22.63 after 3876.2 sec [total]
done with H-- for K = 152.22-181.02 Q = 19.03-22.63 after 3876.7 sec [total]
done with UU for K = 181.02-215.27 Q = 19.03-22.63 after 3877.6 sec [total]
done with BB for K = 181.02-215.27 Q = 19.03-22.63 after 3878.7 sec [total]
done with UBTa for K = 181.02-215.27 Q = 19.03-22.63 after 3878.9 sec [total]
done with UBTb for K = 181.02-215.27 Q = 19.03-22.63 after 3879.1 sec [total]
done with UBTbA for K = 181.02-215.27 Q = 19.03-22.63 after 3879.3 sec [total]
done with UBTbC for K = 181.02-215.27 Q = 19.03-22.63 after 3879.6 sec [total]
done with H for K = 181.02-215.27 Q = 19.03-22.63 after 3880.4 sec [total]
done with H++ for K = 181.02-215.27 Q = 19.03-22.63 after 3883.6 sec [total]
done with H+- for K = 181.02-215.27 Q = 19.03-22.63 after 3884.7 sec [total]
done with H-+ for K = 181.02-215.27 Q = 19.03-22.63 after 3885.8 sec [total]
done with H-- for K = 181.02-215.27 Q = 19.03-22.63 after 3886.3 sec [total]
done with UU for K = 215.27-256.00 Q = 19.03-22.63 after 3887.3 sec [total]
done with BB for K = 215.27-256.00 Q = 19.03-22.63 after 3888.3 sec [total]
done with UBTa for K = 215.27-256.00 Q = 19.03-22.63 after 3888.5 sec [total]
done with UBTb for K = 215.27-256.00 Q = 19.03-22.63 after 3888.7 sec [total]
done with UBTbA for K = 215.27-256.00 Q = 19.03-22.63 after 3888.8 sec [total]
done with UBTbC for K = 215.27-256.00 Q = 19.03-22.63 after 3889.2 sec [total]
done with H for K = 215.27-256.00 Q = 19.03-22.63 after 3890.0 sec [total]
done with H++ for K = 215.27-256.00 Q = 19.03-22.63 after 3893.2 sec [total]
done with H+- for K = 215.27-256.00 Q = 19.03-22.63 after 3894.3 sec [total]
done with H-+ for K = 215.27-256.00 Q = 19.03-22.63 after 3895.3 sec [total]
done with H-- for K = 215.27-256.00 Q = 19.03-22.63 after 3895.9 sec [total]
done with UU for K = 256.00-304.44 Q = 19.03-22.63 after 3896.8 sec [total]
done with BB for K = 256.00-304.44 Q = 19.03-22.63 after 3897.9 sec [total]
done with UBTa for K = 256.00-304.44 Q = 19.03-22.63 after 3898.1 sec [total]
done with UBTb for K = 256.00-304.44 Q = 19.03-22.63 after 3898.3 sec [total]
done with UBTbA for K = 256.00-304.44 Q = 19.03-22.63 after 3898.5 sec [total]
done with UBTbC for K = 256.00-304.44 Q = 19.03-22.63 after 3898.7 sec [total]
done with H for K = 256.00-304.44 Q = 19.03-22.63 after 3899.6 sec [total]
done with H++ for K = 256.00-304.44 Q = 19.03-22.63 after 3902.8 sec [total]
done with H+- for K = 256.00-304.44 Q = 19.03-22.63 after 3903.9 sec [total]
done with H-+ for K = 256.00-304.44 Q = 19.03-22.63 after 3905.0 sec [total]
done with H-- for K = 256.00-304.44 Q = 19.03-22.63 after 3905.5 sec [total]
done with UU for K = 304.44-362.04 Q = 19.03-22.63 after 3906.4 sec [total]
done with BB for K = 304.44-362.04 Q = 19.03-22.63 after 3907.5 sec [total]
done with UBTa for K = 304.44-362.04 Q = 19.03-22.63 after 3907.7 sec [total]
done with UBTb for K = 304.44-362.04 Q = 19.03-22.63 after 3907.9 sec [total]
done with UBTbA for K = 304.44-362.04 Q = 19.03-22.63 after 3908.0 sec [total]
done with UBTbC for K = 304.44-362.04 Q = 19.03-22.63 after 3908.3 sec [total]
done with H for K = 304.44-362.04 Q = 19.03-22.63 after 3909.2 sec [total]
done with H++ for K = 304.44-362.04 Q = 19.03-22.63 after 3912.4 sec [total]
done with H+- for K = 304.44-362.04 Q = 19.03-22.63 after 3913.6 sec [total]
done with H-+ for K = 304.44-362.04 Q = 19.03-22.63 after 3914.7 sec [total]
done with H-- for K = 304.44-362.04 Q = 19.03-22.63 after 3915.1 sec [total]
done with UU for K = 362.04-430.54 Q = 19.03-22.63 after 3916.0 sec [total]
done with BB for K = 362.04-430.54 Q = 19.03-22.63 after 3917.1 sec [total]
done with UBTa for K = 362.04-430.54 Q = 19.03-22.63 after 3917.3 sec [total]
done with UBTb for K = 362.04-430.54 Q = 19.03-22.63 after 3917.5 sec [total]
done with UBTbA for K = 362.04-430.54 Q = 19.03-22.63 after 3917.6 sec [total]
done with UBTbC for K = 362.04-430.54 Q = 19.03-22.63 after 3917.9 sec [total]
done with H for K = 362.04-430.54 Q = 19.03-22.63 after 3918.8 sec [total]
done with H++ for K = 362.04-430.54 Q = 19.03-22.63 after 3922.0 sec [total]
done with H+- for K = 362.04-430.54 Q = 19.03-22.63 after 3923.0 sec [total]
done with H-+ for K = 362.04-430.54 Q = 19.03-22.63 after 3924.1 sec [total]
done with H-- for K = 362.04-430.54 Q = 19.03-22.63 after 3924.7 sec [total]
done with UU for K = 430.54-512.00 Q = 19.03-22.63 after 3925.6 sec [total]
done with BB for K = 430.54-512.00 Q = 19.03-22.63 after 3926.7 sec [total]
done with UBTa for K = 430.54-512.00 Q = 19.03-22.63 after 3926.9 sec [total]
done with UBTb for K = 430.54-512.00 Q = 19.03-22.63 after 3927.1 sec [total]
done with UBTbA for K = 430.54-512.00 Q = 19.03-22.63 after 3927.3 sec [total]
done with UBTbC for K = 430.54-512.00 Q = 19.03-22.63 after 3927.6 sec [total]
done with H for K = 430.54-512.00 Q = 19.03-22.63 after 3928.4 sec [total]
done with H++ for K = 430.54-512.00 Q = 19.03-22.63 after 3931.6 sec [total]
done with H+- for K = 430.54-512.00 Q = 19.03-22.63 after 3932.8 sec [total]
done with H-+ for K = 430.54-512.00 Q = 19.03-22.63 after 3933.8 sec [total]
done with H-- for K = 430.54-512.00 Q = 19.03-22.63 after 3934.4 sec [total]
done with UU for K = 512.00-608.87 Q = 19.03-22.63 after 3935.3 sec [total]
done with BB for K = 512.00-608.87 Q = 19.03-22.63 after 3936.3 sec [total]
done with UBTa for K = 512.00-608.87 Q = 19.03-22.63 after 3936.5 sec [total]
done with UBTb for K = 512.00-608.87 Q = 19.03-22.63 after 3936.7 sec [total]
done with UBTbA for K = 512.00-608.87 Q = 19.03-22.63 after 3936.9 sec [total]
done with UBTbC for K = 512.00-608.87 Q = 19.03-22.63 after 3937.1 sec [total]
done with H for K = 512.00-608.87 Q = 19.03-22.63 after 3938.0 sec [total]
done with H++ for K = 512.00-608.87 Q = 19.03-22.63 after 3941.1 sec [total]
done with H+- for K = 512.00-608.87 Q = 19.03-22.63 after 3942.3 sec [total]
done with H-+ for K = 512.00-608.87 Q = 19.03-22.63 after 3943.5 sec [total]
done with H-- for K = 512.00-608.87 Q = 19.03-22.63 after 3943.9 sec [total]
done with UU for K = 608.87-724.08 Q = 19.03-22.63 after 3944.9 sec [total]
done with BB for K = 608.87-724.08 Q = 19.03-22.63 after 3945.9 sec [total]
done with UBTa for K = 608.87-724.08 Q = 19.03-22.63 after 3946.0 sec [total]
done with UBTb for K = 608.87-724.08 Q = 19.03-22.63 after 3946.3 sec [total]
done with UBTbA for K = 608.87-724.08 Q = 19.03-22.63 after 3946.4 sec [total]
done with UBTbC for K = 608.87-724.08 Q = 19.03-22.63 after 3946.8 sec [total]
done with H for K = 608.87-724.08 Q = 19.03-22.63 after 3947.6 sec [total]
done with H++ for K = 608.87-724.08 Q = 19.03-22.63 after 3950.8 sec [total]
done with H+- for K = 608.87-724.08 Q = 19.03-22.63 after 3952.0 sec [total]
done with H-+ for K = 608.87-724.08 Q = 19.03-22.63 after 3953.2 sec [total]
done with H-- for K = 608.87-724.08 Q = 19.03-22.63 after 3953.5 sec [total]
done with UU for K = 724.08-861.08 Q = 19.03-22.63 after 3954.5 sec [total]
done with BB for K = 724.08-861.08 Q = 19.03-22.63 after 3955.5 sec [total]
done with UBTa for K = 724.08-861.08 Q = 19.03-22.63 after 3955.7 sec [total]
done with UBTb for K = 724.08-861.08 Q = 19.03-22.63 after 3955.9 sec [total]
done with UBTbA for K = 724.08-861.08 Q = 19.03-22.63 after 3956.1 sec [total]
done with UBTbC for K = 724.08-861.08 Q = 19.03-22.63 after 3956.4 sec [total]
done with H for K = 724.08-861.08 Q = 19.03-22.63 after 3957.2 sec [total]
done with H++ for K = 724.08-861.08 Q = 19.03-22.63 after 3960.4 sec [total]
done with H+- for K = 724.08-861.08 Q = 19.03-22.63 after 3961.6 sec [total]
done with H-+ for K = 724.08-861.08 Q = 19.03-22.63 after 3962.6 sec [total]
done with H-- for K = 724.08-861.08 Q = 19.03-22.63 after 3963.1 sec [total]
done with UU for K = 861.08-1024.00 Q = 19.03-22.63 after 3964.1 sec [total]
done with BB for K = 861.08-1024.00 Q = 19.03-22.63 after 3965.1 sec [total]
done with UBTa for K = 861.08-1024.00 Q = 19.03-22.63 after 3965.2 sec [total]
done with UBTb for K = 861.08-1024.00 Q = 19.03-22.63 after 3965.4 sec [total]
done with UBTbA for K = 861.08-1024.00 Q = 19.03-22.63 after 3965.6 sec [total]
done with UBTbC for K = 861.08-1024.00 Q = 19.03-22.63 after 3966.0 sec [total]
done with H for K = 861.08-1024.00 Q = 19.03-22.63 after 3966.8 sec [total]
done with H++ for K = 861.08-1024.00 Q = 19.03-22.63 after 3970.0 sec [total]
done with H+- for K = 861.08-1024.00 Q = 19.03-22.63 after 3971.1 sec [total]
done with H-+ for K = 861.08-1024.00 Q = 19.03-22.63 after 3972.2 sec [total]
done with H-- for K = 861.08-1024.00 Q = 19.03-22.63 after 3972.7 sec [total]
done with UU for K = 0.00-3.36 Q = 22.63-26.91 after 3974.4 sec [total]
done with BB for K = 0.00-3.36 Q = 22.63-26.91 after 3976.6 sec [total]
done with UBTa for K = 0.00-3.36 Q = 22.63-26.91 after 3977.6 sec [total]
done with UBTb for K = 0.00-3.36 Q = 22.63-26.91 after 3978.8 sec [total]
done with UBTbA for K = 0.00-3.36 Q = 22.63-26.91 after 3979.8 sec [total]
done with UBTbC for K = 0.00-3.36 Q = 22.63-26.91 after 3980.1 sec [total]
done with H for K = 0.00-3.36 Q = 22.63-26.91 after 3981.0 sec [total]
done with H++ for K = 0.00-3.36 Q = 22.63-26.91 after 3984.2 sec [total]
done with H+- for K = 0.00-3.36 Q = 22.63-26.91 after 3985.5 sec [total]
done with H-+ for K = 0.00-3.36 Q = 22.63-26.91 after 3986.8 sec [total]
done with H-- for K = 0.00-3.36 Q = 22.63-26.91 after 3987.0 sec [total]
done with UU for K = 3.36-4.00 Q = 22.63-26.91 after 3987.9 sec [total]
done with BB for K = 3.36-4.00 Q = 22.63-26.91 after 3988.9 sec [total]
done with UBTa for K = 3.36-4.00 Q = 22.63-26.91 after 3989.1 sec [total]
done with UBTb for K = 3.36-4.00 Q = 22.63-26.91 after 3989.3 sec [total]
done with UBTbA for K = 3.36-4.00 Q = 22.63-26.91 after 3989.5 sec [total]
done with UBTbC for K = 3.36-4.00 Q = 22.63-26.91 after 3989.8 sec [total]
done with H for K = 3.36-4.00 Q = 22.63-26.91 after 3990.7 sec [total]
done with H++ for K = 3.36-4.00 Q = 22.63-26.91 after 3993.8 sec [total]
done with H+- for K = 3.36-4.00 Q = 22.63-26.91 after 3994.9 sec [total]
done with H-+ for K = 3.36-4.00 Q = 22.63-26.91 after 3996.0 sec [total]
done with H-- for K = 3.36-4.00 Q = 22.63-26.91 after 3996.6 sec [total]
done with UU for K = 4.00-4.76 Q = 22.63-26.91 after 3997.5 sec [total]
done with BB for K = 4.00-4.76 Q = 22.63-26.91 after 3998.5 sec [total]
done with UBTa for K = 4.00-4.76 Q = 22.63-26.91 after 3998.7 sec [total]
done with UBTb for K = 4.00-4.76 Q = 22.63-26.91 after 3998.9 sec [total]
done with UBTbA for K = 4.00-4.76 Q = 22.63-26.91 after 3999.1 sec [total]
done with UBTbC for K = 4.00-4.76 Q = 22.63-26.91 after 3999.4 sec [total]
done with H for K = 4.00-4.76 Q = 22.63-26.91 after 4000.2 sec [total]
done with H++ for K = 4.00-4.76 Q = 22.63-26.91 after 4003.4 sec [total]
done with H+- for K = 4.00-4.76 Q = 22.63-26.91 after 4004.6 sec [total]
done with H-+ for K = 4.00-4.76 Q = 22.63-26.91 after 4005.9 sec [total]
done with H-- for K = 4.00-4.76 Q = 22.63-26.91 after 4006.2 sec [total]
done with UU for K = 4.76-5.66 Q = 22.63-26.91 after 4007.1 sec [total]
done with BB for K = 4.76-5.66 Q = 22.63-26.91 after 4008.2 sec [total]
done with UBTa for K = 4.76-5.66 Q = 22.63-26.91 after 4008.4 sec [total]
done with UBTb for K = 4.76-5.66 Q = 22.63-26.91 after 4008.6 sec [total]
done with UBTbA for K = 4.76-5.66 Q = 22.63-26.91 after 4008.7 sec [total]
done with UBTbC for K = 4.76-5.66 Q = 22.63-26.91 after 4009.0 sec [total]
done with H for K = 4.76-5.66 Q = 22.63-26.91 after 4009.9 sec [total]
done with H++ for K = 4.76-5.66 Q = 22.63-26.91 after 4013.0 sec [total]
done with H+- for K = 4.76-5.66 Q = 22.63-26.91 after 4014.1 sec [total]
done with H-+ for K = 4.76-5.66 Q = 22.63-26.91 after 4015.3 sec [total]
done with H-- for K = 4.76-5.66 Q = 22.63-26.91 after 4015.8 sec [total]
done with UU for K = 5.66-6.73 Q = 22.63-26.91 after 4016.8 sec [total]
done with BB for K = 5.66-6.73 Q = 22.63-26.91 after 4017.8 sec [total]
done with UBTa for K = 5.66-6.73 Q = 22.63-26.91 after 4018.0 sec [total]
done with UBTb for K = 5.66-6.73 Q = 22.63-26.91 after 4018.2 sec [total]
done with UBTbA for K = 5.66-6.73 Q = 22.63-26.91 after 4018.3 sec [total]
done with UBTbC for K = 5.66-6.73 Q = 22.63-26.91 after 4018.6 sec [total]
done with H for K = 5.66-6.73 Q = 22.63-26.91 after 4019.5 sec [total]
done with H++ for K = 5.66-6.73 Q = 22.63-26.91 after 4022.6 sec [total]
done with H+- for K = 5.66-6.73 Q = 22.63-26.91 after 4023.9 sec [total]
done with H-+ for K = 5.66-6.73 Q = 22.63-26.91 after 4025.2 sec [total]
done with H-- for K = 5.66-6.73 Q = 22.63-26.91 after 4025.4 sec [total]
done with UU for K = 6.73-8.00 Q = 22.63-26.91 after 4026.3 sec [total]
done with BB for K = 6.73-8.00 Q = 22.63-26.91 after 4027.4 sec [total]
done with UBTa for K = 6.73-8.00 Q = 22.63-26.91 after 4027.6 sec [total]
done with UBTb for K = 6.73-8.00 Q = 22.63-26.91 after 4027.8 sec [total]
done with UBTbA for K = 6.73-8.00 Q = 22.63-26.91 after 4028.0 sec [total]
done with UBTbC for K = 6.73-8.00 Q = 22.63-26.91 after 4028.3 sec [total]
done with H for K = 6.73-8.00 Q = 22.63-26.91 after 4029.1 sec [total]
done with H++ for K = 6.73-8.00 Q = 22.63-26.91 after 4032.2 sec [total]
done with H+- for K = 6.73-8.00 Q = 22.63-26.91 after 4033.4 sec [total]
done with H-+ for K = 6.73-8.00 Q = 22.63-26.91 after 4034.5 sec [total]
done with H-- for K = 6.73-8.00 Q = 22.63-26.91 after 4035.1 sec [total]
done with UU for K = 8.00-9.51 Q = 22.63-26.91 after 4036.0 sec [total]
done with BB for K = 8.00-9.51 Q = 22.63-26.91 after 4037.0 sec [total]
done with UBTa for K = 8.00-9.51 Q = 22.63-26.91 after 4037.2 sec [total]
done with UBTb for K = 8.00-9.51 Q = 22.63-26.91 after 4037.4 sec [total]
done with UBTbA for K = 8.00-9.51 Q = 22.63-26.91 after 4037.5 sec [total]
done with UBTbC for K = 8.00-9.51 Q = 22.63-26.91 after 4037.9 sec [total]
done with H for K = 8.00-9.51 Q = 22.63-26.91 after 4038.7 sec [total]
done with H++ for K = 8.00-9.51 Q = 22.63-26.91 after 4041.9 sec [total]
done with H+- for K = 8.00-9.51 Q = 22.63-26.91 after 4043.0 sec [total]
done with H-+ for K = 8.00-9.51 Q = 22.63-26.91 after 4044.1 sec [total]
done with H-- for K = 8.00-9.51 Q = 22.63-26.91 after 4044.6 sec [total]
done with UU for K = 9.51-11.31 Q = 22.63-26.91 after 4045.6 sec [total]
done with BB for K = 9.51-11.31 Q = 22.63-26.91 after 4046.6 sec [total]
done with UBTa for K = 9.51-11.31 Q = 22.63-26.91 after 4046.8 sec [total]
done with UBTb for K = 9.51-11.31 Q = 22.63-26.91 after 4047.0 sec [total]
done with UBTbA for K = 9.51-11.31 Q = 22.63-26.91 after 4047.2 sec [total]
done with UBTbC for K = 9.51-11.31 Q = 22.63-26.91 after 4047.5 sec [total]
done with H for K = 9.51-11.31 Q = 22.63-26.91 after 4048.4 sec [total]
done with H++ for K = 9.51-11.31 Q = 22.63-26.91 after 4051.5 sec [total]
done with H+- for K = 9.51-11.31 Q = 22.63-26.91 after 4052.7 sec [total]
done with H-+ for K = 9.51-11.31 Q = 22.63-26.91 after 4053.6 sec [total]
done with H-- for K = 9.51-11.31 Q = 22.63-26.91 after 4054.3 sec [total]
done with UU for K = 11.31-13.45 Q = 22.63-26.91 after 4055.2 sec [total]
done with BB for K = 11.31-13.45 Q = 22.63-26.91 after 4056.3 sec [total]
done with UBTa for K = 11.31-13.45 Q = 22.63-26.91 after 4056.4 sec [total]
done with UBTb for K = 11.31-13.45 Q = 22.63-26.91 after 4056.6 sec [total]
done with UBTbA for K = 11.31-13.45 Q = 22.63-26.91 after 4056.8 sec [total]
done with UBTbC for K = 11.31-13.45 Q = 22.63-26.91 after 4057.1 sec [total]
done with H for K = 11.31-13.45 Q = 22.63-26.91 after 4058.0 sec [total]
done with H++ for K = 11.31-13.45 Q = 22.63-26.91 after 4061.1 sec [total]
done with H+- for K = 11.31-13.45 Q = 22.63-26.91 after 4062.3 sec [total]
done with H-+ for K = 11.31-13.45 Q = 22.63-26.91 after 4063.5 sec [total]
done with H-- for K = 11.31-13.45 Q = 22.63-26.91 after 4063.9 sec [total]
done with UU for K = 13.45-16.00 Q = 22.63-26.91 after 4064.8 sec [total]
done with BB for K = 13.45-16.00 Q = 22.63-26.91 after 4065.9 sec [total]
done with UBTa for K = 13.45-16.00 Q = 22.63-26.91 after 4066.0 sec [total]
done with UBTb for K = 13.45-16.00 Q = 22.63-26.91 after 4066.2 sec [total]
done with UBTbA for K = 13.45-16.00 Q = 22.63-26.91 after 4066.4 sec [total]
done with UBTbC for K = 13.45-16.00 Q = 22.63-26.91 after 4066.7 sec [total]
done with H for K = 13.45-16.00 Q = 22.63-26.91 after 4067.6 sec [total]
done with H++ for K = 13.45-16.00 Q = 22.63-26.91 after 4070.7 sec [total]
done with H+- for K = 13.45-16.00 Q = 22.63-26.91 after 4071.9 sec [total]
done with H-+ for K = 13.45-16.00 Q = 22.63-26.91 after 4073.0 sec [total]
done with H-- for K = 13.45-16.00 Q = 22.63-26.91 after 4073.5 sec [total]
done with UU for K = 16.00-19.03 Q = 22.63-26.91 after 4074.4 sec [total]
done with BB for K = 16.00-19.03 Q = 22.63-26.91 after 4075.4 sec [total]
done with UBTa for K = 16.00-19.03 Q = 22.63-26.91 after 4075.6 sec [total]
done with UBTb for K = 16.00-19.03 Q = 22.63-26.91 after 4075.8 sec [total]
done with UBTbA for K = 16.00-19.03 Q = 22.63-26.91 after 4076.0 sec [total]
done with UBTbC for K = 16.00-19.03 Q = 22.63-26.91 after 4076.3 sec [total]
done with H for K = 16.00-19.03 Q = 22.63-26.91 after 4077.2 sec [total]
done with H++ for K = 16.00-19.03 Q = 22.63-26.91 after 4080.3 sec [total]
done with H+- for K = 16.00-19.03 Q = 22.63-26.91 after 4081.5 sec [total]
done with H-+ for K = 16.00-19.03 Q = 22.63-26.91 after 4082.5 sec [total]
done with H-- for K = 16.00-19.03 Q = 22.63-26.91 after 4083.1 sec [total]
done with UU for K = 19.03-22.63 Q = 22.63-26.91 after 4084.0 sec [total]
done with BB for K = 19.03-22.63 Q = 22.63-26.91 after 4085.0 sec [total]
done with UBTa for K = 19.03-22.63 Q = 22.63-26.91 after 4085.2 sec [total]
done with UBTb for K = 19.03-22.63 Q = 22.63-26.91 after 4085.4 sec [total]
done with UBTbA for K = 19.03-22.63 Q = 22.63-26.91 after 4085.5 sec [total]
done with UBTbC for K = 19.03-22.63 Q = 22.63-26.91 after 4085.9 sec [total]
done with H for K = 19.03-22.63 Q = 22.63-26.91 after 4086.8 sec [total]
done with H++ for K = 19.03-22.63 Q = 22.63-26.91 after 4090.0 sec [total]
done with H+- for K = 19.03-22.63 Q = 22.63-26.91 after 4091.2 sec [total]
done with H-+ for K = 19.03-22.63 Q = 22.63-26.91 after 4092.4 sec [total]
done with H-- for K = 19.03-22.63 Q = 22.63-26.91 after 4092.7 sec [total]
done with UU for K = 22.63-26.91 Q = 22.63-26.91 after 4093.6 sec [total]
done with BB for K = 22.63-26.91 Q = 22.63-26.91 after 4094.6 sec [total]
done with UBTa for K = 22.63-26.91 Q = 22.63-26.91 after 4094.8 sec [total]
done with UBTb for K = 22.63-26.91 Q = 22.63-26.91 after 4095.0 sec [total]
done with UBTbA for K = 22.63-26.91 Q = 22.63-26.91 after 4095.2 sec [total]
done with UBTbC for K = 22.63-26.91 Q = 22.63-26.91 after 4095.5 sec [total]
done with H for K = 22.63-26.91 Q = 22.63-26.91 after 4096.4 sec [total]
done with H++ for K = 22.63-26.91 Q = 22.63-26.91 after 4099.6 sec [total]
done with H+- for K = 22.63-26.91 Q = 22.63-26.91 after 4100.7 sec [total]
done with H-+ for K = 22.63-26.91 Q = 22.63-26.91 after 4101.8 sec [total]
done with H-- for K = 22.63-26.91 Q = 22.63-26.91 after 4102.3 sec [total]
done with UU for K = 26.91-32.00 Q = 22.63-26.91 after 4103.2 sec [total]
done with BB for K = 26.91-32.00 Q = 22.63-26.91 after 4104.3 sec [total]
done with UBTa for K = 26.91-32.00 Q = 22.63-26.91 after 4104.5 sec [total]
done with UBTb for K = 26.91-32.00 Q = 22.63-26.91 after 4104.7 sec [total]
done with UBTbA for K = 26.91-32.00 Q = 22.63-26.91 after 4104.8 sec [total]
done with UBTbC for K = 26.91-32.00 Q = 22.63-26.91 after 4105.2 sec [total]
done with H for K = 26.91-32.00 Q = 22.63-26.91 after 4106.0 sec [total]
done with H++ for K = 26.91-32.00 Q = 22.63-26.91 after 4109.2 sec [total]
done with H+- for K = 26.91-32.00 Q = 22.63-26.91 after 4110.3 sec [total]
done with H-+ for K = 26.91-32.00 Q = 22.63-26.91 after 4111.4 sec [total]
done with H-- for K = 26.91-32.00 Q = 22.63-26.91 after 4112.0 sec [total]
done with UU for K = 32.00-38.05 Q = 22.63-26.91 after 4112.9 sec [total]
done with BB for K = 32.00-38.05 Q = 22.63-26.91 after 4114.0 sec [total]
done with UBTa for K = 32.00-38.05 Q = 22.63-26.91 after 4114.2 sec [total]
done with UBTb for K = 32.00-38.05 Q = 22.63-26.91 after 4114.4 sec [total]
done with UBTbA for K = 32.00-38.05 Q = 22.63-26.91 after 4114.6 sec [total]
done with UBTbC for K = 32.00-38.05 Q = 22.63-26.91 after 4114.8 sec [total]
done with H for K = 32.00-38.05 Q = 22.63-26.91 after 4115.6 sec [total]
done with H++ for K = 32.00-38.05 Q = 22.63-26.91 after 4118.8 sec [total]
done with H+- for K = 32.00-38.05 Q = 22.63-26.91 after 4120.0 sec [total]
done with H-+ for K = 32.00-38.05 Q = 22.63-26.91 after 4121.2 sec [total]
done with H-- for K = 32.00-38.05 Q = 22.63-26.91 after 4121.6 sec [total]
done with UU for K = 38.05-45.25 Q = 22.63-26.91 after 4122.5 sec [total]
done with BB for K = 38.05-45.25 Q = 22.63-26.91 after 4123.5 sec [total]
done with UBTa for K = 38.05-45.25 Q = 22.63-26.91 after 4123.7 sec [total]
done with UBTb for K = 38.05-45.25 Q = 22.63-26.91 after 4123.9 sec [total]
done with UBTbA for K = 38.05-45.25 Q = 22.63-26.91 after 4124.1 sec [total]
done with UBTbC for K = 38.05-45.25 Q = 22.63-26.91 after 4124.4 sec [total]
done with H for K = 38.05-45.25 Q = 22.63-26.91 after 4125.3 sec [total]
done with H++ for K = 38.05-45.25 Q = 22.63-26.91 after 4128.4 sec [total]
done with H+- for K = 38.05-45.25 Q = 22.63-26.91 after 4129.5 sec [total]
done with H-+ for K = 38.05-45.25 Q = 22.63-26.91 after 4130.6 sec [total]
done with H-- for K = 38.05-45.25 Q = 22.63-26.91 after 4131.1 sec [total]
done with UU for K = 45.25-53.82 Q = 22.63-26.91 after 4132.0 sec [total]
done with BB for K = 45.25-53.82 Q = 22.63-26.91 after 4133.1 sec [total]
done with UBTa for K = 45.25-53.82 Q = 22.63-26.91 after 4133.2 sec [total]
done with UBTb for K = 45.25-53.82 Q = 22.63-26.91 after 4133.4 sec [total]
done with UBTbA for K = 45.25-53.82 Q = 22.63-26.91 after 4133.6 sec [total]
done with UBTbC for K = 45.25-53.82 Q = 22.63-26.91 after 4134.0 sec [total]
done with H for K = 45.25-53.82 Q = 22.63-26.91 after 4134.8 sec [total]
done with H++ for K = 45.25-53.82 Q = 22.63-26.91 after 4138.0 sec [total]
done with H+- for K = 45.25-53.82 Q = 22.63-26.91 after 4139.0 sec [total]
done with H-+ for K = 45.25-53.82 Q = 22.63-26.91 after 4140.1 sec [total]
done with H-- for K = 45.25-53.82 Q = 22.63-26.91 after 4140.7 sec [total]
done with UU for K = 53.82-64.00 Q = 22.63-26.91 after 4141.7 sec [total]
done with BB for K = 53.82-64.00 Q = 22.63-26.91 after 4142.7 sec [total]
done with UBTa for K = 53.82-64.00 Q = 22.63-26.91 after 4142.9 sec [total]
done with UBTb for K = 53.82-64.00 Q = 22.63-26.91 after 4143.1 sec [total]
done with UBTbA for K = 53.82-64.00 Q = 22.63-26.91 after 4143.3 sec [total]
done with UBTbC for K = 53.82-64.00 Q = 22.63-26.91 after 4143.6 sec [total]
done with H for K = 53.82-64.00 Q = 22.63-26.91 after 4144.5 sec [total]
done with H++ for K = 53.82-64.00 Q = 22.63-26.91 after 4147.6 sec [total]
done with H+- for K = 53.82-64.00 Q = 22.63-26.91 after 4148.7 sec [total]
done with H-+ for K = 53.82-64.00 Q = 22.63-26.91 after 4149.8 sec [total]
done with H-- for K = 53.82-64.00 Q = 22.63-26.91 after 4150.4 sec [total]
done with UU for K = 64.00-76.11 Q = 22.63-26.91 after 4151.3 sec [total]
done with BB for K = 64.00-76.11 Q = 22.63-26.91 after 4152.3 sec [total]
done with UBTa for K = 64.00-76.11 Q = 22.63-26.91 after 4152.5 sec [total]
done with UBTb for K = 64.00-76.11 Q = 22.63-26.91 after 4152.7 sec [total]
done with UBTbA for K = 64.00-76.11 Q = 22.63-26.91 after 4152.9 sec [total]
done with UBTbC for K = 64.00-76.11 Q = 22.63-26.91 after 4153.2 sec [total]
done with H for K = 64.00-76.11 Q = 22.63-26.91 after 4154.1 sec [total]
done with H++ for K = 64.00-76.11 Q = 22.63-26.91 after 4157.2 sec [total]
done with H+- for K = 64.00-76.11 Q = 22.63-26.91 after 4158.4 sec [total]
done with H-+ for K = 64.00-76.11 Q = 22.63-26.91 after 4159.6 sec [total]
done with H-- for K = 64.00-76.11 Q = 22.63-26.91 after 4160.0 sec [total]
done with UU for K = 76.11-90.51 Q = 22.63-26.91 after 4160.9 sec [total]
done with BB for K = 76.11-90.51 Q = 22.63-26.91 after 4162.0 sec [total]
done with UBTa for K = 76.11-90.51 Q = 22.63-26.91 after 4162.2 sec [total]
done with UBTb for K = 76.11-90.51 Q = 22.63-26.91 after 4162.4 sec [total]
done with UBTbA for K = 76.11-90.51 Q = 22.63-26.91 after 4162.6 sec [total]
done with UBTbC for K = 76.11-90.51 Q = 22.63-26.91 after 4162.8 sec [total]
done with H for K = 76.11-90.51 Q = 22.63-26.91 after 4163.7 sec [total]
done with H++ for K = 76.11-90.51 Q = 22.63-26.91 after 4166.9 sec [total]
done with H+- for K = 76.11-90.51 Q = 22.63-26.91 after 4168.1 sec [total]
done with H-+ for K = 76.11-90.51 Q = 22.63-26.91 after 4169.3 sec [total]
done with H-- for K = 76.11-90.51 Q = 22.63-26.91 after 4169.6 sec [total]
done with UU for K = 90.51-107.63 Q = 22.63-26.91 after 4170.5 sec [total]
done with BB for K = 90.51-107.63 Q = 22.63-26.91 after 4171.6 sec [total]
done with UBTa for K = 90.51-107.63 Q = 22.63-26.91 after 4171.8 sec [total]
done with UBTb for K = 90.51-107.63 Q = 22.63-26.91 after 4172.0 sec [total]
done with UBTbA for K = 90.51-107.63 Q = 22.63-26.91 after 4172.1 sec [total]
done with UBTbC for K = 90.51-107.63 Q = 22.63-26.91 after 4172.4 sec [total]
done with H for K = 90.51-107.63 Q = 22.63-26.91 after 4173.3 sec [total]
done with H++ for K = 90.51-107.63 Q = 22.63-26.91 after 4176.5 sec [total]
done with H+- for K = 90.51-107.63 Q = 22.63-26.91 after 4177.8 sec [total]
done with H-+ for K = 90.51-107.63 Q = 22.63-26.91 after 4179.0 sec [total]
done with H-- for K = 90.51-107.63 Q = 22.63-26.91 after 4179.3 sec [total]
done with UU for K = 107.63-128.00 Q = 22.63-26.91 after 4180.2 sec [total]
done with BB for K = 107.63-128.00 Q = 22.63-26.91 after 4181.2 sec [total]
done with UBTa for K = 107.63-128.00 Q = 22.63-26.91 after 4181.4 sec [total]
done with UBTb for K = 107.63-128.00 Q = 22.63-26.91 after 4181.6 sec [total]
done with UBTbA for K = 107.63-128.00 Q = 22.63-26.91 after 4181.8 sec [total]
done with UBTbC for K = 107.63-128.00 Q = 22.63-26.91 after 4182.1 sec [total]
done with H for K = 107.63-128.00 Q = 22.63-26.91 after 4183.0 sec [total]
done with H++ for K = 107.63-128.00 Q = 22.63-26.91 after 4186.1 sec [total]
done with H+- for K = 107.63-128.00 Q = 22.63-26.91 after 4187.3 sec [total]
done with H-+ for K = 107.63-128.00 Q = 22.63-26.91 after 4188.3 sec [total]
done with H-- for K = 107.63-128.00 Q = 22.63-26.91 after 4188.9 sec [total]
done with UU for K = 128.00-152.22 Q = 22.63-26.91 after 4189.8 sec [total]
done with BB for K = 128.00-152.22 Q = 22.63-26.91 after 4190.8 sec [total]
done with UBTa for K = 128.00-152.22 Q = 22.63-26.91 after 4191.0 sec [total]
done with UBTb for K = 128.00-152.22 Q = 22.63-26.91 after 4191.2 sec [total]
done with UBTbA for K = 128.00-152.22 Q = 22.63-26.91 after 4191.4 sec [total]
done with UBTbC for K = 128.00-152.22 Q = 22.63-26.91 after 4191.7 sec [total]
done with H for K = 128.00-152.22 Q = 22.63-26.91 after 4192.6 sec [total]
done with H++ for K = 128.00-152.22 Q = 22.63-26.91 after 4195.8 sec [total]
done with H+- for K = 128.00-152.22 Q = 22.63-26.91 after 4197.0 sec [total]
done with H-+ for K = 128.00-152.22 Q = 22.63-26.91 after 4198.2 sec [total]
done with H-- for K = 128.00-152.22 Q = 22.63-26.91 after 4198.5 sec [total]
done with UU for K = 152.22-181.02 Q = 22.63-26.91 after 4199.4 sec [total]
done with BB for K = 152.22-181.02 Q = 22.63-26.91 after 4200.4 sec [total]
done with UBTa for K = 152.22-181.02 Q = 22.63-26.91 after 4200.6 sec [total]
done with UBTb for K = 152.22-181.02 Q = 22.63-26.91 after 4200.8 sec [total]
done with UBTbA for K = 152.22-181.02 Q = 22.63-26.91 after 4201.0 sec [total]
done with UBTbC for K = 152.22-181.02 Q = 22.63-26.91 after 4201.3 sec [total]
done with H for K = 152.22-181.02 Q = 22.63-26.91 after 4202.2 sec [total]
done with H++ for K = 152.22-181.02 Q = 22.63-26.91 after 4205.4 sec [total]
done with H+- for K = 152.22-181.02 Q = 22.63-26.91 after 4206.5 sec [total]
done with H-+ for K = 152.22-181.02 Q = 22.63-26.91 after 4207.6 sec [total]
done with H-- for K = 152.22-181.02 Q = 22.63-26.91 after 4208.0 sec [total]
done with UU for K = 181.02-215.27 Q = 22.63-26.91 after 4209.0 sec [total]
done with BB for K = 181.02-215.27 Q = 22.63-26.91 after 4210.0 sec [total]
done with UBTa for K = 181.02-215.27 Q = 22.63-26.91 after 4210.2 sec [total]
done with UBTb for K = 181.02-215.27 Q = 22.63-26.91 after 4210.4 sec [total]
done with UBTbA for K = 181.02-215.27 Q = 22.63-26.91 after 4210.6 sec [total]
done with UBTbC for K = 181.02-215.27 Q = 22.63-26.91 after 4210.9 sec [total]
done with H for K = 181.02-215.27 Q = 22.63-26.91 after 4211.7 sec [total]
done with H++ for K = 181.02-215.27 Q = 22.63-26.91 after 4214.9 sec [total]
done with H+- for K = 181.02-215.27 Q = 22.63-26.91 after 4216.1 sec [total]
done with H-+ for K = 181.02-215.27 Q = 22.63-26.91 after 4217.4 sec [total]
done with H-- for K = 181.02-215.27 Q = 22.63-26.91 after 4217.7 sec [total]
done with UU for K = 215.27-256.00 Q = 22.63-26.91 after 4218.6 sec [total]
done with BB for K = 215.27-256.00 Q = 22.63-26.91 after 4219.6 sec [total]
done with UBTa for K = 215.27-256.00 Q = 22.63-26.91 after 4219.8 sec [total]
done with UBTb for K = 215.27-256.00 Q = 22.63-26.91 after 4220.0 sec [total]
done with UBTbA for K = 215.27-256.00 Q = 22.63-26.91 after 4220.2 sec [total]
done with UBTbC for K = 215.27-256.00 Q = 22.63-26.91 after 4220.4 sec [total]
done with H for K = 215.27-256.00 Q = 22.63-26.91 after 4221.4 sec [total]
done with H++ for K = 215.27-256.00 Q = 22.63-26.91 after 4224.5 sec [total]
done with H+- for K = 215.27-256.00 Q = 22.63-26.91 after 4225.7 sec [total]
done with H-+ for K = 215.27-256.00 Q = 22.63-26.91 after 4226.9 sec [total]
done with H-- for K = 215.27-256.00 Q = 22.63-26.91 after 4227.3 sec [total]
done with UU for K = 256.00-304.44 Q = 22.63-26.91 after 4228.2 sec [total]
done with BB for K = 256.00-304.44 Q = 22.63-26.91 after 4229.2 sec [total]
done with UBTa for K = 256.00-304.44 Q = 22.63-26.91 after 4229.4 sec [total]
done with UBTb for K = 256.00-304.44 Q = 22.63-26.91 after 4229.6 sec [total]
done with UBTbA for K = 256.00-304.44 Q = 22.63-26.91 after 4229.7 sec [total]
done with UBTbC for K = 256.00-304.44 Q = 22.63-26.91 after 4230.1 sec [total]
done with H for K = 256.00-304.44 Q = 22.63-26.91 after 4231.0 sec [total]
done with H++ for K = 256.00-304.44 Q = 22.63-26.91 after 4234.1 sec [total]
done with H+- for K = 256.00-304.44 Q = 22.63-26.91 after 4235.3 sec [total]
done with H-+ for K = 256.00-304.44 Q = 22.63-26.91 after 4236.4 sec [total]
done with H-- for K = 256.00-304.44 Q = 22.63-26.91 after 4236.9 sec [total]
done with UU for K = 304.44-362.04 Q = 22.63-26.91 after 4237.8 sec [total]
done with BB for K = 304.44-362.04 Q = 22.63-26.91 after 4238.8 sec [total]
done with UBTa for K = 304.44-362.04 Q = 22.63-26.91 after 4239.0 sec [total]
done with UBTb for K = 304.44-362.04 Q = 22.63-26.91 after 4239.2 sec [total]
done with UBTbA for K = 304.44-362.04 Q = 22.63-26.91 after 4239.4 sec [total]
done with UBTbC for K = 304.44-362.04 Q = 22.63-26.91 after 4239.7 sec [total]
done with H for K = 304.44-362.04 Q = 22.63-26.91 after 4240.6 sec [total]
done with H++ for K = 304.44-362.04 Q = 22.63-26.91 after 4243.7 sec [total]
done with H+- for K = 304.44-362.04 Q = 22.63-26.91 after 4244.8 sec [total]
done with H-+ for K = 304.44-362.04 Q = 22.63-26.91 after 4245.9 sec [total]
done with H-- for K = 304.44-362.04 Q = 22.63-26.91 after 4246.5 sec [total]
done with UU for K = 362.04-430.54 Q = 22.63-26.91 after 4247.4 sec [total]
done with BB for K = 362.04-430.54 Q = 22.63-26.91 after 4248.5 sec [total]
done with UBTa for K = 362.04-430.54 Q = 22.63-26.91 after 4248.7 sec [total]
done with UBTb for K = 362.04-430.54 Q = 22.63-26.91 after 4248.9 sec [total]
done with UBTbA for K = 362.04-430.54 Q = 22.63-26.91 after 4249.0 sec [total]
done with UBTbC for K = 362.04-430.54 Q = 22.63-26.91 after 4249.3 sec [total]
done with H for K = 362.04-430.54 Q = 22.63-26.91 after 4250.2 sec [total]
done with H++ for K = 362.04-430.54 Q = 22.63-26.91 after 4253.4 sec [total]
done with H+- for K = 362.04-430.54 Q = 22.63-26.91 after 4254.5 sec [total]
done with H-+ for K = 362.04-430.54 Q = 22.63-26.91 after 4255.5 sec [total]
done with H-- for K = 362.04-430.54 Q = 22.63-26.91 after 4256.1 sec [total]
done with UU for K = 430.54-512.00 Q = 22.63-26.91 after 4257.0 sec [total]
done with BB for K = 430.54-512.00 Q = 22.63-26.91 after 4258.0 sec [total]
done with UBTa for K = 430.54-512.00 Q = 22.63-26.91 after 4258.2 sec [total]
done with UBTb for K = 430.54-512.00 Q = 22.63-26.91 after 4258.4 sec [total]
done with UBTbA for K = 430.54-512.00 Q = 22.63-26.91 after 4258.6 sec [total]
done with UBTbC for K = 430.54-512.00 Q = 22.63-26.91 after 4258.9 sec [total]
done with H for K = 430.54-512.00 Q = 22.63-26.91 after 4259.8 sec [total]
done with H++ for K = 430.54-512.00 Q = 22.63-26.91 after 4263.0 sec [total]
done with H+- for K = 430.54-512.00 Q = 22.63-26.91 after 4264.1 sec [total]
done with H-+ for K = 430.54-512.00 Q = 22.63-26.91 after 4265.2 sec [total]
done with H-- for K = 430.54-512.00 Q = 22.63-26.91 after 4265.7 sec [total]
done with UU for K = 512.00-608.87 Q = 22.63-26.91 after 4266.6 sec [total]
done with BB for K = 512.00-608.87 Q = 22.63-26.91 after 4267.6 sec [total]
done with UBTa for K = 512.00-608.87 Q = 22.63-26.91 after 4267.8 sec [total]
done with UBTb for K = 512.00-608.87 Q = 22.63-26.91 after 4268.0 sec [total]
done with UBTbA for K = 512.00-608.87 Q = 22.63-26.91 after 4268.1 sec [total]
done with UBTbC for K = 512.00-608.87 Q = 22.63-26.91 after 4268.5 sec [total]
done with H for K = 512.00-608.87 Q = 22.63-26.91 after 4269.4 sec [total]
done with H++ for K = 512.00-608.87 Q = 22.63-26.91 after 4272.6 sec [total]
done with H+- for K = 512.00-608.87 Q = 22.63-26.91 after 4273.8 sec [total]
done with H-+ for K = 512.00-608.87 Q = 22.63-26.91 after 4274.9 sec [total]
done with H-- for K = 512.00-608.87 Q = 22.63-26.91 after 4275.3 sec [total]
done with UU for K = 608.87-724.08 Q = 22.63-26.91 after 4276.2 sec [total]
done with BB for K = 608.87-724.08 Q = 22.63-26.91 after 4277.3 sec [total]
done with UBTa for K = 608.87-724.08 Q = 22.63-26.91 after 4277.4 sec [total]
done with UBTb for K = 608.87-724.08 Q = 22.63-26.91 after 4277.6 sec [total]
done with UBTbA for K = 608.87-724.08 Q = 22.63-26.91 after 4277.8 sec [total]
done with UBTbC for K = 608.87-724.08 Q = 22.63-26.91 after 4278.2 sec [total]
done with H for K = 608.87-724.08 Q = 22.63-26.91 after 4279.0 sec [total]
done with H++ for K = 608.87-724.08 Q = 22.63-26.91 after 4282.2 sec [total]
done with H+- for K = 608.87-724.08 Q = 22.63-26.91 after 4283.4 sec [total]
done with H-+ for K = 608.87-724.08 Q = 22.63-26.91 after 4284.6 sec [total]
done with H-- for K = 608.87-724.08 Q = 22.63-26.91 after 4284.9 sec [total]
done with UU for K = 724.08-861.08 Q = 22.63-26.91 after 4285.9 sec [total]
done with BB for K = 724.08-861.08 Q = 22.63-26.91 after 4286.9 sec [total]
done with UBTa for K = 724.08-861.08 Q = 22.63-26.91 after 4287.1 sec [total]
done with UBTb for K = 724.08-861.08 Q = 22.63-26.91 after 4287.3 sec [total]
done with UBTbA for K = 724.08-861.08 Q = 22.63-26.91 after 4287.5 sec [total]
done with UBTbC for K = 724.08-861.08 Q = 22.63-26.91 after 4287.8 sec [total]
done with H for K = 724.08-861.08 Q = 22.63-26.91 after 4288.6 sec [total]
done with H++ for K = 724.08-861.08 Q = 22.63-26.91 after 4291.8 sec [total]
done with H+- for K = 724.08-861.08 Q = 22.63-26.91 after 4293.1 sec [total]
done with H-+ for K = 724.08-861.08 Q = 22.63-26.91 after 4294.4 sec [total]
done with H-- for K = 724.08-861.08 Q = 22.63-26.91 after 4294.6 sec [total]
done with UU for K = 861.08-1024.00 Q = 22.63-26.91 after 4295.5 sec [total]
done with BB for K = 861.08-1024.00 Q = 22.63-26.91 after 4296.5 sec [total]
done with UBTa for K = 861.08-1024.00 Q = 22.63-26.91 after 4296.7 sec [total]
done with UBTb for K = 861.08-1024.00 Q = 22.63-26.91 after 4296.9 sec [total]
done with UBTbA for K = 861.08-1024.00 Q = 22.63-26.91 after 4297.1 sec [total]
done with UBTbC for K = 861.08-1024.00 Q = 22.63-26.91 after 4297.4 sec [total]
done with H for K = 861.08-1024.00 Q = 22.63-26.91 after 4298.3 sec [total]
done with H++ for K = 861.08-1024.00 Q = 22.63-26.91 after 4301.5 sec [total]
done with H+- for K = 861.08-1024.00 Q = 22.63-26.91 after 4302.7 sec [total]
done with H-+ for K = 861.08-1024.00 Q = 22.63-26.91 after 4303.9 sec [total]
done with H-- for K = 861.08-1024.00 Q = 22.63-26.91 after 4304.1 sec [total]
done with UU for K = 0.00-3.36 Q = 26.91-32.00 after 4305.9 sec [total]
done with BB for K = 0.00-3.36 Q = 26.91-32.00 after 4308.1 sec [total]
done with UBTa for K = 0.00-3.36 Q = 26.91-32.00 after 4309.1 sec [total]
done with UBTb for K = 0.00-3.36 Q = 26.91-32.00 after 4310.1 sec [total]
done with UBTbA for K = 0.00-3.36 Q = 26.91-32.00 after 4311.2 sec [total]
done with UBTbC for K = 0.00-3.36 Q = 26.91-32.00 after 4311.5 sec [total]
done with H for K = 0.00-3.36 Q = 26.91-32.00 after 4312.5 sec [total]
done with H++ for K = 0.00-3.36 Q = 26.91-32.00 after 4315.6 sec [total]
done with H+- for K = 0.00-3.36 Q = 26.91-32.00 after 4316.9 sec [total]
done with H-+ for K = 0.00-3.36 Q = 26.91-32.00 after 4318.1 sec [total]
done with H-- for K = 0.00-3.36 Q = 26.91-32.00 after 4318.4 sec [total]
done with UU for K = 3.36-4.00 Q = 26.91-32.00 after 4319.3 sec [total]
done with BB for K = 3.36-4.00 Q = 26.91-32.00 after 4320.4 sec [total]
done with UBTa for K = 3.36-4.00 Q = 26.91-32.00 after 4320.6 sec [total]
done with UBTb for K = 3.36-4.00 Q = 26.91-32.00 after 4320.8 sec [total]
done with UBTbA for K = 3.36-4.00 Q = 26.91-32.00 after 4321.0 sec [total]
done with UBTbC for K = 3.36-4.00 Q = 26.91-32.00 after 4321.3 sec [total]
done with H for K = 3.36-4.00 Q = 26.91-32.00 after 4322.1 sec [total]
done with H++ for K = 3.36-4.00 Q = 26.91-32.00 after 4325.3 sec [total]
done with H+- for K = 3.36-4.00 Q = 26.91-32.00 after 4326.6 sec [total]
done with H-+ for K = 3.36-4.00 Q = 26.91-32.00 after 4327.9 sec [total]
done with H-- for K = 3.36-4.00 Q = 26.91-32.00 after 4328.1 sec [total]
done with UU for K = 4.00-4.76 Q = 26.91-32.00 after 4329.0 sec [total]
done with BB for K = 4.00-4.76 Q = 26.91-32.00 after 4330.0 sec [total]
done with UBTa for K = 4.00-4.76 Q = 26.91-32.00 after 4330.2 sec [total]
done with UBTb for K = 4.00-4.76 Q = 26.91-32.00 after 4330.4 sec [total]
done with UBTbA for K = 4.00-4.76 Q = 26.91-32.00 after 4330.6 sec [total]
done with UBTbC for K = 4.00-4.76 Q = 26.91-32.00 after 4330.9 sec [total]
done with H for K = 4.00-4.76 Q = 26.91-32.00 after 4331.7 sec [total]
done with H++ for K = 4.00-4.76 Q = 26.91-32.00 after 4334.9 sec [total]
done with H+- for K = 4.00-4.76 Q = 26.91-32.00 after 4336.0 sec [total]
done with H-+ for K = 4.00-4.76 Q = 26.91-32.00 after 4337.1 sec [total]
done with H-- for K = 4.00-4.76 Q = 26.91-32.00 after 4337.7 sec [total]
done with UU for K = 4.76-5.66 Q = 26.91-32.00 after 4338.6 sec [total]
done with BB for K = 4.76-5.66 Q = 26.91-32.00 after 4339.6 sec [total]
done with UBTa for K = 4.76-5.66 Q = 26.91-32.00 after 4339.8 sec [total]
done with UBTb for K = 4.76-5.66 Q = 26.91-32.00 after 4340.0 sec [total]
done with UBTbA for K = 4.76-5.66 Q = 26.91-32.00 after 4340.2 sec [total]
done with UBTbC for K = 4.76-5.66 Q = 26.91-32.00 after 4340.5 sec [total]
done with H for K = 4.76-5.66 Q = 26.91-32.00 after 4341.4 sec [total]
done with H++ for K = 4.76-5.66 Q = 26.91-32.00 after 4344.5 sec [total]
done with H+- for K = 4.76-5.66 Q = 26.91-32.00 after 4345.7 sec [total]
done with H-+ for K = 4.76-5.66 Q = 26.91-32.00 after 4346.8 sec [total]
done with H-- for K = 4.76-5.66 Q = 26.91-32.00 after 4347.3 sec [total]
done with UU for K = 5.66-6.73 Q = 26.91-32.00 after 4348.2 sec [total]
done with BB for K = 5.66-6.73 Q = 26.91-32.00 after 4349.2 sec [total]
done with UBTa for K = 5.66-6.73 Q = 26.91-32.00 after 4349.4 sec [total]
done with UBTb for K = 5.66-6.73 Q = 26.91-32.00 after 4349.6 sec [total]
done with UBTbA for K = 5.66-6.73 Q = 26.91-32.00 after 4349.8 sec [total]
done with UBTbC for K = 5.66-6.73 Q = 26.91-32.00 after 4350.1 sec [total]
done with H for K = 5.66-6.73 Q = 26.91-32.00 after 4351.0 sec [total]
done with H++ for K = 5.66-6.73 Q = 26.91-32.00 after 4354.1 sec [total]
done with H+- for K = 5.66-6.73 Q = 26.91-32.00 after 4355.4 sec [total]
done with H-+ for K = 5.66-6.73 Q = 26.91-32.00 after 4356.7 sec [total]
done with H-- for K = 5.66-6.73 Q = 26.91-32.00 after 4356.9 sec [total]
done with UU for K = 6.73-8.00 Q = 26.91-32.00 after 4357.8 sec [total]
done with BB for K = 6.73-8.00 Q = 26.91-32.00 after 4358.8 sec [total]
done with UBTa for K = 6.73-8.00 Q = 26.91-32.00 after 4359.0 sec [total]
done with UBTb for K = 6.73-8.00 Q = 26.91-32.00 after 4359.2 sec [total]
done with UBTbA for K = 6.73-8.00 Q = 26.91-32.00 after 4359.4 sec [total]
done with UBTbC for K = 6.73-8.00 Q = 26.91-32.00 after 4359.7 sec [total]
done with H for K = 6.73-8.00 Q = 26.91-32.00 after 4360.6 sec [total]
done with H++ for K = 6.73-8.00 Q = 26.91-32.00 after 4363.7 sec [total]
done with H+- for K = 6.73-8.00 Q = 26.91-32.00 after 4364.9 sec [total]
done with H-+ for K = 6.73-8.00 Q = 26.91-32.00 after 4366.0 sec [total]
done with H-- for K = 6.73-8.00 Q = 26.91-32.00 after 4366.5 sec [total]
done with UU for K = 8.00-9.51 Q = 26.91-32.00 after 4367.4 sec [total]
done with BB for K = 8.00-9.51 Q = 26.91-32.00 after 4368.4 sec [total]
done with UBTa for K = 8.00-9.51 Q = 26.91-32.00 after 4368.6 sec [total]
done with UBTb for K = 8.00-9.51 Q = 26.91-32.00 after 4368.8 sec [total]
done with UBTbA for K = 8.00-9.51 Q = 26.91-32.00 after 4369.0 sec [total]
done with UBTbC for K = 8.00-9.51 Q = 26.91-32.00 after 4369.3 sec [total]
done with H for K = 8.00-9.51 Q = 26.91-32.00 after 4370.2 sec [total]
done with H++ for K = 8.00-9.51 Q = 26.91-32.00 after 4373.3 sec [total]
done with H+- for K = 8.00-9.51 Q = 26.91-32.00 after 4374.5 sec [total]
done with H-+ for K = 8.00-9.51 Q = 26.91-32.00 after 4375.6 sec [total]
done with H-- for K = 8.00-9.51 Q = 26.91-32.00 after 4376.1 sec [total]
done with UU for K = 9.51-11.31 Q = 26.91-32.00 after 4377.0 sec [total]
done with BB for K = 9.51-11.31 Q = 26.91-32.00 after 4378.0 sec [total]
done with UBTa for K = 9.51-11.31 Q = 26.91-32.00 after 4378.2 sec [total]
done with UBTb for K = 9.51-11.31 Q = 26.91-32.00 after 4378.4 sec [total]
done with UBTbA for K = 9.51-11.31 Q = 26.91-32.00 after 4378.6 sec [total]
done with UBTbC for K = 9.51-11.31 Q = 26.91-32.00 after 4378.9 sec [total]
done with H for K = 9.51-11.31 Q = 26.91-32.00 after 4379.7 sec [total]
done with H++ for K = 9.51-11.31 Q = 26.91-32.00 after 4383.0 sec [total]
done with H+- for K = 9.51-11.31 Q = 26.91-32.00 after 4384.0 sec [total]
done with H-+ for K = 9.51-11.31 Q = 26.91-32.00 after 4385.2 sec [total]
done with H-- for K = 9.51-11.31 Q = 26.91-32.00 after 4385.7 sec [total]
done with UU for K = 11.31-13.45 Q = 26.91-32.00 after 4386.6 sec [total]
done with BB for K = 11.31-13.45 Q = 26.91-32.00 after 4387.6 sec [total]
done with UBTa for K = 11.31-13.45 Q = 26.91-32.00 after 4387.8 sec [total]
done with UBTb for K = 11.31-13.45 Q = 26.91-32.00 after 4388.0 sec [total]
done with UBTbA for K = 11.31-13.45 Q = 26.91-32.00 after 4388.1 sec [total]
done with UBTbC for K = 11.31-13.45 Q = 26.91-32.00 after 4388.5 sec [total]
done with H for K = 11.31-13.45 Q = 26.91-32.00 after 4389.4 sec [total]
done with H++ for K = 11.31-13.45 Q = 26.91-32.00 after 4392.5 sec [total]
done with H+- for K = 11.31-13.45 Q = 26.91-32.00 after 4393.6 sec [total]
done with H-+ for K = 11.31-13.45 Q = 26.91-32.00 after 4394.7 sec [total]
done with H-- for K = 11.31-13.45 Q = 26.91-32.00 after 4395.3 sec [total]
done with UU for K = 13.45-16.00 Q = 26.91-32.00 after 4396.3 sec [total]
done with BB for K = 13.45-16.00 Q = 26.91-32.00 after 4397.3 sec [total]
done with UBTa for K = 13.45-16.00 Q = 26.91-32.00 after 4397.4 sec [total]
done with UBTb for K = 13.45-16.00 Q = 26.91-32.00 after 4397.6 sec [total]
done with UBTbA for K = 13.45-16.00 Q = 26.91-32.00 after 4397.8 sec [total]
done with UBTbC for K = 13.45-16.00 Q = 26.91-32.00 after 4398.1 sec [total]
done with H for K = 13.45-16.00 Q = 26.91-32.00 after 4399.0 sec [total]
done with H++ for K = 13.45-16.00 Q = 26.91-32.00 after 4402.2 sec [total]
done with H+- for K = 13.45-16.00 Q = 26.91-32.00 after 4403.4 sec [total]
done with H-+ for K = 13.45-16.00 Q = 26.91-32.00 after 4404.7 sec [total]
done with H-- for K = 13.45-16.00 Q = 26.91-32.00 after 4404.9 sec [total]
done with UU for K = 16.00-19.03 Q = 26.91-32.00 after 4405.8 sec [total]
done with BB for K = 16.00-19.03 Q = 26.91-32.00 after 4406.9 sec [total]
done with UBTa for K = 16.00-19.03 Q = 26.91-32.00 after 4407.1 sec [total]
done with UBTb for K = 16.00-19.03 Q = 26.91-32.00 after 4407.3 sec [total]
done with UBTbA for K = 16.00-19.03 Q = 26.91-32.00 after 4407.5 sec [total]
done with UBTbC for K = 16.00-19.03 Q = 26.91-32.00 after 4407.8 sec [total]
done with H for K = 16.00-19.03 Q = 26.91-32.00 after 4408.6 sec [total]
done with H++ for K = 16.00-19.03 Q = 26.91-32.00 after 4411.8 sec [total]
done with H+- for K = 16.00-19.03 Q = 26.91-32.00 after 4412.9 sec [total]
done with H-+ for K = 16.00-19.03 Q = 26.91-32.00 after 4414.0 sec [total]
done with H-- for K = 16.00-19.03 Q = 26.91-32.00 after 4414.5 sec [total]
done with UU for K = 19.03-22.63 Q = 26.91-32.00 after 4415.4 sec [total]
done with BB for K = 19.03-22.63 Q = 26.91-32.00 after 4416.5 sec [total]
done with UBTa for K = 19.03-22.63 Q = 26.91-32.00 after 4416.8 sec [total]
done with UBTb for K = 19.03-22.63 Q = 26.91-32.00 after 4416.9 sec [total]
done with UBTbA for K = 19.03-22.63 Q = 26.91-32.00 after 4417.1 sec [total]
done with UBTbC for K = 19.03-22.63 Q = 26.91-32.00 after 4417.4 sec [total]
done with H for K = 19.03-22.63 Q = 26.91-32.00 after 4418.2 sec [total]
done with H++ for K = 19.03-22.63 Q = 26.91-32.00 after 4421.4 sec [total]
done with H+- for K = 19.03-22.63 Q = 26.91-32.00 after 4422.5 sec [total]
done with H-+ for K = 19.03-22.63 Q = 26.91-32.00 after 4423.7 sec [total]
done with H-- for K = 19.03-22.63 Q = 26.91-32.00 after 4424.2 sec [total]
done with UU for K = 22.63-26.91 Q = 26.91-32.00 after 4425.1 sec [total]
done with BB for K = 22.63-26.91 Q = 26.91-32.00 after 4426.2 sec [total]
done with UBTa for K = 22.63-26.91 Q = 26.91-32.00 after 4426.4 sec [total]
done with UBTb for K = 22.63-26.91 Q = 26.91-32.00 after 4426.6 sec [total]
done with UBTbA for K = 22.63-26.91 Q = 26.91-32.00 after 4426.8 sec [total]
done with UBTbC for K = 22.63-26.91 Q = 26.91-32.00 after 4427.1 sec [total]
done with H for K = 22.63-26.91 Q = 26.91-32.00 after 4427.9 sec [total]
done with H++ for K = 22.63-26.91 Q = 26.91-32.00 after 4431.0 sec [total]
done with H+- for K = 22.63-26.91 Q = 26.91-32.00 after 4432.2 sec [total]
done with H-+ for K = 22.63-26.91 Q = 26.91-32.00 after 4433.4 sec [total]
done with H-- for K = 22.63-26.91 Q = 26.91-32.00 after 4433.8 sec [total]
done with UU for K = 26.91-32.00 Q = 26.91-32.00 after 4434.7 sec [total]
done with BB for K = 26.91-32.00 Q = 26.91-32.00 after 4435.7 sec [total]
done with UBTa for K = 26.91-32.00 Q = 26.91-32.00 after 4435.9 sec [total]
done with UBTb for K = 26.91-32.00 Q = 26.91-32.00 after 4436.1 sec [total]
done with UBTbA for K = 26.91-32.00 Q = 26.91-32.00 after 4436.2 sec [total]
done with UBTbC for K = 26.91-32.00 Q = 26.91-32.00 after 4436.6 sec [total]
done with H for K = 26.91-32.00 Q = 26.91-32.00 after 4437.4 sec [total]
done with H++ for K = 26.91-32.00 Q = 26.91-32.00 after 4440.6 sec [total]
done with H+- for K = 26.91-32.00 Q = 26.91-32.00 after 4441.8 sec [total]
done with H-+ for K = 26.91-32.00 Q = 26.91-32.00 after 4443.1 sec [total]
done with H-- for K = 26.91-32.00 Q = 26.91-32.00 after 4443.3 sec [total]
done with UU for K = 32.00-38.05 Q = 26.91-32.00 after 4444.2 sec [total]
done with BB for K = 32.00-38.05 Q = 26.91-32.00 after 4445.3 sec [total]
done with UBTa for K = 32.00-38.05 Q = 26.91-32.00 after 4445.5 sec [total]
done with UBTb for K = 32.00-38.05 Q = 26.91-32.00 after 4445.7 sec [total]
done with UBTbA for K = 32.00-38.05 Q = 26.91-32.00 after 4445.8 sec [total]
done with UBTbC for K = 32.00-38.05 Q = 26.91-32.00 after 4446.1 sec [total]
done with H for K = 32.00-38.05 Q = 26.91-32.00 after 4447.0 sec [total]
done with H++ for K = 32.00-38.05 Q = 26.91-32.00 after 4450.2 sec [total]
done with H+- for K = 32.00-38.05 Q = 26.91-32.00 after 4451.3 sec [total]
done with H-+ for K = 32.00-38.05 Q = 26.91-32.00 after 4452.4 sec [total]
done with H-- for K = 32.00-38.05 Q = 26.91-32.00 after 4452.9 sec [total]
done with UU for K = 38.05-45.25 Q = 26.91-32.00 after 4453.9 sec [total]
done with BB for K = 38.05-45.25 Q = 26.91-32.00 after 4454.9 sec [total]
done with UBTa for K = 38.05-45.25 Q = 26.91-32.00 after 4455.1 sec [total]
done with UBTb for K = 38.05-45.25 Q = 26.91-32.00 after 4455.3 sec [total]
done with UBTbA for K = 38.05-45.25 Q = 26.91-32.00 after 4455.5 sec [total]
done with UBTbC for K = 38.05-45.25 Q = 26.91-32.00 after 4455.8 sec [total]
done with H for K = 38.05-45.25 Q = 26.91-32.00 after 4456.6 sec [total]
done with H++ for K = 38.05-45.25 Q = 26.91-32.00 after 4459.7 sec [total]
done with H+- for K = 38.05-45.25 Q = 26.91-32.00 after 4461.0 sec [total]
done with H-+ for K = 38.05-45.25 Q = 26.91-32.00 after 4462.3 sec [total]
done with H-- for K = 38.05-45.25 Q = 26.91-32.00 after 4462.5 sec [total]
done with UU for K = 45.25-53.82 Q = 26.91-32.00 after 4463.4 sec [total]
done with BB for K = 45.25-53.82 Q = 26.91-32.00 after 4464.5 sec [total]
done with UBTa for K = 45.25-53.82 Q = 26.91-32.00 after 4464.7 sec [total]
done with UBTb for K = 45.25-53.82 Q = 26.91-32.00 after 4464.8 sec [total]
done with UBTbA for K = 45.25-53.82 Q = 26.91-32.00 after 4465.0 sec [total]
done with UBTbC for K = 45.25-53.82 Q = 26.91-32.00 after 4465.4 sec [total]
done with H for K = 45.25-53.82 Q = 26.91-32.00 after 4466.2 sec [total]
done with H++ for K = 45.25-53.82 Q = 26.91-32.00 after 4469.4 sec [total]
done with H+- for K = 45.25-53.82 Q = 26.91-32.00 after 4470.6 sec [total]
done with H-+ for K = 45.25-53.82 Q = 26.91-32.00 after 4471.7 sec [total]
done with H-- for K = 45.25-53.82 Q = 26.91-32.00 after 4472.2 sec [total]
done with UU for K = 53.82-64.00 Q = 26.91-32.00 after 4473.1 sec [total]
done with BB for K = 53.82-64.00 Q = 26.91-32.00 after 4474.2 sec [total]
done with UBTa for K = 53.82-64.00 Q = 26.91-32.00 after 4474.4 sec [total]
done with UBTb for K = 53.82-64.00 Q = 26.91-32.00 after 4474.6 sec [total]
done with UBTbA for K = 53.82-64.00 Q = 26.91-32.00 after 4474.8 sec [total]
done with UBTbC for K = 53.82-64.00 Q = 26.91-32.00 after 4475.1 sec [total]
done with H for K = 53.82-64.00 Q = 26.91-32.00 after 4475.9 sec [total]
done with H++ for K = 53.82-64.00 Q = 26.91-32.00 after 4479.1 sec [total]
done with H+- for K = 53.82-64.00 Q = 26.91-32.00 after 4480.2 sec [total]
done with H-+ for K = 53.82-64.00 Q = 26.91-32.00 after 4481.4 sec [total]
done with H-- for K = 53.82-64.00 Q = 26.91-32.00 after 4481.8 sec [total]
done with UU for K = 64.00-76.11 Q = 26.91-32.00 after 4482.7 sec [total]
done with BB for K = 64.00-76.11 Q = 26.91-32.00 after 4483.8 sec [total]
done with UBTa for K = 64.00-76.11 Q = 26.91-32.00 after 4484.0 sec [total]
done with UBTb for K = 64.00-76.11 Q = 26.91-32.00 after 4484.2 sec [total]
done with UBTbA for K = 64.00-76.11 Q = 26.91-32.00 after 4484.3 sec [total]
done with UBTbC for K = 64.00-76.11 Q = 26.91-32.00 after 4484.6 sec [total]
done with H for K = 64.00-76.11 Q = 26.91-32.00 after 4485.5 sec [total]
done with H++ for K = 64.00-76.11 Q = 26.91-32.00 after 4488.6 sec [total]
done with H+- for K = 64.00-76.11 Q = 26.91-32.00 after 4489.7 sec [total]
done with H-+ for K = 64.00-76.11 Q = 26.91-32.00 after 4490.8 sec [total]
done with H-- for K = 64.00-76.11 Q = 26.91-32.00 after 4491.4 sec [total]
done with UU for K = 76.11-90.51 Q = 26.91-32.00 after 4492.3 sec [total]
done with BB for K = 76.11-90.51 Q = 26.91-32.00 after 4493.3 sec [total]
done with UBTa for K = 76.11-90.51 Q = 26.91-32.00 after 4493.5 sec [total]
done with UBTb for K = 76.11-90.51 Q = 26.91-32.00 after 4493.7 sec [total]
done with UBTbA for K = 76.11-90.51 Q = 26.91-32.00 after 4493.9 sec [total]
done with UBTbC for K = 76.11-90.51 Q = 26.91-32.00 after 4494.2 sec [total]
done with H for K = 76.11-90.51 Q = 26.91-32.00 after 4495.1 sec [total]
done with H++ for K = 76.11-90.51 Q = 26.91-32.00 after 4498.2 sec [total]
done with H+- for K = 76.11-90.51 Q = 26.91-32.00 after 4499.5 sec [total]
done with H-+ for K = 76.11-90.51 Q = 26.91-32.00 after 4500.7 sec [total]
done with H-- for K = 76.11-90.51 Q = 26.91-32.00 after 4501.0 sec [total]
done with UU for K = 90.51-107.63 Q = 26.91-32.00 after 4501.9 sec [total]
done with BB for K = 90.51-107.63 Q = 26.91-32.00 after 4503.0 sec [total]
done with UBTa for K = 90.51-107.63 Q = 26.91-32.00 after 4503.2 sec [total]
done with UBTb for K = 90.51-107.63 Q = 26.91-32.00 after 4503.4 sec [total]
done with UBTbA for K = 90.51-107.63 Q = 26.91-32.00 after 4503.5 sec [total]
done with UBTbC for K = 90.51-107.63 Q = 26.91-32.00 after 4503.8 sec [total]
done with H for K = 90.51-107.63 Q = 26.91-32.00 after 4504.7 sec [total]
done with H++ for K = 90.51-107.63 Q = 26.91-32.00 after 4507.9 sec [total]
done with H+- for K = 90.51-107.63 Q = 26.91-32.00 after 4509.2 sec [total]
done with H-+ for K = 90.51-107.63 Q = 26.91-32.00 after 4510.4 sec [total]
done with H-- for K = 90.51-107.63 Q = 26.91-32.00 after 4510.6 sec [total]
done with UU for K = 107.63-128.00 Q = 26.91-32.00 after 4511.5 sec [total]
done with BB for K = 107.63-128.00 Q = 26.91-32.00 after 4512.5 sec [total]
done with UBTa for K = 107.63-128.00 Q = 26.91-32.00 after 4512.7 sec [total]
done with UBTb for K = 107.63-128.00 Q = 26.91-32.00 after 4512.9 sec [total]
done with UBTbA for K = 107.63-128.00 Q = 26.91-32.00 after 4513.1 sec [total]
done with UBTbC for K = 107.63-128.00 Q = 26.91-32.00 after 4513.5 sec [total]
done with H for K = 107.63-128.00 Q = 26.91-32.00 after 4514.3 sec [total]
done with H++ for K = 107.63-128.00 Q = 26.91-32.00 after 4517.5 sec [total]
done with H+- for K = 107.63-128.00 Q = 26.91-32.00 after 4518.6 sec [total]
done with H-+ for K = 107.63-128.00 Q = 26.91-32.00 after 4519.7 sec [total]
done with H-- for K = 107.63-128.00 Q = 26.91-32.00 after 4520.2 sec [total]
done with UU for K = 128.00-152.22 Q = 26.91-32.00 after 4521.1 sec [total]
done with BB for K = 128.00-152.22 Q = 26.91-32.00 after 4522.1 sec [total]
done with UBTa for K = 128.00-152.22 Q = 26.91-32.00 after 4522.3 sec [total]
done with UBTb for K = 128.00-152.22 Q = 26.91-32.00 after 4522.5 sec [total]
done with UBTbA for K = 128.00-152.22 Q = 26.91-32.00 after 4522.7 sec [total]
done with UBTbC for K = 128.00-152.22 Q = 26.91-32.00 after 4523.0 sec [total]
done with H for K = 128.00-152.22 Q = 26.91-32.00 after 4523.9 sec [total]
done with H++ for K = 128.00-152.22 Q = 26.91-32.00 after 4527.0 sec [total]
done with H+- for K = 128.00-152.22 Q = 26.91-32.00 after 4528.2 sec [total]
done with H-+ for K = 128.00-152.22 Q = 26.91-32.00 after 4529.2 sec [total]
done with H-- for K = 128.00-152.22 Q = 26.91-32.00 after 4529.8 sec [total]
done with UU for K = 152.22-181.02 Q = 26.91-32.00 after 4530.7 sec [total]
done with BB for K = 152.22-181.02 Q = 26.91-32.00 after 4531.8 sec [total]
done with UBTa for K = 152.22-181.02 Q = 26.91-32.00 after 4531.9 sec [total]
done with UBTb for K = 152.22-181.02 Q = 26.91-32.00 after 4532.1 sec [total]
done with UBTbA for K = 152.22-181.02 Q = 26.91-32.00 after 4532.3 sec [total]
done with UBTbC for K = 152.22-181.02 Q = 26.91-32.00 after 4532.6 sec [total]
done with H for K = 152.22-181.02 Q = 26.91-32.00 after 4533.5 sec [total]
done with H++ for K = 152.22-181.02 Q = 26.91-32.00 after 4536.7 sec [total]
done with H+- for K = 152.22-181.02 Q = 26.91-32.00 after 4537.9 sec [total]
done with H-+ for K = 152.22-181.02 Q = 26.91-32.00 after 4539.2 sec [total]
done with H-- for K = 152.22-181.02 Q = 26.91-32.00 after 4539.5 sec [total]
done with UU for K = 181.02-215.27 Q = 26.91-32.00 after 4540.4 sec [total]
done with BB for K = 181.02-215.27 Q = 26.91-32.00 after 4541.4 sec [total]
done with UBTa for K = 181.02-215.27 Q = 26.91-32.00 after 4541.6 sec [total]
done with UBTb for K = 181.02-215.27 Q = 26.91-32.00 after 4541.7 sec [total]
done with UBTbA for K = 181.02-215.27 Q = 26.91-32.00 after 4541.9 sec [total]
done with UBTbC for K = 181.02-215.27 Q = 26.91-32.00 after 4542.3 sec [total]
done with H for K = 181.02-215.27 Q = 26.91-32.00 after 4543.1 sec [total]
done with H++ for K = 181.02-215.27 Q = 26.91-32.00 after 4546.3 sec [total]
done with H+- for K = 181.02-215.27 Q = 26.91-32.00 after 4547.4 sec [total]
done with H-+ for K = 181.02-215.27 Q = 26.91-32.00 after 4548.7 sec [total]
done with H-- for K = 181.02-215.27 Q = 26.91-32.00 after 4549.0 sec [total]
done with UU for K = 215.27-256.00 Q = 26.91-32.00 after 4549.9 sec [total]
done with BB for K = 215.27-256.00 Q = 26.91-32.00 after 4551.0 sec [total]
done with UBTa for K = 215.27-256.00 Q = 26.91-32.00 after 4551.1 sec [total]
done with UBTb for K = 215.27-256.00 Q = 26.91-32.00 after 4551.4 sec [total]
done with UBTbA for K = 215.27-256.00 Q = 26.91-32.00 after 4551.5 sec [total]
done with UBTbC for K = 215.27-256.00 Q = 26.91-32.00 after 4551.8 sec [total]
done with H for K = 215.27-256.00 Q = 26.91-32.00 after 4552.7 sec [total]
done with H++ for K = 215.27-256.00 Q = 26.91-32.00 after 4555.8 sec [total]
done with H+- for K = 215.27-256.00 Q = 26.91-32.00 after 4557.0 sec [total]
done with H-+ for K = 215.27-256.00 Q = 26.91-32.00 after 4558.0 sec [total]
done with H-- for K = 215.27-256.00 Q = 26.91-32.00 after 4558.6 sec [total]
done with UU for K = 256.00-304.44 Q = 26.91-32.00 after 4559.5 sec [total]
done with BB for K = 256.00-304.44 Q = 26.91-32.00 after 4560.6 sec [total]
done with UBTa for K = 256.00-304.44 Q = 26.91-32.00 after 4560.8 sec [total]
done with UBTb for K = 256.00-304.44 Q = 26.91-32.00 after 4561.0 sec [total]
done with UBTbA for K = 256.00-304.44 Q = 26.91-32.00 after 4561.2 sec [total]
done with UBTbC for K = 256.00-304.44 Q = 26.91-32.00 after 4561.4 sec [total]
done with H for K = 256.00-304.44 Q = 26.91-32.00 after 4562.3 sec [total]
done with H++ for K = 256.00-304.44 Q = 26.91-32.00 after 4565.4 sec [total]
done with H+- for K = 256.00-304.44 Q = 26.91-32.00 after 4566.7 sec [total]
done with H-+ for K = 256.00-304.44 Q = 26.91-32.00 after 4567.8 sec [total]
done with H-- for K = 256.00-304.44 Q = 26.91-32.00 after 4568.2 sec [total]
done with UU for K = 304.44-362.04 Q = 26.91-32.00 after 4569.1 sec [total]
done with BB for K = 304.44-362.04 Q = 26.91-32.00 after 4570.2 sec [total]
done with UBTa for K = 304.44-362.04 Q = 26.91-32.00 after 4570.3 sec [total]
done with UBTb for K = 304.44-362.04 Q = 26.91-32.00 after 4570.5 sec [total]
done with UBTbA for K = 304.44-362.04 Q = 26.91-32.00 after 4570.7 sec [total]
done with UBTbC for K = 304.44-362.04 Q = 26.91-32.00 after 4571.0 sec [total]
done with H for K = 304.44-362.04 Q = 26.91-32.00 after 4571.9 sec [total]
done with H++ for K = 304.44-362.04 Q = 26.91-32.00 after 4575.1 sec [total]
done with H+- for K = 304.44-362.04 Q = 26.91-32.00 after 4576.4 sec [total]
done with H-+ for K = 304.44-362.04 Q = 26.91-32.00 after 4577.6 sec [total]
done with H-- for K = 304.44-362.04 Q = 26.91-32.00 after 4577.8 sec [total]
done with UU for K = 362.04-430.54 Q = 26.91-32.00 after 4578.7 sec [total]
done with BB for K = 362.04-430.54 Q = 26.91-32.00 after 4579.8 sec [total]
done with UBTa for K = 362.04-430.54 Q = 26.91-32.00 after 4580.0 sec [total]
done with UBTb for K = 362.04-430.54 Q = 26.91-32.00 after 4580.2 sec [total]
done with UBTbA for K = 362.04-430.54 Q = 26.91-32.00 after 4580.3 sec [total]
done with UBTbC for K = 362.04-430.54 Q = 26.91-32.00 after 4580.6 sec [total]
done with H for K = 362.04-430.54 Q = 26.91-32.00 after 4581.5 sec [total]
done with H++ for K = 362.04-430.54 Q = 26.91-32.00 after 4584.6 sec [total]
done with H+- for K = 362.04-430.54 Q = 26.91-32.00 after 4585.9 sec [total]
done with H-+ for K = 362.04-430.54 Q = 26.91-32.00 after 4587.2 sec [total]
done with H-- for K = 362.04-430.54 Q = 26.91-32.00 after 4587.4 sec [total]
done with UU for K = 430.54-512.00 Q = 26.91-32.00 after 4588.3 sec [total]
done with BB for K = 430.54-512.00 Q = 26.91-32.00 after 4589.4 sec [total]
done with UBTa for K = 430.54-512.00 Q = 26.91-32.00 after 4589.5 sec [total]
done with UBTb for K = 430.54-512.00 Q = 26.91-32.00 after 4589.7 sec [total]
done with UBTbA for K = 430.54-512.00 Q = 26.91-32.00 after 4589.9 sec [total]
done with UBTbC for K = 430.54-512.00 Q = 26.91-32.00 after 4590.2 sec [total]
done with H for K = 430.54-512.00 Q = 26.91-32.00 after 4591.1 sec [total]
done with H++ for K = 430.54-512.00 Q = 26.91-32.00 after 4594.3 sec [total]
done with H+- for K = 430.54-512.00 Q = 26.91-32.00 after 4595.4 sec [total]
done with H-+ for K = 430.54-512.00 Q = 26.91-32.00 after 4596.5 sec [total]
done with H-- for K = 430.54-512.00 Q = 26.91-32.00 after 4597.0 sec [total]
done with UU for K = 512.00-608.87 Q = 26.91-32.00 after 4597.9 sec [total]
done with BB for K = 512.00-608.87 Q = 26.91-32.00 after 4599.0 sec [total]
done with UBTa for K = 512.00-608.87 Q = 26.91-32.00 after 4599.2 sec [total]
done with UBTb for K = 512.00-608.87 Q = 26.91-32.00 after 4599.4 sec [total]
done with UBTbA for K = 512.00-608.87 Q = 26.91-32.00 after 4599.5 sec [total]
done with UBTbC for K = 512.00-608.87 Q = 26.91-32.00 after 4599.8 sec [total]
done with H for K = 512.00-608.87 Q = 26.91-32.00 after 4600.8 sec [total]
done with H++ for K = 512.00-608.87 Q = 26.91-32.00 after 4603.9 sec [total]
done with H+- for K = 512.00-608.87 Q = 26.91-32.00 after 4605.1 sec [total]
done with H-+ for K = 512.00-608.87 Q = 26.91-32.00 after 4606.2 sec [total]
done with H-- for K = 512.00-608.87 Q = 26.91-32.00 after 4606.7 sec [total]
done with UU for K = 608.87-724.08 Q = 26.91-32.00 after 4607.6 sec [total]
done with BB for K = 608.87-724.08 Q = 26.91-32.00 after 4608.6 sec [total]
done with UBTa for K = 608.87-724.08 Q = 26.91-32.00 after 4608.8 sec [total]
done with UBTb for K = 608.87-724.08 Q = 26.91-32.00 after 4609.0 sec [total]
done with UBTbA for K = 608.87-724.08 Q = 26.91-32.00 after 4609.2 sec [total]
done with UBTbC for K = 608.87-724.08 Q = 26.91-32.00 after 4609.5 sec [total]
done with H for K = 608.87-724.08 Q = 26.91-32.00 after 4610.4 sec [total]
done with H++ for K = 608.87-724.08 Q = 26.91-32.00 after 4613.5 sec [total]
done with H+- for K = 608.87-724.08 Q = 26.91-32.00 after 4614.7 sec [total]
done with H-+ for K = 608.87-724.08 Q = 26.91-32.00 after 4615.8 sec [total]
done with H-- for K = 608.87-724.08 Q = 26.91-32.00 after 4616.3 sec [total]
done with UU for K = 724.08-861.08 Q = 26.91-32.00 after 4617.2 sec [total]
done with BB for K = 724.08-861.08 Q = 26.91-32.00 after 4618.2 sec [total]
done with UBTa for K = 724.08-861.08 Q = 26.91-32.00 after 4618.4 sec [total]
done with UBTb for K = 724.08-861.08 Q = 26.91-32.00 after 4618.6 sec [total]
done with UBTbA for K = 724.08-861.08 Q = 26.91-32.00 after 4618.8 sec [total]
done with UBTbC for K = 724.08-861.08 Q = 26.91-32.00 after 4619.1 sec [total]
done with H for K = 724.08-861.08 Q = 26.91-32.00 after 4620.0 sec [total]
done with H++ for K = 724.08-861.08 Q = 26.91-32.00 after 4623.1 sec [total]
done with H+- for K = 724.08-861.08 Q = 26.91-32.00 after 4624.4 sec [total]
done with H-+ for K = 724.08-861.08 Q = 26.91-32.00 after 4625.6 sec [total]
done with H-- for K = 724.08-861.08 Q = 26.91-32.00 after 4626.0 sec [total]
done with UU for K = 861.08-1024.00 Q = 26.91-32.00 after 4626.9 sec [total]
done with BB for K = 861.08-1024.00 Q = 26.91-32.00 after 4627.9 sec [total]
done with UBTa for K = 861.08-1024.00 Q = 26.91-32.00 after 4628.1 sec [total]
done with UBTb for K = 861.08-1024.00 Q = 26.91-32.00 after 4628.3 sec [total]
done with UBTbA for K = 861.08-1024.00 Q = 26.91-32.00 after 4628.5 sec [total]
done with UBTbC for K = 861.08-1024.00 Q = 26.91-32.00 after 4628.8 sec [total]
done with H for K = 861.08-1024.00 Q = 26.91-32.00 after 4629.6 sec [total]
done with H++ for K = 861.08-1024.00 Q = 26.91-32.00 after 4632.8 sec [total]
done with H+- for K = 861.08-1024.00 Q = 26.91-32.00 after 4633.9 sec [total]
done with H-+ for K = 861.08-1024.00 Q = 26.91-32.00 after 4634.8 sec [total]
done with H-- for K = 861.08-1024.00 Q = 26.91-32.00 after 4635.5 sec [total]
done with UU for K = 0.00-3.36 Q = 32.00-38.05 after 4637.3 sec [total]
done with BB for K = 0.00-3.36 Q = 32.00-38.05 after 4639.4 sec [total]
done with UBTa for K = 0.00-3.36 Q = 32.00-38.05 after 4640.5 sec [total]
done with UBTb for K = 0.00-3.36 Q = 32.00-38.05 after 4641.6 sec [total]
done with UBTbA for K = 0.00-3.36 Q = 32.00-38.05 after 4642.6 sec [total]
done with UBTbC for K = 0.00-3.36 Q = 32.00-38.05 after 4642.9 sec [total]
done with H for K = 0.00-3.36 Q = 32.00-38.05 after 4643.9 sec [total]
done with H++ for K = 0.00-3.36 Q = 32.00-38.05 after 4647.0 sec [total]
done with H+- for K = 0.00-3.36 Q = 32.00-38.05 after 4648.3 sec [total]
done with H-+ for K = 0.00-3.36 Q = 32.00-38.05 after 4649.6 sec [total]
done with H-- for K = 0.00-3.36 Q = 32.00-38.05 after 4649.8 sec [total]
done with UU for K = 3.36-4.00 Q = 32.00-38.05 after 4650.7 sec [total]
done with BB for K = 3.36-4.00 Q = 32.00-38.05 after 4651.8 sec [total]
done with UBTa for K = 3.36-4.00 Q = 32.00-38.05 after 4651.9 sec [total]
done with UBTb for K = 3.36-4.00 Q = 32.00-38.05 after 4652.1 sec [total]
done with UBTbA for K = 3.36-4.00 Q = 32.00-38.05 after 4652.3 sec [total]
done with UBTbC for K = 3.36-4.00 Q = 32.00-38.05 after 4652.6 sec [total]
done with H for K = 3.36-4.00 Q = 32.00-38.05 after 4653.5 sec [total]
done with H++ for K = 3.36-4.00 Q = 32.00-38.05 after 4656.6 sec [total]
done with H+- for K = 3.36-4.00 Q = 32.00-38.05 after 4657.8 sec [total]
done with H-+ for K = 3.36-4.00 Q = 32.00-38.05 after 4659.0 sec [total]
done with H-- for K = 3.36-4.00 Q = 32.00-38.05 after 4659.4 sec [total]
done with UU for K = 4.00-4.76 Q = 32.00-38.05 after 4660.3 sec [total]
done with BB for K = 4.00-4.76 Q = 32.00-38.05 after 4661.4 sec [total]
done with UBTa for K = 4.00-4.76 Q = 32.00-38.05 after 4661.6 sec [total]
done with UBTb for K = 4.00-4.76 Q = 32.00-38.05 after 4661.8 sec [total]
done with UBTbA for K = 4.00-4.76 Q = 32.00-38.05 after 4661.9 sec [total]
done with UBTbC for K = 4.00-4.76 Q = 32.00-38.05 after 4662.3 sec [total]
done with H for K = 4.00-4.76 Q = 32.00-38.05 after 4663.1 sec [total]
done with H++ for K = 4.00-4.76 Q = 32.00-38.05 after 4666.3 sec [total]
done with H+- for K = 4.00-4.76 Q = 32.00-38.05 after 4667.4 sec [total]
done with H-+ for K = 4.00-4.76 Q = 32.00-38.05 after 4668.6 sec [total]
done with H-- for K = 4.00-4.76 Q = 32.00-38.05 after 4669.0 sec [total]
done with UU for K = 4.76-5.66 Q = 32.00-38.05 after 4669.9 sec [total]
done with BB for K = 4.76-5.66 Q = 32.00-38.05 after 4671.0 sec [total]
done with UBTa for K = 4.76-5.66 Q = 32.00-38.05 after 4671.2 sec [total]
done with UBTb for K = 4.76-5.66 Q = 32.00-38.05 after 4671.4 sec [total]
done with UBTbA for K = 4.76-5.66 Q = 32.00-38.05 after 4671.5 sec [total]
done with UBTbC for K = 4.76-5.66 Q = 32.00-38.05 after 4671.8 sec [total]
done with H for K = 4.76-5.66 Q = 32.00-38.05 after 4672.7 sec [total]
done with H++ for K = 4.76-5.66 Q = 32.00-38.05 after 4675.9 sec [total]
done with H+- for K = 4.76-5.66 Q = 32.00-38.05 after 4677.0 sec [total]
done with H-+ for K = 4.76-5.66 Q = 32.00-38.05 after 4678.2 sec [total]
done with H-- for K = 4.76-5.66 Q = 32.00-38.05 after 4678.7 sec [total]
done with UU for K = 5.66-6.73 Q = 32.00-38.05 after 4679.6 sec [total]
done with BB for K = 5.66-6.73 Q = 32.00-38.05 after 4680.7 sec [total]
done with UBTa for K = 5.66-6.73 Q = 32.00-38.05 after 4680.9 sec [total]
done with UBTb for K = 5.66-6.73 Q = 32.00-38.05 after 4681.1 sec [total]
done with UBTbA for K = 5.66-6.73 Q = 32.00-38.05 after 4681.3 sec [total]
done with UBTbC for K = 5.66-6.73 Q = 32.00-38.05 after 4681.5 sec [total]
done with H for K = 5.66-6.73 Q = 32.00-38.05 after 4682.3 sec [total]
done with H++ for K = 5.66-6.73 Q = 32.00-38.05 after 4685.5 sec [total]
done with H+- for K = 5.66-6.73 Q = 32.00-38.05 after 4686.7 sec [total]
done with H-+ for K = 5.66-6.73 Q = 32.00-38.05 after 4687.8 sec [total]
done with H-- for K = 5.66-6.73 Q = 32.00-38.05 after 4688.2 sec [total]
done with UU for K = 6.73-8.00 Q = 32.00-38.05 after 4689.1 sec [total]
done with BB for K = 6.73-8.00 Q = 32.00-38.05 after 4690.2 sec [total]
done with UBTa for K = 6.73-8.00 Q = 32.00-38.05 after 4690.4 sec [total]
done with UBTb for K = 6.73-8.00 Q = 32.00-38.05 after 4690.6 sec [total]
done with UBTbA for K = 6.73-8.00 Q = 32.00-38.05 after 4690.7 sec [total]
done with UBTbC for K = 6.73-8.00 Q = 32.00-38.05 after 4691.0 sec [total]
done with H for K = 6.73-8.00 Q = 32.00-38.05 after 4691.9 sec [total]
done with H++ for K = 6.73-8.00 Q = 32.00-38.05 after 4695.1 sec [total]
done with H+- for K = 6.73-8.00 Q = 32.00-38.05 after 4696.3 sec [total]
done with H-+ for K = 6.73-8.00 Q = 32.00-38.05 after 4697.5 sec [total]
done with H-- for K = 6.73-8.00 Q = 32.00-38.05 after 4697.8 sec [total]
done with UU for K = 8.00-9.51 Q = 32.00-38.05 after 4698.7 sec [total]
done with BB for K = 8.00-9.51 Q = 32.00-38.05 after 4699.8 sec [total]
done with UBTa for K = 8.00-9.51 Q = 32.00-38.05 after 4700.0 sec [total]
done with UBTb for K = 8.00-9.51 Q = 32.00-38.05 after 4700.2 sec [total]
done with UBTbA for K = 8.00-9.51 Q = 32.00-38.05 after 4700.3 sec [total]
done with UBTbC for K = 8.00-9.51 Q = 32.00-38.05 after 4700.6 sec [total]
done with H for K = 8.00-9.51 Q = 32.00-38.05 after 4701.5 sec [total]
done with H++ for K = 8.00-9.51 Q = 32.00-38.05 after 4704.7 sec [total]
done with H+- for K = 8.00-9.51 Q = 32.00-38.05 after 4705.7 sec [total]
done with H-+ for K = 8.00-9.51 Q = 32.00-38.05 after 4706.8 sec [total]
done with H-- for K = 8.00-9.51 Q = 32.00-38.05 after 4707.4 sec [total]
done with UU for K = 9.51-11.31 Q = 32.00-38.05 after 4708.3 sec [total]
done with BB for K = 9.51-11.31 Q = 32.00-38.05 after 4709.3 sec [total]
done with UBTa for K = 9.51-11.31 Q = 32.00-38.05 after 4709.5 sec [total]
done with UBTb for K = 9.51-11.31 Q = 32.00-38.05 after 4709.7 sec [total]
done with UBTbA for K = 9.51-11.31 Q = 32.00-38.05 after 4709.9 sec [total]
done with UBTbC for K = 9.51-11.31 Q = 32.00-38.05 after 4710.2 sec [total]
done with H for K = 9.51-11.31 Q = 32.00-38.05 after 4711.1 sec [total]
done with H++ for K = 9.51-11.31 Q = 32.00-38.05 after 4714.2 sec [total]
done with H+- for K = 9.51-11.31 Q = 32.00-38.05 after 4715.4 sec [total]
done with H-+ for K = 9.51-11.31 Q = 32.00-38.05 after 4716.6 sec [total]
done with H-- for K = 9.51-11.31 Q = 32.00-38.05 after 4717.0 sec [total]
done with UU for K = 11.31-13.45 Q = 32.00-38.05 after 4717.9 sec [total]
done with BB for K = 11.31-13.45 Q = 32.00-38.05 after 4719.0 sec [total]
done with UBTa for K = 11.31-13.45 Q = 32.00-38.05 after 4719.2 sec [total]
done with UBTb for K = 11.31-13.45 Q = 32.00-38.05 after 4719.4 sec [total]
done with UBTbA for K = 11.31-13.45 Q = 32.00-38.05 after 4719.5 sec [total]
done with UBTbC for K = 11.31-13.45 Q = 32.00-38.05 after 4719.8 sec [total]
done with H for K = 11.31-13.45 Q = 32.00-38.05 after 4720.7 sec [total]
done with H++ for K = 11.31-13.45 Q = 32.00-38.05 after 4723.8 sec [total]
done with H+- for K = 11.31-13.45 Q = 32.00-38.05 after 4724.9 sec [total]
done with H-+ for K = 11.31-13.45 Q = 32.00-38.05 after 4726.1 sec [total]
done with H-- for K = 11.31-13.45 Q = 32.00-38.05 after 4726.6 sec [total]
done with UU for K = 13.45-16.00 Q = 32.00-38.05 after 4727.5 sec [total]
done with BB for K = 13.45-16.00 Q = 32.00-38.05 after 4728.5 sec [total]
done with UBTa for K = 13.45-16.00 Q = 32.00-38.05 after 4728.7 sec [total]
done with UBTb for K = 13.45-16.00 Q = 32.00-38.05 after 4728.9 sec [total]
done with UBTbA for K = 13.45-16.00 Q = 32.00-38.05 after 4729.1 sec [total]
done with UBTbC for K = 13.45-16.00 Q = 32.00-38.05 after 4729.4 sec [total]
done with H for K = 13.45-16.00 Q = 32.00-38.05 after 4730.2 sec [total]
done with H++ for K = 13.45-16.00 Q = 32.00-38.05 after 4733.4 sec [total]
done with H+- for K = 13.45-16.00 Q = 32.00-38.05 after 4734.5 sec [total]
done with H-+ for K = 13.45-16.00 Q = 32.00-38.05 after 4735.6 sec [total]
done with H-- for K = 13.45-16.00 Q = 32.00-38.05 after 4736.2 sec [total]
done with UU for K = 16.00-19.03 Q = 32.00-38.05 after 4737.1 sec [total]
done with BB for K = 16.00-19.03 Q = 32.00-38.05 after 4738.1 sec [total]
done with UBTa for K = 16.00-19.03 Q = 32.00-38.05 after 4738.3 sec [total]
done with UBTb for K = 16.00-19.03 Q = 32.00-38.05 after 4738.5 sec [total]
done with UBTbA for K = 16.00-19.03 Q = 32.00-38.05 after 4738.7 sec [total]
done with UBTbC for K = 16.00-19.03 Q = 32.00-38.05 after 4738.9 sec [total]
done with H for K = 16.00-19.03 Q = 32.00-38.05 after 4739.8 sec [total]
done with H++ for K = 16.00-19.03 Q = 32.00-38.05 after 4743.0 sec [total]
done with H+- for K = 16.00-19.03 Q = 32.00-38.05 after 4744.1 sec [total]
done with H-+ for K = 16.00-19.03 Q = 32.00-38.05 after 4745.1 sec [total]
done with H-- for K = 16.00-19.03 Q = 32.00-38.05 after 4745.7 sec [total]
done with UU for K = 19.03-22.63 Q = 32.00-38.05 after 4746.6 sec [total]
done with BB for K = 19.03-22.63 Q = 32.00-38.05 after 4747.7 sec [total]
done with UBTa for K = 19.03-22.63 Q = 32.00-38.05 after 4747.9 sec [total]
done with UBTb for K = 19.03-22.63 Q = 32.00-38.05 after 4748.1 sec [total]
done with UBTbA for K = 19.03-22.63 Q = 32.00-38.05 after 4748.2 sec [total]
done with UBTbC for K = 19.03-22.63 Q = 32.00-38.05 after 4748.6 sec [total]
done with H for K = 19.03-22.63 Q = 32.00-38.05 after 4749.4 sec [total]
done with H++ for K = 19.03-22.63 Q = 32.00-38.05 after 4752.5 sec [total]
done with H+- for K = 19.03-22.63 Q = 32.00-38.05 after 4753.8 sec [total]
done with H-+ for K = 19.03-22.63 Q = 32.00-38.05 after 4754.9 sec [total]
done with H-- for K = 19.03-22.63 Q = 32.00-38.05 after 4755.4 sec [total]
done with UU for K = 22.63-26.91 Q = 32.00-38.05 after 4756.3 sec [total]
done with BB for K = 22.63-26.91 Q = 32.00-38.05 after 4757.3 sec [total]
done with UBTa for K = 22.63-26.91 Q = 32.00-38.05 after 4757.5 sec [total]
done with UBTb for K = 22.63-26.91 Q = 32.00-38.05 after 4757.7 sec [total]
done with UBTbA for K = 22.63-26.91 Q = 32.00-38.05 after 4757.9 sec [total]
done with UBTbC for K = 22.63-26.91 Q = 32.00-38.05 after 4758.2 sec [total]
done with H for K = 22.63-26.91 Q = 32.00-38.05 after 4759.1 sec [total]
done with H++ for K = 22.63-26.91 Q = 32.00-38.05 after 4762.2 sec [total]
done with H+- for K = 22.63-26.91 Q = 32.00-38.05 after 4763.4 sec [total]
done with H-+ for K = 22.63-26.91 Q = 32.00-38.05 after 4764.7 sec [total]
done with H-- for K = 22.63-26.91 Q = 32.00-38.05 after 4765.0 sec [total]
done with UU for K = 26.91-32.00 Q = 32.00-38.05 after 4765.9 sec [total]
done with BB for K = 26.91-32.00 Q = 32.00-38.05 after 4767.0 sec [total]
done with UBTa for K = 26.91-32.00 Q = 32.00-38.05 after 4767.2 sec [total]
done with UBTb for K = 26.91-32.00 Q = 32.00-38.05 after 4767.4 sec [total]
done with UBTbA for K = 26.91-32.00 Q = 32.00-38.05 after 4767.5 sec [total]
done with UBTbC for K = 26.91-32.00 Q = 32.00-38.05 after 4767.9 sec [total]
done with H for K = 26.91-32.00 Q = 32.00-38.05 after 4768.7 sec [total]
done with H++ for K = 26.91-32.00 Q = 32.00-38.05 after 4771.9 sec [total]
done with H+- for K = 26.91-32.00 Q = 32.00-38.05 after 4772.9 sec [total]
done with H-+ for K = 26.91-32.00 Q = 32.00-38.05 after 4774.1 sec [total]
done with H-- for K = 26.91-32.00 Q = 32.00-38.05 after 4774.6 sec [total]
done with UU for K = 32.00-38.05 Q = 32.00-38.05 after 4775.6 sec [total]
done with BB for K = 32.00-38.05 Q = 32.00-38.05 after 4776.6 sec [total]
done with UBTa for K = 32.00-38.05 Q = 32.00-38.05 after 4776.8 sec [total]
done with UBTb for K = 32.00-38.05 Q = 32.00-38.05 after 4777.0 sec [total]
done with UBTbA for K = 32.00-38.05 Q = 32.00-38.05 after 4777.2 sec [total]
done with UBTbC for K = 32.00-38.05 Q = 32.00-38.05 after 4777.5 sec [total]
done with H for K = 32.00-38.05 Q = 32.00-38.05 after 4778.3 sec [total]
done with H++ for K = 32.00-38.05 Q = 32.00-38.05 after 4781.4 sec [total]
done with H+- for K = 32.00-38.05 Q = 32.00-38.05 after 4782.7 sec [total]
done with H-+ for K = 32.00-38.05 Q = 32.00-38.05 after 4784.0 sec [total]
done with H-- for K = 32.00-38.05 Q = 32.00-38.05 after 4784.3 sec [total]
done with UU for K = 38.05-45.25 Q = 32.00-38.05 after 4785.2 sec [total]
done with BB for K = 38.05-45.25 Q = 32.00-38.05 after 4786.2 sec [total]
done with UBTa for K = 38.05-45.25 Q = 32.00-38.05 after 4786.4 sec [total]
done with UBTb for K = 38.05-45.25 Q = 32.00-38.05 after 4786.6 sec [total]
done with UBTbA for K = 38.05-45.25 Q = 32.00-38.05 after 4786.8 sec [total]
done with UBTbC for K = 38.05-45.25 Q = 32.00-38.05 after 4787.1 sec [total]
done with H for K = 38.05-45.25 Q = 32.00-38.05 after 4787.9 sec [total]
done with H++ for K = 38.05-45.25 Q = 32.00-38.05 after 4791.1 sec [total]
done with H+- for K = 38.05-45.25 Q = 32.00-38.05 after 4792.3 sec [total]
done with H-+ for K = 38.05-45.25 Q = 32.00-38.05 after 4793.6 sec [total]
done with H-- for K = 38.05-45.25 Q = 32.00-38.05 after 4793.9 sec [total]
done with UU for K = 45.25-53.82 Q = 32.00-38.05 after 4794.8 sec [total]
done with BB for K = 45.25-53.82 Q = 32.00-38.05 after 4795.8 sec [total]
done with UBTa for K = 45.25-53.82 Q = 32.00-38.05 after 4796.0 sec [total]
done with UBTb for K = 45.25-53.82 Q = 32.00-38.05 after 4796.2 sec [total]
done with UBTbA for K = 45.25-53.82 Q = 32.00-38.05 after 4796.4 sec [total]
done with UBTbC for K = 45.25-53.82 Q = 32.00-38.05 after 4796.7 sec [total]
done with H for K = 45.25-53.82 Q = 32.00-38.05 after 4797.5 sec [total]
done with H++ for K = 45.25-53.82 Q = 32.00-38.05 after 4800.6 sec [total]
done with H+- for K = 45.25-53.82 Q = 32.00-38.05 after 4802.0 sec [total]
done with H-+ for K = 45.25-53.82 Q = 32.00-38.05 after 4803.2 sec [total]
done with H-- for K = 45.25-53.82 Q = 32.00-38.05 after 4803.5 sec [total]
done with UU for K = 53.82-64.00 Q = 32.00-38.05 after 4804.3 sec [total]
done with BB for K = 53.82-64.00 Q = 32.00-38.05 after 4805.4 sec [total]
done with UBTa for K = 53.82-64.00 Q = 32.00-38.05 after 4805.5 sec [total]
done with UBTb for K = 53.82-64.00 Q = 32.00-38.05 after 4805.8 sec [total]
done with UBTbA for K = 53.82-64.00 Q = 32.00-38.05 after 4805.9 sec [total]
done with UBTbC for K = 53.82-64.00 Q = 32.00-38.05 after 4806.3 sec [total]
done with H for K = 53.82-64.00 Q = 32.00-38.05 after 4807.2 sec [total]
done with H++ for K = 53.82-64.00 Q = 32.00-38.05 after 4810.3 sec [total]
done with H+- for K = 53.82-64.00 Q = 32.00-38.05 after 4811.7 sec [total]
done with H-+ for K = 53.82-64.00 Q = 32.00-38.05 after 4812.9 sec [total]
done with H-- for K = 53.82-64.00 Q = 32.00-38.05 after 4813.1 sec [total]
done with UU for K = 64.00-76.11 Q = 32.00-38.05 after 4814.0 sec [total]
done with BB for K = 64.00-76.11 Q = 32.00-38.05 after 4815.1 sec [total]
done with UBTa for K = 64.00-76.11 Q = 32.00-38.05 after 4815.3 sec [total]
done with UBTb for K = 64.00-76.11 Q = 32.00-38.05 after 4815.5 sec [total]
done with UBTbA for K = 64.00-76.11 Q = 32.00-38.05 after 4815.6 sec [total]
done with UBTbC for K = 64.00-76.11 Q = 32.00-38.05 after 4815.9 sec [total]
done with H for K = 64.00-76.11 Q = 32.00-38.05 after 4816.8 sec [total]
done with H++ for K = 64.00-76.11 Q = 32.00-38.05 after 4819.8 sec [total]
done with H+- for K = 64.00-76.11 Q = 32.00-38.05 after 4821.0 sec [total]
done with H-+ for K = 64.00-76.11 Q = 32.00-38.05 after 4822.0 sec [total]
done with H-- for K = 64.00-76.11 Q = 32.00-38.05 after 4822.7 sec [total]
done with UU for K = 76.11-90.51 Q = 32.00-38.05 after 4823.6 sec [total]
done with BB for K = 76.11-90.51 Q = 32.00-38.05 after 4824.6 sec [total]
done with UBTa for K = 76.11-90.51 Q = 32.00-38.05 after 4824.8 sec [total]
done with UBTb for K = 76.11-90.51 Q = 32.00-38.05 after 4825.0 sec [total]
done with UBTbA for K = 76.11-90.51 Q = 32.00-38.05 after 4825.1 sec [total]
done with UBTbC for K = 76.11-90.51 Q = 32.00-38.05 after 4825.4 sec [total]
done with H for K = 76.11-90.51 Q = 32.00-38.05 after 4826.3 sec [total]
done with H++ for K = 76.11-90.51 Q = 32.00-38.05 after 4829.5 sec [total]
done with H+- for K = 76.11-90.51 Q = 32.00-38.05 after 4830.6 sec [total]
done with H-+ for K = 76.11-90.51 Q = 32.00-38.05 after 4831.7 sec [total]
done with H-- for K = 76.11-90.51 Q = 32.00-38.05 after 4832.2 sec [total]
done with UU for K = 90.51-107.63 Q = 32.00-38.05 after 4833.1 sec [total]
done with BB for K = 90.51-107.63 Q = 32.00-38.05 after 4834.2 sec [total]
done with UBTa for K = 90.51-107.63 Q = 32.00-38.05 after 4834.4 sec [total]
done with UBTb for K = 90.51-107.63 Q = 32.00-38.05 after 4834.6 sec [total]
done with UBTbA for K = 90.51-107.63 Q = 32.00-38.05 after 4834.7 sec [total]
done with UBTbC for K = 90.51-107.63 Q = 32.00-38.05 after 4835.0 sec [total]
done with H for K = 90.51-107.63 Q = 32.00-38.05 after 4835.9 sec [total]
done with H++ for K = 90.51-107.63 Q = 32.00-38.05 after 4839.1 sec [total]
done with H+- for K = 90.51-107.63 Q = 32.00-38.05 after 4840.4 sec [total]
done with H-+ for K = 90.51-107.63 Q = 32.00-38.05 after 4841.7 sec [total]
done with H-- for K = 90.51-107.63 Q = 32.00-38.05 after 4841.9 sec [total]
done with UU for K = 107.63-128.00 Q = 32.00-38.05 after 4842.8 sec [total]
done with BB for K = 107.63-128.00 Q = 32.00-38.05 after 4843.9 sec [total]
done with UBTa for K = 107.63-128.00 Q = 32.00-38.05 after 4844.1 sec [total]
done with UBTb for K = 107.63-128.00 Q = 32.00-38.05 after 4844.3 sec [total]
done with UBTbA for K = 107.63-128.00 Q = 32.00-38.05 after 4844.4 sec [total]
done with UBTbC for K = 107.63-128.00 Q = 32.00-38.05 after 4844.7 sec [total]
done with H for K = 107.63-128.00 Q = 32.00-38.05 after 4845.6 sec [total]
done with H++ for K = 107.63-128.00 Q = 32.00-38.05 after 4848.7 sec [total]
done with H+- for K = 107.63-128.00 Q = 32.00-38.05 after 4849.8 sec [total]
done with H-+ for K = 107.63-128.00 Q = 32.00-38.05 after 4850.9 sec [total]
done with H-- for K = 107.63-128.00 Q = 32.00-38.05 after 4851.5 sec [total]
done with UU for K = 128.00-152.22 Q = 32.00-38.05 after 4852.4 sec [total]
done with BB for K = 128.00-152.22 Q = 32.00-38.05 after 4853.4 sec [total]
done with UBTa for K = 128.00-152.22 Q = 32.00-38.05 after 4853.6 sec [total]
done with UBTb for K = 128.00-152.22 Q = 32.00-38.05 after 4853.8 sec [total]
done with UBTbA for K = 128.00-152.22 Q = 32.00-38.05 after 4854.0 sec [total]
done with UBTbC for K = 128.00-152.22 Q = 32.00-38.05 after 4854.3 sec [total]
done with H for K = 128.00-152.22 Q = 32.00-38.05 after 4855.2 sec [total]
done with H++ for K = 128.00-152.22 Q = 32.00-38.05 after 4858.3 sec [total]
done with H+- for K = 128.00-152.22 Q = 32.00-38.05 after 4859.4 sec [total]
done with H-+ for K = 128.00-152.22 Q = 32.00-38.05 after 4860.6 sec [total]
done with H-- for K = 128.00-152.22 Q = 32.00-38.05 after 4861.0 sec [total]
done with UU for K = 152.22-181.02 Q = 32.00-38.05 after 4862.0 sec [total]
done with BB for K = 152.22-181.02 Q = 32.00-38.05 after 4863.1 sec [total]
done with UBTa for K = 152.22-181.02 Q = 32.00-38.05 after 4863.3 sec [total]
done with UBTb for K = 152.22-181.02 Q = 32.00-38.05 after 4863.5 sec [total]
done with UBTbA for K = 152.22-181.02 Q = 32.00-38.05 after 4863.7 sec [total]
done with UBTbC for K = 152.22-181.02 Q = 32.00-38.05 after 4863.9 sec [total]
done with H for K = 152.22-181.02 Q = 32.00-38.05 after 4864.7 sec [total]
done with H++ for K = 152.22-181.02 Q = 32.00-38.05 after 4867.9 sec [total]
done with H+- for K = 152.22-181.02 Q = 32.00-38.05 after 4869.1 sec [total]
done with H-+ for K = 152.22-181.02 Q = 32.00-38.05 after 4870.2 sec [total]
done with H-- for K = 152.22-181.02 Q = 32.00-38.05 after 4870.7 sec [total]
done with UU for K = 181.02-215.27 Q = 32.00-38.05 after 4871.6 sec [total]
done with BB for K = 181.02-215.27 Q = 32.00-38.05 after 4872.6 sec [total]
done with UBTa for K = 181.02-215.27 Q = 32.00-38.05 after 4872.7 sec [total]
done with UBTb for K = 181.02-215.27 Q = 32.00-38.05 after 4872.9 sec [total]
done with UBTbA for K = 181.02-215.27 Q = 32.00-38.05 after 4873.1 sec [total]
done with UBTbC for K = 181.02-215.27 Q = 32.00-38.05 after 4873.4 sec [total]
done with H for K = 181.02-215.27 Q = 32.00-38.05 after 4874.3 sec [total]
done with H++ for K = 181.02-215.27 Q = 32.00-38.05 after 4877.5 sec [total]
done with H+- for K = 181.02-215.27 Q = 32.00-38.05 after 4878.7 sec [total]
done with H-+ for K = 181.02-215.27 Q = 32.00-38.05 after 4880.0 sec [total]
done with H-- for K = 181.02-215.27 Q = 32.00-38.05 after 4880.3 sec [total]
done with UU for K = 215.27-256.00 Q = 32.00-38.05 after 4881.2 sec [total]
done with BB for K = 215.27-256.00 Q = 32.00-38.05 after 4882.2 sec [total]
done with UBTa for K = 215.27-256.00 Q = 32.00-38.05 after 4882.4 sec [total]
done with UBTb for K = 215.27-256.00 Q = 32.00-38.05 after 4882.6 sec [total]
done with UBTbA for K = 215.27-256.00 Q = 32.00-38.05 after 4882.7 sec [total]
done with UBTbC for K = 215.27-256.00 Q = 32.00-38.05 after 4883.1 sec [total]
done with H for K = 215.27-256.00 Q = 32.00-38.05 after 4884.0 sec [total]
done with H++ for K = 215.27-256.00 Q = 32.00-38.05 after 4887.1 sec [total]
done with H+- for K = 215.27-256.00 Q = 32.00-38.05 after 4888.4 sec [total]
done with H-+ for K = 215.27-256.00 Q = 32.00-38.05 after 4889.7 sec [total]
done with H-- for K = 215.27-256.00 Q = 32.00-38.05 after 4889.9 sec [total]
done with UU for K = 256.00-304.44 Q = 32.00-38.05 after 4890.8 sec [total]
done with BB for K = 256.00-304.44 Q = 32.00-38.05 after 4891.9 sec [total]
done with UBTa for K = 256.00-304.44 Q = 32.00-38.05 after 4892.1 sec [total]
done with UBTb for K = 256.00-304.44 Q = 32.00-38.05 after 4892.3 sec [total]
done with UBTbA for K = 256.00-304.44 Q = 32.00-38.05 after 4892.4 sec [total]
done with UBTbC for K = 256.00-304.44 Q = 32.00-38.05 after 4892.7 sec [total]
done with H for K = 256.00-304.44 Q = 32.00-38.05 after 4893.6 sec [total]
done with H++ for K = 256.00-304.44 Q = 32.00-38.05 after 4896.7 sec [total]
done with H+- for K = 256.00-304.44 Q = 32.00-38.05 after 4897.9 sec [total]
done with H-+ for K = 256.00-304.44 Q = 32.00-38.05 after 4898.9 sec [total]
done with H-- for K = 256.00-304.44 Q = 32.00-38.05 after 4899.5 sec [total]
done with UU for K = 304.44-362.04 Q = 32.00-38.05 after 4900.4 sec [total]
done with BB for K = 304.44-362.04 Q = 32.00-38.05 after 4901.5 sec [total]
done with UBTa for K = 304.44-362.04 Q = 32.00-38.05 after 4901.7 sec [total]
done with UBTb for K = 304.44-362.04 Q = 32.00-38.05 after 4901.8 sec [total]
done with UBTbA for K = 304.44-362.04 Q = 32.00-38.05 after 4902.0 sec [total]
done with UBTbC for K = 304.44-362.04 Q = 32.00-38.05 after 4902.3 sec [total]
done with H for K = 304.44-362.04 Q = 32.00-38.05 after 4903.3 sec [total]
done with H++ for K = 304.44-362.04 Q = 32.00-38.05 after 4906.4 sec [total]
done with H+- for K = 304.44-362.04 Q = 32.00-38.05 after 4907.7 sec [total]
done with H-+ for K = 304.44-362.04 Q = 32.00-38.05 after 4908.9 sec [total]
done with H-- for K = 304.44-362.04 Q = 32.00-38.05 after 4909.2 sec [total]
done with UU for K = 362.04-430.54 Q = 32.00-38.05 after 4910.1 sec [total]
done with BB for K = 362.04-430.54 Q = 32.00-38.05 after 4911.2 sec [total]
done with UBTa for K = 362.04-430.54 Q = 32.00-38.05 after 4911.4 sec [total]
done with UBTb for K = 362.04-430.54 Q = 32.00-38.05 after 4911.5 sec [total]
done with UBTbA for K = 362.04-430.54 Q = 32.00-38.05 after 4911.7 sec [total]
done with UBTbC for K = 362.04-430.54 Q = 32.00-38.05 after 4912.0 sec [total]
done with H for K = 362.04-430.54 Q = 32.00-38.05 after 4912.9 sec [total]
done with H++ for K = 362.04-430.54 Q = 32.00-38.05 after 4916.1 sec [total]
done with H+- for K = 362.04-430.54 Q = 32.00-38.05 after 4917.3 sec [total]
done with H-+ for K = 362.04-430.54 Q = 32.00-38.05 after 4918.5 sec [total]
done with H-- for K = 362.04-430.54 Q = 32.00-38.05 after 4918.8 sec [total]
done with UU for K = 430.54-512.00 Q = 32.00-38.05 after 4919.7 sec [total]
done with BB for K = 430.54-512.00 Q = 32.00-38.05 after 4920.8 sec [total]
done with UBTa for K = 430.54-512.00 Q = 32.00-38.05 after 4921.0 sec [total]
done with UBTb for K = 430.54-512.00 Q = 32.00-38.05 after 4921.2 sec [total]
done with UBTbA for K = 430.54-512.00 Q = 32.00-38.05 after 4921.3 sec [total]
done with UBTbC for K = 430.54-512.00 Q = 32.00-38.05 after 4921.6 sec [total]
done with H for K = 430.54-512.00 Q = 32.00-38.05 after 4922.5 sec [total]
done with H++ for K = 430.54-512.00 Q = 32.00-38.05 after 4925.7 sec [total]
done with H+- for K = 430.54-512.00 Q = 32.00-38.05 after 4926.8 sec [total]
done with H-+ for K = 430.54-512.00 Q = 32.00-38.05 after 4927.9 sec [total]
done with H-- for K = 430.54-512.00 Q = 32.00-38.05 after 4928.4 sec [total]
done with UU for K = 512.00-608.87 Q = 32.00-38.05 after 4929.3 sec [total]
done with BB for K = 512.00-608.87 Q = 32.00-38.05 after 4930.4 sec [total]
done with UBTa for K = 512.00-608.87 Q = 32.00-38.05 after 4930.5 sec [total]
done with UBTb for K = 512.00-608.87 Q = 32.00-38.05 after 4930.7 sec [total]
done with UBTbA for K = 512.00-608.87 Q = 32.00-38.05 after 4930.9 sec [total]
done with UBTbC for K = 512.00-608.87 Q = 32.00-38.05 after 4931.2 sec [total]
done with H for K = 512.00-608.87 Q = 32.00-38.05 after 4932.1 sec [total]
done with H++ for K = 512.00-608.87 Q = 32.00-38.05 after 4935.2 sec [total]
done with H+- for K = 512.00-608.87 Q = 32.00-38.05 after 4936.6 sec [total]
done with H-+ for K = 512.00-608.87 Q = 32.00-38.05 after 4937.8 sec [total]
done with H-- for K = 512.00-608.87 Q = 32.00-38.05 after 4938.0 sec [total]
done with UU for K = 608.87-724.08 Q = 32.00-38.05 after 4938.9 sec [total]
done with BB for K = 608.87-724.08 Q = 32.00-38.05 after 4939.9 sec [total]
done with UBTa for K = 608.87-724.08 Q = 32.00-38.05 after 4940.1 sec [total]
done with UBTb for K = 608.87-724.08 Q = 32.00-38.05 after 4940.3 sec [total]
done with UBTbA for K = 608.87-724.08 Q = 32.00-38.05 after 4940.5 sec [total]
done with UBTbC for K = 608.87-724.08 Q = 32.00-38.05 after 4940.8 sec [total]
done with H for K = 608.87-724.08 Q = 32.00-38.05 after 4941.7 sec [total]
done with H++ for K = 608.87-724.08 Q = 32.00-38.05 after 4944.8 sec [total]
done with H+- for K = 608.87-724.08 Q = 32.00-38.05 after 4946.0 sec [total]
done with H-+ for K = 608.87-724.08 Q = 32.00-38.05 after 4947.1 sec [total]
done with H-- for K = 608.87-724.08 Q = 32.00-38.05 after 4947.6 sec [total]
done with UU for K = 724.08-861.08 Q = 32.00-38.05 after 4948.5 sec [total]
done with BB for K = 724.08-861.08 Q = 32.00-38.05 after 4949.6 sec [total]
done with UBTa for K = 724.08-861.08 Q = 32.00-38.05 after 4949.8 sec [total]
done with UBTb for K = 724.08-861.08 Q = 32.00-38.05 after 4950.0 sec [total]
done with UBTbA for K = 724.08-861.08 Q = 32.00-38.05 after 4950.2 sec [total]
done with UBTbC for K = 724.08-861.08 Q = 32.00-38.05 after 4950.5 sec [total]
done with H for K = 724.08-861.08 Q = 32.00-38.05 after 4951.3 sec [total]
done with H++ for K = 724.08-861.08 Q = 32.00-38.05 after 4954.5 sec [total]
done with H+- for K = 724.08-861.08 Q = 32.00-38.05 after 4955.6 sec [total]
done with H-+ for K = 724.08-861.08 Q = 32.00-38.05 after 4956.7 sec [total]
done with H-- for K = 724.08-861.08 Q = 32.00-38.05 after 4957.2 sec [total]
done with UU for K = 861.08-1024.00 Q = 32.00-38.05 after 4958.1 sec [total]
done with BB for K = 861.08-1024.00 Q = 32.00-38.05 after 4959.2 sec [total]
done with UBTa for K = 861.08-1024.00 Q = 32.00-38.05 after 4959.4 sec [total]
done with UBTb for K = 861.08-1024.00 Q = 32.00-38.05 after 4959.6 sec [total]
done with UBTbA for K = 861.08-1024.00 Q = 32.00-38.05 after 4959.7 sec [total]
done with UBTbC for K = 861.08-1024.00 Q = 32.00-38.05 after 4960.0 sec [total]
done with H for K = 861.08-1024.00 Q = 32.00-38.05 after 4960.9 sec [total]
done with H++ for K = 861.08-1024.00 Q = 32.00-38.05 after 4964.0 sec [total]
done with H+- for K = 861.08-1024.00 Q = 32.00-38.05 after 4965.2 sec [total]
done with H-+ for K = 861.08-1024.00 Q = 32.00-38.05 after 4966.4 sec [total]
done with H-- for K = 861.08-1024.00 Q = 32.00-38.05 after 4966.8 sec [total]
done with UU for K = 0.00-3.36 Q = 38.05-45.25 after 4968.6 sec [total]
done with BB for K = 0.00-3.36 Q = 38.05-45.25 after 4970.8 sec [total]
done with UBTa for K = 0.00-3.36 Q = 38.05-45.25 after 4971.8 sec [total]
done with UBTb for K = 0.00-3.36 Q = 38.05-45.25 after 4972.9 sec [total]
done with UBTbA for K = 0.00-3.36 Q = 38.05-45.25 after 4974.0 sec [total]
done with UBTbC for K = 0.00-3.36 Q = 38.05-45.25 after 4974.3 sec [total]
done with H for K = 0.00-3.36 Q = 38.05-45.25 after 4975.2 sec [total]
done with H++ for K = 0.00-3.36 Q = 38.05-45.25 after 4978.4 sec [total]
done with H+- for K = 0.00-3.36 Q = 38.05-45.25 after 4979.5 sec [total]
done with H-+ for K = 0.00-3.36 Q = 38.05-45.25 after 4980.6 sec [total]
done with H-- for K = 0.00-3.36 Q = 38.05-45.25 after 4981.2 sec [total]
done with UU for K = 3.36-4.00 Q = 38.05-45.25 after 4982.1 sec [total]
done with BB for K = 3.36-4.00 Q = 38.05-45.25 after 4983.2 sec [total]
done with UBTa for K = 3.36-4.00 Q = 38.05-45.25 after 4983.3 sec [total]
done with UBTb for K = 3.36-4.00 Q = 38.05-45.25 after 4983.5 sec [total]
done with UBTbA for K = 3.36-4.00 Q = 38.05-45.25 after 4983.7 sec [total]
done with UBTbC for K = 3.36-4.00 Q = 38.05-45.25 after 4984.0 sec [total]
done with H for K = 3.36-4.00 Q = 38.05-45.25 after 4984.9 sec [total]
done with H++ for K = 3.36-4.00 Q = 38.05-45.25 after 4988.1 sec [total]
done with H+- for K = 3.36-4.00 Q = 38.05-45.25 after 4989.2 sec [total]
done with H-+ for K = 3.36-4.00 Q = 38.05-45.25 after 4990.3 sec [total]
done with H-- for K = 3.36-4.00 Q = 38.05-45.25 after 4990.8 sec [total]
done with UU for K = 4.00-4.76 Q = 38.05-45.25 after 4991.7 sec [total]
done with BB for K = 4.00-4.76 Q = 38.05-45.25 after 4992.8 sec [total]
done with UBTa for K = 4.00-4.76 Q = 38.05-45.25 after 4993.0 sec [total]
done with UBTb for K = 4.00-4.76 Q = 38.05-45.25 after 4993.2 sec [total]
done with UBTbA for K = 4.00-4.76 Q = 38.05-45.25 after 4993.3 sec [total]
done with UBTbC for K = 4.00-4.76 Q = 38.05-45.25 after 4993.6 sec [total]
done with H for K = 4.00-4.76 Q = 38.05-45.25 after 4994.5 sec [total]
done with H++ for K = 4.00-4.76 Q = 38.05-45.25 after 4997.6 sec [total]
done with H+- for K = 4.00-4.76 Q = 38.05-45.25 after 4998.8 sec [total]
done with H-+ for K = 4.00-4.76 Q = 38.05-45.25 after 4999.9 sec [total]
done with H-- for K = 4.00-4.76 Q = 38.05-45.25 after 5000.4 sec [total]
done with UU for K = 4.76-5.66 Q = 38.05-45.25 after 5001.3 sec [total]
done with BB for K = 4.76-5.66 Q = 38.05-45.25 after 5002.3 sec [total]
done with UBTa for K = 4.76-5.66 Q = 38.05-45.25 after 5002.5 sec [total]
done with UBTb for K = 4.76-5.66 Q = 38.05-45.25 after 5002.7 sec [total]
done with UBTbA for K = 4.76-5.66 Q = 38.05-45.25 after 5002.9 sec [total]
done with UBTbC for K = 4.76-5.66 Q = 38.05-45.25 after 5003.2 sec [total]
done with H for K = 4.76-5.66 Q = 38.05-45.25 after 5004.1 sec [total]
done with H++ for K = 4.76-5.66 Q = 38.05-45.25 after 5007.2 sec [total]
done with H+- for K = 4.76-5.66 Q = 38.05-45.25 after 5008.4 sec [total]
done with H-+ for K = 4.76-5.66 Q = 38.05-45.25 after 5009.4 sec [total]
done with H-- for K = 4.76-5.66 Q = 38.05-45.25 after 5010.0 sec [total]
done with UU for K = 5.66-6.73 Q = 38.05-45.25 after 5010.9 sec [total]
done with BB for K = 5.66-6.73 Q = 38.05-45.25 after 5011.9 sec [total]
done with UBTa for K = 5.66-6.73 Q = 38.05-45.25 after 5012.1 sec [total]
done with UBTb for K = 5.66-6.73 Q = 38.05-45.25 after 5012.3 sec [total]
done with UBTbA for K = 5.66-6.73 Q = 38.05-45.25 after 5012.5 sec [total]
done with UBTbC for K = 5.66-6.73 Q = 38.05-45.25 after 5012.8 sec [total]
done with H for K = 5.66-6.73 Q = 38.05-45.25 after 5013.7 sec [total]
done with H++ for K = 5.66-6.73 Q = 38.05-45.25 after 5016.9 sec [total]
done with H+- for K = 5.66-6.73 Q = 38.05-45.25 after 5018.0 sec [total]
done with H-+ for K = 5.66-6.73 Q = 38.05-45.25 after 5019.2 sec [total]
done with H-- for K = 5.66-6.73 Q = 38.05-45.25 after 5019.6 sec [total]
done with UU for K = 6.73-8.00 Q = 38.05-45.25 after 5020.5 sec [total]
done with BB for K = 6.73-8.00 Q = 38.05-45.25 after 5021.6 sec [total]
done with UBTa for K = 6.73-8.00 Q = 38.05-45.25 after 5021.8 sec [total]
done with UBTb for K = 6.73-8.00 Q = 38.05-45.25 after 5022.0 sec [total]
done with UBTbA for K = 6.73-8.00 Q = 38.05-45.25 after 5022.1 sec [total]
done with UBTbC for K = 6.73-8.00 Q = 38.05-45.25 after 5022.4 sec [total]
done with H for K = 6.73-8.00 Q = 38.05-45.25 after 5023.3 sec [total]
done with H++ for K = 6.73-8.00 Q = 38.05-45.25 after 5026.4 sec [total]
done with H+- for K = 6.73-8.00 Q = 38.05-45.25 after 5027.5 sec [total]
done with H-+ for K = 6.73-8.00 Q = 38.05-45.25 after 5028.6 sec [total]
done with H-- for K = 6.73-8.00 Q = 38.05-45.25 after 5029.2 sec [total]
done with UU for K = 8.00-9.51 Q = 38.05-45.25 after 5030.1 sec [total]
done with BB for K = 8.00-9.51 Q = 38.05-45.25 after 5031.2 sec [total]
done with UBTa for K = 8.00-9.51 Q = 38.05-45.25 after 5031.4 sec [total]
done with UBTb for K = 8.00-9.51 Q = 38.05-45.25 after 5031.6 sec [total]
done with UBTbA for K = 8.00-9.51 Q = 38.05-45.25 after 5031.7 sec [total]
done with UBTbC for K = 8.00-9.51 Q = 38.05-45.25 after 5032.0 sec [total]
done with H for K = 8.00-9.51 Q = 38.05-45.25 after 5032.9 sec [total]
done with H++ for K = 8.00-9.51 Q = 38.05-45.25 after 5036.0 sec [total]
done with H+- for K = 8.00-9.51 Q = 38.05-45.25 after 5037.2 sec [total]
done with H-+ for K = 8.00-9.51 Q = 38.05-45.25 after 5038.3 sec [total]
done with H-- for K = 8.00-9.51 Q = 38.05-45.25 after 5038.8 sec [total]
done with UU for K = 9.51-11.31 Q = 38.05-45.25 after 5039.7 sec [total]
done with BB for K = 9.51-11.31 Q = 38.05-45.25 after 5040.8 sec [total]
done with UBTa for K = 9.51-11.31 Q = 38.05-45.25 after 5041.0 sec [total]
done with UBTb for K = 9.51-11.31 Q = 38.05-45.25 after 5041.2 sec [total]
done with UBTbA for K = 9.51-11.31 Q = 38.05-45.25 after 5041.3 sec [total]
done with UBTbC for K = 9.51-11.31 Q = 38.05-45.25 after 5041.6 sec [total]
done with H for K = 9.51-11.31 Q = 38.05-45.25 after 5042.5 sec [total]
done with H++ for K = 9.51-11.31 Q = 38.05-45.25 after 5045.6 sec [total]
done with H+- for K = 9.51-11.31 Q = 38.05-45.25 after 5046.8 sec [total]
done with H-+ for K = 9.51-11.31 Q = 38.05-45.25 after 5047.9 sec [total]
done with H-- for K = 9.51-11.31 Q = 38.05-45.25 after 5048.4 sec [total]
done with UU for K = 11.31-13.45 Q = 38.05-45.25 after 5049.3 sec [total]
done with BB for K = 11.31-13.45 Q = 38.05-45.25 after 5050.3 sec [total]
done with UBTa for K = 11.31-13.45 Q = 38.05-45.25 after 5050.6 sec [total]
done with UBTb for K = 11.31-13.45 Q = 38.05-45.25 after 5050.7 sec [total]
done with UBTbA for K = 11.31-13.45 Q = 38.05-45.25 after 5050.9 sec [total]
done with UBTbC for K = 11.31-13.45 Q = 38.05-45.25 after 5051.2 sec [total]
done with H for K = 11.31-13.45 Q = 38.05-45.25 after 5052.1 sec [total]
done with H++ for K = 11.31-13.45 Q = 38.05-45.25 after 5055.3 sec [total]
done with H+- for K = 11.31-13.45 Q = 38.05-45.25 after 5056.5 sec [total]
done with H-+ for K = 11.31-13.45 Q = 38.05-45.25 after 5057.8 sec [total]
done with H-- for K = 11.31-13.45 Q = 38.05-45.25 after 5058.0 sec [total]
done with UU for K = 13.45-16.00 Q = 38.05-45.25 after 5058.9 sec [total]
done with BB for K = 13.45-16.00 Q = 38.05-45.25 after 5060.0 sec [total]
done with UBTa for K = 13.45-16.00 Q = 38.05-45.25 after 5060.2 sec [total]
done with UBTb for K = 13.45-16.00 Q = 38.05-45.25 after 5060.4 sec [total]
done with UBTbA for K = 13.45-16.00 Q = 38.05-45.25 after 5060.5 sec [total]
done with UBTbC for K = 13.45-16.00 Q = 38.05-45.25 after 5060.8 sec [total]
done with H for K = 13.45-16.00 Q = 38.05-45.25 after 5061.7 sec [total]
done with H++ for K = 13.45-16.00 Q = 38.05-45.25 after 5064.8 sec [total]
done with H+- for K = 13.45-16.00 Q = 38.05-45.25 after 5066.0 sec [total]
done with H-+ for K = 13.45-16.00 Q = 38.05-45.25 after 5067.1 sec [total]
done with H-- for K = 13.45-16.00 Q = 38.05-45.25 after 5067.6 sec [total]
done with UU for K = 16.00-19.03 Q = 38.05-45.25 after 5068.5 sec [total]
done with BB for K = 16.00-19.03 Q = 38.05-45.25 after 5069.5 sec [total]
done with UBTa for K = 16.00-19.03 Q = 38.05-45.25 after 5069.7 sec [total]
done with UBTb for K = 16.00-19.03 Q = 38.05-45.25 after 5069.9 sec [total]
done with UBTbA for K = 16.00-19.03 Q = 38.05-45.25 after 5070.1 sec [total]
done with UBTbC for K = 16.00-19.03 Q = 38.05-45.25 after 5070.4 sec [total]
done with H for K = 16.00-19.03 Q = 38.05-45.25 after 5071.3 sec [total]
done with H++ for K = 16.00-19.03 Q = 38.05-45.25 after 5074.4 sec [total]
done with H+- for K = 16.00-19.03 Q = 38.05-45.25 after 5075.8 sec [total]
done with H-+ for K = 16.00-19.03 Q = 38.05-45.25 after 5077.0 sec [total]
done with H-- for K = 16.00-19.03 Q = 38.05-45.25 after 5077.2 sec [total]
done with UU for K = 19.03-22.63 Q = 38.05-45.25 after 5078.1 sec [total]
done with BB for K = 19.03-22.63 Q = 38.05-45.25 after 5079.2 sec [total]
done with UBTa for K = 19.03-22.63 Q = 38.05-45.25 after 5079.4 sec [total]
done with UBTb for K = 19.03-22.63 Q = 38.05-45.25 after 5079.6 sec [total]
done with UBTbA for K = 19.03-22.63 Q = 38.05-45.25 after 5079.7 sec [total]
done with UBTbC for K = 19.03-22.63 Q = 38.05-45.25 after 5080.1 sec [total]
done with H for K = 19.03-22.63 Q = 38.05-45.25 after 5080.9 sec [total]
done with H++ for K = 19.03-22.63 Q = 38.05-45.25 after 5084.0 sec [total]
done with H+- for K = 19.03-22.63 Q = 38.05-45.25 after 5085.2 sec [total]
done with H-+ for K = 19.03-22.63 Q = 38.05-45.25 after 5086.3 sec [total]
done with H-- for K = 19.03-22.63 Q = 38.05-45.25 after 5086.8 sec [total]
done with UU for K = 22.63-26.91 Q = 38.05-45.25 after 5087.7 sec [total]
done with BB for K = 22.63-26.91 Q = 38.05-45.25 after 5088.8 sec [total]
done with UBTa for K = 22.63-26.91 Q = 38.05-45.25 after 5088.9 sec [total]
done with UBTb for K = 22.63-26.91 Q = 38.05-45.25 after 5089.2 sec [total]
done with UBTbA for K = 22.63-26.91 Q = 38.05-45.25 after 5089.3 sec [total]
done with UBTbC for K = 22.63-26.91 Q = 38.05-45.25 after 5089.6 sec [total]
done with H for K = 22.63-26.91 Q = 38.05-45.25 after 5090.5 sec [total]
done with H++ for K = 22.63-26.91 Q = 38.05-45.25 after 5093.6 sec [total]
done with H+- for K = 22.63-26.91 Q = 38.05-45.25 after 5094.8 sec [total]
done with H-+ for K = 22.63-26.91 Q = 38.05-45.25 after 5096.0 sec [total]
done with H-- for K = 22.63-26.91 Q = 38.05-45.25 after 5096.4 sec [total]
done with UU for K = 26.91-32.00 Q = 38.05-45.25 after 5097.3 sec [total]
done with BB for K = 26.91-32.00 Q = 38.05-45.25 after 5098.4 sec [total]
done with UBTa for K = 26.91-32.00 Q = 38.05-45.25 after 5098.6 sec [total]
done with UBTb for K = 26.91-32.00 Q = 38.05-45.25 after 5098.8 sec [total]
done with UBTbA for K = 26.91-32.00 Q = 38.05-45.25 after 5098.9 sec [total]
done with UBTbC for K = 26.91-32.00 Q = 38.05-45.25 after 5099.3 sec [total]
done with H for K = 26.91-32.00 Q = 38.05-45.25 after 5100.1 sec [total]
done with H++ for K = 26.91-32.00 Q = 38.05-45.25 after 5103.2 sec [total]
done with H+- for K = 26.91-32.00 Q = 38.05-45.25 after 5104.5 sec [total]
done with H-+ for K = 26.91-32.00 Q = 38.05-45.25 after 5105.7 sec [total]
done with H-- for K = 26.91-32.00 Q = 38.05-45.25 after 5106.0 sec [total]
done with UU for K = 32.00-38.05 Q = 38.05-45.25 after 5106.9 sec [total]
done with BB for K = 32.00-38.05 Q = 38.05-45.25 after 5108.0 sec [total]
done with UBTa for K = 32.00-38.05 Q = 38.05-45.25 after 5108.1 sec [total]
done with UBTb for K = 32.00-38.05 Q = 38.05-45.25 after 5108.3 sec [total]
done with UBTbA for K = 32.00-38.05 Q = 38.05-45.25 after 5108.5 sec [total]
done with UBTbC for K = 32.00-38.05 Q = 38.05-45.25 after 5108.8 sec [total]
done with H for K = 32.00-38.05 Q = 38.05-45.25 after 5109.7 sec [total]
done with H++ for K = 32.00-38.05 Q = 38.05-45.25 after 5112.8 sec [total]
done with H+- for K = 32.00-38.05 Q = 38.05-45.25 after 5114.0 sec [total]
done with H-+ for K = 32.00-38.05 Q = 38.05-45.25 after 5115.0 sec [total]
done with H-- for K = 32.00-38.05 Q = 38.05-45.25 after 5115.6 sec [total]
done with UU for K = 38.05-45.25 Q = 38.05-45.25 after 5116.5 sec [total]
done with BB for K = 38.05-45.25 Q = 38.05-45.25 after 5117.6 sec [total]
done with UBTa for K = 38.05-45.25 Q = 38.05-45.25 after 5117.8 sec [total]
done with UBTb for K = 38.05-45.25 Q = 38.05-45.25 after 5117.9 sec [total]
done with UBTbA for K = 38.05-45.25 Q = 38.05-45.25 after 5118.1 sec [total]
done with UBTbC for K = 38.05-45.25 Q = 38.05-45.25 after 5118.4 sec [total]
done with H for K = 38.05-45.25 Q = 38.05-45.25 after 5119.3 sec [total]
done with H++ for K = 38.05-45.25 Q = 38.05-45.25 after 5122.5 sec [total]
done with H+- for K = 38.05-45.25 Q = 38.05-45.25 after 5123.5 sec [total]
done with H-+ for K = 38.05-45.25 Q = 38.05-45.25 after 5124.6 sec [total]
done with H-- for K = 38.05-45.25 Q = 38.05-45.25 after 5125.2 sec [total]
done with UU for K = 45.25-53.82 Q = 38.05-45.25 after 5126.1 sec [total]
done with BB for K = 45.25-53.82 Q = 38.05-45.25 after 5127.1 sec [total]
done with UBTa for K = 45.25-53.82 Q = 38.05-45.25 after 5127.3 sec [total]
done with UBTb for K = 45.25-53.82 Q = 38.05-45.25 after 5127.5 sec [total]
done with UBTbA for K = 45.25-53.82 Q = 38.05-45.25 after 5127.7 sec [total]
done with UBTbC for K = 45.25-53.82 Q = 38.05-45.25 after 5128.0 sec [total]
done with H for K = 45.25-53.82 Q = 38.05-45.25 after 5128.9 sec [total]
done with H++ for K = 45.25-53.82 Q = 38.05-45.25 after 5132.1 sec [total]
done with H+- for K = 45.25-53.82 Q = 38.05-45.25 after 5133.4 sec [total]
done with H-+ for K = 45.25-53.82 Q = 38.05-45.25 after 5134.6 sec [total]
done with H-- for K = 45.25-53.82 Q = 38.05-45.25 after 5134.8 sec [total]
done with UU for K = 53.82-64.00 Q = 38.05-45.25 after 5135.7 sec [total]
done with BB for K = 53.82-64.00 Q = 38.05-45.25 after 5136.7 sec [total]
done with UBTa for K = 53.82-64.00 Q = 38.05-45.25 after 5136.9 sec [total]
done with UBTb for K = 53.82-64.00 Q = 38.05-45.25 after 5137.1 sec [total]
done with UBTbA for K = 53.82-64.00 Q = 38.05-45.25 after 5137.3 sec [total]
done with UBTbC for K = 53.82-64.00 Q = 38.05-45.25 after 5137.6 sec [total]
done with H for K = 53.82-64.00 Q = 38.05-45.25 after 5138.4 sec [total]
done with H++ for K = 53.82-64.00 Q = 38.05-45.25 after 5141.6 sec [total]
done with H+- for K = 53.82-64.00 Q = 38.05-45.25 after 5142.9 sec [total]
done with H-+ for K = 53.82-64.00 Q = 38.05-45.25 after 5144.2 sec [total]
done with H-- for K = 53.82-64.00 Q = 38.05-45.25 after 5144.4 sec [total]
done with UU for K = 64.00-76.11 Q = 38.05-45.25 after 5145.3 sec [total]
done with BB for K = 64.00-76.11 Q = 38.05-45.25 after 5146.3 sec [total]
done with UBTa for K = 64.00-76.11 Q = 38.05-45.25 after 5146.5 sec [total]
done with UBTb for K = 64.00-76.11 Q = 38.05-45.25 after 5146.7 sec [total]
done with UBTbA for K = 64.00-76.11 Q = 38.05-45.25 after 5146.9 sec [total]
done with UBTbC for K = 64.00-76.11 Q = 38.05-45.25 after 5147.2 sec [total]
done with H for K = 64.00-76.11 Q = 38.05-45.25 after 5148.0 sec [total]
done with H++ for K = 64.00-76.11 Q = 38.05-45.25 after 5151.2 sec [total]
done with H+- for K = 64.00-76.11 Q = 38.05-45.25 after 5152.5 sec [total]
done with H-+ for K = 64.00-76.11 Q = 38.05-45.25 after 5153.7 sec [total]
done with H-- for K = 64.00-76.11 Q = 38.05-45.25 after 5154.0 sec [total]
done with UU for K = 76.11-90.51 Q = 38.05-45.25 after 5154.9 sec [total]
done with BB for K = 76.11-90.51 Q = 38.05-45.25 after 5155.9 sec [total]
done with UBTa for K = 76.11-90.51 Q = 38.05-45.25 after 5156.1 sec [total]
done with UBTb for K = 76.11-90.51 Q = 38.05-45.25 after 5156.3 sec [total]
done with UBTbA for K = 76.11-90.51 Q = 38.05-45.25 after 5156.5 sec [total]
done with UBTbC for K = 76.11-90.51 Q = 38.05-45.25 after 5156.8 sec [total]
done with H for K = 76.11-90.51 Q = 38.05-45.25 after 5157.6 sec [total]
done with H++ for K = 76.11-90.51 Q = 38.05-45.25 after 5160.8 sec [total]
done with H+- for K = 76.11-90.51 Q = 38.05-45.25 after 5162.0 sec [total]
done with H-+ for K = 76.11-90.51 Q = 38.05-45.25 after 5163.1 sec [total]
done with H-- for K = 76.11-90.51 Q = 38.05-45.25 after 5163.6 sec [total]
done with UU for K = 90.51-107.63 Q = 38.05-45.25 after 5164.5 sec [total]
done with BB for K = 90.51-107.63 Q = 38.05-45.25 after 5165.5 sec [total]
done with UBTa for K = 90.51-107.63 Q = 38.05-45.25 after 5165.7 sec [total]
done with UBTb for K = 90.51-107.63 Q = 38.05-45.25 after 5165.9 sec [total]
done with UBTbA for K = 90.51-107.63 Q = 38.05-45.25 after 5166.1 sec [total]
done with UBTbC for K = 90.51-107.63 Q = 38.05-45.25 after 5166.4 sec [total]
done with H for K = 90.51-107.63 Q = 38.05-45.25 after 5167.3 sec [total]
done with H++ for K = 90.51-107.63 Q = 38.05-45.25 after 5170.5 sec [total]
done with H+- for K = 90.51-107.63 Q = 38.05-45.25 after 5171.6 sec [total]
done with H-+ for K = 90.51-107.63 Q = 38.05-45.25 after 5172.8 sec [total]
done with H-- for K = 90.51-107.63 Q = 38.05-45.25 after 5173.2 sec [total]
done with UU for K = 107.63-128.00 Q = 38.05-45.25 after 5174.1 sec [total]
done with BB for K = 107.63-128.00 Q = 38.05-45.25 after 5175.2 sec [total]
done with UBTa for K = 107.63-128.00 Q = 38.05-45.25 after 5175.4 sec [total]
done with UBTb for K = 107.63-128.00 Q = 38.05-45.25 after 5175.5 sec [total]
done with UBTbA for K = 107.63-128.00 Q = 38.05-45.25 after 5175.7 sec [total]
done with UBTbC for K = 107.63-128.00 Q = 38.05-45.25 after 5176.0 sec [total]
done with H for K = 107.63-128.00 Q = 38.05-45.25 after 5176.9 sec [total]
done with H++ for K = 107.63-128.00 Q = 38.05-45.25 after 5180.1 sec [total]
done with H+- for K = 107.63-128.00 Q = 38.05-45.25 after 5181.3 sec [total]
done with H-+ for K = 107.63-128.00 Q = 38.05-45.25 after 5182.5 sec [total]
done with H-- for K = 107.63-128.00 Q = 38.05-45.25 after 5182.8 sec [total]
done with UU for K = 128.00-152.22 Q = 38.05-45.25 after 5183.7 sec [total]
done with BB for K = 128.00-152.22 Q = 38.05-45.25 after 5184.8 sec [total]
done with UBTa for K = 128.00-152.22 Q = 38.05-45.25 after 5185.0 sec [total]
done with UBTb for K = 128.00-152.22 Q = 38.05-45.25 after 5185.2 sec [total]
done with UBTbA for K = 128.00-152.22 Q = 38.05-45.25 after 5185.4 sec [total]
done with UBTbC for K = 128.00-152.22 Q = 38.05-45.25 after 5185.7 sec [total]
done with H for K = 128.00-152.22 Q = 38.05-45.25 after 5186.5 sec [total]
done with H++ for K = 128.00-152.22 Q = 38.05-45.25 after 5189.6 sec [total]
done with H+- for K = 128.00-152.22 Q = 38.05-45.25 after 5190.8 sec [total]
done with H-+ for K = 128.00-152.22 Q = 38.05-45.25 after 5191.9 sec [total]
done with H-- for K = 128.00-152.22 Q = 38.05-45.25 after 5192.4 sec [total]
done with UU for K = 152.22-181.02 Q = 38.05-45.25 after 5193.3 sec [total]
done with BB for K = 152.22-181.02 Q = 38.05-45.25 after 5194.4 sec [total]
done with UBTa for K = 152.22-181.02 Q = 38.05-45.25 after 5194.6 sec [total]
done with UBTb for K = 152.22-181.02 Q = 38.05-45.25 after 5194.8 sec [total]
done with UBTbA for K = 152.22-181.02 Q = 38.05-45.25 after 5195.0 sec [total]
done with UBTbC for K = 152.22-181.02 Q = 38.05-45.25 after 5195.3 sec [total]
done with H for K = 152.22-181.02 Q = 38.05-45.25 after 5196.1 sec [total]
done with H++ for K = 152.22-181.02 Q = 38.05-45.25 after 5199.3 sec [total]
done with H+- for K = 152.22-181.02 Q = 38.05-45.25 after 5200.6 sec [total]
done with H-+ for K = 152.22-181.02 Q = 38.05-45.25 after 5201.8 sec [total]
done with H-- for K = 152.22-181.02 Q = 38.05-45.25 after 5202.0 sec [total]
done with UU for K = 181.02-215.27 Q = 38.05-45.25 after 5202.9 sec [total]
done with BB for K = 181.02-215.27 Q = 38.05-45.25 after 5204.0 sec [total]
done with UBTa for K = 181.02-215.27 Q = 38.05-45.25 after 5204.2 sec [total]
done with UBTb for K = 181.02-215.27 Q = 38.05-45.25 after 5204.4 sec [total]
done with UBTbA for K = 181.02-215.27 Q = 38.05-45.25 after 5204.5 sec [total]
done with UBTbC for K = 181.02-215.27 Q = 38.05-45.25 after 5204.8 sec [total]
done with H for K = 181.02-215.27 Q = 38.05-45.25 after 5205.7 sec [total]
done with H++ for K = 181.02-215.27 Q = 38.05-45.25 after 5208.9 sec [total]
done with H+- for K = 181.02-215.27 Q = 38.05-45.25 after 5210.0 sec [total]
done with H-+ for K = 181.02-215.27 Q = 38.05-45.25 after 5211.1 sec [total]
done with H-- for K = 181.02-215.27 Q = 38.05-45.25 after 5211.7 sec [total]
done with UU for K = 215.27-256.00 Q = 38.05-45.25 after 5212.6 sec [total]
done with BB for K = 215.27-256.00 Q = 38.05-45.25 after 5213.7 sec [total]
done with UBTa for K = 215.27-256.00 Q = 38.05-45.25 after 5213.9 sec [total]
done with UBTb for K = 215.27-256.00 Q = 38.05-45.25 after 5214.1 sec [total]
done with UBTbA for K = 215.27-256.00 Q = 38.05-45.25 after 5214.2 sec [total]
done with UBTbC for K = 215.27-256.00 Q = 38.05-45.25 after 5214.5 sec [total]
done with H for K = 215.27-256.00 Q = 38.05-45.25 after 5215.4 sec [total]
done with H++ for K = 215.27-256.00 Q = 38.05-45.25 after 5218.5 sec [total]
done with H+- for K = 215.27-256.00 Q = 38.05-45.25 after 5219.7 sec [total]
done with H-+ for K = 215.27-256.00 Q = 38.05-45.25 after 5220.8 sec [total]
done with H-- for K = 215.27-256.00 Q = 38.05-45.25 after 5221.3 sec [total]
done with UU for K = 256.00-304.44 Q = 38.05-45.25 after 5222.2 sec [total]
done with BB for K = 256.00-304.44 Q = 38.05-45.25 after 5223.3 sec [total]
done with UBTa for K = 256.00-304.44 Q = 38.05-45.25 after 5223.5 sec [total]
done with UBTb for K = 256.00-304.44 Q = 38.05-45.25 after 5223.7 sec [total]
done with UBTbA for K = 256.00-304.44 Q = 38.05-45.25 after 5223.8 sec [total]
done with UBTbC for K = 256.00-304.44 Q = 38.05-45.25 after 5224.1 sec [total]
done with H for K = 256.00-304.44 Q = 38.05-45.25 after 5225.0 sec [total]
done with H++ for K = 256.00-304.44 Q = 38.05-45.25 after 5228.2 sec [total]
done with H+- for K = 256.00-304.44 Q = 38.05-45.25 after 5229.4 sec [total]
done with H-+ for K = 256.00-304.44 Q = 38.05-45.25 after 5230.7 sec [total]
done with H-- for K = 256.00-304.44 Q = 38.05-45.25 after 5231.0 sec [total]
done with UU for K = 304.44-362.04 Q = 38.05-45.25 after 5231.8 sec [total]
done with BB for K = 304.44-362.04 Q = 38.05-45.25 after 5232.9 sec [total]
done with UBTa for K = 304.44-362.04 Q = 38.05-45.25 after 5233.1 sec [total]
done with UBTb for K = 304.44-362.04 Q = 38.05-45.25 after 5233.3 sec [total]
done with UBTbA for K = 304.44-362.04 Q = 38.05-45.25 after 5233.4 sec [total]
done with UBTbC for K = 304.44-362.04 Q = 38.05-45.25 after 5233.7 sec [total]
done with H for K = 304.44-362.04 Q = 38.05-45.25 after 5234.6 sec [total]
done with H++ for K = 304.44-362.04 Q = 38.05-45.25 after 5237.8 sec [total]
done with H+- for K = 304.44-362.04 Q = 38.05-45.25 after 5238.9 sec [total]
done with H-+ for K = 304.44-362.04 Q = 38.05-45.25 after 5240.2 sec [total]
done with H-- for K = 304.44-362.04 Q = 38.05-45.25 after 5240.6 sec [total]
done with UU for K = 362.04-430.54 Q = 38.05-45.25 after 5241.5 sec [total]
done with BB for K = 362.04-430.54 Q = 38.05-45.25 after 5242.6 sec [total]
done with UBTa for K = 362.04-430.54 Q = 38.05-45.25 after 5242.8 sec [total]
done with UBTb for K = 362.04-430.54 Q = 38.05-45.25 after 5243.0 sec [total]
done with UBTbA for K = 362.04-430.54 Q = 38.05-45.25 after 5243.1 sec [total]
done with UBTbC for K = 362.04-430.54 Q = 38.05-45.25 after 5243.4 sec [total]
done with H for K = 362.04-430.54 Q = 38.05-45.25 after 5244.2 sec [total]
done with H++ for K = 362.04-430.54 Q = 38.05-45.25 after 5247.4 sec [total]
done with H+- for K = 362.04-430.54 Q = 38.05-45.25 after 5248.6 sec [total]
done with H-+ for K = 362.04-430.54 Q = 38.05-45.25 after 5250.0 sec [total]
done with H-- for K = 362.04-430.54 Q = 38.05-45.25 after 5250.2 sec [total]
done with UU for K = 430.54-512.00 Q = 38.05-45.25 after 5251.1 sec [total]
done with BB for K = 430.54-512.00 Q = 38.05-45.25 after 5252.1 sec [total]
done with UBTa for K = 430.54-512.00 Q = 38.05-45.25 after 5252.3 sec [total]
done with UBTb for K = 430.54-512.00 Q = 38.05-45.25 after 5252.5 sec [total]
done with UBTbA for K = 430.54-512.00 Q = 38.05-45.25 after 5252.7 sec [total]
done with UBTbC for K = 430.54-512.00 Q = 38.05-45.25 after 5253.0 sec [total]
done with H for K = 430.54-512.00 Q = 38.05-45.25 after 5253.9 sec [total]
done with H++ for K = 430.54-512.00 Q = 38.05-45.25 after 5257.0 sec [total]
done with H+- for K = 430.54-512.00 Q = 38.05-45.25 after 5258.2 sec [total]
done with H-+ for K = 430.54-512.00 Q = 38.05-45.25 after 5259.3 sec [total]
done with H-- for K = 430.54-512.00 Q = 38.05-45.25 after 5259.8 sec [total]
done with UU for K = 512.00-608.87 Q = 38.05-45.25 after 5260.7 sec [total]
done with BB for K = 512.00-608.87 Q = 38.05-45.25 after 5261.7 sec [total]
done with UBTa for K = 512.00-608.87 Q = 38.05-45.25 after 5261.9 sec [total]
done with UBTb for K = 512.00-608.87 Q = 38.05-45.25 after 5262.1 sec [total]
done with UBTbA for K = 512.00-608.87 Q = 38.05-45.25 after 5262.3 sec [total]
done with UBTbC for K = 512.00-608.87 Q = 38.05-45.25 after 5262.6 sec [total]
done with H for K = 512.00-608.87 Q = 38.05-45.25 after 5263.4 sec [total]
done with H++ for K = 512.00-608.87 Q = 38.05-45.25 after 5266.6 sec [total]
done with H+- for K = 512.00-608.87 Q = 38.05-45.25 after 5267.8 sec [total]
done with H-+ for K = 512.00-608.87 Q = 38.05-45.25 after 5268.8 sec [total]
done with H-- for K = 512.00-608.87 Q = 38.05-45.25 after 5269.4 sec [total]
done with UU for K = 608.87-724.08 Q = 38.05-45.25 after 5270.3 sec [total]
done with BB for K = 608.87-724.08 Q = 38.05-45.25 after 5271.3 sec [total]
done with UBTa for K = 608.87-724.08 Q = 38.05-45.25 after 5271.6 sec [total]
done with UBTb for K = 608.87-724.08 Q = 38.05-45.25 after 5271.7 sec [total]
done with UBTbA for K = 608.87-724.08 Q = 38.05-45.25 after 5271.9 sec [total]
done with UBTbC for K = 608.87-724.08 Q = 38.05-45.25 after 5272.2 sec [total]
done with H for K = 608.87-724.08 Q = 38.05-45.25 after 5273.1 sec [total]
done with H++ for K = 608.87-724.08 Q = 38.05-45.25 after 5276.3 sec [total]
done with H+- for K = 608.87-724.08 Q = 38.05-45.25 after 5277.4 sec [total]
done with H-+ for K = 608.87-724.08 Q = 38.05-45.25 after 5278.5 sec [total]
done with H-- for K = 608.87-724.08 Q = 38.05-45.25 after 5279.0 sec [total]
done with UU for K = 724.08-861.08 Q = 38.05-45.25 after 5279.9 sec [total]
done with BB for K = 724.08-861.08 Q = 38.05-45.25 after 5281.0 sec [total]
done with UBTa for K = 724.08-861.08 Q = 38.05-45.25 after 5281.2 sec [total]
done with UBTb for K = 724.08-861.08 Q = 38.05-45.25 after 5281.4 sec [total]
done with UBTbA for K = 724.08-861.08 Q = 38.05-45.25 after 5281.5 sec [total]
done with UBTbC for K = 724.08-861.08 Q = 38.05-45.25 after 5281.9 sec [total]
done with H for K = 724.08-861.08 Q = 38.05-45.25 after 5282.7 sec [total]
done with H++ for K = 724.08-861.08 Q = 38.05-45.25 after 5285.8 sec [total]
done with H+- for K = 724.08-861.08 Q = 38.05-45.25 after 5286.9 sec [total]
done with H-+ for K = 724.08-861.08 Q = 38.05-45.25 after 5288.0 sec [total]
done with H-- for K = 724.08-861.08 Q = 38.05-45.25 after 5288.7 sec [total]
done with UU for K = 861.08-1024.00 Q = 38.05-45.25 after 5289.6 sec [total]
done with BB for K = 861.08-1024.00 Q = 38.05-45.25 after 5290.7 sec [total]
done with UBTa for K = 861.08-1024.00 Q = 38.05-45.25 after 5290.8 sec [total]
done with UBTb for K = 861.08-1024.00 Q = 38.05-45.25 after 5291.0 sec [total]
done with UBTbA for K = 861.08-1024.00 Q = 38.05-45.25 after 5291.2 sec [total]
done with UBTbC for K = 861.08-1024.00 Q = 38.05-45.25 after 5291.5 sec [total]
done with H for K = 861.08-1024.00 Q = 38.05-45.25 after 5292.4 sec [total]
done with H++ for K = 861.08-1024.00 Q = 38.05-45.25 after 5295.7 sec [total]
done with H+- for K = 861.08-1024.00 Q = 38.05-45.25 after 5296.7 sec [total]
done with H-+ for K = 861.08-1024.00 Q = 38.05-45.25 after 5297.8 sec [total]
done with H-- for K = 861.08-1024.00 Q = 38.05-45.25 after 5298.3 sec [total]
done with UU for K = 0.00-3.36 Q = 45.25-53.82 after 5300.0 sec [total]
done with BB for K = 0.00-3.36 Q = 45.25-53.82 after 5302.2 sec [total]
done with UBTa for K = 0.00-3.36 Q = 45.25-53.82 after 5303.2 sec [total]
done with UBTb for K = 0.00-3.36 Q = 45.25-53.82 after 5304.3 sec [total]
done with UBTbA for K = 0.00-3.36 Q = 45.25-53.82 after 5305.4 sec [total]
done with UBTbC for K = 0.00-3.36 Q = 45.25-53.82 after 5305.7 sec [total]
done with H for K = 0.00-3.36 Q = 45.25-53.82 after 5306.6 sec [total]
done with H++ for K = 0.00-3.36 Q = 45.25-53.82 after 5309.8 sec [total]
done with H+- for K = 0.00-3.36 Q = 45.25-53.82 after 5310.9 sec [total]
done with H-+ for K = 0.00-3.36 Q = 45.25-53.82 after 5312.0 sec [total]
done with H-- for K = 0.00-3.36 Q = 45.25-53.82 after 5312.5 sec [total]
done with UU for K = 3.36-4.00 Q = 45.25-53.82 after 5313.4 sec [total]
done with BB for K = 3.36-4.00 Q = 45.25-53.82 after 5314.5 sec [total]
done with UBTa for K = 3.36-4.00 Q = 45.25-53.82 after 5314.6 sec [total]
done with UBTb for K = 3.36-4.00 Q = 45.25-53.82 after 5314.9 sec [total]
done with UBTbA for K = 3.36-4.00 Q = 45.25-53.82 after 5315.0 sec [total]
done with UBTbC for K = 3.36-4.00 Q = 45.25-53.82 after 5315.4 sec [total]
done with H for K = 3.36-4.00 Q = 45.25-53.82 after 5316.2 sec [total]
done with H++ for K = 3.36-4.00 Q = 45.25-53.82 after 5319.3 sec [total]
done with H+- for K = 3.36-4.00 Q = 45.25-53.82 after 5320.6 sec [total]
done with H-+ for K = 3.36-4.00 Q = 45.25-53.82 after 5321.9 sec [total]
done with H-- for K = 3.36-4.00 Q = 45.25-53.82 after 5322.1 sec [total]
done with UU for K = 4.00-4.76 Q = 45.25-53.82 after 5323.0 sec [total]
done with BB for K = 4.00-4.76 Q = 45.25-53.82 after 5324.1 sec [total]
done with UBTa for K = 4.00-4.76 Q = 45.25-53.82 after 5324.3 sec [total]
done with UBTb for K = 4.00-4.76 Q = 45.25-53.82 after 5324.5 sec [total]
done with UBTbA for K = 4.00-4.76 Q = 45.25-53.82 after 5324.6 sec [total]
done with UBTbC for K = 4.00-4.76 Q = 45.25-53.82 after 5325.0 sec [total]
done with H for K = 4.00-4.76 Q = 45.25-53.82 after 5325.8 sec [total]
done with H++ for K = 4.00-4.76 Q = 45.25-53.82 after 5329.0 sec [total]
done with H+- for K = 4.00-4.76 Q = 45.25-53.82 after 5330.1 sec [total]
done with H-+ for K = 4.00-4.76 Q = 45.25-53.82 after 5331.2 sec [total]
done with H-- for K = 4.00-4.76 Q = 45.25-53.82 after 5331.7 sec [total]
done with UU for K = 4.76-5.66 Q = 45.25-53.82 after 5332.6 sec [total]
done with BB for K = 4.76-5.66 Q = 45.25-53.82 after 5333.7 sec [total]
done with UBTa for K = 4.76-5.66 Q = 45.25-53.82 after 5333.9 sec [total]
done with UBTb for K = 4.76-5.66 Q = 45.25-53.82 after 5334.1 sec [total]
done with UBTbA for K = 4.76-5.66 Q = 45.25-53.82 after 5334.2 sec [total]
done with UBTbC for K = 4.76-5.66 Q = 45.25-53.82 after 5334.5 sec [total]
done with H for K = 4.76-5.66 Q = 45.25-53.82 after 5335.4 sec [total]
done with H++ for K = 4.76-5.66 Q = 45.25-53.82 after 5338.6 sec [total]
done with H+- for K = 4.76-5.66 Q = 45.25-53.82 after 5339.7 sec [total]
done with H-+ for K = 4.76-5.66 Q = 45.25-53.82 after 5341.0 sec [total]
done with H-- for K = 4.76-5.66 Q = 45.25-53.82 after 5341.4 sec [total]
done with UU for K = 5.66-6.73 Q = 45.25-53.82 after 5342.3 sec [total]
done with BB for K = 5.66-6.73 Q = 45.25-53.82 after 5343.3 sec [total]
done with UBTa for K = 5.66-6.73 Q = 45.25-53.82 after 5343.5 sec [total]
done with UBTb for K = 5.66-6.73 Q = 45.25-53.82 after 5343.7 sec [total]
done with UBTbA for K = 5.66-6.73 Q = 45.25-53.82 after 5343.9 sec [total]
done with UBTbC for K = 5.66-6.73 Q = 45.25-53.82 after 5344.2 sec [total]
done with H for K = 5.66-6.73 Q = 45.25-53.82 after 5345.0 sec [total]
done with H++ for K = 5.66-6.73 Q = 45.25-53.82 after 5348.2 sec [total]
done with H+- for K = 5.66-6.73 Q = 45.25-53.82 after 5349.4 sec [total]
done with H-+ for K = 5.66-6.73 Q = 45.25-53.82 after 5350.7 sec [total]
done with H-- for K = 5.66-6.73 Q = 45.25-53.82 after 5351.0 sec [total]
done with UU for K = 6.73-8.00 Q = 45.25-53.82 after 5351.9 sec [total]
done with BB for K = 6.73-8.00 Q = 45.25-53.82 after 5352.9 sec [total]
done with UBTa for K = 6.73-8.00 Q = 45.25-53.82 after 5353.1 sec [total]
done with UBTb for K = 6.73-8.00 Q = 45.25-53.82 after 5353.3 sec [total]
done with UBTbA for K = 6.73-8.00 Q = 45.25-53.82 after 5353.5 sec [total]
done with UBTbC for K = 6.73-8.00 Q = 45.25-53.82 after 5353.8 sec [total]
done with H for K = 6.73-8.00 Q = 45.25-53.82 after 5354.7 sec [total]
done with H++ for K = 6.73-8.00 Q = 45.25-53.82 after 5357.8 sec [total]
done with H+- for K = 6.73-8.00 Q = 45.25-53.82 after 5359.1 sec [total]
done with H-+ for K = 6.73-8.00 Q = 45.25-53.82 after 5360.3 sec [total]
done with H-- for K = 6.73-8.00 Q = 45.25-53.82 after 5360.6 sec [total]
done with UU for K = 8.00-9.51 Q = 45.25-53.82 after 5361.5 sec [total]
done with BB for K = 8.00-9.51 Q = 45.25-53.82 after 5362.5 sec [total]
done with UBTa for K = 8.00-9.51 Q = 45.25-53.82 after 5362.7 sec [total]
done with UBTb for K = 8.00-9.51 Q = 45.25-53.82 after 5362.9 sec [total]
done with UBTbA for K = 8.00-9.51 Q = 45.25-53.82 after 5363.1 sec [total]
done with UBTbC for K = 8.00-9.51 Q = 45.25-53.82 after 5363.4 sec [total]
done with H for K = 8.00-9.51 Q = 45.25-53.82 after 5364.3 sec [total]
done with H++ for K = 8.00-9.51 Q = 45.25-53.82 after 5367.4 sec [total]
done with H+- for K = 8.00-9.51 Q = 45.25-53.82 after 5368.6 sec [total]
done with H-+ for K = 8.00-9.51 Q = 45.25-53.82 after 5369.9 sec [total]
done with H-- for K = 8.00-9.51 Q = 45.25-53.82 after 5370.2 sec [total]
done with UU for K = 9.51-11.31 Q = 45.25-53.82 after 5371.1 sec [total]
done with BB for K = 9.51-11.31 Q = 45.25-53.82 after 5372.1 sec [total]
done with UBTa for K = 9.51-11.31 Q = 45.25-53.82 after 5372.3 sec [total]
done with UBTb for K = 9.51-11.31 Q = 45.25-53.82 after 5372.5 sec [total]
done with UBTbA for K = 9.51-11.31 Q = 45.25-53.82 after 5372.7 sec [total]
done with UBTbC for K = 9.51-11.31 Q = 45.25-53.82 after 5373.0 sec [total]
done with H for K = 9.51-11.31 Q = 45.25-53.82 after 5373.8 sec [total]
done with H++ for K = 9.51-11.31 Q = 45.25-53.82 after 5377.0 sec [total]
done with H+- for K = 9.51-11.31 Q = 45.25-53.82 after 5378.2 sec [total]
done with H-+ for K = 9.51-11.31 Q = 45.25-53.82 after 5379.3 sec [total]
done with H-- for K = 9.51-11.31 Q = 45.25-53.82 after 5379.8 sec [total]
done with UU for K = 11.31-13.45 Q = 45.25-53.82 after 5380.7 sec [total]
done with BB for K = 11.31-13.45 Q = 45.25-53.82 after 5381.7 sec [total]
done with UBTa for K = 11.31-13.45 Q = 45.25-53.82 after 5381.9 sec [total]
done with UBTb for K = 11.31-13.45 Q = 45.25-53.82 after 5382.1 sec [total]
done with UBTbA for K = 11.31-13.45 Q = 45.25-53.82 after 5382.2 sec [total]
done with UBTbC for K = 11.31-13.45 Q = 45.25-53.82 after 5382.6 sec [total]
done with H for K = 11.31-13.45 Q = 45.25-53.82 after 5383.5 sec [total]
done with H++ for K = 11.31-13.45 Q = 45.25-53.82 after 5386.7 sec [total]
done with H+- for K = 11.31-13.45 Q = 45.25-53.82 after 5387.8 sec [total]
done with H-+ for K = 11.31-13.45 Q = 45.25-53.82 after 5388.9 sec [total]
done with H-- for K = 11.31-13.45 Q = 45.25-53.82 after 5389.4 sec [total]
done with UU for K = 13.45-16.00 Q = 45.25-53.82 after 5390.3 sec [total]
done with BB for K = 13.45-16.00 Q = 45.25-53.82 after 5391.4 sec [total]
done with UBTa for K = 13.45-16.00 Q = 45.25-53.82 after 5391.6 sec [total]
done with UBTb for K = 13.45-16.00 Q = 45.25-53.82 after 5391.8 sec [total]
done with UBTbA for K = 13.45-16.00 Q = 45.25-53.82 after 5391.9 sec [total]
done with UBTbC for K = 13.45-16.00 Q = 45.25-53.82 after 5392.2 sec [total]
done with H for K = 13.45-16.00 Q = 45.25-53.82 after 5393.1 sec [total]
done with H++ for K = 13.45-16.00 Q = 45.25-53.82 after 5396.2 sec [total]
done with H+- for K = 13.45-16.00 Q = 45.25-53.82 after 5397.4 sec [total]
done with H-+ for K = 13.45-16.00 Q = 45.25-53.82 after 5398.7 sec [total]
done with H-- for K = 13.45-16.00 Q = 45.25-53.82 after 5399.0 sec [total]
done with UU for K = 16.00-19.03 Q = 45.25-53.82 after 5399.9 sec [total]
done with BB for K = 16.00-19.03 Q = 45.25-53.82 after 5401.0 sec [total]
done with UBTa for K = 16.00-19.03 Q = 45.25-53.82 after 5401.2 sec [total]
done with UBTb for K = 16.00-19.03 Q = 45.25-53.82 after 5401.3 sec [total]
done with UBTbA for K = 16.00-19.03 Q = 45.25-53.82 after 5401.5 sec [total]
done with UBTbC for K = 16.00-19.03 Q = 45.25-53.82 after 5401.8 sec [total]
done with H for K = 16.00-19.03 Q = 45.25-53.82 after 5402.7 sec [total]
done with H++ for K = 16.00-19.03 Q = 45.25-53.82 after 5405.9 sec [total]
done with H+- for K = 16.00-19.03 Q = 45.25-53.82 after 5407.2 sec [total]
done with H-+ for K = 16.00-19.03 Q = 45.25-53.82 after 5408.4 sec [total]
done with H-- for K = 16.00-19.03 Q = 45.25-53.82 after 5408.7 sec [total]
done with UU for K = 19.03-22.63 Q = 45.25-53.82 after 5409.6 sec [total]
done with BB for K = 19.03-22.63 Q = 45.25-53.82 after 5410.6 sec [total]
done with UBTa for K = 19.03-22.63 Q = 45.25-53.82 after 5410.8 sec [total]
done with UBTb for K = 19.03-22.63 Q = 45.25-53.82 after 5411.0 sec [total]
done with UBTbA for K = 19.03-22.63 Q = 45.25-53.82 after 5411.2 sec [total]
done with UBTbC for K = 19.03-22.63 Q = 45.25-53.82 after 5411.5 sec [total]
done with H for K = 19.03-22.63 Q = 45.25-53.82 after 5412.3 sec [total]
done with H++ for K = 19.03-22.63 Q = 45.25-53.82 after 5415.6 sec [total]
done with H+- for K = 19.03-22.63 Q = 45.25-53.82 after 5416.8 sec [total]
done with H-+ for K = 19.03-22.63 Q = 45.25-53.82 after 5418.0 sec [total]
done with H-- for K = 19.03-22.63 Q = 45.25-53.82 after 5418.3 sec [total]
done with UU for K = 22.63-26.91 Q = 45.25-53.82 after 5419.2 sec [total]
done with BB for K = 22.63-26.91 Q = 45.25-53.82 after 5420.2 sec [total]
done with UBTa for K = 22.63-26.91 Q = 45.25-53.82 after 5420.4 sec [total]
done with UBTb for K = 22.63-26.91 Q = 45.25-53.82 after 5420.5 sec [total]
done with UBTbA for K = 22.63-26.91 Q = 45.25-53.82 after 5420.7 sec [total]
done with UBTbC for K = 22.63-26.91 Q = 45.25-53.82 after 5421.1 sec [total]
done with H for K = 22.63-26.91 Q = 45.25-53.82 after 5422.0 sec [total]
done with H++ for K = 22.63-26.91 Q = 45.25-53.82 after 5425.2 sec [total]
done with H+- for K = 22.63-26.91 Q = 45.25-53.82 after 5426.2 sec [total]
done with H-+ for K = 22.63-26.91 Q = 45.25-53.82 after 5427.3 sec [total]
done with H-- for K = 22.63-26.91 Q = 45.25-53.82 after 5427.9 sec [total]
done with UU for K = 26.91-32.00 Q = 45.25-53.82 after 5428.8 sec [total]
done with BB for K = 26.91-32.00 Q = 45.25-53.82 after 5429.9 sec [total]
done with UBTa for K = 26.91-32.00 Q = 45.25-53.82 after 5430.0 sec [total]
done with UBTb for K = 26.91-32.00 Q = 45.25-53.82 after 5430.2 sec [total]
done with UBTbA for K = 26.91-32.00 Q = 45.25-53.82 after 5430.4 sec [total]
done with UBTbC for K = 26.91-32.00 Q = 45.25-53.82 after 5430.7 sec [total]
done with H for K = 26.91-32.00 Q = 45.25-53.82 after 5431.6 sec [total]
done with H++ for K = 26.91-32.00 Q = 45.25-53.82 after 5434.8 sec [total]
done with H+- for K = 26.91-32.00 Q = 45.25-53.82 after 5435.9 sec [total]
done with H-+ for K = 26.91-32.00 Q = 45.25-53.82 after 5437.0 sec [total]
done with H-- for K = 26.91-32.00 Q = 45.25-53.82 after 5437.6 sec [total]
done with UU for K = 32.00-38.05 Q = 45.25-53.82 after 5438.5 sec [total]
done with BB for K = 32.00-38.05 Q = 45.25-53.82 after 5439.5 sec [total]
done with UBTa for K = 32.00-38.05 Q = 45.25-53.82 after 5439.7 sec [total]
done with UBTb for K = 32.00-38.05 Q = 45.25-53.82 after 5439.9 sec [total]
done with UBTbA for K = 32.00-38.05 Q = 45.25-53.82 after 5440.1 sec [total]
done with UBTbC for K = 32.00-38.05 Q = 45.25-53.82 after 5440.4 sec [total]
done with H for K = 32.00-38.05 Q = 45.25-53.82 after 5441.3 sec [total]
done with H++ for K = 32.00-38.05 Q = 45.25-53.82 after 5444.4 sec [total]
done with H+- for K = 32.00-38.05 Q = 45.25-53.82 after 5445.6 sec [total]
done with H-+ for K = 32.00-38.05 Q = 45.25-53.82 after 5446.8 sec [total]
done with H-- for K = 32.00-38.05 Q = 45.25-53.82 after 5447.2 sec [total]
done with UU for K = 38.05-45.25 Q = 45.25-53.82 after 5448.1 sec [total]
done with BB for K = 38.05-45.25 Q = 45.25-53.82 after 5449.1 sec [total]
done with UBTa for K = 38.05-45.25 Q = 45.25-53.82 after 5449.3 sec [total]
done with UBTb for K = 38.05-45.25 Q = 45.25-53.82 after 5449.5 sec [total]
done with UBTbA for K = 38.05-45.25 Q = 45.25-53.82 after 5449.7 sec [total]
done with UBTbC for K = 38.05-45.25 Q = 45.25-53.82 after 5450.0 sec [total]
done with H for K = 38.05-45.25 Q = 45.25-53.82 after 5450.9 sec [total]
done with H++ for K = 38.05-45.25 Q = 45.25-53.82 after 5454.0 sec [total]
done with H+- for K = 38.05-45.25 Q = 45.25-53.82 after 5455.2 sec [total]
done with H-+ for K = 38.05-45.25 Q = 45.25-53.82 after 5456.4 sec [total]
done with H-- for K = 38.05-45.25 Q = 45.25-53.82 after 5456.8 sec [total]
done with UU for K = 45.25-53.82 Q = 45.25-53.82 after 5457.7 sec [total]
done with BB for K = 45.25-53.82 Q = 45.25-53.82 after 5458.8 sec [total]
done with UBTa for K = 45.25-53.82 Q = 45.25-53.82 after 5459.0 sec [total]
done with UBTb for K = 45.25-53.82 Q = 45.25-53.82 after 5459.2 sec [total]
done with UBTbA for K = 45.25-53.82 Q = 45.25-53.82 after 5459.3 sec [total]
done with UBTbC for K = 45.25-53.82 Q = 45.25-53.82 after 5459.6 sec [total]
done with H for K = 45.25-53.82 Q = 45.25-53.82 after 5460.5 sec [total]
done with H++ for K = 45.25-53.82 Q = 45.25-53.82 after 5463.6 sec [total]
done with H+- for K = 45.25-53.82 Q = 45.25-53.82 after 5464.7 sec [total]
done with H-+ for K = 45.25-53.82 Q = 45.25-53.82 after 5465.6 sec [total]
done with H-- for K = 45.25-53.82 Q = 45.25-53.82 after 5466.4 sec [total]
done with UU for K = 53.82-64.00 Q = 45.25-53.82 after 5467.3 sec [total]
done with BB for K = 53.82-64.00 Q = 45.25-53.82 after 5468.4 sec [total]
done with UBTa for K = 53.82-64.00 Q = 45.25-53.82 after 5468.6 sec [total]
done with UBTb for K = 53.82-64.00 Q = 45.25-53.82 after 5468.8 sec [total]
done with UBTbA for K = 53.82-64.00 Q = 45.25-53.82 after 5468.9 sec [total]
done with UBTbC for K = 53.82-64.00 Q = 45.25-53.82 after 5469.2 sec [total]
done with H for K = 53.82-64.00 Q = 45.25-53.82 after 5470.1 sec [total]
done with H++ for K = 53.82-64.00 Q = 45.25-53.82 after 5473.2 sec [total]
done with H+- for K = 53.82-64.00 Q = 45.25-53.82 after 5474.5 sec [total]
done with H-+ for K = 53.82-64.00 Q = 45.25-53.82 after 5475.8 sec [total]
done with H-- for K = 53.82-64.00 Q = 45.25-53.82 after 5476.0 sec [total]
done with UU for K = 64.00-76.11 Q = 45.25-53.82 after 5476.9 sec [total]
done with BB for K = 64.00-76.11 Q = 45.25-53.82 after 5478.0 sec [total]
done with UBTa for K = 64.00-76.11 Q = 45.25-53.82 after 5478.1 sec [total]
done with UBTb for K = 64.00-76.11 Q = 45.25-53.82 after 5478.3 sec [total]
done with UBTbA for K = 64.00-76.11 Q = 45.25-53.82 after 5478.5 sec [total]
done with UBTbC for K = 64.00-76.11 Q = 45.25-53.82 after 5478.8 sec [total]
done with H for K = 64.00-76.11 Q = 45.25-53.82 after 5479.7 sec [total]
done with H++ for K = 64.00-76.11 Q = 45.25-53.82 after 5482.8 sec [total]
done with H+- for K = 64.00-76.11 Q = 45.25-53.82 after 5484.1 sec [total]
done with H-+ for K = 64.00-76.11 Q = 45.25-53.82 after 5485.4 sec [total]
done with H-- for K = 64.00-76.11 Q = 45.25-53.82 after 5485.6 sec [total]
done with UU for K = 76.11-90.51 Q = 45.25-53.82 after 5486.5 sec [total]
done with BB for K = 76.11-90.51 Q = 45.25-53.82 after 5487.6 sec [total]
done with UBTa for K = 76.11-90.51 Q = 45.25-53.82 after 5487.8 sec [total]
done with UBTb for K = 76.11-90.51 Q = 45.25-53.82 after 5488.0 sec [total]
done with UBTbA for K = 76.11-90.51 Q = 45.25-53.82 after 5488.2 sec [total]
done with UBTbC for K = 76.11-90.51 Q = 45.25-53.82 after 5488.5 sec [total]
done with H for K = 76.11-90.51 Q = 45.25-53.82 after 5489.3 sec [total]
done with H++ for K = 76.11-90.51 Q = 45.25-53.82 after 5492.5 sec [total]
done with H+- for K = 76.11-90.51 Q = 45.25-53.82 after 5493.7 sec [total]
done with H-+ for K = 76.11-90.51 Q = 45.25-53.82 after 5495.0 sec [total]
done with H-- for K = 76.11-90.51 Q = 45.25-53.82 after 5495.3 sec [total]
done with UU for K = 90.51-107.63 Q = 45.25-53.82 after 5496.1 sec [total]
done with BB for K = 90.51-107.63 Q = 45.25-53.82 after 5497.2 sec [total]
done with UBTa for K = 90.51-107.63 Q = 45.25-53.82 after 5497.4 sec [total]
done with UBTb for K = 90.51-107.63 Q = 45.25-53.82 after 5497.6 sec [total]
done with UBTbA for K = 90.51-107.63 Q = 45.25-53.82 after 5497.7 sec [total]
done with UBTbC for K = 90.51-107.63 Q = 45.25-53.82 after 5498.0 sec [total]
done with H for K = 90.51-107.63 Q = 45.25-53.82 after 5498.9 sec [total]
done with H++ for K = 90.51-107.63 Q = 45.25-53.82 after 5502.1 sec [total]
done with H+- for K = 90.51-107.63 Q = 45.25-53.82 after 5503.4 sec [total]
done with H-+ for K = 90.51-107.63 Q = 45.25-53.82 after 5504.7 sec [total]
done with H-- for K = 90.51-107.63 Q = 45.25-53.82 after 5504.9 sec [total]
done with UU for K = 107.63-128.00 Q = 45.25-53.82 after 5505.8 sec [total]
done with BB for K = 107.63-128.00 Q = 45.25-53.82 after 5506.8 sec [total]
done with UBTa for K = 107.63-128.00 Q = 45.25-53.82 after 5507.0 sec [total]
done with UBTb for K = 107.63-128.00 Q = 45.25-53.82 after 5507.2 sec [total]
done with UBTbA for K = 107.63-128.00 Q = 45.25-53.82 after 5507.4 sec [total]
done with UBTbC for K = 107.63-128.00 Q = 45.25-53.82 after 5507.7 sec [total]
done with H for K = 107.63-128.00 Q = 45.25-53.82 after 5508.5 sec [total]
done with H++ for K = 107.63-128.00 Q = 45.25-53.82 after 5511.7 sec [total]
done with H+- for K = 107.63-128.00 Q = 45.25-53.82 after 5513.1 sec [total]
done with H-+ for K = 107.63-128.00 Q = 45.25-53.82 after 5514.3 sec [total]
done with H-- for K = 107.63-128.00 Q = 45.25-53.82 after 5514.5 sec [total]
done with UU for K = 128.00-152.22 Q = 45.25-53.82 after 5515.3 sec [total]
done with BB for K = 128.00-152.22 Q = 45.25-53.82 after 5516.4 sec [total]
done with UBTa for K = 128.00-152.22 Q = 45.25-53.82 after 5516.6 sec [total]
done with UBTb for K = 128.00-152.22 Q = 45.25-53.82 after 5516.8 sec [total]
done with UBTbA for K = 128.00-152.22 Q = 45.25-53.82 after 5516.9 sec [total]
done with UBTbC for K = 128.00-152.22 Q = 45.25-53.82 after 5517.3 sec [total]
done with H for K = 128.00-152.22 Q = 45.25-53.82 after 5518.1 sec [total]
done with H++ for K = 128.00-152.22 Q = 45.25-53.82 after 5521.3 sec [total]
done with H+- for K = 128.00-152.22 Q = 45.25-53.82 after 5522.5 sec [total]
done with H-+ for K = 128.00-152.22 Q = 45.25-53.82 after 5523.6 sec [total]
done with H-- for K = 128.00-152.22 Q = 45.25-53.82 after 5524.0 sec [total]
done with UU for K = 152.22-181.02 Q = 45.25-53.82 after 5524.9 sec [total]
done with BB for K = 152.22-181.02 Q = 45.25-53.82 after 5526.0 sec [total]
done with UBTa for K = 152.22-181.02 Q = 45.25-53.82 after 5526.2 sec [total]
done with UBTb for K = 152.22-181.02 Q = 45.25-53.82 after 5526.4 sec [total]
done with UBTbA for K = 152.22-181.02 Q = 45.25-53.82 after 5526.5 sec [total]
done with UBTbC for K = 152.22-181.02 Q = 45.25-53.82 after 5526.9 sec [total]
done with H for K = 152.22-181.02 Q = 45.25-53.82 after 5527.8 sec [total]
done with H++ for K = 152.22-181.02 Q = 45.25-53.82 after 5530.9 sec [total]
done with H+- for K = 152.22-181.02 Q = 45.25-53.82 after 5532.0 sec [total]
done with H-+ for K = 152.22-181.02 Q = 45.25-53.82 after 5533.1 sec [total]
done with H-- for K = 152.22-181.02 Q = 45.25-53.82 after 5533.7 sec [total]
done with UU for K = 181.02-215.27 Q = 45.25-53.82 after 5534.6 sec [total]
done with BB for K = 181.02-215.27 Q = 45.25-53.82 after 5535.6 sec [total]
done with UBTa for K = 181.02-215.27 Q = 45.25-53.82 after 5535.8 sec [total]
done with UBTb for K = 181.02-215.27 Q = 45.25-53.82 after 5535.9 sec [total]
done with UBTbA for K = 181.02-215.27 Q = 45.25-53.82 after 5536.1 sec [total]
done with UBTbC for K = 181.02-215.27 Q = 45.25-53.82 after 5536.5 sec [total]
done with H for K = 181.02-215.27 Q = 45.25-53.82 after 5537.4 sec [total]
done with H++ for K = 181.02-215.27 Q = 45.25-53.82 after 5540.5 sec [total]
done with H+- for K = 181.02-215.27 Q = 45.25-53.82 after 5541.7 sec [total]
done with H-+ for K = 181.02-215.27 Q = 45.25-53.82 after 5542.8 sec [total]
done with H-- for K = 181.02-215.27 Q = 45.25-53.82 after 5543.3 sec [total]
done with UU for K = 215.27-256.00 Q = 45.25-53.82 after 5544.2 sec [total]
done with BB for K = 215.27-256.00 Q = 45.25-53.82 after 5545.2 sec [total]
done with UBTa for K = 215.27-256.00 Q = 45.25-53.82 after 5545.4 sec [total]
done with UBTb for K = 215.27-256.00 Q = 45.25-53.82 after 5545.6 sec [total]
done with UBTbA for K = 215.27-256.00 Q = 45.25-53.82 after 5545.8 sec [total]
done with UBTbC for K = 215.27-256.00 Q = 45.25-53.82 after 5546.1 sec [total]
done with H for K = 215.27-256.00 Q = 45.25-53.82 after 5547.0 sec [total]
done with H++ for K = 215.27-256.00 Q = 45.25-53.82 after 5550.1 sec [total]
done with H+- for K = 215.27-256.00 Q = 45.25-53.82 after 5551.3 sec [total]
done with H-+ for K = 215.27-256.00 Q = 45.25-53.82 after 5552.4 sec [total]
done with H-- for K = 215.27-256.00 Q = 45.25-53.82 after 5552.9 sec [total]
done with UU for K = 256.00-304.44 Q = 45.25-53.82 after 5553.8 sec [total]
done with BB for K = 256.00-304.44 Q = 45.25-53.82 after 5554.8 sec [total]
done with UBTa for K = 256.00-304.44 Q = 45.25-53.82 after 5555.0 sec [total]
done with UBTb for K = 256.00-304.44 Q = 45.25-53.82 after 5555.2 sec [total]
done with UBTbA for K = 256.00-304.44 Q = 45.25-53.82 after 5555.4 sec [total]
done with UBTbC for K = 256.00-304.44 Q = 45.25-53.82 after 5555.7 sec [total]
done with H for K = 256.00-304.44 Q = 45.25-53.82 after 5556.6 sec [total]
done with H++ for K = 256.00-304.44 Q = 45.25-53.82 after 5559.7 sec [total]
done with H+- for K = 256.00-304.44 Q = 45.25-53.82 after 5561.0 sec [total]
done with H-+ for K = 256.00-304.44 Q = 45.25-53.82 after 5562.2 sec [total]
done with H-- for K = 256.00-304.44 Q = 45.25-53.82 after 5562.5 sec [total]
done with UU for K = 304.44-362.04 Q = 45.25-53.82 after 5563.4 sec [total]
done with BB for K = 304.44-362.04 Q = 45.25-53.82 after 5564.4 sec [total]
done with UBTa for K = 304.44-362.04 Q = 45.25-53.82 after 5564.6 sec [total]
done with UBTb for K = 304.44-362.04 Q = 45.25-53.82 after 5564.7 sec [total]
done with UBTbA for K = 304.44-362.04 Q = 45.25-53.82 after 5564.9 sec [total]
done with UBTbC for K = 304.44-362.04 Q = 45.25-53.82 after 5565.2 sec [total]
done with H for K = 304.44-362.04 Q = 45.25-53.82 after 5566.2 sec [total]
done with H++ for K = 304.44-362.04 Q = 45.25-53.82 after 5569.3 sec [total]
done with H+- for K = 304.44-362.04 Q = 45.25-53.82 after 5570.5 sec [total]
done with H-+ for K = 304.44-362.04 Q = 45.25-53.82 after 5571.5 sec [total]
done with H-- for K = 304.44-362.04 Q = 45.25-53.82 after 5572.1 sec [total]
done with UU for K = 362.04-430.54 Q = 45.25-53.82 after 5573.0 sec [total]
done with BB for K = 362.04-430.54 Q = 45.25-53.82 after 5574.1 sec [total]
done with UBTa for K = 362.04-430.54 Q = 45.25-53.82 after 5574.2 sec [total]
done with UBTb for K = 362.04-430.54 Q = 45.25-53.82 after 5574.4 sec [total]
done with UBTbA for K = 362.04-430.54 Q = 45.25-53.82 after 5574.6 sec [total]
done with UBTbC for K = 362.04-430.54 Q = 45.25-53.82 after 5574.9 sec [total]
done with H for K = 362.04-430.54 Q = 45.25-53.82 after 5575.8 sec [total]
done with H++ for K = 362.04-430.54 Q = 45.25-53.82 after 5579.0 sec [total]
done with H+- for K = 362.04-430.54 Q = 45.25-53.82 after 5580.2 sec [total]
done with H-+ for K = 362.04-430.54 Q = 45.25-53.82 after 5581.4 sec [total]
done with H-- for K = 362.04-430.54 Q = 45.25-53.82 after 5581.8 sec [total]
done with UU for K = 430.54-512.00 Q = 45.25-53.82 after 5582.7 sec [total]
done with BB for K = 430.54-512.00 Q = 45.25-53.82 after 5583.7 sec [total]
done with UBTa for K = 430.54-512.00 Q = 45.25-53.82 after 5583.9 sec [total]
done with UBTb for K = 430.54-512.00 Q = 45.25-53.82 after 5584.1 sec [total]
done with UBTbA for K = 430.54-512.00 Q = 45.25-53.82 after 5584.3 sec [total]
done with UBTbC for K = 430.54-512.00 Q = 45.25-53.82 after 5584.6 sec [total]
done with H for K = 430.54-512.00 Q = 45.25-53.82 after 5585.5 sec [total]
done with H++ for K = 430.54-512.00 Q = 45.25-53.82 after 5588.7 sec [total]
done with H+- for K = 430.54-512.00 Q = 45.25-53.82 after 5589.8 sec [total]
done with H-+ for K = 430.54-512.00 Q = 45.25-53.82 after 5590.9 sec [total]
done with H-- for K = 430.54-512.00 Q = 45.25-53.82 after 5591.4 sec [total]
done with UU for K = 512.00-608.87 Q = 45.25-53.82 after 5592.3 sec [total]
done with BB for K = 512.00-608.87 Q = 45.25-53.82 after 5593.5 sec [total]
done with UBTa for K = 512.00-608.87 Q = 45.25-53.82 after 5593.7 sec [total]
done with UBTb for K = 512.00-608.87 Q = 45.25-53.82 after 5593.9 sec [total]
done with UBTbA for K = 512.00-608.87 Q = 45.25-53.82 after 5594.0 sec [total]
done with UBTbC for K = 512.00-608.87 Q = 45.25-53.82 after 5594.3 sec [total]
done with H for K = 512.00-608.87 Q = 45.25-53.82 after 5595.1 sec [total]
done with H++ for K = 512.00-608.87 Q = 45.25-53.82 after 5598.2 sec [total]
done with H+- for K = 512.00-608.87 Q = 45.25-53.82 after 5599.5 sec [total]
done with H-+ for K = 512.00-608.87 Q = 45.25-53.82 after 5600.6 sec [total]
done with H-- for K = 512.00-608.87 Q = 45.25-53.82 after 5601.0 sec [total]
done with UU for K = 608.87-724.08 Q = 45.25-53.82 after 5601.9 sec [total]
done with BB for K = 608.87-724.08 Q = 45.25-53.82 after 5603.0 sec [total]
done with UBTa for K = 608.87-724.08 Q = 45.25-53.82 after 5603.2 sec [total]
done with UBTb for K = 608.87-724.08 Q = 45.25-53.82 after 5603.4 sec [total]
done with UBTbA for K = 608.87-724.08 Q = 45.25-53.82 after 5603.6 sec [total]
done with UBTbC for K = 608.87-724.08 Q = 45.25-53.82 after 5603.8 sec [total]
done with H for K = 608.87-724.08 Q = 45.25-53.82 after 5604.7 sec [total]
done with H++ for K = 608.87-724.08 Q = 45.25-53.82 after 5607.8 sec [total]
done with H+- for K = 608.87-724.08 Q = 45.25-53.82 after 5609.0 sec [total]
done with H-+ for K = 608.87-724.08 Q = 45.25-53.82 after 5610.0 sec [total]
done with H-- for K = 608.87-724.08 Q = 45.25-53.82 after 5610.6 sec [total]
done with UU for K = 724.08-861.08 Q = 45.25-53.82 after 5611.5 sec [total]
done with BB for K = 724.08-861.08 Q = 45.25-53.82 after 5612.6 sec [total]
done with UBTa for K = 724.08-861.08 Q = 45.25-53.82 after 5612.8 sec [total]
done with UBTb for K = 724.08-861.08 Q = 45.25-53.82 after 5613.0 sec [total]
done with UBTbA for K = 724.08-861.08 Q = 45.25-53.82 after 5613.2 sec [total]
done with UBTbC for K = 724.08-861.08 Q = 45.25-53.82 after 5613.5 sec [total]
done with H for K = 724.08-861.08 Q = 45.25-53.82 after 5614.4 sec [total]
done with H++ for K = 724.08-861.08 Q = 45.25-53.82 after 5617.6 sec [total]
done with H+- for K = 724.08-861.08 Q = 45.25-53.82 after 5618.8 sec [total]
done with H-+ for K = 724.08-861.08 Q = 45.25-53.82 after 5620.1 sec [total]
done with H-- for K = 724.08-861.08 Q = 45.25-53.82 after 5620.3 sec [total]
done with UU for K = 861.08-1024.00 Q = 45.25-53.82 after 5621.2 sec [total]
done with BB for K = 861.08-1024.00 Q = 45.25-53.82 after 5622.2 sec [total]
done with UBTa for K = 861.08-1024.00 Q = 45.25-53.82 after 5622.4 sec [total]
done with UBTb for K = 861.08-1024.00 Q = 45.25-53.82 after 5622.6 sec [total]
done with UBTbA for K = 861.08-1024.00 Q = 45.25-53.82 after 5622.8 sec [total]
done with UBTbC for K = 861.08-1024.00 Q = 45.25-53.82 after 5623.1 sec [total]
done with H for K = 861.08-1024.00 Q = 45.25-53.82 after 5624.0 sec [total]
done with H++ for K = 861.08-1024.00 Q = 45.25-53.82 after 5627.2 sec [total]
done with H+- for K = 861.08-1024.00 Q = 45.25-53.82 after 5628.4 sec [total]
done with H-+ for K = 861.08-1024.00 Q = 45.25-53.82 after 5629.7 sec [total]
done with H-- for K = 861.08-1024.00 Q = 45.25-53.82 after 5629.9 sec [total]
done with UU for K = 0.00-3.36 Q = 53.82-64.00 after 5631.6 sec [total]
done with BB for K = 0.00-3.36 Q = 53.82-64.00 after 5633.8 sec [total]
done with UBTa for K = 0.00-3.36 Q = 53.82-64.00 after 5634.8 sec [total]
done with UBTb for K = 0.00-3.36 Q = 53.82-64.00 after 5635.9 sec [total]
done with UBTbA for K = 0.00-3.36 Q = 53.82-64.00 after 5637.0 sec [total]
done with UBTbC for K = 0.00-3.36 Q = 53.82-64.00 after 5637.3 sec [total]
done with H for K = 0.00-3.36 Q = 53.82-64.00 after 5638.2 sec [total]
done with H++ for K = 0.00-3.36 Q = 53.82-64.00 after 5641.3 sec [total]
done with H+- for K = 0.00-3.36 Q = 53.82-64.00 after 5642.6 sec [total]
done with H-+ for K = 0.00-3.36 Q = 53.82-64.00 after 5643.8 sec [total]
done with H-- for K = 0.00-3.36 Q = 53.82-64.00 after 5644.2 sec [total]
done with UU for K = 3.36-4.00 Q = 53.82-64.00 after 5645.0 sec [total]
done with BB for K = 3.36-4.00 Q = 53.82-64.00 after 5646.1 sec [total]
done with UBTa for K = 3.36-4.00 Q = 53.82-64.00 after 5646.2 sec [total]
done with UBTb for K = 3.36-4.00 Q = 53.82-64.00 after 5646.5 sec [total]
done with UBTbA for K = 3.36-4.00 Q = 53.82-64.00 after 5646.6 sec [total]
done with UBTbC for K = 3.36-4.00 Q = 53.82-64.00 after 5646.9 sec [total]
done with H for K = 3.36-4.00 Q = 53.82-64.00 after 5647.8 sec [total]
done with H++ for K = 3.36-4.00 Q = 53.82-64.00 after 5651.0 sec [total]
done with H+- for K = 3.36-4.00 Q = 53.82-64.00 after 5652.2 sec [total]
done with H-+ for K = 3.36-4.00 Q = 53.82-64.00 after 5653.5 sec [total]
done with H-- for K = 3.36-4.00 Q = 53.82-64.00 after 5653.8 sec [total]
done with UU for K = 4.00-4.76 Q = 53.82-64.00 after 5654.7 sec [total]
done with BB for K = 4.00-4.76 Q = 53.82-64.00 after 5655.7 sec [total]
done with UBTa for K = 4.00-4.76 Q = 53.82-64.00 after 5655.9 sec [total]
done with UBTb for K = 4.00-4.76 Q = 53.82-64.00 after 5656.1 sec [total]
done with UBTbA for K = 4.00-4.76 Q = 53.82-64.00 after 5656.3 sec [total]
done with UBTbC for K = 4.00-4.76 Q = 53.82-64.00 after 5656.6 sec [total]
done with H for K = 4.00-4.76 Q = 53.82-64.00 after 5657.5 sec [total]
done with H++ for K = 4.00-4.76 Q = 53.82-64.00 after 5660.7 sec [total]
done with H+- for K = 4.00-4.76 Q = 53.82-64.00 after 5661.8 sec [total]
done with H-+ for K = 4.00-4.76 Q = 53.82-64.00 after 5663.1 sec [total]
done with H-- for K = 4.00-4.76 Q = 53.82-64.00 after 5663.4 sec [total]
done with UU for K = 4.76-5.66 Q = 53.82-64.00 after 5664.3 sec [total]
done with BB for K = 4.76-5.66 Q = 53.82-64.00 after 5665.3 sec [total]
done with UBTa for K = 4.76-5.66 Q = 53.82-64.00 after 5665.5 sec [total]
done with UBTb for K = 4.76-5.66 Q = 53.82-64.00 after 5665.7 sec [total]
done with UBTbA for K = 4.76-5.66 Q = 53.82-64.00 after 5665.9 sec [total]
done with UBTbC for K = 4.76-5.66 Q = 53.82-64.00 after 5666.2 sec [total]
done with H for K = 4.76-5.66 Q = 53.82-64.00 after 5667.1 sec [total]
done with H++ for K = 4.76-5.66 Q = 53.82-64.00 after 5670.2 sec [total]
done with H+- for K = 4.76-5.66 Q = 53.82-64.00 after 5671.4 sec [total]
done with H-+ for K = 4.76-5.66 Q = 53.82-64.00 after 5672.6 sec [total]
done with H-- for K = 4.76-5.66 Q = 53.82-64.00 after 5673.0 sec [total]
done with UU for K = 5.66-6.73 Q = 53.82-64.00 after 5673.9 sec [total]
done with BB for K = 5.66-6.73 Q = 53.82-64.00 after 5675.0 sec [total]
done with UBTa for K = 5.66-6.73 Q = 53.82-64.00 after 5675.2 sec [total]
done with UBTb for K = 5.66-6.73 Q = 53.82-64.00 after 5675.4 sec [total]
done with UBTbA for K = 5.66-6.73 Q = 53.82-64.00 after 5675.5 sec [total]
done with UBTbC for K = 5.66-6.73 Q = 53.82-64.00 after 5675.8 sec [total]
done with H for K = 5.66-6.73 Q = 53.82-64.00 after 5676.7 sec [total]
done with H++ for K = 5.66-6.73 Q = 53.82-64.00 after 5679.8 sec [total]
done with H+- for K = 5.66-6.73 Q = 53.82-64.00 after 5681.0 sec [total]
done with H-+ for K = 5.66-6.73 Q = 53.82-64.00 after 5682.1 sec [total]
done with H-- for K = 5.66-6.73 Q = 53.82-64.00 after 5682.6 sec [total]
done with UU for K = 6.73-8.00 Q = 53.82-64.00 after 5683.5 sec [total]
done with BB for K = 6.73-8.00 Q = 53.82-64.00 after 5684.5 sec [total]
done with UBTa for K = 6.73-8.00 Q = 53.82-64.00 after 5684.7 sec [total]
done with UBTb for K = 6.73-8.00 Q = 53.82-64.00 after 5684.9 sec [total]
done with UBTbA for K = 6.73-8.00 Q = 53.82-64.00 after 5685.1 sec [total]
done with UBTbC for K = 6.73-8.00 Q = 53.82-64.00 after 5685.4 sec [total]
done with H for K = 6.73-8.00 Q = 53.82-64.00 after 5686.3 sec [total]
done with H++ for K = 6.73-8.00 Q = 53.82-64.00 after 5689.4 sec [total]
done with H+- for K = 6.73-8.00 Q = 53.82-64.00 after 5690.7 sec [total]
done with H-+ for K = 6.73-8.00 Q = 53.82-64.00 after 5692.0 sec [total]
done with H-- for K = 6.73-8.00 Q = 53.82-64.00 after 5692.2 sec [total]
done with UU for K = 8.00-9.51 Q = 53.82-64.00 after 5693.1 sec [total]
done with BB for K = 8.00-9.51 Q = 53.82-64.00 after 5694.1 sec [total]
done with UBTa for K = 8.00-9.51 Q = 53.82-64.00 after 5694.3 sec [total]
done with UBTb for K = 8.00-9.51 Q = 53.82-64.00 after 5694.5 sec [total]
done with UBTbA for K = 8.00-9.51 Q = 53.82-64.00 after 5694.7 sec [total]
done with UBTbC for K = 8.00-9.51 Q = 53.82-64.00 after 5695.0 sec [total]
done with H for K = 8.00-9.51 Q = 53.82-64.00 after 5695.9 sec [total]
done with H++ for K = 8.00-9.51 Q = 53.82-64.00 after 5699.0 sec [total]
done with H+- for K = 8.00-9.51 Q = 53.82-64.00 after 5700.2 sec [total]
done with H-+ for K = 8.00-9.51 Q = 53.82-64.00 after 5701.5 sec [total]
done with H-- for K = 8.00-9.51 Q = 53.82-64.00 after 5701.8 sec [total]
done with UU for K = 9.51-11.31 Q = 53.82-64.00 after 5702.7 sec [total]
done with BB for K = 9.51-11.31 Q = 53.82-64.00 after 5703.7 sec [total]
done with UBTa for K = 9.51-11.31 Q = 53.82-64.00 after 5703.9 sec [total]
done with UBTb for K = 9.51-11.31 Q = 53.82-64.00 after 5704.1 sec [total]
done with UBTbA for K = 9.51-11.31 Q = 53.82-64.00 after 5704.3 sec [total]
done with UBTbC for K = 9.51-11.31 Q = 53.82-64.00 after 5704.6 sec [total]
done with H for K = 9.51-11.31 Q = 53.82-64.00 after 5705.5 sec [total]
done with H++ for K = 9.51-11.31 Q = 53.82-64.00 after 5708.7 sec [total]
done with H+- for K = 9.51-11.31 Q = 53.82-64.00 after 5709.8 sec [total]
done with H-+ for K = 9.51-11.31 Q = 53.82-64.00 after 5710.9 sec [total]
done with H-- for K = 9.51-11.31 Q = 53.82-64.00 after 5711.4 sec [total]
done with UU for K = 11.31-13.45 Q = 53.82-64.00 after 5712.3 sec [total]
done with BB for K = 11.31-13.45 Q = 53.82-64.00 after 5713.4 sec [total]
done with UBTa for K = 11.31-13.45 Q = 53.82-64.00 after 5713.6 sec [total]
done with UBTb for K = 11.31-13.45 Q = 53.82-64.00 after 5713.7 sec [total]
done with UBTbA for K = 11.31-13.45 Q = 53.82-64.00 after 5713.9 sec [total]
done with UBTbC for K = 11.31-13.45 Q = 53.82-64.00 after 5714.2 sec [total]
done with H for K = 11.31-13.45 Q = 53.82-64.00 after 5715.1 sec [total]
done with H++ for K = 11.31-13.45 Q = 53.82-64.00 after 5718.2 sec [total]
done with H+- for K = 11.31-13.45 Q = 53.82-64.00 after 5719.4 sec [total]
done with H-+ for K = 11.31-13.45 Q = 53.82-64.00 after 5720.5 sec [total]
done with H-- for K = 11.31-13.45 Q = 53.82-64.00 after 5721.0 sec [total]
done with UU for K = 13.45-16.00 Q = 53.82-64.00 after 5721.9 sec [total]
done with BB for K = 13.45-16.00 Q = 53.82-64.00 after 5722.9 sec [total]
done with UBTa for K = 13.45-16.00 Q = 53.82-64.00 after 5723.1 sec [total]
done with UBTb for K = 13.45-16.00 Q = 53.82-64.00 after 5723.3 sec [total]
done with UBTbA for K = 13.45-16.00 Q = 53.82-64.00 after 5723.5 sec [total]
done with UBTbC for K = 13.45-16.00 Q = 53.82-64.00 after 5723.8 sec [total]
done with H for K = 13.45-16.00 Q = 53.82-64.00 after 5724.7 sec [total]
done with H++ for K = 13.45-16.00 Q = 53.82-64.00 after 5727.8 sec [total]
done with H+- for K = 13.45-16.00 Q = 53.82-64.00 after 5729.0 sec [total]
done with H-+ for K = 13.45-16.00 Q = 53.82-64.00 after 5730.1 sec [total]
done with H-- for K = 13.45-16.00 Q = 53.82-64.00 after 5730.6 sec [total]
done with UU for K = 16.00-19.03 Q = 53.82-64.00 after 5731.5 sec [total]
done with BB for K = 16.00-19.03 Q = 53.82-64.00 after 5732.5 sec [total]
done with UBTa for K = 16.00-19.03 Q = 53.82-64.00 after 5732.7 sec [total]
done with UBTb for K = 16.00-19.03 Q = 53.82-64.00 after 5732.9 sec [total]
done with UBTbA for K = 16.00-19.03 Q = 53.82-64.00 after 5733.1 sec [total]
done with UBTbC for K = 16.00-19.03 Q = 53.82-64.00 after 5733.4 sec [total]
done with H for K = 16.00-19.03 Q = 53.82-64.00 after 5734.3 sec [total]
done with H++ for K = 16.00-19.03 Q = 53.82-64.00 after 5737.4 sec [total]
done with H+- for K = 16.00-19.03 Q = 53.82-64.00 after 5738.5 sec [total]
done with H-+ for K = 16.00-19.03 Q = 53.82-64.00 after 5739.6 sec [total]
done with H-- for K = 16.00-19.03 Q = 53.82-64.00 after 5740.2 sec [total]
done with UU for K = 19.03-22.63 Q = 53.82-64.00 after 5741.1 sec [total]
done with BB for K = 19.03-22.63 Q = 53.82-64.00 after 5742.2 sec [total]
done with UBTa for K = 19.03-22.63 Q = 53.82-64.00 after 5742.4 sec [total]
done with UBTb for K = 19.03-22.63 Q = 53.82-64.00 after 5742.6 sec [total]
done with UBTbA for K = 19.03-22.63 Q = 53.82-64.00 after 5742.8 sec [total]
done with UBTbC for K = 19.03-22.63 Q = 53.82-64.00 after 5743.1 sec [total]
done with H for K = 19.03-22.63 Q = 53.82-64.00 after 5743.9 sec [total]
done with H++ for K = 19.03-22.63 Q = 53.82-64.00 after 5747.0 sec [total]
done with H+- for K = 19.03-22.63 Q = 53.82-64.00 after 5748.0 sec [total]
done with H-+ for K = 19.03-22.63 Q = 53.82-64.00 after 5749.2 sec [total]
done with H-- for K = 19.03-22.63 Q = 53.82-64.00 after 5749.8 sec [total]
done with UU for K = 22.63-26.91 Q = 53.82-64.00 after 5750.7 sec [total]
done with BB for K = 22.63-26.91 Q = 53.82-64.00 after 5751.8 sec [total]
done with UBTa for K = 22.63-26.91 Q = 53.82-64.00 after 5752.0 sec [total]
done with UBTb for K = 22.63-26.91 Q = 53.82-64.00 after 5752.2 sec [total]
done with UBTbA for K = 22.63-26.91 Q = 53.82-64.00 after 5752.4 sec [total]
done with UBTbC for K = 22.63-26.91 Q = 53.82-64.00 after 5752.7 sec [total]
done with H for K = 22.63-26.91 Q = 53.82-64.00 after 5753.5 sec [total]
done with H++ for K = 22.63-26.91 Q = 53.82-64.00 after 5756.6 sec [total]
done with H+- for K = 22.63-26.91 Q = 53.82-64.00 after 5757.7 sec [total]
done with H-+ for K = 22.63-26.91 Q = 53.82-64.00 after 5758.8 sec [total]
done with H-- for K = 22.63-26.91 Q = 53.82-64.00 after 5759.4 sec [total]
done with UU for K = 26.91-32.00 Q = 53.82-64.00 after 5760.3 sec [total]
done with BB for K = 26.91-32.00 Q = 53.82-64.00 after 5761.3 sec [total]
done with UBTa for K = 26.91-32.00 Q = 53.82-64.00 after 5761.5 sec [total]
done with UBTb for K = 26.91-32.00 Q = 53.82-64.00 after 5761.7 sec [total]
done with UBTbA for K = 26.91-32.00 Q = 53.82-64.00 after 5761.9 sec [total]
done with UBTbC for K = 26.91-32.00 Q = 53.82-64.00 after 5762.1 sec [total]
done with H for K = 26.91-32.00 Q = 53.82-64.00 after 5763.0 sec [total]
done with H++ for K = 26.91-32.00 Q = 53.82-64.00 after 5766.2 sec [total]
done with H+- for K = 26.91-32.00 Q = 53.82-64.00 after 5767.3 sec [total]
done with H-+ for K = 26.91-32.00 Q = 53.82-64.00 after 5768.4 sec [total]
done with H-- for K = 26.91-32.00 Q = 53.82-64.00 after 5768.9 sec [total]
done with UU for K = 32.00-38.05 Q = 53.82-64.00 after 5769.8 sec [total]
done with BB for K = 32.00-38.05 Q = 53.82-64.00 after 5770.9 sec [total]
done with UBTa for K = 32.00-38.05 Q = 53.82-64.00 after 5771.1 sec [total]
done with UBTb for K = 32.00-38.05 Q = 53.82-64.00 after 5771.3 sec [total]
done with UBTbA for K = 32.00-38.05 Q = 53.82-64.00 after 5771.5 sec [total]
done with UBTbC for K = 32.00-38.05 Q = 53.82-64.00 after 5771.8 sec [total]
done with H for K = 32.00-38.05 Q = 53.82-64.00 after 5772.7 sec [total]
done with H++ for K = 32.00-38.05 Q = 53.82-64.00 after 5776.0 sec [total]
done with H+- for K = 32.00-38.05 Q = 53.82-64.00 after 5777.1 sec [total]
done with H-+ for K = 32.00-38.05 Q = 53.82-64.00 after 5778.2 sec [total]
done with H-- for K = 32.00-38.05 Q = 53.82-64.00 after 5778.6 sec [total]
done with UU for K = 38.05-45.25 Q = 53.82-64.00 after 5779.5 sec [total]
done with BB for K = 38.05-45.25 Q = 53.82-64.00 after 5780.6 sec [total]
done with UBTa for K = 38.05-45.25 Q = 53.82-64.00 after 5780.7 sec [total]
done with UBTb for K = 38.05-45.25 Q = 53.82-64.00 after 5780.9 sec [total]
done with UBTbA for K = 38.05-45.25 Q = 53.82-64.00 after 5781.1 sec [total]
done with UBTbC for K = 38.05-45.25 Q = 53.82-64.00 after 5781.4 sec [total]
done with H for K = 38.05-45.25 Q = 53.82-64.00 after 5782.3 sec [total]
done with H++ for K = 38.05-45.25 Q = 53.82-64.00 after 5785.4 sec [total]
done with H+- for K = 38.05-45.25 Q = 53.82-64.00 after 5786.5 sec [total]
done with H-+ for K = 38.05-45.25 Q = 53.82-64.00 after 5787.6 sec [total]
done with H-- for K = 38.05-45.25 Q = 53.82-64.00 after 5788.2 sec [total]
done with UU for K = 45.25-53.82 Q = 53.82-64.00 after 5789.1 sec [total]
done with BB for K = 45.25-53.82 Q = 53.82-64.00 after 5790.2 sec [total]
done with UBTa for K = 45.25-53.82 Q = 53.82-64.00 after 5790.4 sec [total]
done with UBTb for K = 45.25-53.82 Q = 53.82-64.00 after 5790.6 sec [total]
done with UBTbA for K = 45.25-53.82 Q = 53.82-64.00 after 5790.7 sec [total]
done with UBTbC for K = 45.25-53.82 Q = 53.82-64.00 after 5791.0 sec [total]
done with H for K = 45.25-53.82 Q = 53.82-64.00 after 5791.9 sec [total]
done with H++ for K = 45.25-53.82 Q = 53.82-64.00 after 5795.0 sec [total]
done with H+- for K = 45.25-53.82 Q = 53.82-64.00 after 5796.1 sec [total]
done with H-+ for K = 45.25-53.82 Q = 53.82-64.00 after 5797.2 sec [total]
done with H-- for K = 45.25-53.82 Q = 53.82-64.00 after 5797.8 sec [total]
done with UU for K = 53.82-64.00 Q = 53.82-64.00 after 5798.7 sec [total]
done with BB for K = 53.82-64.00 Q = 53.82-64.00 after 5799.7 sec [total]
done with UBTa for K = 53.82-64.00 Q = 53.82-64.00 after 5799.9 sec [total]
done with UBTb for K = 53.82-64.00 Q = 53.82-64.00 after 5800.1 sec [total]
done with UBTbA for K = 53.82-64.00 Q = 53.82-64.00 after 5800.3 sec [total]
done with UBTbC for K = 53.82-64.00 Q = 53.82-64.00 after 5800.6 sec [total]
done with H for K = 53.82-64.00 Q = 53.82-64.00 after 5801.5 sec [total]
done with H++ for K = 53.82-64.00 Q = 53.82-64.00 after 5804.6 sec [total]
done with H+- for K = 53.82-64.00 Q = 53.82-64.00 after 5805.7 sec [total]
done with H-+ for K = 53.82-64.00 Q = 53.82-64.00 after 5806.8 sec [total]
done with H-- for K = 53.82-64.00 Q = 53.82-64.00 after 5807.4 sec [total]
done with UU for K = 64.00-76.11 Q = 53.82-64.00 after 5808.3 sec [total]
done with BB for K = 64.00-76.11 Q = 53.82-64.00 after 5809.3 sec [total]
done with UBTa for K = 64.00-76.11 Q = 53.82-64.00 after 5809.4 sec [total]
done with UBTb for K = 64.00-76.11 Q = 53.82-64.00 after 5809.6 sec [total]
done with UBTbA for K = 64.00-76.11 Q = 53.82-64.00 after 5809.8 sec [total]
done with UBTbC for K = 64.00-76.11 Q = 53.82-64.00 after 5810.2 sec [total]
done with H for K = 64.00-76.11 Q = 53.82-64.00 after 5811.1 sec [total]
done with H++ for K = 64.00-76.11 Q = 53.82-64.00 after 5814.2 sec [total]
done with H+- for K = 64.00-76.11 Q = 53.82-64.00 after 5815.4 sec [total]
done with H-+ for K = 64.00-76.11 Q = 53.82-64.00 after 5816.4 sec [total]
done with H-- for K = 64.00-76.11 Q = 53.82-64.00 after 5817.0 sec [total]
done with UU for K = 76.11-90.51 Q = 53.82-64.00 after 5817.9 sec [total]
done with BB for K = 76.11-90.51 Q = 53.82-64.00 after 5819.0 sec [total]
done with UBTa for K = 76.11-90.51 Q = 53.82-64.00 after 5819.2 sec [total]
done with UBTb for K = 76.11-90.51 Q = 53.82-64.00 after 5819.4 sec [total]
done with UBTbA for K = 76.11-90.51 Q = 53.82-64.00 after 5819.5 sec [total]
done with UBTbC for K = 76.11-90.51 Q = 53.82-64.00 after 5819.8 sec [total]
done with H for K = 76.11-90.51 Q = 53.82-64.00 after 5820.7 sec [total]
done with H++ for K = 76.11-90.51 Q = 53.82-64.00 after 5824.0 sec [total]
done with H+- for K = 76.11-90.51 Q = 53.82-64.00 after 5825.1 sec [total]
done with H-+ for K = 76.11-90.51 Q = 53.82-64.00 after 5826.2 sec [total]
done with H-- for K = 76.11-90.51 Q = 53.82-64.00 after 5826.7 sec [total]
done with UU for K = 90.51-107.63 Q = 53.82-64.00 after 5827.6 sec [total]
done with BB for K = 90.51-107.63 Q = 53.82-64.00 after 5828.6 sec [total]
done with UBTa for K = 90.51-107.63 Q = 53.82-64.00 after 5828.8 sec [total]
done with UBTb for K = 90.51-107.63 Q = 53.82-64.00 after 5829.0 sec [total]
done with UBTbA for K = 90.51-107.63 Q = 53.82-64.00 after 5829.2 sec [total]
done with UBTbC for K = 90.51-107.63 Q = 53.82-64.00 after 5829.4 sec [total]
done with H for K = 90.51-107.63 Q = 53.82-64.00 after 5830.3 sec [total]
done with H++ for K = 90.51-107.63 Q = 53.82-64.00 after 5833.5 sec [total]
done with H+- for K = 90.51-107.63 Q = 53.82-64.00 after 5834.7 sec [total]
done with H-+ for K = 90.51-107.63 Q = 53.82-64.00 after 5836.1 sec [total]
done with H-- for K = 90.51-107.63 Q = 53.82-64.00 after 5836.3 sec [total]
done with UU for K = 107.63-128.00 Q = 53.82-64.00 after 5837.2 sec [total]
done with BB for K = 107.63-128.00 Q = 53.82-64.00 after 5838.2 sec [total]
done with UBTa for K = 107.63-128.00 Q = 53.82-64.00 after 5838.4 sec [total]
done with UBTb for K = 107.63-128.00 Q = 53.82-64.00 after 5838.6 sec [total]
done with UBTbA for K = 107.63-128.00 Q = 53.82-64.00 after 5838.7 sec [total]
done with UBTbC for K = 107.63-128.00 Q = 53.82-64.00 after 5839.0 sec [total]
done with H for K = 107.63-128.00 Q = 53.82-64.00 after 5839.9 sec [total]
done with H++ for K = 107.63-128.00 Q = 53.82-64.00 after 5843.1 sec [total]
done with H+- for K = 107.63-128.00 Q = 53.82-64.00 after 5844.1 sec [total]
done with H-+ for K = 107.63-128.00 Q = 53.82-64.00 after 5845.2 sec [total]
done with H-- for K = 107.63-128.00 Q = 53.82-64.00 after 5845.8 sec [total]
done with UU for K = 128.00-152.22 Q = 53.82-64.00 after 5846.8 sec [total]
done with BB for K = 128.00-152.22 Q = 53.82-64.00 after 5847.8 sec [total]
done with UBTa for K = 128.00-152.22 Q = 53.82-64.00 after 5848.0 sec [total]
done with UBTb for K = 128.00-152.22 Q = 53.82-64.00 after 5848.2 sec [total]
done with UBTbA for K = 128.00-152.22 Q = 53.82-64.00 after 5848.4 sec [total]
done with UBTbC for K = 128.00-152.22 Q = 53.82-64.00 after 5848.7 sec [total]
done with H for K = 128.00-152.22 Q = 53.82-64.00 after 5849.5 sec [total]
done with H++ for K = 128.00-152.22 Q = 53.82-64.00 after 5852.8 sec [total]
done with H+- for K = 128.00-152.22 Q = 53.82-64.00 after 5853.9 sec [total]
done with H-+ for K = 128.00-152.22 Q = 53.82-64.00 after 5855.1 sec [total]
done with H-- for K = 128.00-152.22 Q = 53.82-64.00 after 5855.4 sec [total]
done with UU for K = 152.22-181.02 Q = 53.82-64.00 after 5856.4 sec [total]
done with BB for K = 152.22-181.02 Q = 53.82-64.00 after 5857.4 sec [total]
done with UBTa for K = 152.22-181.02 Q = 53.82-64.00 after 5857.6 sec [total]
done with UBTb for K = 152.22-181.02 Q = 53.82-64.00 after 5857.8 sec [total]
done with UBTbA for K = 152.22-181.02 Q = 53.82-64.00 after 5858.0 sec [total]
done with UBTbC for K = 152.22-181.02 Q = 53.82-64.00 after 5858.3 sec [total]
done with H for K = 152.22-181.02 Q = 53.82-64.00 after 5859.1 sec [total]
done with H++ for K = 152.22-181.02 Q = 53.82-64.00 after 5862.2 sec [total]
done with H+- for K = 152.22-181.02 Q = 53.82-64.00 after 5863.4 sec [total]
done with H-+ for K = 152.22-181.02 Q = 53.82-64.00 after 5864.4 sec [total]
done with H-- for K = 152.22-181.02 Q = 53.82-64.00 after 5865.0 sec [total]
done with UU for K = 181.02-215.27 Q = 53.82-64.00 after 5865.9 sec [total]
done with BB for K = 181.02-215.27 Q = 53.82-64.00 after 5867.0 sec [total]
done with UBTa for K = 181.02-215.27 Q = 53.82-64.00 after 5867.2 sec [total]
done with UBTb for K = 181.02-215.27 Q = 53.82-64.00 after 5867.4 sec [total]
done with UBTbA for K = 181.02-215.27 Q = 53.82-64.00 after 5867.5 sec [total]
done with UBTbC for K = 181.02-215.27 Q = 53.82-64.00 after 5867.8 sec [total]
done with H for K = 181.02-215.27 Q = 53.82-64.00 after 5868.7 sec [total]
done with H++ for K = 181.02-215.27 Q = 53.82-64.00 after 5871.8 sec [total]
done with H+- for K = 181.02-215.27 Q = 53.82-64.00 after 5872.9 sec [total]
done with H-+ for K = 181.02-215.27 Q = 53.82-64.00 after 5873.9 sec [total]
done with H-- for K = 181.02-215.27 Q = 53.82-64.00 after 5874.6 sec [total]
done with UU for K = 215.27-256.00 Q = 53.82-64.00 after 5875.5 sec [total]
done with BB for K = 215.27-256.00 Q = 53.82-64.00 after 5876.6 sec [total]
done with UBTa for K = 215.27-256.00 Q = 53.82-64.00 after 5876.8 sec [total]
done with UBTb for K = 215.27-256.00 Q = 53.82-64.00 after 5877.0 sec [total]
done with UBTbA for K = 215.27-256.00 Q = 53.82-64.00 after 5877.1 sec [total]
done with UBTbC for K = 215.27-256.00 Q = 53.82-64.00 after 5877.5 sec [total]
done with H for K = 215.27-256.00 Q = 53.82-64.00 after 5878.3 sec [total]
done with H++ for K = 215.27-256.00 Q = 53.82-64.00 after 5881.5 sec [total]
done with H+- for K = 215.27-256.00 Q = 53.82-64.00 after 5882.5 sec [total]
done with H-+ for K = 215.27-256.00 Q = 53.82-64.00 after 5883.6 sec [total]
done with H-- for K = 215.27-256.00 Q = 53.82-64.00 after 5884.2 sec [total]
done with UU for K = 256.00-304.44 Q = 53.82-64.00 after 5885.1 sec [total]
done with BB for K = 256.00-304.44 Q = 53.82-64.00 after 5886.3 sec [total]
done with UBTa for K = 256.00-304.44 Q = 53.82-64.00 after 5886.5 sec [total]
done with UBTb for K = 256.00-304.44 Q = 53.82-64.00 after 5886.7 sec [total]
done with UBTbA for K = 256.00-304.44 Q = 53.82-64.00 after 5886.9 sec [total]
done with UBTbC for K = 256.00-304.44 Q = 53.82-64.00 after 5887.2 sec [total]
done with H for K = 256.00-304.44 Q = 53.82-64.00 after 5887.9 sec [total]
done with H++ for K = 256.00-304.44 Q = 53.82-64.00 after 5891.1 sec [total]
done with H+- for K = 256.00-304.44 Q = 53.82-64.00 after 5892.4 sec [total]
done with H-+ for K = 256.00-304.44 Q = 53.82-64.00 after 5893.7 sec [total]
done with H-- for K = 256.00-304.44 Q = 53.82-64.00 after 5893.8 sec [total]
done with UU for K = 304.44-362.04 Q = 53.82-64.00 after 5894.7 sec [total]
done with BB for K = 304.44-362.04 Q = 53.82-64.00 after 5895.9 sec [total]
done with UBTa for K = 304.44-362.04 Q = 53.82-64.00 after 5896.1 sec [total]
done with UBTb for K = 304.44-362.04 Q = 53.82-64.00 after 5896.3 sec [total]
done with UBTbA for K = 304.44-362.04 Q = 53.82-64.00 after 5896.4 sec [total]
done with UBTbC for K = 304.44-362.04 Q = 53.82-64.00 after 5896.7 sec [total]
done with H for K = 304.44-362.04 Q = 53.82-64.00 after 5897.5 sec [total]
done with H++ for K = 304.44-362.04 Q = 53.82-64.00 after 5900.7 sec [total]
done with H+- for K = 304.44-362.04 Q = 53.82-64.00 after 5901.8 sec [total]
done with H-+ for K = 304.44-362.04 Q = 53.82-64.00 after 5903.0 sec [total]
done with H-- for K = 304.44-362.04 Q = 53.82-64.00 after 5903.4 sec [total]
done with UU for K = 362.04-430.54 Q = 53.82-64.00 after 5904.4 sec [total]
done with BB for K = 362.04-430.54 Q = 53.82-64.00 after 5905.4 sec [total]
done with UBTa for K = 362.04-430.54 Q = 53.82-64.00 after 5905.6 sec [total]
done with UBTb for K = 362.04-430.54 Q = 53.82-64.00 after 5905.8 sec [total]
done with UBTbA for K = 362.04-430.54 Q = 53.82-64.00 after 5906.0 sec [total]
done with UBTbC for K = 362.04-430.54 Q = 53.82-64.00 after 5906.3 sec [total]
done with H for K = 362.04-430.54 Q = 53.82-64.00 after 5907.1 sec [total]
done with H++ for K = 362.04-430.54 Q = 53.82-64.00 after 5910.2 sec [total]
done with H+- for K = 362.04-430.54 Q = 53.82-64.00 after 5911.4 sec [total]
done with H-+ for K = 362.04-430.54 Q = 53.82-64.00 after 5912.5 sec [total]
done with H-- for K = 362.04-430.54 Q = 53.82-64.00 after 5913.0 sec [total]
done with UU for K = 430.54-512.00 Q = 53.82-64.00 after 5913.9 sec [total]
done with BB for K = 430.54-512.00 Q = 53.82-64.00 after 5915.0 sec [total]
done with UBTa for K = 430.54-512.00 Q = 53.82-64.00 after 5915.2 sec [total]
done with UBTb for K = 430.54-512.00 Q = 53.82-64.00 after 5915.4 sec [total]
done with UBTbA for K = 430.54-512.00 Q = 53.82-64.00 after 5915.5 sec [total]
done with UBTbC for K = 430.54-512.00 Q = 53.82-64.00 after 5915.8 sec [total]
done with H for K = 430.54-512.00 Q = 53.82-64.00 after 5916.7 sec [total]
done with H++ for K = 430.54-512.00 Q = 53.82-64.00 after 5919.8 sec [total]
done with H+- for K = 430.54-512.00 Q = 53.82-64.00 after 5921.0 sec [total]
done with H-+ for K = 430.54-512.00 Q = 53.82-64.00 after 5922.2 sec [total]
done with H-- for K = 430.54-512.00 Q = 53.82-64.00 after 5922.6 sec [total]
done with UU for K = 512.00-608.87 Q = 53.82-64.00 after 5923.5 sec [total]
done with BB for K = 512.00-608.87 Q = 53.82-64.00 after 5924.6 sec [total]
done with UBTa for K = 512.00-608.87 Q = 53.82-64.00 after 5924.8 sec [total]
done with UBTb for K = 512.00-608.87 Q = 53.82-64.00 after 5925.0 sec [total]
done with UBTbA for K = 512.00-608.87 Q = 53.82-64.00 after 5925.2 sec [total]
done with UBTbC for K = 512.00-608.87 Q = 53.82-64.00 after 5925.5 sec [total]
done with H for K = 512.00-608.87 Q = 53.82-64.00 after 5926.3 sec [total]
done with H++ for K = 512.00-608.87 Q = 53.82-64.00 after 5929.5 sec [total]
done with H+- for K = 512.00-608.87 Q = 53.82-64.00 after 5930.6 sec [total]
done with H-+ for K = 512.00-608.87 Q = 53.82-64.00 after 5931.7 sec [total]
done with H-- for K = 512.00-608.87 Q = 53.82-64.00 after 5932.2 sec [total]
done with UU for K = 608.87-724.08 Q = 53.82-64.00 after 5933.2 sec [total]
done with BB for K = 608.87-724.08 Q = 53.82-64.00 after 5934.2 sec [total]
done with UBTa for K = 608.87-724.08 Q = 53.82-64.00 after 5934.4 sec [total]
done with UBTb for K = 608.87-724.08 Q = 53.82-64.00 after 5934.6 sec [total]
done with UBTbA for K = 608.87-724.08 Q = 53.82-64.00 after 5934.8 sec [total]
done with UBTbC for K = 608.87-724.08 Q = 53.82-64.00 after 5935.1 sec [total]
done with H for K = 608.87-724.08 Q = 53.82-64.00 after 5936.0 sec [total]
done with H++ for K = 608.87-724.08 Q = 53.82-64.00 after 5939.1 sec [total]
done with H+- for K = 608.87-724.08 Q = 53.82-64.00 after 5940.5 sec [total]
done with H-+ for K = 608.87-724.08 Q = 53.82-64.00 after 5941.7 sec [total]
done with H-- for K = 608.87-724.08 Q = 53.82-64.00 after 5941.9 sec [total]
done with UU for K = 724.08-861.08 Q = 53.82-64.00 after 5942.8 sec [total]
done with BB for K = 724.08-861.08 Q = 53.82-64.00 after 5943.8 sec [total]
done with UBTa for K = 724.08-861.08 Q = 53.82-64.00 after 5944.0 sec [total]
done with UBTb for K = 724.08-861.08 Q = 53.82-64.00 after 5944.2 sec [total]
done with UBTbA for K = 724.08-861.08 Q = 53.82-64.00 after 5944.4 sec [total]
done with UBTbC for K = 724.08-861.08 Q = 53.82-64.00 after 5944.7 sec [total]
done with H for K = 724.08-861.08 Q = 53.82-64.00 after 5945.6 sec [total]
done with H++ for K = 724.08-861.08 Q = 53.82-64.00 after 5948.8 sec [total]
done with H+- for K = 724.08-861.08 Q = 53.82-64.00 after 5949.9 sec [total]
done with H-+ for K = 724.08-861.08 Q = 53.82-64.00 after 5951.0 sec [total]
done with H-- for K = 724.08-861.08 Q = 53.82-64.00 after 5951.5 sec [total]
done with UU for K = 861.08-1024.00 Q = 53.82-64.00 after 5952.4 sec [total]
done with BB for K = 861.08-1024.00 Q = 53.82-64.00 after 5953.4 sec [total]
done with UBTa for K = 861.08-1024.00 Q = 53.82-64.00 after 5953.6 sec [total]
done with UBTb for K = 861.08-1024.00 Q = 53.82-64.00 after 5953.8 sec [total]
done with UBTbA for K = 861.08-1024.00 Q = 53.82-64.00 after 5954.0 sec [total]
done with UBTbC for K = 861.08-1024.00 Q = 53.82-64.00 after 5954.3 sec [total]
done with H for K = 861.08-1024.00 Q = 53.82-64.00 after 5955.2 sec [total]
done with H++ for K = 861.08-1024.00 Q = 53.82-64.00 after 5958.3 sec [total]
done with H+- for K = 861.08-1024.00 Q = 53.82-64.00 after 5959.5 sec [total]
done with H-+ for K = 861.08-1024.00 Q = 53.82-64.00 after 5960.7 sec [total]
done with H-- for K = 861.08-1024.00 Q = 53.82-64.00 after 5961.0 sec [total]
done with UU for K = 0.00-3.36 Q = 64.00-76.11 after 5962.8 sec [total]
done with BB for K = 0.00-3.36 Q = 64.00-76.11 after 5964.9 sec [total]
done with UBTa for K = 0.00-3.36 Q = 64.00-76.11 after 5965.9 sec [total]
done with UBTb for K = 0.00-3.36 Q = 64.00-76.11 after 5967.1 sec [total]
done with UBTbA for K = 0.00-3.36 Q = 64.00-76.11 after 5968.1 sec [total]
done with UBTbC for K = 0.00-3.36 Q = 64.00-76.11 after 5968.4 sec [total]
done with H for K = 0.00-3.36 Q = 64.00-76.11 after 5969.3 sec [total]
done with H++ for K = 0.00-3.36 Q = 64.00-76.11 after 5972.5 sec [total]
done with H+- for K = 0.00-3.36 Q = 64.00-76.11 after 5973.8 sec [total]
done with H-+ for K = 0.00-3.36 Q = 64.00-76.11 after 5975.1 sec [total]
done with H-- for K = 0.00-3.36 Q = 64.00-76.11 after 5975.3 sec [total]
done with UU for K = 3.36-4.00 Q = 64.00-76.11 after 5976.2 sec [total]
done with BB for K = 3.36-4.00 Q = 64.00-76.11 after 5977.2 sec [total]
done with UBTa for K = 3.36-4.00 Q = 64.00-76.11 after 5977.4 sec [total]
done with UBTb for K = 3.36-4.00 Q = 64.00-76.11 after 5977.5 sec [total]
done with UBTbA for K = 3.36-4.00 Q = 64.00-76.11 after 5977.7 sec [total]
done with UBTbC for K = 3.36-4.00 Q = 64.00-76.11 after 5978.0 sec [total]
done with H for K = 3.36-4.00 Q = 64.00-76.11 after 5978.9 sec [total]
done with H++ for K = 3.36-4.00 Q = 64.00-76.11 after 5982.0 sec [total]
done with H+- for K = 3.36-4.00 Q = 64.00-76.11 after 5983.2 sec [total]
done with H-+ for K = 3.36-4.00 Q = 64.00-76.11 after 5984.3 sec [total]
done with H-- for K = 3.36-4.00 Q = 64.00-76.11 after 5984.8 sec [total]
done with UU for K = 4.00-4.76 Q = 64.00-76.11 after 5985.7 sec [total]
done with BB for K = 4.00-4.76 Q = 64.00-76.11 after 5986.8 sec [total]
done with UBTa for K = 4.00-4.76 Q = 64.00-76.11 after 5986.9 sec [total]
done with UBTb for K = 4.00-4.76 Q = 64.00-76.11 after 5987.1 sec [total]
done with UBTbA for K = 4.00-4.76 Q = 64.00-76.11 after 5987.2 sec [total]
done with UBTbC for K = 4.00-4.76 Q = 64.00-76.11 after 5987.5 sec [total]
done with H for K = 4.00-4.76 Q = 64.00-76.11 after 5988.4 sec [total]
done with H++ for K = 4.00-4.76 Q = 64.00-76.11 after 5991.6 sec [total]
done with H+- for K = 4.00-4.76 Q = 64.00-76.11 after 5992.6 sec [total]
done with H-+ for K = 4.00-4.76 Q = 64.00-76.11 after 5993.7 sec [total]
done with H-- for K = 4.00-4.76 Q = 64.00-76.11 after 5994.4 sec [total]
done with UU for K = 4.76-5.66 Q = 64.00-76.11 after 5995.3 sec [total]
done with BB for K = 4.76-5.66 Q = 64.00-76.11 after 5996.3 sec [total]
done with UBTa for K = 4.76-5.66 Q = 64.00-76.11 after 5996.5 sec [total]
done with UBTb for K = 4.76-5.66 Q = 64.00-76.11 after 5996.6 sec [total]
done with UBTbA for K = 4.76-5.66 Q = 64.00-76.11 after 5996.8 sec [total]
done with UBTbC for K = 4.76-5.66 Q = 64.00-76.11 after 5997.1 sec [total]
done with H for K = 4.76-5.66 Q = 64.00-76.11 after 5998.0 sec [total]
done with H++ for K = 4.76-5.66 Q = 64.00-76.11 after 6001.1 sec [total]
done with H+- for K = 4.76-5.66 Q = 64.00-76.11 after 6002.2 sec [total]
done with H-+ for K = 4.76-5.66 Q = 64.00-76.11 after 6003.4 sec [total]
done with H-- for K = 4.76-5.66 Q = 64.00-76.11 after 6003.9 sec [total]
done with UU for K = 5.66-6.73 Q = 64.00-76.11 after 6004.8 sec [total]
done with BB for K = 5.66-6.73 Q = 64.00-76.11 after 6005.9 sec [total]
done with UBTa for K = 5.66-6.73 Q = 64.00-76.11 after 6006.0 sec [total]
done with UBTb for K = 5.66-6.73 Q = 64.00-76.11 after 6006.2 sec [total]
done with UBTbA for K = 5.66-6.73 Q = 64.00-76.11 after 6006.4 sec [total]
done with UBTbC for K = 5.66-6.73 Q = 64.00-76.11 after 6006.7 sec [total]
done with H for K = 5.66-6.73 Q = 64.00-76.11 after 6007.6 sec [total]
done with H++ for K = 5.66-6.73 Q = 64.00-76.11 after 6010.7 sec [total]
done with H+- for K = 5.66-6.73 Q = 64.00-76.11 after 6011.9 sec [total]
done with H-+ for K = 5.66-6.73 Q = 64.00-76.11 after 6013.3 sec [total]
done with H-- for K = 5.66-6.73 Q = 64.00-76.11 after 6013.5 sec [total]
done with UU for K = 6.73-8.00 Q = 64.00-76.11 after 6014.4 sec [total]
done with BB for K = 6.73-8.00 Q = 64.00-76.11 after 6015.4 sec [total]
done with UBTa for K = 6.73-8.00 Q = 64.00-76.11 after 6015.6 sec [total]
done with UBTb for K = 6.73-8.00 Q = 64.00-76.11 after 6015.8 sec [total]
done with UBTbA for K = 6.73-8.00 Q = 64.00-76.11 after 6015.9 sec [total]
done with UBTbC for K = 6.73-8.00 Q = 64.00-76.11 after 6016.3 sec [total]
done with H for K = 6.73-8.00 Q = 64.00-76.11 after 6017.1 sec [total]
done with H++ for K = 6.73-8.00 Q = 64.00-76.11 after 6020.3 sec [total]
done with H+- for K = 6.73-8.00 Q = 64.00-76.11 after 6021.4 sec [total]
done with H-+ for K = 6.73-8.00 Q = 64.00-76.11 after 6022.5 sec [total]
done with H-- for K = 6.73-8.00 Q = 64.00-76.11 after 6023.1 sec [total]
done with UU for K = 8.00-9.51 Q = 64.00-76.11 after 6024.0 sec [total]
done with BB for K = 8.00-9.51 Q = 64.00-76.11 after 6025.0 sec [total]
done with UBTa for K = 8.00-9.51 Q = 64.00-76.11 after 6025.2 sec [total]
done with UBTb for K = 8.00-9.51 Q = 64.00-76.11 after 6025.3 sec [total]
done with UBTbA for K = 8.00-9.51 Q = 64.00-76.11 after 6025.5 sec [total]
done with UBTbC for K = 8.00-9.51 Q = 64.00-76.11 after 6025.9 sec [total]
done with H for K = 8.00-9.51 Q = 64.00-76.11 after 6026.7 sec [total]
done with H++ for K = 8.00-9.51 Q = 64.00-76.11 after 6029.8 sec [total]
done with H+- for K = 8.00-9.51 Q = 64.00-76.11 after 6031.0 sec [total]
done with H-+ for K = 8.00-9.51 Q = 64.00-76.11 after 6032.2 sec [total]
done with H-- for K = 8.00-9.51 Q = 64.00-76.11 after 6032.6 sec [total]
done with UU for K = 9.51-11.31 Q = 64.00-76.11 after 6033.5 sec [total]
done with BB for K = 9.51-11.31 Q = 64.00-76.11 after 6034.5 sec [total]
done with UBTa for K = 9.51-11.31 Q = 64.00-76.11 after 6034.7 sec [total]
done with UBTb for K = 9.51-11.31 Q = 64.00-76.11 after 6034.8 sec [total]
done with UBTbA for K = 9.51-11.31 Q = 64.00-76.11 after 6035.0 sec [total]
done with UBTbC for K = 9.51-11.31 Q = 64.00-76.11 after 6035.3 sec [total]
done with H for K = 9.51-11.31 Q = 64.00-76.11 after 6036.2 sec [total]
done with H++ for K = 9.51-11.31 Q = 64.00-76.11 after 6039.3 sec [total]
done with H+- for K = 9.51-11.31 Q = 64.00-76.11 after 6040.5 sec [total]
done with H-+ for K = 9.51-11.31 Q = 64.00-76.11 after 6041.6 sec [total]
done with H-- for K = 9.51-11.31 Q = 64.00-76.11 after 6042.1 sec [total]
done with UU for K = 11.31-13.45 Q = 64.00-76.11 after 6043.0 sec [total]
done with BB for K = 11.31-13.45 Q = 64.00-76.11 after 6044.0 sec [total]
done with UBTa for K = 11.31-13.45 Q = 64.00-76.11 after 6044.2 sec [total]
done with UBTb for K = 11.31-13.45 Q = 64.00-76.11 after 6044.4 sec [total]
done with UBTbA for K = 11.31-13.45 Q = 64.00-76.11 after 6044.5 sec [total]
done with UBTbC for K = 11.31-13.45 Q = 64.00-76.11 after 6044.9 sec [total]
done with H for K = 11.31-13.45 Q = 64.00-76.11 after 6045.7 sec [total]
done with H++ for K = 11.31-13.45 Q = 64.00-76.11 after 6048.8 sec [total]
done with H+- for K = 11.31-13.45 Q = 64.00-76.11 after 6050.0 sec [total]
done with H-+ for K = 11.31-13.45 Q = 64.00-76.11 after 6051.1 sec [total]
done with H-- for K = 11.31-13.45 Q = 64.00-76.11 after 6051.7 sec [total]
done with UU for K = 13.45-16.00 Q = 64.00-76.11 after 6052.6 sec [total]
done with BB for K = 13.45-16.00 Q = 64.00-76.11 after 6053.6 sec [total]
done with UBTa for K = 13.45-16.00 Q = 64.00-76.11 after 6053.7 sec [total]
done with UBTb for K = 13.45-16.00 Q = 64.00-76.11 after 6053.9 sec [total]
done with UBTbA for K = 13.45-16.00 Q = 64.00-76.11 after 6054.1 sec [total]
done with UBTbC for K = 13.45-16.00 Q = 64.00-76.11 after 6054.4 sec [total]
done with H for K = 13.45-16.00 Q = 64.00-76.11 after 6055.3 sec [total]
done with H++ for K = 13.45-16.00 Q = 64.00-76.11 after 6058.4 sec [total]
done with H+- for K = 13.45-16.00 Q = 64.00-76.11 after 6059.7 sec [total]
done with H-+ for K = 13.45-16.00 Q = 64.00-76.11 after 6060.9 sec [total]
done with H-- for K = 13.45-16.00 Q = 64.00-76.11 after 6061.2 sec [total]
done with UU for K = 16.00-19.03 Q = 64.00-76.11 after 6062.1 sec [total]
done with BB for K = 16.00-19.03 Q = 64.00-76.11 after 6063.1 sec [total]
done with UBTa for K = 16.00-19.03 Q = 64.00-76.11 after 6063.3 sec [total]
done with UBTb for K = 16.00-19.03 Q = 64.00-76.11 after 6063.5 sec [total]
done with UBTbA for K = 16.00-19.03 Q = 64.00-76.11 after 6063.6 sec [total]
done with UBTbC for K = 16.00-19.03 Q = 64.00-76.11 after 6063.9 sec [total]
done with H for K = 16.00-19.03 Q = 64.00-76.11 after 6064.8 sec [total]
done with H++ for K = 16.00-19.03 Q = 64.00-76.11 after 6068.0 sec [total]
done with H+- for K = 16.00-19.03 Q = 64.00-76.11 after 6069.2 sec [total]
done with H-+ for K = 16.00-19.03 Q = 64.00-76.11 after 6070.3 sec [total]
done with H-- for K = 16.00-19.03 Q = 64.00-76.11 after 6070.7 sec [total]
done with UU for K = 19.03-22.63 Q = 64.00-76.11 after 6071.6 sec [total]
done with BB for K = 19.03-22.63 Q = 64.00-76.11 after 6072.7 sec [total]
done with UBTa for K = 19.03-22.63 Q = 64.00-76.11 after 6072.8 sec [total]
done with UBTb for K = 19.03-22.63 Q = 64.00-76.11 after 6073.0 sec [total]
done with UBTbA for K = 19.03-22.63 Q = 64.00-76.11 after 6073.2 sec [total]
done with UBTbC for K = 19.03-22.63 Q = 64.00-76.11 after 6073.5 sec [total]
done with H for K = 19.03-22.63 Q = 64.00-76.11 after 6074.3 sec [total]
done with H++ for K = 19.03-22.63 Q = 64.00-76.11 after 6077.5 sec [total]
done with H+- for K = 19.03-22.63 Q = 64.00-76.11 after 6078.7 sec [total]
done with H-+ for K = 19.03-22.63 Q = 64.00-76.11 after 6079.9 sec [total]
done with H-- for K = 19.03-22.63 Q = 64.00-76.11 after 6080.3 sec [total]
done with UU for K = 22.63-26.91 Q = 64.00-76.11 after 6081.2 sec [total]
done with BB for K = 22.63-26.91 Q = 64.00-76.11 after 6082.1 sec [total]
done with UBTa for K = 22.63-26.91 Q = 64.00-76.11 after 6082.3 sec [total]
done with UBTb for K = 22.63-26.91 Q = 64.00-76.11 after 6082.5 sec [total]
done with UBTbA for K = 22.63-26.91 Q = 64.00-76.11 after 6082.7 sec [total]
done with UBTbC for K = 22.63-26.91 Q = 64.00-76.11 after 6083.0 sec [total]
done with H for K = 22.63-26.91 Q = 64.00-76.11 after 6083.9 sec [total]
done with H++ for K = 22.63-26.91 Q = 64.00-76.11 after 6087.1 sec [total]
done with H+- for K = 22.63-26.91 Q = 64.00-76.11 after 6088.3 sec [total]
done with H-+ for K = 22.63-26.91 Q = 64.00-76.11 after 6089.5 sec [total]
done with H-- for K = 22.63-26.91 Q = 64.00-76.11 after 6089.8 sec [total]
done with UU for K = 26.91-32.00 Q = 64.00-76.11 after 6090.7 sec [total]
done with BB for K = 26.91-32.00 Q = 64.00-76.11 after 6091.8 sec [total]
done with UBTa for K = 26.91-32.00 Q = 64.00-76.11 after 6091.9 sec [total]
done with UBTb for K = 26.91-32.00 Q = 64.00-76.11 after 6092.1 sec [total]
done with UBTbA for K = 26.91-32.00 Q = 64.00-76.11 after 6092.3 sec [total]
done with UBTbC for K = 26.91-32.00 Q = 64.00-76.11 after 6092.6 sec [total]
done with H for K = 26.91-32.00 Q = 64.00-76.11 after 6093.5 sec [total]
done with H++ for K = 26.91-32.00 Q = 64.00-76.11 after 6096.6 sec [total]
done with H+- for K = 26.91-32.00 Q = 64.00-76.11 after 6097.8 sec [total]
done with H-+ for K = 26.91-32.00 Q = 64.00-76.11 after 6099.1 sec [total]
done with H-- for K = 26.91-32.00 Q = 64.00-76.11 after 6099.4 sec [total]
done with UU for K = 32.00-38.05 Q = 64.00-76.11 after 6100.3 sec [total]
done with BB for K = 32.00-38.05 Q = 64.00-76.11 after 6101.3 sec [total]
done with UBTa for K = 32.00-38.05 Q = 64.00-76.11 after 6101.4 sec [total]
done with UBTb for K = 32.00-38.05 Q = 64.00-76.11 after 6101.6 sec [total]
done with UBTbA for K = 32.00-38.05 Q = 64.00-76.11 after 6101.8 sec [total]
done with UBTbC for K = 32.00-38.05 Q = 64.00-76.11 after 6102.2 sec [total]
done with H for K = 32.00-38.05 Q = 64.00-76.11 after 6103.0 sec [total]
done with H++ for K = 32.00-38.05 Q = 64.00-76.11 after 6106.2 sec [total]
done with H+- for K = 32.00-38.05 Q = 64.00-76.11 after 6107.2 sec [total]
done with H-+ for K = 32.00-38.05 Q = 64.00-76.11 after 6108.4 sec [total]
done with H-- for K = 32.00-38.05 Q = 64.00-76.11 after 6108.9 sec [total]
done with UU for K = 38.05-45.25 Q = 64.00-76.11 after 6109.8 sec [total]
done with BB for K = 38.05-45.25 Q = 64.00-76.11 after 6110.9 sec [total]
done with UBTa for K = 38.05-45.25 Q = 64.00-76.11 after 6111.0 sec [total]
done with UBTb for K = 38.05-45.25 Q = 64.00-76.11 after 6111.2 sec [total]
done with UBTbA for K = 38.05-45.25 Q = 64.00-76.11 after 6111.4 sec [total]
done with UBTbC for K = 38.05-45.25 Q = 64.00-76.11 after 6111.7 sec [total]
done with H for K = 38.05-45.25 Q = 64.00-76.11 after 6112.6 sec [total]
done with H++ for K = 38.05-45.25 Q = 64.00-76.11 after 6115.8 sec [total]
done with H+- for K = 38.05-45.25 Q = 64.00-76.11 after 6116.9 sec [total]
done with H-+ for K = 38.05-45.25 Q = 64.00-76.11 after 6118.2 sec [total]
done with H-- for K = 38.05-45.25 Q = 64.00-76.11 after 6118.5 sec [total]
done with UU for K = 45.25-53.82 Q = 64.00-76.11 after 6119.4 sec [total]
done with BB for K = 45.25-53.82 Q = 64.00-76.11 after 6120.4 sec [total]
done with UBTa for K = 45.25-53.82 Q = 64.00-76.11 after 6120.6 sec [total]
done with UBTb for K = 45.25-53.82 Q = 64.00-76.11 after 6120.8 sec [total]
done with UBTbA for K = 45.25-53.82 Q = 64.00-76.11 after 6120.9 sec [total]
done with UBTbC for K = 45.25-53.82 Q = 64.00-76.11 after 6121.3 sec [total]
done with H for K = 45.25-53.82 Q = 64.00-76.11 after 6122.1 sec [total]
done with H++ for K = 45.25-53.82 Q = 64.00-76.11 after 6125.3 sec [total]
done with H+- for K = 45.25-53.82 Q = 64.00-76.11 after 6126.6 sec [total]
done with H-+ for K = 45.25-53.82 Q = 64.00-76.11 after 6127.7 sec [total]
done with H-- for K = 45.25-53.82 Q = 64.00-76.11 after 6128.1 sec [total]
done with UU for K = 53.82-64.00 Q = 64.00-76.11 after 6129.0 sec [total]
done with BB for K = 53.82-64.00 Q = 64.00-76.11 after 6130.0 sec [total]
done with UBTa for K = 53.82-64.00 Q = 64.00-76.11 after 6130.2 sec [total]
done with UBTb for K = 53.82-64.00 Q = 64.00-76.11 after 6130.3 sec [total]
done with UBTbA for K = 53.82-64.00 Q = 64.00-76.11 after 6130.5 sec [total]
done with UBTbC for K = 53.82-64.00 Q = 64.00-76.11 after 6130.8 sec [total]
done with H for K = 53.82-64.00 Q = 64.00-76.11 after 6131.7 sec [total]
done with H++ for K = 53.82-64.00 Q = 64.00-76.11 after 6134.9 sec [total]
done with H+- for K = 53.82-64.00 Q = 64.00-76.11 after 6136.1 sec [total]
done with H-+ for K = 53.82-64.00 Q = 64.00-76.11 after 6137.2 sec [total]
done with H-- for K = 53.82-64.00 Q = 64.00-76.11 after 6137.6 sec [total]
done with UU for K = 64.00-76.11 Q = 64.00-76.11 after 6138.5 sec [total]
done with BB for K = 64.00-76.11 Q = 64.00-76.11 after 6139.5 sec [total]
done with UBTa for K = 64.00-76.11 Q = 64.00-76.11 after 6139.7 sec [total]
done with UBTb for K = 64.00-76.11 Q = 64.00-76.11 after 6139.9 sec [total]
done with UBTbA for K = 64.00-76.11 Q = 64.00-76.11 after 6140.0 sec [total]
done with UBTbC for K = 64.00-76.11 Q = 64.00-76.11 after 6140.3 sec [total]
done with H for K = 64.00-76.11 Q = 64.00-76.11 after 6141.3 sec [total]
done with H++ for K = 64.00-76.11 Q = 64.00-76.11 after 6144.4 sec [total]
done with H+- for K = 64.00-76.11 Q = 64.00-76.11 after 6145.7 sec [total]
done with H-+ for K = 64.00-76.11 Q = 64.00-76.11 after 6147.0 sec [total]
done with H-- for K = 64.00-76.11 Q = 64.00-76.11 after 6147.2 sec [total]
done with UU for K = 76.11-90.51 Q = 64.00-76.11 after 6148.1 sec [total]
done with BB for K = 76.11-90.51 Q = 64.00-76.11 after 6149.1 sec [total]
done with UBTa for K = 76.11-90.51 Q = 64.00-76.11 after 6149.3 sec [total]
done with UBTb for K = 76.11-90.51 Q = 64.00-76.11 after 6149.4 sec [total]
done with UBTbA for K = 76.11-90.51 Q = 64.00-76.11 after 6149.6 sec [total]
done with UBTbC for K = 76.11-90.51 Q = 64.00-76.11 after 6149.9 sec [total]
done with H for K = 76.11-90.51 Q = 64.00-76.11 after 6150.9 sec [total]
done with H++ for K = 76.11-90.51 Q = 64.00-76.11 after 6154.0 sec [total]
done with H+- for K = 76.11-90.51 Q = 64.00-76.11 after 6155.2 sec [total]
done with H-+ for K = 76.11-90.51 Q = 64.00-76.11 after 6156.3 sec [total]
done with H-- for K = 76.11-90.51 Q = 64.00-76.11 after 6156.8 sec [total]
done with UU for K = 90.51-107.63 Q = 64.00-76.11 after 6157.7 sec [total]
done with BB for K = 90.51-107.63 Q = 64.00-76.11 after 6158.7 sec [total]
done with UBTa for K = 90.51-107.63 Q = 64.00-76.11 after 6158.8 sec [total]
done with UBTb for K = 90.51-107.63 Q = 64.00-76.11 after 6159.0 sec [total]
done with UBTbA for K = 90.51-107.63 Q = 64.00-76.11 after 6159.2 sec [total]
done with UBTbC for K = 90.51-107.63 Q = 64.00-76.11 after 6159.5 sec [total]
done with H for K = 90.51-107.63 Q = 64.00-76.11 after 6160.4 sec [total]
done with H++ for K = 90.51-107.63 Q = 64.00-76.11 after 6163.6 sec [total]
done with H+- for K = 90.51-107.63 Q = 64.00-76.11 after 6164.8 sec [total]
done with H-+ for K = 90.51-107.63 Q = 64.00-76.11 after 6166.1 sec [total]
done with H-- for K = 90.51-107.63 Q = 64.00-76.11 after 6166.3 sec [total]
done with UU for K = 107.63-128.00 Q = 64.00-76.11 after 6167.2 sec [total]
done with BB for K = 107.63-128.00 Q = 64.00-76.11 after 6168.2 sec [total]
done with UBTa for K = 107.63-128.00 Q = 64.00-76.11 after 6168.4 sec [total]
done with UBTb for K = 107.63-128.00 Q = 64.00-76.11 after 6168.6 sec [total]
done with UBTbA for K = 107.63-128.00 Q = 64.00-76.11 after 6168.8 sec [total]
done with UBTbC for K = 107.63-128.00 Q = 64.00-76.11 after 6169.1 sec [total]
done with H for K = 107.63-128.00 Q = 64.00-76.11 after 6169.9 sec [total]
done with H++ for K = 107.63-128.00 Q = 64.00-76.11 after 6173.1 sec [total]
done with H+- for K = 107.63-128.00 Q = 64.00-76.11 after 6174.3 sec [total]
done with H-+ for K = 107.63-128.00 Q = 64.00-76.11 after 6175.5 sec [total]
done with H-- for K = 107.63-128.00 Q = 64.00-76.11 after 6175.9 sec [total]
done with UU for K = 128.00-152.22 Q = 64.00-76.11 after 6176.8 sec [total]
done with BB for K = 128.00-152.22 Q = 64.00-76.11 after 6177.8 sec [total]
done with UBTa for K = 128.00-152.22 Q = 64.00-76.11 after 6178.0 sec [total]
done with UBTb for K = 128.00-152.22 Q = 64.00-76.11 after 6178.1 sec [total]
done with UBTbA for K = 128.00-152.22 Q = 64.00-76.11 after 6178.3 sec [total]
done with UBTbC for K = 128.00-152.22 Q = 64.00-76.11 after 6178.6 sec [total]
done with H for K = 128.00-152.22 Q = 64.00-76.11 after 6179.5 sec [total]
done with H++ for K = 128.00-152.22 Q = 64.00-76.11 after 6182.7 sec [total]
done with H+- for K = 128.00-152.22 Q = 64.00-76.11 after 6183.8 sec [total]
done with H-+ for K = 128.00-152.22 Q = 64.00-76.11 after 6184.9 sec [total]
done with H-- for K = 128.00-152.22 Q = 64.00-76.11 after 6185.5 sec [total]
done with UU for K = 152.22-181.02 Q = 64.00-76.11 after 6186.4 sec [total]
done with BB for K = 152.22-181.02 Q = 64.00-76.11 after 6187.3 sec [total]
done with UBTa for K = 152.22-181.02 Q = 64.00-76.11 after 6187.5 sec [total]
done with UBTb for K = 152.22-181.02 Q = 64.00-76.11 after 6187.7 sec [total]
done with UBTbA for K = 152.22-181.02 Q = 64.00-76.11 after 6187.9 sec [total]
done with UBTbC for K = 152.22-181.02 Q = 64.00-76.11 after 6188.2 sec [total]
done with H for K = 152.22-181.02 Q = 64.00-76.11 after 6189.1 sec [total]
done with H++ for K = 152.22-181.02 Q = 64.00-76.11 after 6192.2 sec [total]
done with H+- for K = 152.22-181.02 Q = 64.00-76.11 after 6193.4 sec [total]
done with H-+ for K = 152.22-181.02 Q = 64.00-76.11 after 6194.6 sec [total]
done with H-- for K = 152.22-181.02 Q = 64.00-76.11 after 6195.0 sec [total]
done with UU for K = 181.02-215.27 Q = 64.00-76.11 after 6195.9 sec [total]
done with BB for K = 181.02-215.27 Q = 64.00-76.11 after 6196.9 sec [total]
done with UBTa for K = 181.02-215.27 Q = 64.00-76.11 after 6197.0 sec [total]
done with UBTb for K = 181.02-215.27 Q = 64.00-76.11 after 6197.2 sec [total]
done with UBTbA for K = 181.02-215.27 Q = 64.00-76.11 after 6197.4 sec [total]
done with UBTbC for K = 181.02-215.27 Q = 64.00-76.11 after 6197.7 sec [total]
done with H for K = 181.02-215.27 Q = 64.00-76.11 after 6198.6 sec [total]
done with H++ for K = 181.02-215.27 Q = 64.00-76.11 after 6201.7 sec [total]
done with H+- for K = 181.02-215.27 Q = 64.00-76.11 after 6202.9 sec [total]
done with H-+ for K = 181.02-215.27 Q = 64.00-76.11 after 6204.0 sec [total]
done with H-- for K = 181.02-215.27 Q = 64.00-76.11 after 6204.5 sec [total]
done with UU for K = 215.27-256.00 Q = 64.00-76.11 after 6205.4 sec [total]
done with BB for K = 215.27-256.00 Q = 64.00-76.11 after 6206.4 sec [total]
done with UBTa for K = 215.27-256.00 Q = 64.00-76.11 after 6206.6 sec [total]
done with UBTb for K = 215.27-256.00 Q = 64.00-76.11 after 6206.8 sec [total]
done with UBTbA for K = 215.27-256.00 Q = 64.00-76.11 after 6207.0 sec [total]
done with UBTbC for K = 215.27-256.00 Q = 64.00-76.11 after 6207.3 sec [total]
done with H for K = 215.27-256.00 Q = 64.00-76.11 after 6208.2 sec [total]
done with H++ for K = 215.27-256.00 Q = 64.00-76.11 after 6211.4 sec [total]
done with H+- for K = 215.27-256.00 Q = 64.00-76.11 after 6212.5 sec [total]
done with H-+ for K = 215.27-256.00 Q = 64.00-76.11 after 6213.5 sec [total]
done with H-- for K = 215.27-256.00 Q = 64.00-76.11 after 6214.1 sec [total]
done with UU for K = 256.00-304.44 Q = 64.00-76.11 after 6215.0 sec [total]
done with BB for K = 256.00-304.44 Q = 64.00-76.11 after 6216.0 sec [total]
done with UBTa for K = 256.00-304.44 Q = 64.00-76.11 after 6216.2 sec [total]
done with UBTb for K = 256.00-304.44 Q = 64.00-76.11 after 6216.4 sec [total]
done with UBTbA for K = 256.00-304.44 Q = 64.00-76.11 after 6216.5 sec [total]
done with UBTbC for K = 256.00-304.44 Q = 64.00-76.11 after 6216.8 sec [total]
done with H for K = 256.00-304.44 Q = 64.00-76.11 after 6217.7 sec [total]
done with H++ for K = 256.00-304.44 Q = 64.00-76.11 after 6220.9 sec [total]
done with H+- for K = 256.00-304.44 Q = 64.00-76.11 after 6222.1 sec [total]
done with H-+ for K = 256.00-304.44 Q = 64.00-76.11 after 6223.3 sec [total]
done with H-- for K = 256.00-304.44 Q = 64.00-76.11 after 6223.7 sec [total]
done with UU for K = 304.44-362.04 Q = 64.00-76.11 after 6224.6 sec [total]
done with BB for K = 304.44-362.04 Q = 64.00-76.11 after 6225.5 sec [total]
done with UBTa for K = 304.44-362.04 Q = 64.00-76.11 after 6225.7 sec [total]
done with UBTb for K = 304.44-362.04 Q = 64.00-76.11 after 6225.9 sec [total]
done with UBTbA for K = 304.44-362.04 Q = 64.00-76.11 after 6226.1 sec [total]
done with UBTbC for K = 304.44-362.04 Q = 64.00-76.11 after 6226.4 sec [total]
done with H for K = 304.44-362.04 Q = 64.00-76.11 after 6227.3 sec [total]
done with H++ for K = 304.44-362.04 Q = 64.00-76.11 after 6230.4 sec [total]
done with H+- for K = 304.44-362.04 Q = 64.00-76.11 after 6231.5 sec [total]
done with H-+ for K = 304.44-362.04 Q = 64.00-76.11 after 6232.7 sec [total]
done with H-- for K = 304.44-362.04 Q = 64.00-76.11 after 6233.2 sec [total]
done with UU for K = 362.04-430.54 Q = 64.00-76.11 after 6234.1 sec [total]
done with BB for K = 362.04-430.54 Q = 64.00-76.11 after 6235.1 sec [total]
done with UBTa for K = 362.04-430.54 Q = 64.00-76.11 after 6235.3 sec [total]
done with UBTb for K = 362.04-430.54 Q = 64.00-76.11 after 6235.4 sec [total]
done with UBTbA for K = 362.04-430.54 Q = 64.00-76.11 after 6235.6 sec [total]
done with UBTbC for K = 362.04-430.54 Q = 64.00-76.11 after 6235.9 sec [total]
done with H for K = 362.04-430.54 Q = 64.00-76.11 after 6236.9 sec [total]
done with H++ for K = 362.04-430.54 Q = 64.00-76.11 after 6240.1 sec [total]
done with H+- for K = 362.04-430.54 Q = 64.00-76.11 after 6241.2 sec [total]
done with H-+ for K = 362.04-430.54 Q = 64.00-76.11 after 6242.3 sec [total]
done with H-- for K = 362.04-430.54 Q = 64.00-76.11 after 6242.8 sec [total]
done with UU for K = 430.54-512.00 Q = 64.00-76.11 after 6243.7 sec [total]
done with BB for K = 430.54-512.00 Q = 64.00-76.11 after 6244.7 sec [total]
done with UBTa for K = 430.54-512.00 Q = 64.00-76.11 after 6244.9 sec [total]
done with UBTb for K = 430.54-512.00 Q = 64.00-76.11 after 6245.0 sec [total]
done with UBTbA for K = 430.54-512.00 Q = 64.00-76.11 after 6245.2 sec [total]
done with UBTbC for K = 430.54-512.00 Q = 64.00-76.11 after 6245.6 sec [total]
done with H for K = 430.54-512.00 Q = 64.00-76.11 after 6246.4 sec [total]
done with H++ for K = 430.54-512.00 Q = 64.00-76.11 after 6249.6 sec [total]
done with H+- for K = 430.54-512.00 Q = 64.00-76.11 after 6250.7 sec [total]
done with H-+ for K = 430.54-512.00 Q = 64.00-76.11 after 6251.8 sec [total]
done with H-- for K = 430.54-512.00 Q = 64.00-76.11 after 6252.3 sec [total]
done with UU for K = 512.00-608.87 Q = 64.00-76.11 after 6253.2 sec [total]
done with BB for K = 512.00-608.87 Q = 64.00-76.11 after 6254.3 sec [total]
done with UBTa for K = 512.00-608.87 Q = 64.00-76.11 after 6254.4 sec [total]
done with UBTb for K = 512.00-608.87 Q = 64.00-76.11 after 6254.6 sec [total]
done with UBTbA for K = 512.00-608.87 Q = 64.00-76.11 after 6254.8 sec [total]
done with UBTbC for K = 512.00-608.87 Q = 64.00-76.11 after 6255.1 sec [total]
done with H for K = 512.00-608.87 Q = 64.00-76.11 after 6256.0 sec [total]
done with H++ for K = 512.00-608.87 Q = 64.00-76.11 after 6259.1 sec [total]
done with H+- for K = 512.00-608.87 Q = 64.00-76.11 after 6260.4 sec [total]
done with H-+ for K = 512.00-608.87 Q = 64.00-76.11 after 6261.7 sec [total]
done with H-- for K = 512.00-608.87 Q = 64.00-76.11 after 6261.9 sec [total]
done with UU for K = 608.87-724.08 Q = 64.00-76.11 after 6262.8 sec [total]
done with BB for K = 608.87-724.08 Q = 64.00-76.11 after 6263.9 sec [total]
done with UBTa for K = 608.87-724.08 Q = 64.00-76.11 after 6264.0 sec [total]
done with UBTb for K = 608.87-724.08 Q = 64.00-76.11 after 6264.2 sec [total]
done with UBTbA for K = 608.87-724.08 Q = 64.00-76.11 after 6264.4 sec [total]
done with UBTbC for K = 608.87-724.08 Q = 64.00-76.11 after 6264.7 sec [total]
done with H for K = 608.87-724.08 Q = 64.00-76.11 after 6265.5 sec [total]
done with H++ for K = 608.87-724.08 Q = 64.00-76.11 after 6268.7 sec [total]
done with H+- for K = 608.87-724.08 Q = 64.00-76.11 after 6270.0 sec [total]
done with H-+ for K = 608.87-724.08 Q = 64.00-76.11 after 6271.3 sec [total]
done with H-- for K = 608.87-724.08 Q = 64.00-76.11 after 6271.5 sec [total]
done with UU for K = 724.08-861.08 Q = 64.00-76.11 after 6272.4 sec [total]
done with BB for K = 724.08-861.08 Q = 64.00-76.11 after 6273.4 sec [total]
done with UBTa for K = 724.08-861.08 Q = 64.00-76.11 after 6273.5 sec [total]
done with UBTb for K = 724.08-861.08 Q = 64.00-76.11 after 6273.7 sec [total]
done with UBTbA for K = 724.08-861.08 Q = 64.00-76.11 after 6273.9 sec [total]
done with UBTbC for K = 724.08-861.08 Q = 64.00-76.11 after 6274.2 sec [total]
done with H for K = 724.08-861.08 Q = 64.00-76.11 after 6275.2 sec [total]
done with H++ for K = 724.08-861.08 Q = 64.00-76.11 after 6278.3 sec [total]
done with H+- for K = 724.08-861.08 Q = 64.00-76.11 after 6279.6 sec [total]
done with H-+ for K = 724.08-861.08 Q = 64.00-76.11 after 6280.9 sec [total]
done with H-- for K = 724.08-861.08 Q = 64.00-76.11 after 6281.1 sec [total]
done with UU for K = 861.08-1024.00 Q = 64.00-76.11 after 6282.0 sec [total]
done with BB for K = 861.08-1024.00 Q = 64.00-76.11 after 6283.0 sec [total]
done with UBTa for K = 861.08-1024.00 Q = 64.00-76.11 after 6283.2 sec [total]
done with UBTb for K = 861.08-1024.00 Q = 64.00-76.11 after 6283.4 sec [total]
done with UBTbA for K = 861.08-1024.00 Q = 64.00-76.11 after 6283.5 sec [total]
done with UBTbC for K = 861.08-1024.00 Q = 64.00-76.11 after 6283.9 sec [total]
done with H for K = 861.08-1024.00 Q = 64.00-76.11 after 6284.7 sec [total]
done with H++ for K = 861.08-1024.00 Q = 64.00-76.11 after 6287.9 sec [total]
done with H+- for K = 861.08-1024.00 Q = 64.00-76.11 after 6289.2 sec [total]
done with H-+ for K = 861.08-1024.00 Q = 64.00-76.11 after 6290.4 sec [total]
done with H-- for K = 861.08-1024.00 Q = 64.00-76.11 after 6290.7 sec [total]
done with UU for K = 0.00-3.36 Q = 76.11-90.51 after 6292.4 sec [total]
done with BB for K = 0.00-3.36 Q = 76.11-90.51 after 6294.7 sec [total]
done with UBTa for K = 0.00-3.36 Q = 76.11-90.51 after 6295.7 sec [total]
done with UBTb for K = 0.00-3.36 Q = 76.11-90.51 after 6296.8 sec [total]
done with UBTbA for K = 0.00-3.36 Q = 76.11-90.51 after 6297.8 sec [total]
done with UBTbC for K = 0.00-3.36 Q = 76.11-90.51 after 6298.1 sec [total]
done with H for K = 0.00-3.36 Q = 76.11-90.51 after 6299.0 sec [total]
done with H++ for K = 0.00-3.36 Q = 76.11-90.51 after 6302.2 sec [total]
done with H+- for K = 0.00-3.36 Q = 76.11-90.51 after 6303.3 sec [total]
done with H-+ for K = 0.00-3.36 Q = 76.11-90.51 after 6304.4 sec [total]
done with H-- for K = 0.00-3.36 Q = 76.11-90.51 after 6305.0 sec [total]
done with UU for K = 3.36-4.00 Q = 76.11-90.51 after 6305.9 sec [total]
done with BB for K = 3.36-4.00 Q = 76.11-90.51 after 6306.9 sec [total]
done with UBTa for K = 3.36-4.00 Q = 76.11-90.51 after 6307.1 sec [total]
done with UBTb for K = 3.36-4.00 Q = 76.11-90.51 after 6307.2 sec [total]
done with UBTbA for K = 3.36-4.00 Q = 76.11-90.51 after 6307.4 sec [total]
done with UBTbC for K = 3.36-4.00 Q = 76.11-90.51 after 6307.8 sec [total]
done with H for K = 3.36-4.00 Q = 76.11-90.51 after 6308.6 sec [total]
done with H++ for K = 3.36-4.00 Q = 76.11-90.51 after 6311.8 sec [total]
done with H+- for K = 3.36-4.00 Q = 76.11-90.51 after 6313.0 sec [total]
done with H-+ for K = 3.36-4.00 Q = 76.11-90.51 after 6314.1 sec [total]
done with H-- for K = 3.36-4.00 Q = 76.11-90.51 after 6314.5 sec [total]
done with UU for K = 4.00-4.76 Q = 76.11-90.51 after 6315.4 sec [total]
done with BB for K = 4.00-4.76 Q = 76.11-90.51 after 6316.5 sec [total]
done with UBTa for K = 4.00-4.76 Q = 76.11-90.51 after 6316.6 sec [total]
done with UBTb for K = 4.00-4.76 Q = 76.11-90.51 after 6316.8 sec [total]
done with UBTbA for K = 4.00-4.76 Q = 76.11-90.51 after 6317.0 sec [total]
done with UBTbC for K = 4.00-4.76 Q = 76.11-90.51 after 6317.4 sec [total]
done with H for K = 4.00-4.76 Q = 76.11-90.51 after 6318.2 sec [total]
done with H++ for K = 4.00-4.76 Q = 76.11-90.51 after 6321.3 sec [total]
done with H+- for K = 4.00-4.76 Q = 76.11-90.51 after 6322.5 sec [total]
done with H-+ for K = 4.00-4.76 Q = 76.11-90.51 after 6323.6 sec [total]
done with H-- for K = 4.00-4.76 Q = 76.11-90.51 after 6324.1 sec [total]
done with UU for K = 4.76-5.66 Q = 76.11-90.51 after 6325.0 sec [total]
done with BB for K = 4.76-5.66 Q = 76.11-90.51 after 6326.0 sec [total]
done with UBTa for K = 4.76-5.66 Q = 76.11-90.51 after 6326.2 sec [total]
done with UBTb for K = 4.76-5.66 Q = 76.11-90.51 after 6326.4 sec [total]
done with UBTbA for K = 4.76-5.66 Q = 76.11-90.51 after 6326.6 sec [total]
done with UBTbC for K = 4.76-5.66 Q = 76.11-90.51 after 6327.0 sec [total]
done with H for K = 4.76-5.66 Q = 76.11-90.51 after 6327.8 sec [total]
done with H++ for K = 4.76-5.66 Q = 76.11-90.51 after 6330.9 sec [total]
done with H+- for K = 4.76-5.66 Q = 76.11-90.51 after 6332.2 sec [total]
done with H-+ for K = 4.76-5.66 Q = 76.11-90.51 after 6333.5 sec [total]
done with H-- for K = 4.76-5.66 Q = 76.11-90.51 after 6333.7 sec [total]
done with UU for K = 5.66-6.73 Q = 76.11-90.51 after 6334.6 sec [total]
done with BB for K = 5.66-6.73 Q = 76.11-90.51 after 6335.6 sec [total]
done with UBTa for K = 5.66-6.73 Q = 76.11-90.51 after 6335.8 sec [total]
done with UBTb for K = 5.66-6.73 Q = 76.11-90.51 after 6335.9 sec [total]
done with UBTbA for K = 5.66-6.73 Q = 76.11-90.51 after 6336.2 sec [total]
done with UBTbC for K = 5.66-6.73 Q = 76.11-90.51 after 6336.5 sec [total]
done with H for K = 5.66-6.73 Q = 76.11-90.51 after 6337.3 sec [total]
done with H++ for K = 5.66-6.73 Q = 76.11-90.51 after 6340.5 sec [total]
done with H+- for K = 5.66-6.73 Q = 76.11-90.51 after 6341.8 sec [total]
done with H-+ for K = 5.66-6.73 Q = 76.11-90.51 after 6342.9 sec [total]
done with H-- for K = 5.66-6.73 Q = 76.11-90.51 after 6343.3 sec [total]
done with UU for K = 6.73-8.00 Q = 76.11-90.51 after 6344.2 sec [total]
done with BB for K = 6.73-8.00 Q = 76.11-90.51 after 6345.2 sec [total]
done with UBTa for K = 6.73-8.00 Q = 76.11-90.51 after 6345.4 sec [total]
done with UBTb for K = 6.73-8.00 Q = 76.11-90.51 after 6345.6 sec [total]
done with UBTbA for K = 6.73-8.00 Q = 76.11-90.51 after 6345.8 sec [total]
done with UBTbC for K = 6.73-8.00 Q = 76.11-90.51 after 6346.1 sec [total]
done with H for K = 6.73-8.00 Q = 76.11-90.51 after 6346.9 sec [total]
done with H++ for K = 6.73-8.00 Q = 76.11-90.51 after 6350.1 sec [total]
done with H+- for K = 6.73-8.00 Q = 76.11-90.51 after 6351.3 sec [total]
done with H-+ for K = 6.73-8.00 Q = 76.11-90.51 after 6352.6 sec [total]
done with H-- for K = 6.73-8.00 Q = 76.11-90.51 after 6352.9 sec [total]
done with UU for K = 8.00-9.51 Q = 76.11-90.51 after 6353.8 sec [total]
done with BB for K = 8.00-9.51 Q = 76.11-90.51 after 6354.9 sec [total]
done with UBTa for K = 8.00-9.51 Q = 76.11-90.51 after 6355.1 sec [total]
done with UBTb for K = 8.00-9.51 Q = 76.11-90.51 after 6355.3 sec [total]
done with UBTbA for K = 8.00-9.51 Q = 76.11-90.51 after 6355.5 sec [total]
done with UBTbC for K = 8.00-9.51 Q = 76.11-90.51 after 6355.8 sec [total]
done with H for K = 8.00-9.51 Q = 76.11-90.51 after 6356.5 sec [total]
done with H++ for K = 8.00-9.51 Q = 76.11-90.51 after 6359.7 sec [total]
done with H+- for K = 8.00-9.51 Q = 76.11-90.51 after 6360.9 sec [total]
done with H-+ for K = 8.00-9.51 Q = 76.11-90.51 after 6362.0 sec [total]
done with H-- for K = 8.00-9.51 Q = 76.11-90.51 after 6362.5 sec [total]
done with UU for K = 9.51-11.31 Q = 76.11-90.51 after 6363.4 sec [total]
done with BB for K = 9.51-11.31 Q = 76.11-90.51 after 6364.4 sec [total]
done with UBTa for K = 9.51-11.31 Q = 76.11-90.51 after 6364.6 sec [total]
done with UBTb for K = 9.51-11.31 Q = 76.11-90.51 after 6364.7 sec [total]
done with UBTbA for K = 9.51-11.31 Q = 76.11-90.51 after 6364.9 sec [total]
done with UBTbC for K = 9.51-11.31 Q = 76.11-90.51 after 6365.3 sec [total]
done with H for K = 9.51-11.31 Q = 76.11-90.51 after 6366.1 sec [total]
done with H++ for K = 9.51-11.31 Q = 76.11-90.51 after 6369.3 sec [total]
done with H+- for K = 9.51-11.31 Q = 76.11-90.51 after 6370.5 sec [total]
done with H-+ for K = 9.51-11.31 Q = 76.11-90.51 after 6371.5 sec [total]
done with H-- for K = 9.51-11.31 Q = 76.11-90.51 after 6372.0 sec [total]
done with UU for K = 11.31-13.45 Q = 76.11-90.51 after 6372.9 sec [total]
done with BB for K = 11.31-13.45 Q = 76.11-90.51 after 6373.9 sec [total]
done with UBTa for K = 11.31-13.45 Q = 76.11-90.51 after 6374.1 sec [total]
done with UBTb for K = 11.31-13.45 Q = 76.11-90.51 after 6374.3 sec [total]
done with UBTbA for K = 11.31-13.45 Q = 76.11-90.51 after 6374.5 sec [total]
done with UBTbC for K = 11.31-13.45 Q = 76.11-90.51 after 6374.8 sec [total]
done with H for K = 11.31-13.45 Q = 76.11-90.51 after 6375.7 sec [total]
done with H++ for K = 11.31-13.45 Q = 76.11-90.51 after 6378.8 sec [total]
done with H+- for K = 11.31-13.45 Q = 76.11-90.51 after 6380.1 sec [total]
done with H-+ for K = 11.31-13.45 Q = 76.11-90.51 after 6381.2 sec [total]
done with H-- for K = 11.31-13.45 Q = 76.11-90.51 after 6381.6 sec [total]
done with UU for K = 13.45-16.00 Q = 76.11-90.51 after 6382.5 sec [total]
done with BB for K = 13.45-16.00 Q = 76.11-90.51 after 6383.6 sec [total]
done with UBTa for K = 13.45-16.00 Q = 76.11-90.51 after 6383.8 sec [total]
done with UBTb for K = 13.45-16.00 Q = 76.11-90.51 after 6384.0 sec [total]
done with UBTbA for K = 13.45-16.00 Q = 76.11-90.51 after 6384.2 sec [total]
done with UBTbC for K = 13.45-16.00 Q = 76.11-90.51 after 6384.5 sec [total]
done with H for K = 13.45-16.00 Q = 76.11-90.51 after 6385.3 sec [total]
done with H++ for K = 13.45-16.00 Q = 76.11-90.51 after 6388.4 sec [total]
done with H+- for K = 13.45-16.00 Q = 76.11-90.51 after 6389.6 sec [total]
done with H-+ for K = 13.45-16.00 Q = 76.11-90.51 after 6390.9 sec [total]
done with H-- for K = 13.45-16.00 Q = 76.11-90.51 after 6391.2 sec [total]
done with UU for K = 16.00-19.03 Q = 76.11-90.51 after 6392.1 sec [total]
done with BB for K = 16.00-19.03 Q = 76.11-90.51 after 6393.1 sec [total]
done with UBTa for K = 16.00-19.03 Q = 76.11-90.51 after 6393.3 sec [total]
done with UBTb for K = 16.00-19.03 Q = 76.11-90.51 after 6393.5 sec [total]
done with UBTbA for K = 16.00-19.03 Q = 76.11-90.51 after 6393.7 sec [total]
done with UBTbC for K = 16.00-19.03 Q = 76.11-90.51 after 6394.0 sec [total]
done with H for K = 16.00-19.03 Q = 76.11-90.51 after 6394.9 sec [total]
done with H++ for K = 16.00-19.03 Q = 76.11-90.51 after 6398.0 sec [total]
done with H+- for K = 16.00-19.03 Q = 76.11-90.51 after 6399.2 sec [total]
done with H-+ for K = 16.00-19.03 Q = 76.11-90.51 after 6400.3 sec [total]
done with H-- for K = 16.00-19.03 Q = 76.11-90.51 after 6400.8 sec [total]
done with UU for K = 19.03-22.63 Q = 76.11-90.51 after 6401.7 sec [total]
done with BB for K = 19.03-22.63 Q = 76.11-90.51 after 6402.7 sec [total]
done with UBTa for K = 19.03-22.63 Q = 76.11-90.51 after 6402.9 sec [total]
done with UBTb for K = 19.03-22.63 Q = 76.11-90.51 after 6403.1 sec [total]
done with UBTbA for K = 19.03-22.63 Q = 76.11-90.51 after 6403.2 sec [total]
done with UBTbC for K = 19.03-22.63 Q = 76.11-90.51 after 6403.6 sec [total]
done with H for K = 19.03-22.63 Q = 76.11-90.51 after 6404.4 sec [total]
done with H++ for K = 19.03-22.63 Q = 76.11-90.51 after 6407.5 sec [total]
done with H+- for K = 19.03-22.63 Q = 76.11-90.51 after 6408.7 sec [total]
done with H-+ for K = 19.03-22.63 Q = 76.11-90.51 after 6409.7 sec [total]
done with H-- for K = 19.03-22.63 Q = 76.11-90.51 after 6410.3 sec [total]
done with UU for K = 22.63-26.91 Q = 76.11-90.51 after 6411.2 sec [total]
done with BB for K = 22.63-26.91 Q = 76.11-90.51 after 6412.3 sec [total]
done with UBTa for K = 22.63-26.91 Q = 76.11-90.51 after 6412.4 sec [total]
done with UBTb for K = 22.63-26.91 Q = 76.11-90.51 after 6412.6 sec [total]
done with UBTbA for K = 22.63-26.91 Q = 76.11-90.51 after 6412.8 sec [total]
done with UBTbC for K = 22.63-26.91 Q = 76.11-90.51 after 6413.1 sec [total]
done with H for K = 22.63-26.91 Q = 76.11-90.51 after 6414.0 sec [total]
done with H++ for K = 22.63-26.91 Q = 76.11-90.51 after 6417.2 sec [total]
done with H+- for K = 22.63-26.91 Q = 76.11-90.51 after 6418.3 sec [total]
done with H-+ for K = 22.63-26.91 Q = 76.11-90.51 after 6419.4 sec [total]
done with H-- for K = 22.63-26.91 Q = 76.11-90.51 after 6419.9 sec [total]
done with UU for K = 26.91-32.00 Q = 76.11-90.51 after 6420.8 sec [total]
done with BB for K = 26.91-32.00 Q = 76.11-90.51 after 6421.8 sec [total]
done with UBTa for K = 26.91-32.00 Q = 76.11-90.51 after 6422.0 sec [total]
done with UBTb for K = 26.91-32.00 Q = 76.11-90.51 after 6422.2 sec [total]
done with UBTbA for K = 26.91-32.00 Q = 76.11-90.51 after 6422.4 sec [total]
done with UBTbC for K = 26.91-32.00 Q = 76.11-90.51 after 6422.8 sec [total]
done with H for K = 26.91-32.00 Q = 76.11-90.51 after 6423.6 sec [total]
done with H++ for K = 26.91-32.00 Q = 76.11-90.51 after 6426.7 sec [total]
done with H+- for K = 26.91-32.00 Q = 76.11-90.51 after 6427.9 sec [total]
done with H-+ for K = 26.91-32.00 Q = 76.11-90.51 after 6429.1 sec [total]
done with H-- for K = 26.91-32.00 Q = 76.11-90.51 after 6429.5 sec [total]
done with UU for K = 32.00-38.05 Q = 76.11-90.51 after 6430.4 sec [total]
done with BB for K = 32.00-38.05 Q = 76.11-90.51 after 6431.4 sec [total]
done with UBTa for K = 32.00-38.05 Q = 76.11-90.51 after 6431.6 sec [total]
done with UBTb for K = 32.00-38.05 Q = 76.11-90.51 after 6431.8 sec [total]
done with UBTbA for K = 32.00-38.05 Q = 76.11-90.51 after 6431.9 sec [total]
done with UBTbC for K = 32.00-38.05 Q = 76.11-90.51 after 6432.3 sec [total]
done with H for K = 32.00-38.05 Q = 76.11-90.51 after 6433.1 sec [total]
done with H++ for K = 32.00-38.05 Q = 76.11-90.51 after 6436.3 sec [total]
done with H+- for K = 32.00-38.05 Q = 76.11-90.51 after 6437.5 sec [total]
done with H-+ for K = 32.00-38.05 Q = 76.11-90.51 after 6438.5 sec [total]
done with H-- for K = 32.00-38.05 Q = 76.11-90.51 after 6439.0 sec [total]
done with UU for K = 38.05-45.25 Q = 76.11-90.51 after 6439.9 sec [total]
done with BB for K = 38.05-45.25 Q = 76.11-90.51 after 6441.0 sec [total]
done with UBTa for K = 38.05-45.25 Q = 76.11-90.51 after 6441.2 sec [total]
done with UBTb for K = 38.05-45.25 Q = 76.11-90.51 after 6441.4 sec [total]
done with UBTbA for K = 38.05-45.25 Q = 76.11-90.51 after 6441.6 sec [total]
done with UBTbC for K = 38.05-45.25 Q = 76.11-90.51 after 6441.9 sec [total]
done with H for K = 38.05-45.25 Q = 76.11-90.51 after 6442.7 sec [total]
done with H++ for K = 38.05-45.25 Q = 76.11-90.51 after 6445.8 sec [total]
done with H+- for K = 38.05-45.25 Q = 76.11-90.51 after 6446.9 sec [total]
done with H-+ for K = 38.05-45.25 Q = 76.11-90.51 after 6448.1 sec [total]
done with H-- for K = 38.05-45.25 Q = 76.11-90.51 after 6448.6 sec [total]
done with UU for K = 45.25-53.82 Q = 76.11-90.51 after 6449.5 sec [total]
done with BB for K = 45.25-53.82 Q = 76.11-90.51 after 6450.5 sec [total]
done with UBTa for K = 45.25-53.82 Q = 76.11-90.51 after 6450.7 sec [total]
done with UBTb for K = 45.25-53.82 Q = 76.11-90.51 after 6450.9 sec [total]
done with UBTbA for K = 45.25-53.82 Q = 76.11-90.51 after 6451.1 sec [total]
done with UBTbC for K = 45.25-53.82 Q = 76.11-90.51 after 6451.4 sec [total]
done with H for K = 45.25-53.82 Q = 76.11-90.51 after 6452.3 sec [total]
done with H++ for K = 45.25-53.82 Q = 76.11-90.51 after 6455.4 sec [total]
done with H+- for K = 45.25-53.82 Q = 76.11-90.51 after 6456.5 sec [total]
done with H-+ for K = 45.25-53.82 Q = 76.11-90.51 after 6457.7 sec [total]
done with H-- for K = 45.25-53.82 Q = 76.11-90.51 after 6458.2 sec [total]
done with UU for K = 53.82-64.00 Q = 76.11-90.51 after 6459.1 sec [total]
done with BB for K = 53.82-64.00 Q = 76.11-90.51 after 6460.1 sec [total]
done with UBTa for K = 53.82-64.00 Q = 76.11-90.51 after 6460.3 sec [total]
done with UBTb for K = 53.82-64.00 Q = 76.11-90.51 after 6460.5 sec [total]
done with UBTbA for K = 53.82-64.00 Q = 76.11-90.51 after 6460.7 sec [total]
done with UBTbC for K = 53.82-64.00 Q = 76.11-90.51 after 6461.0 sec [total]
done with H for K = 53.82-64.00 Q = 76.11-90.51 after 6461.9 sec [total]
done with H++ for K = 53.82-64.00 Q = 76.11-90.51 after 6465.1 sec [total]
done with H+- for K = 53.82-64.00 Q = 76.11-90.51 after 6466.3 sec [total]
done with H-+ for K = 53.82-64.00 Q = 76.11-90.51 after 6467.6 sec [total]
done with H-- for K = 53.82-64.00 Q = 76.11-90.51 after 6467.8 sec [total]
done with UU for K = 64.00-76.11 Q = 76.11-90.51 after 6468.7 sec [total]
done with BB for K = 64.00-76.11 Q = 76.11-90.51 after 6469.7 sec [total]
done with UBTa for K = 64.00-76.11 Q = 76.11-90.51 after 6469.9 sec [total]
done with UBTb for K = 64.00-76.11 Q = 76.11-90.51 after 6470.1 sec [total]
done with UBTbA for K = 64.00-76.11 Q = 76.11-90.51 after 6470.3 sec [total]
done with UBTbC for K = 64.00-76.11 Q = 76.11-90.51 after 6470.6 sec [total]
done with H for K = 64.00-76.11 Q = 76.11-90.51 after 6471.5 sec [total]
done with H++ for K = 64.00-76.11 Q = 76.11-90.51 after 6474.6 sec [total]
done with H+- for K = 64.00-76.11 Q = 76.11-90.51 after 6475.8 sec [total]
done with H-+ for K = 64.00-76.11 Q = 76.11-90.51 after 6477.0 sec [total]
done with H-- for K = 64.00-76.11 Q = 76.11-90.51 after 6477.4 sec [total]
done with UU for K = 76.11-90.51 Q = 76.11-90.51 after 6478.3 sec [total]
done with BB for K = 76.11-90.51 Q = 76.11-90.51 after 6479.3 sec [total]
done with UBTa for K = 76.11-90.51 Q = 76.11-90.51 after 6479.5 sec [total]
done with UBTb for K = 76.11-90.51 Q = 76.11-90.51 after 6479.6 sec [total]
done with UBTbA for K = 76.11-90.51 Q = 76.11-90.51 after 6479.9 sec [total]
done with UBTbC for K = 76.11-90.51 Q = 76.11-90.51 after 6480.2 sec [total]
done with H for K = 76.11-90.51 Q = 76.11-90.51 after 6481.0 sec [total]
done with H++ for K = 76.11-90.51 Q = 76.11-90.51 after 6484.2 sec [total]
done with H+- for K = 76.11-90.51 Q = 76.11-90.51 after 6485.2 sec [total]
done with H-+ for K = 76.11-90.51 Q = 76.11-90.51 after 6486.4 sec [total]
done with H-- for K = 76.11-90.51 Q = 76.11-90.51 after 6486.9 sec [total]
done with UU for K = 90.51-107.63 Q = 76.11-90.51 after 6487.9 sec [total]
done with BB for K = 90.51-107.63 Q = 76.11-90.51 after 6488.9 sec [total]
done with UBTa for K = 90.51-107.63 Q = 76.11-90.51 after 6489.1 sec [total]
done with UBTb for K = 90.51-107.63 Q = 76.11-90.51 after 6489.2 sec [total]
done with UBTbA for K = 90.51-107.63 Q = 76.11-90.51 after 6489.4 sec [total]
done with UBTbC for K = 90.51-107.63 Q = 76.11-90.51 after 6489.8 sec [total]
done with H for K = 90.51-107.63 Q = 76.11-90.51 after 6490.6 sec [total]
done with H++ for K = 90.51-107.63 Q = 76.11-90.51 after 6493.7 sec [total]
done with H+- for K = 90.51-107.63 Q = 76.11-90.51 after 6494.9 sec [total]
done with H-+ for K = 90.51-107.63 Q = 76.11-90.51 after 6496.1 sec [total]
done with H-- for K = 90.51-107.63 Q = 76.11-90.51 after 6496.5 sec [total]
done with UU for K = 107.63-128.00 Q = 76.11-90.51 after 6497.4 sec [total]
done with BB for K = 107.63-128.00 Q = 76.11-90.51 after 6498.4 sec [total]
done with UBTa for K = 107.63-128.00 Q = 76.11-90.51 after 6498.6 sec [total]
done with UBTb for K = 107.63-128.00 Q = 76.11-90.51 after 6498.8 sec [total]
done with UBTbA for K = 107.63-128.00 Q = 76.11-90.51 after 6499.0 sec [total]
done with UBTbC for K = 107.63-128.00 Q = 76.11-90.51 after 6499.3 sec [total]
done with H for K = 107.63-128.00 Q = 76.11-90.51 after 6500.2 sec [total]
done with H++ for K = 107.63-128.00 Q = 76.11-90.51 after 6503.4 sec [total]
done with H+- for K = 107.63-128.00 Q = 76.11-90.51 after 6504.5 sec [total]
done with H-+ for K = 107.63-128.00 Q = 76.11-90.51 after 6505.6 sec [total]
done with H-- for K = 107.63-128.00 Q = 76.11-90.51 after 6506.1 sec [total]
done with UU for K = 128.00-152.22 Q = 76.11-90.51 after 6507.0 sec [total]
done with BB for K = 128.00-152.22 Q = 76.11-90.51 after 6508.1 sec [total]
done with UBTa for K = 128.00-152.22 Q = 76.11-90.51 after 6508.2 sec [total]
done with UBTb for K = 128.00-152.22 Q = 76.11-90.51 after 6508.4 sec [total]
done with UBTbA for K = 128.00-152.22 Q = 76.11-90.51 after 6508.6 sec [total]
done with UBTbC for K = 128.00-152.22 Q = 76.11-90.51 after 6508.9 sec [total]
done with H for K = 128.00-152.22 Q = 76.11-90.51 after 6509.8 sec [total]
done with H++ for K = 128.00-152.22 Q = 76.11-90.51 after 6512.9 sec [total]
done with H+- for K = 128.00-152.22 Q = 76.11-90.51 after 6514.1 sec [total]
done with H-+ for K = 128.00-152.22 Q = 76.11-90.51 after 6515.3 sec [total]
done with H-- for K = 128.00-152.22 Q = 76.11-90.51 after 6515.7 sec [total]
done with UU for K = 152.22-181.02 Q = 76.11-90.51 after 6516.6 sec [total]
done with BB for K = 152.22-181.02 Q = 76.11-90.51 after 6517.6 sec [total]
done with UBTa for K = 152.22-181.02 Q = 76.11-90.51 after 6517.7 sec [total]
done with UBTb for K = 152.22-181.02 Q = 76.11-90.51 after 6517.9 sec [total]
done with UBTbA for K = 152.22-181.02 Q = 76.11-90.51 after 6518.1 sec [total]
done with UBTbC for K = 152.22-181.02 Q = 76.11-90.51 after 6518.5 sec [total]
done with H for K = 152.22-181.02 Q = 76.11-90.51 after 6519.3 sec [total]
done with H++ for K = 152.22-181.02 Q = 76.11-90.51 after 6522.5 sec [total]
done with H+- for K = 152.22-181.02 Q = 76.11-90.51 after 6523.6 sec [total]
done with H-+ for K = 152.22-181.02 Q = 76.11-90.51 after 6524.9 sec [total]
done with H-- for K = 152.22-181.02 Q = 76.11-90.51 after 6525.3 sec [total]
done with UU for K = 181.02-215.27 Q = 76.11-90.51 after 6526.2 sec [total]
done with BB for K = 181.02-215.27 Q = 76.11-90.51 after 6527.3 sec [total]
done with UBTa for K = 181.02-215.27 Q = 76.11-90.51 after 6527.5 sec [total]
done with UBTb for K = 181.02-215.27 Q = 76.11-90.51 after 6527.7 sec [total]
done with UBTbA for K = 181.02-215.27 Q = 76.11-90.51 after 6527.9 sec [total]
done with UBTbC for K = 181.02-215.27 Q = 76.11-90.51 after 6528.2 sec [total]
done with H for K = 181.02-215.27 Q = 76.11-90.51 after 6528.9 sec [total]
done with H++ for K = 181.02-215.27 Q = 76.11-90.51 after 6532.1 sec [total]
done with H+- for K = 181.02-215.27 Q = 76.11-90.51 after 6533.2 sec [total]
done with H-+ for K = 181.02-215.27 Q = 76.11-90.51 after 6534.3 sec [total]
done with H-- for K = 181.02-215.27 Q = 76.11-90.51 after 6534.8 sec [total]
done with UU for K = 215.27-256.00 Q = 76.11-90.51 after 6535.7 sec [total]
done with BB for K = 215.27-256.00 Q = 76.11-90.51 after 6536.7 sec [total]
done with UBTa for K = 215.27-256.00 Q = 76.11-90.51 after 6536.9 sec [total]
done with UBTb for K = 215.27-256.00 Q = 76.11-90.51 after 6537.1 sec [total]
done with UBTbA for K = 215.27-256.00 Q = 76.11-90.51 after 6537.3 sec [total]
done with UBTbC for K = 215.27-256.00 Q = 76.11-90.51 after 6537.7 sec [total]
done with H for K = 215.27-256.00 Q = 76.11-90.51 after 6538.5 sec [total]
done with H++ for K = 215.27-256.00 Q = 76.11-90.51 after 6541.6 sec [total]
done with H+- for K = 215.27-256.00 Q = 76.11-90.51 after 6542.8 sec [total]
done with H-+ for K = 215.27-256.00 Q = 76.11-90.51 after 6543.9 sec [total]
done with H-- for K = 215.27-256.00 Q = 76.11-90.51 after 6544.4 sec [total]
done with UU for K = 256.00-304.44 Q = 76.11-90.51 after 6545.3 sec [total]
done with BB for K = 256.00-304.44 Q = 76.11-90.51 after 6546.3 sec [total]
done with UBTa for K = 256.00-304.44 Q = 76.11-90.51 after 6546.5 sec [total]
done with UBTb for K = 256.00-304.44 Q = 76.11-90.51 after 6546.7 sec [total]
done with UBTbA for K = 256.00-304.44 Q = 76.11-90.51 after 6546.9 sec [total]
done with UBTbC for K = 256.00-304.44 Q = 76.11-90.51 after 6547.2 sec [total]
done with H for K = 256.00-304.44 Q = 76.11-90.51 after 6548.1 sec [total]
done with H++ for K = 256.00-304.44 Q = 76.11-90.51 after 6551.2 sec [total]
done with H+- for K = 256.00-304.44 Q = 76.11-90.51 after 6552.4 sec [total]
done with H-+ for K = 256.00-304.44 Q = 76.11-90.51 after 6553.5 sec [total]
done with H-- for K = 256.00-304.44 Q = 76.11-90.51 after 6554.0 sec [total]
done with UU for K = 304.44-362.04 Q = 76.11-90.51 after 6554.9 sec [total]
done with BB for K = 304.44-362.04 Q = 76.11-90.51 after 6555.9 sec [total]
done with UBTa for K = 304.44-362.04 Q = 76.11-90.51 after 6556.1 sec [total]
done with UBTb for K = 304.44-362.04 Q = 76.11-90.51 after 6556.3 sec [total]
done with UBTbA for K = 304.44-362.04 Q = 76.11-90.51 after 6556.5 sec [total]
done with UBTbC for K = 304.44-362.04 Q = 76.11-90.51 after 6556.8 sec [total]
done with H for K = 304.44-362.04 Q = 76.11-90.51 after 6557.7 sec [total]
done with H++ for K = 304.44-362.04 Q = 76.11-90.51 after 6560.8 sec [total]
done with H+- for K = 304.44-362.04 Q = 76.11-90.51 after 6561.9 sec [total]
done with H-+ for K = 304.44-362.04 Q = 76.11-90.51 after 6563.1 sec [total]
done with H-- for K = 304.44-362.04 Q = 76.11-90.51 after 6563.6 sec [total]
done with UU for K = 362.04-430.54 Q = 76.11-90.51 after 6564.5 sec [total]
done with BB for K = 362.04-430.54 Q = 76.11-90.51 after 6565.5 sec [total]
done with UBTa for K = 362.04-430.54 Q = 76.11-90.51 after 6565.7 sec [total]
done with UBTb for K = 362.04-430.54 Q = 76.11-90.51 after 6565.9 sec [total]
done with UBTbA for K = 362.04-430.54 Q = 76.11-90.51 after 6566.1 sec [total]
done with UBTbC for K = 362.04-430.54 Q = 76.11-90.51 after 6566.6 sec [total]
done with H for K = 362.04-430.54 Q = 76.11-90.51 after 6567.2 sec [total]
done with H++ for K = 362.04-430.54 Q = 76.11-90.51 after 6570.4 sec [total]
done with H+- for K = 362.04-430.54 Q = 76.11-90.51 after 6571.6 sec [total]
done with H-+ for K = 362.04-430.54 Q = 76.11-90.51 after 6572.7 sec [total]
done with H-- for K = 362.04-430.54 Q = 76.11-90.51 after 6573.1 sec [total]
done with UU for K = 430.54-512.00 Q = 76.11-90.51 after 6574.0 sec [total]
done with BB for K = 430.54-512.00 Q = 76.11-90.51 after 6575.1 sec [total]
done with UBTa for K = 430.54-512.00 Q = 76.11-90.51 after 6575.3 sec [total]
done with UBTb for K = 430.54-512.00 Q = 76.11-90.51 after 6575.4 sec [total]
done with UBTbA for K = 430.54-512.00 Q = 76.11-90.51 after 6575.6 sec [total]
done with UBTbC for K = 430.54-512.00 Q = 76.11-90.51 after 6576.0 sec [total]
done with H for K = 430.54-512.00 Q = 76.11-90.51 after 6576.8 sec [total]
done with H++ for K = 430.54-512.00 Q = 76.11-90.51 after 6580.0 sec [total]
done with H+- for K = 430.54-512.00 Q = 76.11-90.51 after 6581.2 sec [total]
done with H-+ for K = 430.54-512.00 Q = 76.11-90.51 after 6582.4 sec [total]
done with H-- for K = 430.54-512.00 Q = 76.11-90.51 after 6582.7 sec [total]
done with UU for K = 512.00-608.87 Q = 76.11-90.51 after 6583.6 sec [total]
done with BB for K = 512.00-608.87 Q = 76.11-90.51 after 6584.6 sec [total]
done with UBTa for K = 512.00-608.87 Q = 76.11-90.51 after 6584.8 sec [total]
done with UBTb for K = 512.00-608.87 Q = 76.11-90.51 after 6585.0 sec [total]
done with UBTbA for K = 512.00-608.87 Q = 76.11-90.51 after 6585.2 sec [total]
done with UBTbC for K = 512.00-608.87 Q = 76.11-90.51 after 6585.5 sec [total]
done with H for K = 512.00-608.87 Q = 76.11-90.51 after 6586.3 sec [total]
done with H++ for K = 512.00-608.87 Q = 76.11-90.51 after 6589.5 sec [total]
done with H+- for K = 512.00-608.87 Q = 76.11-90.51 after 6590.7 sec [total]
done with H-+ for K = 512.00-608.87 Q = 76.11-90.51 after 6591.8 sec [total]
done with H-- for K = 512.00-608.87 Q = 76.11-90.51 after 6592.3 sec [total]
done with UU for K = 608.87-724.08 Q = 76.11-90.51 after 6593.2 sec [total]
done with BB for K = 608.87-724.08 Q = 76.11-90.51 after 6594.2 sec [total]
done with UBTa for K = 608.87-724.08 Q = 76.11-90.51 after 6594.4 sec [total]
done with UBTb for K = 608.87-724.08 Q = 76.11-90.51 after 6594.5 sec [total]
done with UBTbA for K = 608.87-724.08 Q = 76.11-90.51 after 6594.8 sec [total]
done with UBTbC for K = 608.87-724.08 Q = 76.11-90.51 after 6595.1 sec [total]
done with H for K = 608.87-724.08 Q = 76.11-90.51 after 6595.9 sec [total]
done with H++ for K = 608.87-724.08 Q = 76.11-90.51 after 6599.0 sec [total]
done with H+- for K = 608.87-724.08 Q = 76.11-90.51 after 6600.2 sec [total]
done with H-+ for K = 608.87-724.08 Q = 76.11-90.51 after 6601.3 sec [total]
done with H-- for K = 608.87-724.08 Q = 76.11-90.51 after 6601.8 sec [total]
done with UU for K = 724.08-861.08 Q = 76.11-90.51 after 6602.7 sec [total]
done with BB for K = 724.08-861.08 Q = 76.11-90.51 after 6603.7 sec [total]
done with UBTa for K = 724.08-861.08 Q = 76.11-90.51 after 6603.9 sec [total]
done with UBTb for K = 724.08-861.08 Q = 76.11-90.51 after 6604.1 sec [total]
done with UBTbA for K = 724.08-861.08 Q = 76.11-90.51 after 6604.3 sec [total]
done with UBTbC for K = 724.08-861.08 Q = 76.11-90.51 after 6604.6 sec [total]
done with H for K = 724.08-861.08 Q = 76.11-90.51 after 6605.5 sec [total]
done with H++ for K = 724.08-861.08 Q = 76.11-90.51 after 6608.6 sec [total]
done with H+- for K = 724.08-861.08 Q = 76.11-90.51 after 6609.9 sec [total]
done with H-+ for K = 724.08-861.08 Q = 76.11-90.51 after 6611.1 sec [total]
done with H-- for K = 724.08-861.08 Q = 76.11-90.51 after 6611.4 sec [total]
done with UU for K = 861.08-1024.00 Q = 76.11-90.51 after 6612.3 sec [total]
done with BB for K = 861.08-1024.00 Q = 76.11-90.51 after 6613.3 sec [total]
done with UBTa for K = 861.08-1024.00 Q = 76.11-90.51 after 6613.5 sec [total]
done with UBTb for K = 861.08-1024.00 Q = 76.11-90.51 after 6613.7 sec [total]
done with UBTbA for K = 861.08-1024.00 Q = 76.11-90.51 after 6613.9 sec [total]
done with UBTbC for K = 861.08-1024.00 Q = 76.11-90.51 after 6614.2 sec [total]
done with H for K = 861.08-1024.00 Q = 76.11-90.51 after 6615.1 sec [total]
done with H++ for K = 861.08-1024.00 Q = 76.11-90.51 after 6618.3 sec [total]
done with H+- for K = 861.08-1024.00 Q = 76.11-90.51 after 6619.4 sec [total]
done with H-+ for K = 861.08-1024.00 Q = 76.11-90.51 after 6620.5 sec [total]
done with H-- for K = 861.08-1024.00 Q = 76.11-90.51 after 6620.9 sec [total]
done with UU for K = 0.00-3.36 Q = 90.51-107.63 after 6622.7 sec [total]
done with BB for K = 0.00-3.36 Q = 90.51-107.63 after 6625.0 sec [total]
done with UBTa for K = 0.00-3.36 Q = 90.51-107.63 after 6625.9 sec [total]
done with UBTb for K = 0.00-3.36 Q = 90.51-107.63 after 6627.0 sec [total]
done with UBTbA for K = 0.00-3.36 Q = 90.51-107.63 after 6628.0 sec [total]
done with UBTbC for K = 0.00-3.36 Q = 90.51-107.63 after 6628.3 sec [total]
done with H for K = 0.00-3.36 Q = 90.51-107.63 after 6629.3 sec [total]
done with H++ for K = 0.00-3.36 Q = 90.51-107.63 after 6632.5 sec [total]
done with H+- for K = 0.00-3.36 Q = 90.51-107.63 after 6633.8 sec [total]
done with H-+ for K = 0.00-3.36 Q = 90.51-107.63 after 6635.0 sec [total]
done with H-- for K = 0.00-3.36 Q = 90.51-107.63 after 6635.2 sec [total]
done with UU for K = 3.36-4.00 Q = 90.51-107.63 after 6636.1 sec [total]
done with BB for K = 3.36-4.00 Q = 90.51-107.63 after 6637.1 sec [total]
done with UBTa for K = 3.36-4.00 Q = 90.51-107.63 after 6637.3 sec [total]
done with UBTb for K = 3.36-4.00 Q = 90.51-107.63 after 6637.5 sec [total]
done with UBTbA for K = 3.36-4.00 Q = 90.51-107.63 after 6637.7 sec [total]
done with UBTbC for K = 3.36-4.00 Q = 90.51-107.63 after 6638.0 sec [total]
done with H for K = 3.36-4.00 Q = 90.51-107.63 after 6638.8 sec [total]
done with H++ for K = 3.36-4.00 Q = 90.51-107.63 after 6642.0 sec [total]
done with H+- for K = 3.36-4.00 Q = 90.51-107.63 after 6643.3 sec [total]
done with H-+ for K = 3.36-4.00 Q = 90.51-107.63 after 6644.5 sec [total]
done with H-- for K = 3.36-4.00 Q = 90.51-107.63 after 6644.8 sec [total]
done with UU for K = 4.00-4.76 Q = 90.51-107.63 after 6645.7 sec [total]
done with BB for K = 4.00-4.76 Q = 90.51-107.63 after 6646.7 sec [total]
done with UBTa for K = 4.00-4.76 Q = 90.51-107.63 after 6646.9 sec [total]
done with UBTb for K = 4.00-4.76 Q = 90.51-107.63 after 6647.1 sec [total]
done with UBTbA for K = 4.00-4.76 Q = 90.51-107.63 after 6647.2 sec [total]
done with UBTbC for K = 4.00-4.76 Q = 90.51-107.63 after 6647.5 sec [total]
done with H for K = 4.00-4.76 Q = 90.51-107.63 after 6648.4 sec [total]
done with H++ for K = 4.00-4.76 Q = 90.51-107.63 after 6651.6 sec [total]
done with H+- for K = 4.00-4.76 Q = 90.51-107.63 after 6652.7 sec [total]
done with H-+ for K = 4.00-4.76 Q = 90.51-107.63 after 6653.8 sec [total]
done with H-- for K = 4.00-4.76 Q = 90.51-107.63 after 6654.3 sec [total]
done with UU for K = 4.76-5.66 Q = 90.51-107.63 after 6655.2 sec [total]
done with BB for K = 4.76-5.66 Q = 90.51-107.63 after 6656.3 sec [total]
done with UBTa for K = 4.76-5.66 Q = 90.51-107.63 after 6656.5 sec [total]
done with UBTb for K = 4.76-5.66 Q = 90.51-107.63 after 6656.7 sec [total]
done with UBTbA for K = 4.76-5.66 Q = 90.51-107.63 after 6656.8 sec [total]
done with UBTbC for K = 4.76-5.66 Q = 90.51-107.63 after 6657.2 sec [total]
done with H for K = 4.76-5.66 Q = 90.51-107.63 after 6658.0 sec [total]
done with H++ for K = 4.76-5.66 Q = 90.51-107.63 after 6661.2 sec [total]
done with H+- for K = 4.76-5.66 Q = 90.51-107.63 after 6662.4 sec [total]
done with H-+ for K = 4.76-5.66 Q = 90.51-107.63 after 6663.7 sec [total]
done with H-- for K = 4.76-5.66 Q = 90.51-107.63 after 6663.9 sec [total]
done with UU for K = 5.66-6.73 Q = 90.51-107.63 after 6664.8 sec [total]
done with BB for K = 5.66-6.73 Q = 90.51-107.63 after 6665.9 sec [total]
done with UBTa for K = 5.66-6.73 Q = 90.51-107.63 after 6666.1 sec [total]
done with UBTb for K = 5.66-6.73 Q = 90.51-107.63 after 6666.3 sec [total]
done with UBTbA for K = 5.66-6.73 Q = 90.51-107.63 after 6666.4 sec [total]
done with UBTbC for K = 5.66-6.73 Q = 90.51-107.63 after 6666.7 sec [total]
done with H for K = 5.66-6.73 Q = 90.51-107.63 after 6667.6 sec [total]
done with H++ for K = 5.66-6.73 Q = 90.51-107.63 after 6670.8 sec [total]
done with H+- for K = 5.66-6.73 Q = 90.51-107.63 after 6672.1 sec [total]
done with H-+ for K = 5.66-6.73 Q = 90.51-107.63 after 6673.3 sec [total]
done with H-- for K = 5.66-6.73 Q = 90.51-107.63 after 6673.5 sec [total]
done with UU for K = 6.73-8.00 Q = 90.51-107.63 after 6674.4 sec [total]
done with BB for K = 6.73-8.00 Q = 90.51-107.63 after 6675.5 sec [total]
done with UBTa for K = 6.73-8.00 Q = 90.51-107.63 after 6675.7 sec [total]
done with UBTb for K = 6.73-8.00 Q = 90.51-107.63 after 6675.8 sec [total]
done with UBTbA for K = 6.73-8.00 Q = 90.51-107.63 after 6676.0 sec [total]
done with UBTbC for K = 6.73-8.00 Q = 90.51-107.63 after 6676.3 sec [total]
done with H for K = 6.73-8.00 Q = 90.51-107.63 after 6677.1 sec [total]
done with H++ for K = 6.73-8.00 Q = 90.51-107.63 after 6680.3 sec [total]
done with H+- for K = 6.73-8.00 Q = 90.51-107.63 after 6681.5 sec [total]
done with H-+ for K = 6.73-8.00 Q = 90.51-107.63 after 6682.6 sec [total]
done with H-- for K = 6.73-8.00 Q = 90.51-107.63 after 6683.0 sec [total]
done with UU for K = 8.00-9.51 Q = 90.51-107.63 after 6683.9 sec [total]
done with BB for K = 8.00-9.51 Q = 90.51-107.63 after 6685.0 sec [total]
done with UBTa for K = 8.00-9.51 Q = 90.51-107.63 after 6685.2 sec [total]
done with UBTb for K = 8.00-9.51 Q = 90.51-107.63 after 6685.4 sec [total]
done with UBTbA for K = 8.00-9.51 Q = 90.51-107.63 after 6685.5 sec [total]
done with UBTbC for K = 8.00-9.51 Q = 90.51-107.63 after 6685.9 sec [total]
done with H for K = 8.00-9.51 Q = 90.51-107.63 after 6686.7 sec [total]
done with H++ for K = 8.00-9.51 Q = 90.51-107.63 after 6689.9 sec [total]
done with H+- for K = 8.00-9.51 Q = 90.51-107.63 after 6691.2 sec [total]
done with H-+ for K = 8.00-9.51 Q = 90.51-107.63 after 6692.4 sec [total]
done with H-- for K = 8.00-9.51 Q = 90.51-107.63 after 6692.6 sec [total]
done with UU for K = 9.51-11.31 Q = 90.51-107.63 after 6693.5 sec [total]
done with BB for K = 9.51-11.31 Q = 90.51-107.63 after 6694.5 sec [total]
done with UBTa for K = 9.51-11.31 Q = 90.51-107.63 after 6694.7 sec [total]
done with UBTb for K = 9.51-11.31 Q = 90.51-107.63 after 6694.9 sec [total]
done with UBTbA for K = 9.51-11.31 Q = 90.51-107.63 after 6695.1 sec [total]
done with UBTbC for K = 9.51-11.31 Q = 90.51-107.63 after 6695.4 sec [total]
done with H for K = 9.51-11.31 Q = 90.51-107.63 after 6696.3 sec [total]
done with H++ for K = 9.51-11.31 Q = 90.51-107.63 after 6699.4 sec [total]
done with H+- for K = 9.51-11.31 Q = 90.51-107.63 after 6700.7 sec [total]
done with H-+ for K = 9.51-11.31 Q = 90.51-107.63 after 6702.0 sec [total]
done with H-- for K = 9.51-11.31 Q = 90.51-107.63 after 6702.2 sec [total]
done with UU for K = 11.31-13.45 Q = 90.51-107.63 after 6703.1 sec [total]
done with BB for K = 11.31-13.45 Q = 90.51-107.63 after 6704.2 sec [total]
done with UBTa for K = 11.31-13.45 Q = 90.51-107.63 after 6704.3 sec [total]
done with UBTb for K = 11.31-13.45 Q = 90.51-107.63 after 6704.5 sec [total]
done with UBTbA for K = 11.31-13.45 Q = 90.51-107.63 after 6704.7 sec [total]
done with UBTbC for K = 11.31-13.45 Q = 90.51-107.63 after 6705.0 sec [total]
done with H for K = 11.31-13.45 Q = 90.51-107.63 after 6705.9 sec [total]
done with H++ for K = 11.31-13.45 Q = 90.51-107.63 after 6709.1 sec [total]
done with H+- for K = 11.31-13.45 Q = 90.51-107.63 after 6710.2 sec [total]
done with H-+ for K = 11.31-13.45 Q = 90.51-107.63 after 6711.4 sec [total]
done with H-- for K = 11.31-13.45 Q = 90.51-107.63 after 6711.8 sec [total]
done with UU for K = 13.45-16.00 Q = 90.51-107.63 after 6712.7 sec [total]
done with BB for K = 13.45-16.00 Q = 90.51-107.63 after 6713.8 sec [total]
done with UBTa for K = 13.45-16.00 Q = 90.51-107.63 after 6714.0 sec [total]
done with UBTb for K = 13.45-16.00 Q = 90.51-107.63 after 6714.2 sec [total]
done with UBTbA for K = 13.45-16.00 Q = 90.51-107.63 after 6714.3 sec [total]
done with UBTbC for K = 13.45-16.00 Q = 90.51-107.63 after 6714.7 sec [total]
done with H for K = 13.45-16.00 Q = 90.51-107.63 after 6715.5 sec [total]
done with H++ for K = 13.45-16.00 Q = 90.51-107.63 after 6718.6 sec [total]
done with H+- for K = 13.45-16.00 Q = 90.51-107.63 after 6719.8 sec [total]
done with H-+ for K = 13.45-16.00 Q = 90.51-107.63 after 6721.0 sec [total]
done with H-- for K = 13.45-16.00 Q = 90.51-107.63 after 6721.4 sec [total]
done with UU for K = 16.00-19.03 Q = 90.51-107.63 after 6722.3 sec [total]
done with BB for K = 16.00-19.03 Q = 90.51-107.63 after 6723.3 sec [total]
done with UBTa for K = 16.00-19.03 Q = 90.51-107.63 after 6723.5 sec [total]
done with UBTb for K = 16.00-19.03 Q = 90.51-107.63 after 6723.7 sec [total]
done with UBTbA for K = 16.00-19.03 Q = 90.51-107.63 after 6723.9 sec [total]
done with UBTbC for K = 16.00-19.03 Q = 90.51-107.63 after 6724.2 sec [total]
done with H for K = 16.00-19.03 Q = 90.51-107.63 after 6725.0 sec [total]
done with H++ for K = 16.00-19.03 Q = 90.51-107.63 after 6728.2 sec [total]
done with H+- for K = 16.00-19.03 Q = 90.51-107.63 after 6729.5 sec [total]
done with H-+ for K = 16.00-19.03 Q = 90.51-107.63 after 6730.7 sec [total]
done with H-- for K = 16.00-19.03 Q = 90.51-107.63 after 6730.9 sec [total]
done with UU for K = 19.03-22.63 Q = 90.51-107.63 after 6731.8 sec [total]
done with BB for K = 19.03-22.63 Q = 90.51-107.63 after 6732.9 sec [total]
done with UBTa for K = 19.03-22.63 Q = 90.51-107.63 after 6733.1 sec [total]
done with UBTb for K = 19.03-22.63 Q = 90.51-107.63 after 6733.2 sec [total]
done with UBTbA for K = 19.03-22.63 Q = 90.51-107.63 after 6733.4 sec [total]
done with UBTbC for K = 19.03-22.63 Q = 90.51-107.63 after 6733.7 sec [total]
done with H for K = 19.03-22.63 Q = 90.51-107.63 after 6734.6 sec [total]
done with H++ for K = 19.03-22.63 Q = 90.51-107.63 after 6737.7 sec [total]
done with H+- for K = 19.03-22.63 Q = 90.51-107.63 after 6738.8 sec [total]
done with H-+ for K = 19.03-22.63 Q = 90.51-107.63 after 6740.0 sec [total]
done with H-- for K = 19.03-22.63 Q = 90.51-107.63 after 6740.5 sec [total]
done with UU for K = 22.63-26.91 Q = 90.51-107.63 after 6741.4 sec [total]
done with BB for K = 22.63-26.91 Q = 90.51-107.63 after 6742.4 sec [total]
done with UBTa for K = 22.63-26.91 Q = 90.51-107.63 after 6742.6 sec [total]
done with UBTb for K = 22.63-26.91 Q = 90.51-107.63 after 6742.8 sec [total]
done with UBTbA for K = 22.63-26.91 Q = 90.51-107.63 after 6743.0 sec [total]
done with UBTbC for K = 22.63-26.91 Q = 90.51-107.63 after 6743.3 sec [total]
done with H for K = 22.63-26.91 Q = 90.51-107.63 after 6744.1 sec [total]
done with H++ for K = 22.63-26.91 Q = 90.51-107.63 after 6747.3 sec [total]
done with H+- for K = 22.63-26.91 Q = 90.51-107.63 after 6748.6 sec [total]
done with H-+ for K = 22.63-26.91 Q = 90.51-107.63 after 6749.9 sec [total]
done with H-- for K = 22.63-26.91 Q = 90.51-107.63 after 6750.1 sec [total]
done with UU for K = 26.91-32.00 Q = 90.51-107.63 after 6751.0 sec [total]
done with BB for K = 26.91-32.00 Q = 90.51-107.63 after 6752.0 sec [total]
done with UBTa for K = 26.91-32.00 Q = 90.51-107.63 after 6752.2 sec [total]
done with UBTb for K = 26.91-32.00 Q = 90.51-107.63 after 6752.4 sec [total]
done with UBTbA for K = 26.91-32.00 Q = 90.51-107.63 after 6752.6 sec [total]
done with UBTbC for K = 26.91-32.00 Q = 90.51-107.63 after 6752.9 sec [total]
done with H for K = 26.91-32.00 Q = 90.51-107.63 after 6753.7 sec [total]
done with H++ for K = 26.91-32.00 Q = 90.51-107.63 after 6756.9 sec [total]
done with H+- for K = 26.91-32.00 Q = 90.51-107.63 after 6758.1 sec [total]
done with H-+ for K = 26.91-32.00 Q = 90.51-107.63 after 6759.3 sec [total]
done with H-- for K = 26.91-32.00 Q = 90.51-107.63 after 6759.6 sec [total]
done with UU for K = 32.00-38.05 Q = 90.51-107.63 after 6760.5 sec [total]
done with BB for K = 32.00-38.05 Q = 90.51-107.63 after 6761.6 sec [total]
done with UBTa for K = 32.00-38.05 Q = 90.51-107.63 after 6761.8 sec [total]
done with UBTb for K = 32.00-38.05 Q = 90.51-107.63 after 6761.9 sec [total]
done with UBTbA for K = 32.00-38.05 Q = 90.51-107.63 after 6762.1 sec [total]
done with UBTbC for K = 32.00-38.05 Q = 90.51-107.63 after 6762.4 sec [total]
done with H for K = 32.00-38.05 Q = 90.51-107.63 after 6763.3 sec [total]
done with H++ for K = 32.00-38.05 Q = 90.51-107.63 after 6766.4 sec [total]
done with H+- for K = 32.00-38.05 Q = 90.51-107.63 after 6767.7 sec [total]
done with H-+ for K = 32.00-38.05 Q = 90.51-107.63 after 6768.9 sec [total]
done with H-- for K = 32.00-38.05 Q = 90.51-107.63 after 6769.2 sec [total]
done with UU for K = 38.05-45.25 Q = 90.51-107.63 after 6770.1 sec [total]
done with BB for K = 38.05-45.25 Q = 90.51-107.63 after 6771.1 sec [total]
done with UBTa for K = 38.05-45.25 Q = 90.51-107.63 after 6771.3 sec [total]
done with UBTb for K = 38.05-45.25 Q = 90.51-107.63 after 6771.5 sec [total]
done with UBTbA for K = 38.05-45.25 Q = 90.51-107.63 after 6771.6 sec [total]
done with UBTbC for K = 38.05-45.25 Q = 90.51-107.63 after 6772.0 sec [total]
done with H for K = 38.05-45.25 Q = 90.51-107.63 after 6772.8 sec [total]
done with H++ for K = 38.05-45.25 Q = 90.51-107.63 after 6775.9 sec [total]
done with H+- for K = 38.05-45.25 Q = 90.51-107.63 after 6777.2 sec [total]
done with H-+ for K = 38.05-45.25 Q = 90.51-107.63 after 6778.2 sec [total]
done with H-- for K = 38.05-45.25 Q = 90.51-107.63 after 6778.7 sec [total]
done with UU for K = 45.25-53.82 Q = 90.51-107.63 after 6779.6 sec [total]
done with BB for K = 45.25-53.82 Q = 90.51-107.63 after 6780.6 sec [total]
done with UBTa for K = 45.25-53.82 Q = 90.51-107.63 after 6780.8 sec [total]
done with UBTb for K = 45.25-53.82 Q = 90.51-107.63 after 6780.9 sec [total]
done with UBTbA for K = 45.25-53.82 Q = 90.51-107.63 after 6781.1 sec [total]
done with UBTbC for K = 45.25-53.82 Q = 90.51-107.63 after 6781.5 sec [total]
done with H for K = 45.25-53.82 Q = 90.51-107.63 after 6782.3 sec [total]
done with H++ for K = 45.25-53.82 Q = 90.51-107.63 after 6785.5 sec [total]
done with H+- for K = 45.25-53.82 Q = 90.51-107.63 after 6786.7 sec [total]
done with H-+ for K = 45.25-53.82 Q = 90.51-107.63 after 6787.9 sec [total]
done with H-- for K = 45.25-53.82 Q = 90.51-107.63 after 6788.2 sec [total]
done with UU for K = 53.82-64.00 Q = 90.51-107.63 after 6789.1 sec [total]
done with BB for K = 53.82-64.00 Q = 90.51-107.63 after 6790.1 sec [total]
done with UBTa for K = 53.82-64.00 Q = 90.51-107.63 after 6790.3 sec [total]
done with UBTb for K = 53.82-64.00 Q = 90.51-107.63 after 6790.5 sec [total]
done with UBTbA for K = 53.82-64.00 Q = 90.51-107.63 after 6790.7 sec [total]
done with UBTbC for K = 53.82-64.00 Q = 90.51-107.63 after 6791.0 sec [total]
done with H for K = 53.82-64.00 Q = 90.51-107.63 after 6791.8 sec [total]
done with H++ for K = 53.82-64.00 Q = 90.51-107.63 after 6795.0 sec [total]
done with H+- for K = 53.82-64.00 Q = 90.51-107.63 after 6796.2 sec [total]
done with H-+ for K = 53.82-64.00 Q = 90.51-107.63 after 6797.5 sec [total]
done with H-- for K = 53.82-64.00 Q = 90.51-107.63 after 6797.8 sec [total]
done with UU for K = 64.00-76.11 Q = 90.51-107.63 after 6798.7 sec [total]
done with BB for K = 64.00-76.11 Q = 90.51-107.63 after 6799.7 sec [total]
done with UBTa for K = 64.00-76.11 Q = 90.51-107.63 after 6799.9 sec [total]
done with UBTb for K = 64.00-76.11 Q = 90.51-107.63 after 6800.1 sec [total]
done with UBTbA for K = 64.00-76.11 Q = 90.51-107.63 after 6800.3 sec [total]
done with UBTbC for K = 64.00-76.11 Q = 90.51-107.63 after 6800.6 sec [total]
done with H for K = 64.00-76.11 Q = 90.51-107.63 after 6801.4 sec [total]
done with H++ for K = 64.00-76.11 Q = 90.51-107.63 after 6804.6 sec [total]
done with H+- for K = 64.00-76.11 Q = 90.51-107.63 after 6805.9 sec [total]
done with H-+ for K = 64.00-76.11 Q = 90.51-107.63 after 6807.1 sec [total]
done with H-- for K = 64.00-76.11 Q = 90.51-107.63 after 6807.3 sec [total]
done with UU for K = 76.11-90.51 Q = 90.51-107.63 after 6808.2 sec [total]
done with BB for K = 76.11-90.51 Q = 90.51-107.63 after 6809.3 sec [total]
done with UBTa for K = 76.11-90.51 Q = 90.51-107.63 after 6809.5 sec [total]
done with UBTb for K = 76.11-90.51 Q = 90.51-107.63 after 6809.7 sec [total]
done with UBTbA for K = 76.11-90.51 Q = 90.51-107.63 after 6809.8 sec [total]
done with UBTbC for K = 76.11-90.51 Q = 90.51-107.63 after 6810.2 sec [total]
done with H for K = 76.11-90.51 Q = 90.51-107.63 after 6811.0 sec [total]
done with H++ for K = 76.11-90.51 Q = 90.51-107.63 after 6814.1 sec [total]
done with H+- for K = 76.11-90.51 Q = 90.51-107.63 after 6815.4 sec [total]
done with H-+ for K = 76.11-90.51 Q = 90.51-107.63 after 6816.7 sec [total]
done with H-- for K = 76.11-90.51 Q = 90.51-107.63 after 6816.9 sec [total]
done with UU for K = 90.51-107.63 Q = 90.51-107.63 after 6817.8 sec [total]
done with BB for K = 90.51-107.63 Q = 90.51-107.63 after 6818.9 sec [total]
done with UBTa for K = 90.51-107.63 Q = 90.51-107.63 after 6819.1 sec [total]
done with UBTb for K = 90.51-107.63 Q = 90.51-107.63 after 6819.2 sec [total]
done with UBTbA for K = 90.51-107.63 Q = 90.51-107.63 after 6819.4 sec [total]
done with UBTbC for K = 90.51-107.63 Q = 90.51-107.63 after 6819.8 sec [total]
done with H for K = 90.51-107.63 Q = 90.51-107.63 after 6820.5 sec [total]
done with H++ for K = 90.51-107.63 Q = 90.51-107.63 after 6823.7 sec [total]
done with H+- for K = 90.51-107.63 Q = 90.51-107.63 after 6824.8 sec [total]
done with H-+ for K = 90.51-107.63 Q = 90.51-107.63 after 6825.9 sec [total]
done with H-- for K = 90.51-107.63 Q = 90.51-107.63 after 6826.4 sec [total]
done with UU for K = 107.63-128.00 Q = 90.51-107.63 after 6827.4 sec [total]
done with BB for K = 107.63-128.00 Q = 90.51-107.63 after 6828.4 sec [total]
done with UBTa for K = 107.63-128.00 Q = 90.51-107.63 after 6828.6 sec [total]
done with UBTb for K = 107.63-128.00 Q = 90.51-107.63 after 6828.8 sec [total]
done with UBTbA for K = 107.63-128.00 Q = 90.51-107.63 after 6828.9 sec [total]
done with UBTbC for K = 107.63-128.00 Q = 90.51-107.63 after 6829.2 sec [total]
done with H for K = 107.63-128.00 Q = 90.51-107.63 after 6830.1 sec [total]
done with H++ for K = 107.63-128.00 Q = 90.51-107.63 after 6833.2 sec [total]
done with H+- for K = 107.63-128.00 Q = 90.51-107.63 after 6834.4 sec [total]
done with H-+ for K = 107.63-128.00 Q = 90.51-107.63 after 6835.4 sec [total]
done with H-- for K = 107.63-128.00 Q = 90.51-107.63 after 6836.0 sec [total]
done with UU for K = 128.00-152.22 Q = 90.51-107.63 after 6836.9 sec [total]
done with BB for K = 128.00-152.22 Q = 90.51-107.63 after 6837.9 sec [total]
done with UBTa for K = 128.00-152.22 Q = 90.51-107.63 after 6838.1 sec [total]
done with UBTb for K = 128.00-152.22 Q = 90.51-107.63 after 6838.3 sec [total]
done with UBTbA for K = 128.00-152.22 Q = 90.51-107.63 after 6838.5 sec [total]
done with UBTbC for K = 128.00-152.22 Q = 90.51-107.63 after 6838.8 sec [total]
done with H for K = 128.00-152.22 Q = 90.51-107.63 after 6839.6 sec [total]
done with H++ for K = 128.00-152.22 Q = 90.51-107.63 after 6842.8 sec [total]
done with H+- for K = 128.00-152.22 Q = 90.51-107.63 after 6844.0 sec [total]
done with H-+ for K = 128.00-152.22 Q = 90.51-107.63 after 6845.1 sec [total]
done with H-- for K = 128.00-152.22 Q = 90.51-107.63 after 6845.6 sec [total]
done with UU for K = 152.22-181.02 Q = 90.51-107.63 after 6846.5 sec [total]
done with BB for K = 152.22-181.02 Q = 90.51-107.63 after 6847.5 sec [total]
done with UBTa for K = 152.22-181.02 Q = 90.51-107.63 after 6847.7 sec [total]
done with UBTb for K = 152.22-181.02 Q = 90.51-107.63 after 6847.8 sec [total]
done with UBTbA for K = 152.22-181.02 Q = 90.51-107.63 after 6848.0 sec [total]
done with UBTbC for K = 152.22-181.02 Q = 90.51-107.63 after 6848.3 sec [total]
done with H for K = 152.22-181.02 Q = 90.51-107.63 after 6849.2 sec [total]
done with H++ for K = 152.22-181.02 Q = 90.51-107.63 after 6852.4 sec [total]
done with H+- for K = 152.22-181.02 Q = 90.51-107.63 after 6853.6 sec [total]
done with H-+ for K = 152.22-181.02 Q = 90.51-107.63 after 6854.8 sec [total]
done with H-- for K = 152.22-181.02 Q = 90.51-107.63 after 6855.2 sec [total]
done with UU for K = 181.02-215.27 Q = 90.51-107.63 after 6856.1 sec [total]
done with BB for K = 181.02-215.27 Q = 90.51-107.63 after 6857.1 sec [total]
done with UBTa for K = 181.02-215.27 Q = 90.51-107.63 after 6857.3 sec [total]
done with UBTb for K = 181.02-215.27 Q = 90.51-107.63 after 6857.5 sec [total]
done with UBTbA for K = 181.02-215.27 Q = 90.51-107.63 after 6857.6 sec [total]
done with UBTbC for K = 181.02-215.27 Q = 90.51-107.63 after 6858.0 sec [total]
done with H for K = 181.02-215.27 Q = 90.51-107.63 after 6858.8 sec [total]
done with H++ for K = 181.02-215.27 Q = 90.51-107.63 after 6862.0 sec [total]
done with H+- for K = 181.02-215.27 Q = 90.51-107.63 after 6863.1 sec [total]
done with H-+ for K = 181.02-215.27 Q = 90.51-107.63 after 6864.4 sec [total]
done with H-- for K = 181.02-215.27 Q = 90.51-107.63 after 6864.7 sec [total]
done with UU for K = 215.27-256.00 Q = 90.51-107.63 after 6865.7 sec [total]
done with BB for K = 215.27-256.00 Q = 90.51-107.63 after 6866.7 sec [total]
done with UBTa for K = 215.27-256.00 Q = 90.51-107.63 after 6866.8 sec [total]
done with UBTb for K = 215.27-256.00 Q = 90.51-107.63 after 6867.0 sec [total]
done with UBTbA for K = 215.27-256.00 Q = 90.51-107.63 after 6867.2 sec [total]
done with UBTbC for K = 215.27-256.00 Q = 90.51-107.63 after 6867.6 sec [total]
done with H for K = 215.27-256.00 Q = 90.51-107.63 after 6868.4 sec [total]
done with H++ for K = 215.27-256.00 Q = 90.51-107.63 after 6871.6 sec [total]
done with H+- for K = 215.27-256.00 Q = 90.51-107.63 after 6872.8 sec [total]
done with H-+ for K = 215.27-256.00 Q = 90.51-107.63 after 6874.1 sec [total]
done with H-- for K = 215.27-256.00 Q = 90.51-107.63 after 6874.3 sec [total]
done with UU for K = 256.00-304.44 Q = 90.51-107.63 after 6875.2 sec [total]
done with BB for K = 256.00-304.44 Q = 90.51-107.63 after 6876.3 sec [total]
done with UBTa for K = 256.00-304.44 Q = 90.51-107.63 after 6876.4 sec [total]
done with UBTb for K = 256.00-304.44 Q = 90.51-107.63 after 6876.6 sec [total]
done with UBTbA for K = 256.00-304.44 Q = 90.51-107.63 after 6876.8 sec [total]
done with UBTbC for K = 256.00-304.44 Q = 90.51-107.63 after 6877.1 sec [total]
done with H for K = 256.00-304.44 Q = 90.51-107.63 after 6878.0 sec [total]
done with H++ for K = 256.00-304.44 Q = 90.51-107.63 after 6881.1 sec [total]
done with H+- for K = 256.00-304.44 Q = 90.51-107.63 after 6882.3 sec [total]
done with H-+ for K = 256.00-304.44 Q = 90.51-107.63 after 6883.4 sec [total]
done with H-- for K = 256.00-304.44 Q = 90.51-107.63 after 6883.9 sec [total]
done with UU for K = 304.44-362.04 Q = 90.51-107.63 after 6884.8 sec [total]
done with BB for K = 304.44-362.04 Q = 90.51-107.63 after 6885.8 sec [total]
done with UBTa for K = 304.44-362.04 Q = 90.51-107.63 after 6885.9 sec [total]
done with UBTb for K = 304.44-362.04 Q = 90.51-107.63 after 6886.1 sec [total]
done with UBTbA for K = 304.44-362.04 Q = 90.51-107.63 after 6886.3 sec [total]
done with UBTbC for K = 304.44-362.04 Q = 90.51-107.63 after 6886.6 sec [total]
done with H for K = 304.44-362.04 Q = 90.51-107.63 after 6887.5 sec [total]
done with H++ for K = 304.44-362.04 Q = 90.51-107.63 after 6890.6 sec [total]
done with H+- for K = 304.44-362.04 Q = 90.51-107.63 after 6891.9 sec [total]
done with H-+ for K = 304.44-362.04 Q = 90.51-107.63 after 6893.1 sec [total]
done with H-- for K = 304.44-362.04 Q = 90.51-107.63 after 6893.4 sec [total]
done with UU for K = 362.04-430.54 Q = 90.51-107.63 after 6894.4 sec [total]
done with BB for K = 362.04-430.54 Q = 90.51-107.63 after 6895.4 sec [total]
done with UBTa for K = 362.04-430.54 Q = 90.51-107.63 after 6895.6 sec [total]
done with UBTb for K = 362.04-430.54 Q = 90.51-107.63 after 6895.8 sec [total]
done with UBTbA for K = 362.04-430.54 Q = 90.51-107.63 after 6896.0 sec [total]
done with UBTbC for K = 362.04-430.54 Q = 90.51-107.63 after 6896.3 sec [total]
done with H for K = 362.04-430.54 Q = 90.51-107.63 after 6897.1 sec [total]
done with H++ for K = 362.04-430.54 Q = 90.51-107.63 after 6900.3 sec [total]
done with H+- for K = 362.04-430.54 Q = 90.51-107.63 after 6901.5 sec [total]
done with H-+ for K = 362.04-430.54 Q = 90.51-107.63 after 6902.7 sec [total]
done with H-- for K = 362.04-430.54 Q = 90.51-107.63 after 6903.0 sec [total]
done with UU for K = 430.54-512.00 Q = 90.51-107.63 after 6903.9 sec [total]
done with BB for K = 430.54-512.00 Q = 90.51-107.63 after 6905.0 sec [total]
done with UBTa for K = 430.54-512.00 Q = 90.51-107.63 after 6905.2 sec [total]
done with UBTb for K = 430.54-512.00 Q = 90.51-107.63 after 6905.3 sec [total]
done with UBTbA for K = 430.54-512.00 Q = 90.51-107.63 after 6905.5 sec [total]
done with UBTbC for K = 430.54-512.00 Q = 90.51-107.63 after 6905.8 sec [total]
done with H for K = 430.54-512.00 Q = 90.51-107.63 after 6906.7 sec [total]
done with H++ for K = 430.54-512.00 Q = 90.51-107.63 after 6909.8 sec [total]
done with H+- for K = 430.54-512.00 Q = 90.51-107.63 after 6911.0 sec [total]
done with H-+ for K = 430.54-512.00 Q = 90.51-107.63 after 6912.3 sec [total]
done with H-- for K = 430.54-512.00 Q = 90.51-107.63 after 6912.6 sec [total]
done with UU for K = 512.00-608.87 Q = 90.51-107.63 after 6913.5 sec [total]
done with BB for K = 512.00-608.87 Q = 90.51-107.63 after 6914.5 sec [total]
done with UBTa for K = 512.00-608.87 Q = 90.51-107.63 after 6914.7 sec [total]
done with UBTb for K = 512.00-608.87 Q = 90.51-107.63 after 6914.9 sec [total]
done with UBTbA for K = 512.00-608.87 Q = 90.51-107.63 after 6915.1 sec [total]
done with UBTbC for K = 512.00-608.87 Q = 90.51-107.63 after 6915.4 sec [total]
done with H for K = 512.00-608.87 Q = 90.51-107.63 after 6916.2 sec [total]
done with H++ for K = 512.00-608.87 Q = 90.51-107.63 after 6919.4 sec [total]
done with H+- for K = 512.00-608.87 Q = 90.51-107.63 after 6920.6 sec [total]
done with H-+ for K = 512.00-608.87 Q = 90.51-107.63 after 6921.9 sec [total]
done with H-- for K = 512.00-608.87 Q = 90.51-107.63 after 6922.2 sec [total]
done with UU for K = 608.87-724.08 Q = 90.51-107.63 after 6923.1 sec [total]
done with BB for K = 608.87-724.08 Q = 90.51-107.63 after 6924.1 sec [total]
done with UBTa for K = 608.87-724.08 Q = 90.51-107.63 after 6924.3 sec [total]
done with UBTb for K = 608.87-724.08 Q = 90.51-107.63 after 6924.5 sec [total]
done with UBTbA for K = 608.87-724.08 Q = 90.51-107.63 after 6924.6 sec [total]
done with UBTbC for K = 608.87-724.08 Q = 90.51-107.63 after 6925.0 sec [total]
done with H for K = 608.87-724.08 Q = 90.51-107.63 after 6925.8 sec [total]
done with H++ for K = 608.87-724.08 Q = 90.51-107.63 after 6929.0 sec [total]
done with H+- for K = 608.87-724.08 Q = 90.51-107.63 after 6930.3 sec [total]
done with H-+ for K = 608.87-724.08 Q = 90.51-107.63 after 6931.6 sec [total]
done with H-- for K = 608.87-724.08 Q = 90.51-107.63 after 6931.7 sec [total]
done with UU for K = 724.08-861.08 Q = 90.51-107.63 after 6932.6 sec [total]
done with BB for K = 724.08-861.08 Q = 90.51-107.63 after 6933.7 sec [total]
done with UBTa for K = 724.08-861.08 Q = 90.51-107.63 after 6933.8 sec [total]
done with UBTb for K = 724.08-861.08 Q = 90.51-107.63 after 6934.0 sec [total]
done with UBTbA for K = 724.08-861.08 Q = 90.51-107.63 after 6934.2 sec [total]
done with UBTbC for K = 724.08-861.08 Q = 90.51-107.63 after 6934.5 sec [total]
done with H for K = 724.08-861.08 Q = 90.51-107.63 after 6935.4 sec [total]
done with H++ for K = 724.08-861.08 Q = 90.51-107.63 after 6938.5 sec [total]
done with H+- for K = 724.08-861.08 Q = 90.51-107.63 after 6939.7 sec [total]
done with H-+ for K = 724.08-861.08 Q = 90.51-107.63 after 6940.8 sec [total]
done with H-- for K = 724.08-861.08 Q = 90.51-107.63 after 6941.3 sec [total]
done with UU for K = 861.08-1024.00 Q = 90.51-107.63 after 6942.2 sec [total]
done with BB for K = 861.08-1024.00 Q = 90.51-107.63 after 6943.3 sec [total]
done with UBTa for K = 861.08-1024.00 Q = 90.51-107.63 after 6943.5 sec [total]
done with UBTb for K = 861.08-1024.00 Q = 90.51-107.63 after 6943.6 sec [total]
done with UBTbA for K = 861.08-1024.00 Q = 90.51-107.63 after 6943.8 sec [total]
done with UBTbC for K = 861.08-1024.00 Q = 90.51-107.63 after 6944.1 sec [total]
done with H for K = 861.08-1024.00 Q = 90.51-107.63 after 6944.9 sec [total]
done with H++ for K = 861.08-1024.00 Q = 90.51-107.63 after 6948.2 sec [total]
done with H+- for K = 861.08-1024.00 Q = 90.51-107.63 after 6949.2 sec [total]
done with H-+ for K = 861.08-1024.00 Q = 90.51-107.63 after 6950.4 sec [total]
done with H-- for K = 861.08-1024.00 Q = 90.51-107.63 after 6950.8 sec [total]
done with UU for K = 0.00-3.36 Q = 107.63-128.00 after 6952.5 sec [total]
done with BB for K = 0.00-3.36 Q = 107.63-128.00 after 6954.9 sec [total]
done with UBTa for K = 0.00-3.36 Q = 107.63-128.00 after 6955.9 sec [total]
done with UBTb for K = 0.00-3.36 Q = 107.63-128.00 after 6956.9 sec [total]
done with UBTbA for K = 0.00-3.36 Q = 107.63-128.00 after 6957.9 sec [total]
done with UBTbC for K = 0.00-3.36 Q = 107.63-128.00 after 6958.2 sec [total]
done with H for K = 0.00-3.36 Q = 107.63-128.00 after 6959.1 sec [total]
done with H++ for K = 0.00-3.36 Q = 107.63-128.00 after 6962.3 sec [total]
done with H+- for K = 0.00-3.36 Q = 107.63-128.00 after 6963.5 sec [total]
done with H-+ for K = 0.00-3.36 Q = 107.63-128.00 after 6964.5 sec [total]
done with H-- for K = 0.00-3.36 Q = 107.63-128.00 after 6965.1 sec [total]
done with UU for K = 3.36-4.00 Q = 107.63-128.00 after 6966.0 sec [total]
done with BB for K = 3.36-4.00 Q = 107.63-128.00 after 6967.0 sec [total]
done with UBTa for K = 3.36-4.00 Q = 107.63-128.00 after 6967.2 sec [total]
done with UBTb for K = 3.36-4.00 Q = 107.63-128.00 after 6967.4 sec [total]
done with UBTbA for K = 3.36-4.00 Q = 107.63-128.00 after 6967.6 sec [total]
done with UBTbC for K = 3.36-4.00 Q = 107.63-128.00 after 6967.9 sec [total]
done with H for K = 3.36-4.00 Q = 107.63-128.00 after 6968.7 sec [total]
done with H++ for K = 3.36-4.00 Q = 107.63-128.00 after 6971.9 sec [total]
done with H+- for K = 3.36-4.00 Q = 107.63-128.00 after 6973.2 sec [total]
done with H-+ for K = 3.36-4.00 Q = 107.63-128.00 after 6974.4 sec [total]
done with H-- for K = 3.36-4.00 Q = 107.63-128.00 after 6974.7 sec [total]
done with UU for K = 4.00-4.76 Q = 107.63-128.00 after 6975.6 sec [total]
done with BB for K = 4.00-4.76 Q = 107.63-128.00 after 6976.6 sec [total]
done with UBTa for K = 4.00-4.76 Q = 107.63-128.00 after 6976.7 sec [total]
done with UBTb for K = 4.00-4.76 Q = 107.63-128.00 after 6976.9 sec [total]
done with UBTbA for K = 4.00-4.76 Q = 107.63-128.00 after 6977.1 sec [total]
done with UBTbC for K = 4.00-4.76 Q = 107.63-128.00 after 6977.4 sec [total]
done with H for K = 4.00-4.76 Q = 107.63-128.00 after 6978.3 sec [total]
done with H++ for K = 4.00-4.76 Q = 107.63-128.00 after 6981.4 sec [total]
done with H+- for K = 4.00-4.76 Q = 107.63-128.00 after 6982.6 sec [total]
done with H-+ for K = 4.00-4.76 Q = 107.63-128.00 after 6983.7 sec [total]
done with H-- for K = 4.00-4.76 Q = 107.63-128.00 after 6984.2 sec [total]
done with UU for K = 4.76-5.66 Q = 107.63-128.00 after 6985.1 sec [total]
done with BB for K = 4.76-5.66 Q = 107.63-128.00 after 6986.2 sec [total]
done with UBTa for K = 4.76-5.66 Q = 107.63-128.00 after 6986.3 sec [total]
done with UBTb for K = 4.76-5.66 Q = 107.63-128.00 after 6986.5 sec [total]
done with UBTbA for K = 4.76-5.66 Q = 107.63-128.00 after 6986.7 sec [total]
done with UBTbC for K = 4.76-5.66 Q = 107.63-128.00 after 6987.1 sec [total]
done with H for K = 4.76-5.66 Q = 107.63-128.00 after 6987.9 sec [total]
done with H++ for K = 4.76-5.66 Q = 107.63-128.00 after 6991.0 sec [total]
done with H+- for K = 4.76-5.66 Q = 107.63-128.00 after 6992.2 sec [total]
done with H-+ for K = 4.76-5.66 Q = 107.63-128.00 after 6993.2 sec [total]
done with H-- for K = 4.76-5.66 Q = 107.63-128.00 after 6993.8 sec [total]
done with UU for K = 5.66-6.73 Q = 107.63-128.00 after 6994.7 sec [total]
done with BB for K = 5.66-6.73 Q = 107.63-128.00 after 6995.8 sec [total]
done with UBTa for K = 5.66-6.73 Q = 107.63-128.00 after 6996.0 sec [total]
done with UBTb for K = 5.66-6.73 Q = 107.63-128.00 after 6996.2 sec [total]
done with UBTbA for K = 5.66-6.73 Q = 107.63-128.00 after 6996.3 sec [total]
done with UBTbC for K = 5.66-6.73 Q = 107.63-128.00 after 6996.7 sec [total]
done with H for K = 5.66-6.73 Q = 107.63-128.00 after 6997.4 sec [total]
done with H++ for K = 5.66-6.73 Q = 107.63-128.00 after 7000.6 sec [total]
done with H+- for K = 5.66-6.73 Q = 107.63-128.00 after 7001.9 sec [total]
done with H-+ for K = 5.66-6.73 Q = 107.63-128.00 after 7003.1 sec [total]
done with H-- for K = 5.66-6.73 Q = 107.63-128.00 after 7003.3 sec [total]
done with UU for K = 6.73-8.00 Q = 107.63-128.00 after 7004.2 sec [total]
done with BB for K = 6.73-8.00 Q = 107.63-128.00 after 7005.3 sec [total]
done with UBTa for K = 6.73-8.00 Q = 107.63-128.00 after 7005.4 sec [total]
done with UBTb for K = 6.73-8.00 Q = 107.63-128.00 after 7005.6 sec [total]
done with UBTbA for K = 6.73-8.00 Q = 107.63-128.00 after 7005.8 sec [total]
done with UBTbC for K = 6.73-8.00 Q = 107.63-128.00 after 7006.1 sec [total]
done with H for K = 6.73-8.00 Q = 107.63-128.00 after 7007.0 sec [total]
done with H++ for K = 6.73-8.00 Q = 107.63-128.00 after 7010.1 sec [total]
done with H+- for K = 6.73-8.00 Q = 107.63-128.00 after 7011.3 sec [total]
done with H-+ for K = 6.73-8.00 Q = 107.63-128.00 after 7012.5 sec [total]
done with H-- for K = 6.73-8.00 Q = 107.63-128.00 after 7012.9 sec [total]
done with UU for K = 8.00-9.51 Q = 107.63-128.00 after 7013.8 sec [total]
done with BB for K = 8.00-9.51 Q = 107.63-128.00 after 7014.8 sec [total]
done with UBTa for K = 8.00-9.51 Q = 107.63-128.00 after 7014.9 sec [total]
done with UBTb for K = 8.00-9.51 Q = 107.63-128.00 after 7015.1 sec [total]
done with UBTbA for K = 8.00-9.51 Q = 107.63-128.00 after 7015.3 sec [total]
done with UBTbC for K = 8.00-9.51 Q = 107.63-128.00 after 7015.7 sec [total]
done with H for K = 8.00-9.51 Q = 107.63-128.00 after 7016.5 sec [total]
done with H++ for K = 8.00-9.51 Q = 107.63-128.00 after 7019.7 sec [total]
done with H+- for K = 8.00-9.51 Q = 107.63-128.00 after 7020.8 sec [total]
done with H-+ for K = 8.00-9.51 Q = 107.63-128.00 after 7022.0 sec [total]
done with H-- for K = 8.00-9.51 Q = 107.63-128.00 after 7022.5 sec [total]
done with UU for K = 9.51-11.31 Q = 107.63-128.00 after 7023.4 sec [total]
done with BB for K = 9.51-11.31 Q = 107.63-128.00 after 7024.4 sec [total]
done with UBTa for K = 9.51-11.31 Q = 107.63-128.00 after 7024.6 sec [total]
done with UBTb for K = 9.51-11.31 Q = 107.63-128.00 after 7024.8 sec [total]
done with UBTbA for K = 9.51-11.31 Q = 107.63-128.00 after 7024.9 sec [total]
done with UBTbC for K = 9.51-11.31 Q = 107.63-128.00 after 7025.3 sec [total]
done with H for K = 9.51-11.31 Q = 107.63-128.00 after 7026.1 sec [total]
done with H++ for K = 9.51-11.31 Q = 107.63-128.00 after 7029.3 sec [total]
done with H+- for K = 9.51-11.31 Q = 107.63-128.00 after 7030.6 sec [total]
done with H-+ for K = 9.51-11.31 Q = 107.63-128.00 after 7031.9 sec [total]
done with H-- for K = 9.51-11.31 Q = 107.63-128.00 after 7032.1 sec [total]
done with UU for K = 11.31-13.45 Q = 107.63-128.00 after 7033.0 sec [total]
done with BB for K = 11.31-13.45 Q = 107.63-128.00 after 7034.0 sec [total]
done with UBTa for K = 11.31-13.45 Q = 107.63-128.00 after 7034.2 sec [total]
done with UBTb for K = 11.31-13.45 Q = 107.63-128.00 after 7034.4 sec [total]
done with UBTbA for K = 11.31-13.45 Q = 107.63-128.00 after 7034.6 sec [total]
done with UBTbC for K = 11.31-13.45 Q = 107.63-128.00 after 7034.9 sec [total]
done with H for K = 11.31-13.45 Q = 107.63-128.00 after 7035.7 sec [total]
done with H++ for K = 11.31-13.45 Q = 107.63-128.00 after 7038.9 sec [total]
done with H+- for K = 11.31-13.45 Q = 107.63-128.00 after 7040.1 sec [total]
done with H-+ for K = 11.31-13.45 Q = 107.63-128.00 after 7041.1 sec [total]
done with H-- for K = 11.31-13.45 Q = 107.63-128.00 after 7041.7 sec [total]
done with UU for K = 13.45-16.00 Q = 107.63-128.00 after 7042.6 sec [total]
done with BB for K = 13.45-16.00 Q = 107.63-128.00 after 7043.6 sec [total]
done with UBTa for K = 13.45-16.00 Q = 107.63-128.00 after 7043.8 sec [total]
done with UBTb for K = 13.45-16.00 Q = 107.63-128.00 after 7044.0 sec [total]
done with UBTbA for K = 13.45-16.00 Q = 107.63-128.00 after 7044.2 sec [total]
done with UBTbC for K = 13.45-16.00 Q = 107.63-128.00 after 7044.5 sec [total]
done with H for K = 13.45-16.00 Q = 107.63-128.00 after 7045.3 sec [total]
done with H++ for K = 13.45-16.00 Q = 107.63-128.00 after 7048.4 sec [total]
done with H+- for K = 13.45-16.00 Q = 107.63-128.00 after 7049.6 sec [total]
done with H-+ for K = 13.45-16.00 Q = 107.63-128.00 after 7050.7 sec [total]
done with H-- for K = 13.45-16.00 Q = 107.63-128.00 after 7051.2 sec [total]
done with UU for K = 16.00-19.03 Q = 107.63-128.00 after 7052.1 sec [total]
done with BB for K = 16.00-19.03 Q = 107.63-128.00 after 7053.1 sec [total]
done with UBTa for K = 16.00-19.03 Q = 107.63-128.00 after 7053.3 sec [total]
done with UBTb for K = 16.00-19.03 Q = 107.63-128.00 after 7053.5 sec [total]
done with UBTbA for K = 16.00-19.03 Q = 107.63-128.00 after 7053.7 sec [total]
done with UBTbC for K = 16.00-19.03 Q = 107.63-128.00 after 7054.0 sec [total]
done with H for K = 16.00-19.03 Q = 107.63-128.00 after 7054.8 sec [total]
done with H++ for K = 16.00-19.03 Q = 107.63-128.00 after 7058.0 sec [total]
done with H+- for K = 16.00-19.03 Q = 107.63-128.00 after 7059.3 sec [total]
done with H-+ for K = 16.00-19.03 Q = 107.63-128.00 after 7060.5 sec [total]
done with H-- for K = 16.00-19.03 Q = 107.63-128.00 after 7060.8 sec [total]
done with UU for K = 19.03-22.63 Q = 107.63-128.00 after 7061.7 sec [total]
done with BB for K = 19.03-22.63 Q = 107.63-128.00 after 7062.7 sec [total]
done with UBTa for K = 19.03-22.63 Q = 107.63-128.00 after 7062.8 sec [total]
done with UBTb for K = 19.03-22.63 Q = 107.63-128.00 after 7063.0 sec [total]
done with UBTbA for K = 19.03-22.63 Q = 107.63-128.00 after 7063.2 sec [total]
done with UBTbC for K = 19.03-22.63 Q = 107.63-128.00 after 7063.6 sec [total]
done with H for K = 19.03-22.63 Q = 107.63-128.00 after 7064.4 sec [total]
done with H++ for K = 19.03-22.63 Q = 107.63-128.00 after 7067.6 sec [total]
done with H+- for K = 19.03-22.63 Q = 107.63-128.00 after 7068.9 sec [total]
done with H-+ for K = 19.03-22.63 Q = 107.63-128.00 after 7070.1 sec [total]
done with H-- for K = 19.03-22.63 Q = 107.63-128.00 after 7070.3 sec [total]
done with UU for K = 22.63-26.91 Q = 107.63-128.00 after 7071.2 sec [total]
done with BB for K = 22.63-26.91 Q = 107.63-128.00 after 7072.2 sec [total]
done with UBTa for K = 22.63-26.91 Q = 107.63-128.00 after 7072.4 sec [total]
done with UBTb for K = 22.63-26.91 Q = 107.63-128.00 after 7072.6 sec [total]
done with UBTbA for K = 22.63-26.91 Q = 107.63-128.00 after 7072.8 sec [total]
done with UBTbC for K = 22.63-26.91 Q = 107.63-128.00 after 7073.1 sec [total]
done with H for K = 22.63-26.91 Q = 107.63-128.00 after 7074.0 sec [total]
done with H++ for K = 22.63-26.91 Q = 107.63-128.00 after 7077.2 sec [total]
done with H+- for K = 22.63-26.91 Q = 107.63-128.00 after 7078.3 sec [total]
done with H-+ for K = 22.63-26.91 Q = 107.63-128.00 after 7079.4 sec [total]
done with H-- for K = 22.63-26.91 Q = 107.63-128.00 after 7079.9 sec [total]
done with UU for K = 26.91-32.00 Q = 107.63-128.00 after 7080.8 sec [total]
done with BB for K = 26.91-32.00 Q = 107.63-128.00 after 7081.8 sec [total]
done with UBTa for K = 26.91-32.00 Q = 107.63-128.00 after 7082.0 sec [total]
done with UBTb for K = 26.91-32.00 Q = 107.63-128.00 after 7082.2 sec [total]
done with UBTbA for K = 26.91-32.00 Q = 107.63-128.00 after 7082.4 sec [total]
done with UBTbC for K = 26.91-32.00 Q = 107.63-128.00 after 7082.7 sec [total]
done with H for K = 26.91-32.00 Q = 107.63-128.00 after 7083.6 sec [total]
done with H++ for K = 26.91-32.00 Q = 107.63-128.00 after 7086.7 sec [total]
done with H+- for K = 26.91-32.00 Q = 107.63-128.00 after 7087.9 sec [total]
done with H-+ for K = 26.91-32.00 Q = 107.63-128.00 after 7088.9 sec [total]
done with H-- for K = 26.91-32.00 Q = 107.63-128.00 after 7089.5 sec [total]
done with UU for K = 32.00-38.05 Q = 107.63-128.00 after 7090.4 sec [total]
done with BB for K = 32.00-38.05 Q = 107.63-128.00 after 7091.5 sec [total]
done with UBTa for K = 32.00-38.05 Q = 107.63-128.00 after 7091.6 sec [total]
done with UBTb for K = 32.00-38.05 Q = 107.63-128.00 after 7091.8 sec [total]
done with UBTbA for K = 32.00-38.05 Q = 107.63-128.00 after 7092.0 sec [total]
done with UBTbC for K = 32.00-38.05 Q = 107.63-128.00 after 7092.3 sec [total]
done with H for K = 32.00-38.05 Q = 107.63-128.00 after 7093.2 sec [total]
done with H++ for K = 32.00-38.05 Q = 107.63-128.00 after 7096.4 sec [total]
done with H+- for K = 32.00-38.05 Q = 107.63-128.00 after 7097.6 sec [total]
done with H-+ for K = 32.00-38.05 Q = 107.63-128.00 after 7098.8 sec [total]
done with H-- for K = 32.00-38.05 Q = 107.63-128.00 after 7099.1 sec [total]
done with UU for K = 38.05-45.25 Q = 107.63-128.00 after 7100.0 sec [total]
done with BB for K = 38.05-45.25 Q = 107.63-128.00 after 7101.0 sec [total]
done with UBTa for K = 38.05-45.25 Q = 107.63-128.00 after 7101.2 sec [total]
done with UBTb for K = 38.05-45.25 Q = 107.63-128.00 after 7101.3 sec [total]
done with UBTbA for K = 38.05-45.25 Q = 107.63-128.00 after 7101.5 sec [total]
done with UBTbC for K = 38.05-45.25 Q = 107.63-128.00 after 7101.9 sec [total]
done with H for K = 38.05-45.25 Q = 107.63-128.00 after 7102.7 sec [total]
done with H++ for K = 38.05-45.25 Q = 107.63-128.00 after 7105.9 sec [total]
done with H+- for K = 38.05-45.25 Q = 107.63-128.00 after 7107.2 sec [total]
done with H-+ for K = 38.05-45.25 Q = 107.63-128.00 after 7108.5 sec [total]
done with H-- for K = 38.05-45.25 Q = 107.63-128.00 after 7108.7 sec [total]
done with UU for K = 45.25-53.82 Q = 107.63-128.00 after 7109.6 sec [total]
done with BB for K = 45.25-53.82 Q = 107.63-128.00 after 7110.6 sec [total]
done with UBTa for K = 45.25-53.82 Q = 107.63-128.00 after 7110.8 sec [total]
done with UBTb for K = 45.25-53.82 Q = 107.63-128.00 after 7110.9 sec [total]
done with UBTbA for K = 45.25-53.82 Q = 107.63-128.00 after 7111.1 sec [total]
done with UBTbC for K = 45.25-53.82 Q = 107.63-128.00 after 7111.5 sec [total]
done with H for K = 45.25-53.82 Q = 107.63-128.00 after 7112.3 sec [total]
done with H++ for K = 45.25-53.82 Q = 107.63-128.00 after 7115.5 sec [total]
done with H+- for K = 45.25-53.82 Q = 107.63-128.00 after 7116.6 sec [total]
done with H-+ for K = 45.25-53.82 Q = 107.63-128.00 after 7117.7 sec [total]
done with H-- for K = 45.25-53.82 Q = 107.63-128.00 after 7118.2 sec [total]
done with UU for K = 53.82-64.00 Q = 107.63-128.00 after 7119.1 sec [total]
done with BB for K = 53.82-64.00 Q = 107.63-128.00 after 7120.2 sec [total]
done with UBTa for K = 53.82-64.00 Q = 107.63-128.00 after 7120.4 sec [total]
done with UBTb for K = 53.82-64.00 Q = 107.63-128.00 after 7120.5 sec [total]
done with UBTbA for K = 53.82-64.00 Q = 107.63-128.00 after 7120.7 sec [total]
done with UBTbC for K = 53.82-64.00 Q = 107.63-128.00 after 7121.0 sec [total]
done with H for K = 53.82-64.00 Q = 107.63-128.00 after 7121.9 sec [total]
done with H++ for K = 53.82-64.00 Q = 107.63-128.00 after 7125.0 sec [total]
done with H+- for K = 53.82-64.00 Q = 107.63-128.00 after 7126.3 sec [total]
done with H-+ for K = 53.82-64.00 Q = 107.63-128.00 after 7127.6 sec [total]
done with H-- for K = 53.82-64.00 Q = 107.63-128.00 after 7127.8 sec [total]
done with UU for K = 64.00-76.11 Q = 107.63-128.00 after 7128.7 sec [total]
done with BB for K = 64.00-76.11 Q = 107.63-128.00 after 7129.8 sec [total]
done with UBTa for K = 64.00-76.11 Q = 107.63-128.00 after 7130.0 sec [total]
done with UBTb for K = 64.00-76.11 Q = 107.63-128.00 after 7130.2 sec [total]
done with UBTbA for K = 64.00-76.11 Q = 107.63-128.00 after 7130.3 sec [total]
done with UBTbC for K = 64.00-76.11 Q = 107.63-128.00 after 7130.7 sec [total]
done with H for K = 64.00-76.11 Q = 107.63-128.00 after 7131.4 sec [total]
done with H++ for K = 64.00-76.11 Q = 107.63-128.00 after 7134.6 sec [total]
done with H+- for K = 64.00-76.11 Q = 107.63-128.00 after 7135.8 sec [total]
done with H-+ for K = 64.00-76.11 Q = 107.63-128.00 after 7136.9 sec [total]
done with H-- for K = 64.00-76.11 Q = 107.63-128.00 after 7137.3 sec [total]
done with UU for K = 76.11-90.51 Q = 107.63-128.00 after 7138.2 sec [total]
done with BB for K = 76.11-90.51 Q = 107.63-128.00 after 7139.3 sec [total]
done with UBTa for K = 76.11-90.51 Q = 107.63-128.00 after 7139.5 sec [total]
done with UBTb for K = 76.11-90.51 Q = 107.63-128.00 after 7139.7 sec [total]
done with UBTbA for K = 76.11-90.51 Q = 107.63-128.00 after 7139.9 sec [total]
done with UBTbC for K = 76.11-90.51 Q = 107.63-128.00 after 7140.2 sec [total]
done with H for K = 76.11-90.51 Q = 107.63-128.00 after 7141.0 sec [total]
done with H++ for K = 76.11-90.51 Q = 107.63-128.00 after 7144.2 sec [total]
done with H+- for K = 76.11-90.51 Q = 107.63-128.00 after 7145.3 sec [total]
done with H-+ for K = 76.11-90.51 Q = 107.63-128.00 after 7146.4 sec [total]
done with H-- for K = 76.11-90.51 Q = 107.63-128.00 after 7146.9 sec [total]
done with UU for K = 90.51-107.63 Q = 107.63-128.00 after 7147.9 sec [total]
done with BB for K = 90.51-107.63 Q = 107.63-128.00 after 7148.9 sec [total]
done with UBTa for K = 90.51-107.63 Q = 107.63-128.00 after 7149.1 sec [total]
done with UBTb for K = 90.51-107.63 Q = 107.63-128.00 after 7149.3 sec [total]
done with UBTbA for K = 90.51-107.63 Q = 107.63-128.00 after 7149.4 sec [total]
done with UBTbC for K = 90.51-107.63 Q = 107.63-128.00 after 7149.8 sec [total]
done with H for K = 90.51-107.63 Q = 107.63-128.00 after 7150.6 sec [total]
done with H++ for K = 90.51-107.63 Q = 107.63-128.00 after 7153.9 sec [total]
done with H+- for K = 90.51-107.63 Q = 107.63-128.00 after 7155.1 sec [total]
done with H-+ for K = 90.51-107.63 Q = 107.63-128.00 after 7156.4 sec [total]
done with H-- for K = 90.51-107.63 Q = 107.63-128.00 after 7156.6 sec [total]
done with UU for K = 107.63-128.00 Q = 107.63-128.00 after 7157.5 sec [total]
done with BB for K = 107.63-128.00 Q = 107.63-128.00 after 7158.5 sec [total]
done with UBTa for K = 107.63-128.00 Q = 107.63-128.00 after 7158.7 sec [total]
done with UBTb for K = 107.63-128.00 Q = 107.63-128.00 after 7158.9 sec [total]
done with UBTbA for K = 107.63-128.00 Q = 107.63-128.00 after 7159.1 sec [total]
done with UBTbC for K = 107.63-128.00 Q = 107.63-128.00 after 7159.5 sec [total]
done with H for K = 107.63-128.00 Q = 107.63-128.00 after 7160.3 sec [total]
done with H++ for K = 107.63-128.00 Q = 107.63-128.00 after 7163.4 sec [total]
done with H+- for K = 107.63-128.00 Q = 107.63-128.00 after 7164.5 sec [total]
done with H-+ for K = 107.63-128.00 Q = 107.63-128.00 after 7165.6 sec [total]
done with H-- for K = 107.63-128.00 Q = 107.63-128.00 after 7166.2 sec [total]
done with UU for K = 128.00-152.22 Q = 107.63-128.00 after 7167.1 sec [total]
done with BB for K = 128.00-152.22 Q = 107.63-128.00 after 7168.1 sec [total]
done with UBTa for K = 128.00-152.22 Q = 107.63-128.00 after 7168.2 sec [total]
done with UBTb for K = 128.00-152.22 Q = 107.63-128.00 after 7168.4 sec [total]
done with UBTbA for K = 128.00-152.22 Q = 107.63-128.00 after 7168.6 sec [total]
done with UBTbC for K = 128.00-152.22 Q = 107.63-128.00 after 7169.0 sec [total]
done with H for K = 128.00-152.22 Q = 107.63-128.00 after 7169.8 sec [total]
done with H++ for K = 128.00-152.22 Q = 107.63-128.00 after 7173.0 sec [total]
done with H+- for K = 128.00-152.22 Q = 107.63-128.00 after 7174.1 sec [total]
done with H-+ for K = 128.00-152.22 Q = 107.63-128.00 after 7175.3 sec [total]
done with H-- for K = 128.00-152.22 Q = 107.63-128.00 after 7175.8 sec [total]
done with UU for K = 152.22-181.02 Q = 107.63-128.00 after 7176.7 sec [total]
done with BB for K = 152.22-181.02 Q = 107.63-128.00 after 7177.7 sec [total]
done with UBTa for K = 152.22-181.02 Q = 107.63-128.00 after 7177.9 sec [total]
done with UBTb for K = 152.22-181.02 Q = 107.63-128.00 after 7178.1 sec [total]
done with UBTbA for K = 152.22-181.02 Q = 107.63-128.00 after 7178.3 sec [total]
done with UBTbC for K = 152.22-181.02 Q = 107.63-128.00 after 7178.6 sec [total]
done with H for K = 152.22-181.02 Q = 107.63-128.00 after 7179.4 sec [total]
done with H++ for K = 152.22-181.02 Q = 107.63-128.00 after 7182.6 sec [total]
done with H+- for K = 152.22-181.02 Q = 107.63-128.00 after 7183.7 sec [total]
done with H-+ for K = 152.22-181.02 Q = 107.63-128.00 after 7184.8 sec [total]
done with H-- for K = 152.22-181.02 Q = 107.63-128.00 after 7185.4 sec [total]
done with UU for K = 181.02-215.27 Q = 107.63-128.00 after 7186.3 sec [total]
done with BB for K = 181.02-215.27 Q = 107.63-128.00 after 7187.3 sec [total]
done with UBTa for K = 181.02-215.27 Q = 107.63-128.00 after 7187.5 sec [total]
done with UBTb for K = 181.02-215.27 Q = 107.63-128.00 after 7187.6 sec [total]
done with UBTbA for K = 181.02-215.27 Q = 107.63-128.00 after 7187.8 sec [total]
done with UBTbC for K = 181.02-215.27 Q = 107.63-128.00 after 7188.1 sec [total]
done with H for K = 181.02-215.27 Q = 107.63-128.00 after 7189.0 sec [total]
done with H++ for K = 181.02-215.27 Q = 107.63-128.00 after 7192.1 sec [total]
done with H+- for K = 181.02-215.27 Q = 107.63-128.00 after 7193.4 sec [total]
done with H-+ for K = 181.02-215.27 Q = 107.63-128.00 after 7194.6 sec [total]
done with H-- for K = 181.02-215.27 Q = 107.63-128.00 after 7194.9 sec [total]
done with UU for K = 215.27-256.00 Q = 107.63-128.00 after 7195.8 sec [total]
done with BB for K = 215.27-256.00 Q = 107.63-128.00 after 7196.9 sec [total]
done with UBTa for K = 215.27-256.00 Q = 107.63-128.00 after 7197.1 sec [total]
done with UBTb for K = 215.27-256.00 Q = 107.63-128.00 after 7197.3 sec [total]
done with UBTbA for K = 215.27-256.00 Q = 107.63-128.00 after 7197.5 sec [total]
done with UBTbC for K = 215.27-256.00 Q = 107.63-128.00 after 7197.8 sec [total]
done with H for K = 215.27-256.00 Q = 107.63-128.00 after 7198.6 sec [total]
done with H++ for K = 215.27-256.00 Q = 107.63-128.00 after 7201.7 sec [total]
done with H+- for K = 215.27-256.00 Q = 107.63-128.00 after 7202.9 sec [total]
done with H-+ for K = 215.27-256.00 Q = 107.63-128.00 after 7204.1 sec [total]
done with H-- for K = 215.27-256.00 Q = 107.63-128.00 after 7204.5 sec [total]
done with UU for K = 256.00-304.44 Q = 107.63-128.00 after 7205.4 sec [total]
done with BB for K = 256.00-304.44 Q = 107.63-128.00 after 7206.5 sec [total]
done with UBTa for K = 256.00-304.44 Q = 107.63-128.00 after 7206.6 sec [total]
done with UBTb for K = 256.00-304.44 Q = 107.63-128.00 after 7206.8 sec [total]
done with UBTbA for K = 256.00-304.44 Q = 107.63-128.00 after 7207.0 sec [total]
done with UBTbC for K = 256.00-304.44 Q = 107.63-128.00 after 7207.4 sec [total]
done with H for K = 256.00-304.44 Q = 107.63-128.00 after 7208.2 sec [total]
done with H++ for K = 256.00-304.44 Q = 107.63-128.00 after 7211.3 sec [total]
done with H+- for K = 256.00-304.44 Q = 107.63-128.00 after 7212.5 sec [total]
done with H-+ for K = 256.00-304.44 Q = 107.63-128.00 after 7213.5 sec [total]
done with H-- for K = 256.00-304.44 Q = 107.63-128.00 after 7214.1 sec [total]
done with UU for K = 304.44-362.04 Q = 107.63-128.00 after 7215.0 sec [total]
done with BB for K = 304.44-362.04 Q = 107.63-128.00 after 7216.0 sec [total]
done with UBTa for K = 304.44-362.04 Q = 107.63-128.00 after 7216.2 sec [total]
done with UBTb for K = 304.44-362.04 Q = 107.63-128.00 after 7216.4 sec [total]
done with UBTbA for K = 304.44-362.04 Q = 107.63-128.00 after 7216.6 sec [total]
done with UBTbC for K = 304.44-362.04 Q = 107.63-128.00 after 7216.9 sec [total]
done with H for K = 304.44-362.04 Q = 107.63-128.00 after 7217.8 sec [total]
done with H++ for K = 304.44-362.04 Q = 107.63-128.00 after 7220.9 sec [total]
done with H+- for K = 304.44-362.04 Q = 107.63-128.00 after 7222.1 sec [total]
done with H-+ for K = 304.44-362.04 Q = 107.63-128.00 after 7223.4 sec [total]
done with H-- for K = 304.44-362.04 Q = 107.63-128.00 after 7223.7 sec [total]
done with UU for K = 362.04-430.54 Q = 107.63-128.00 after 7224.6 sec [total]
done with BB for K = 362.04-430.54 Q = 107.63-128.00 after 7225.6 sec [total]
done with UBTa for K = 362.04-430.54 Q = 107.63-128.00 after 7225.8 sec [total]
done with UBTb for K = 362.04-430.54 Q = 107.63-128.00 after 7226.0 sec [total]
done with UBTbA for K = 362.04-430.54 Q = 107.63-128.00 after 7226.2 sec [total]
done with UBTbC for K = 362.04-430.54 Q = 107.63-128.00 after 7226.5 sec [total]
done with H for K = 362.04-430.54 Q = 107.63-128.00 after 7227.4 sec [total]
done with H++ for K = 362.04-430.54 Q = 107.63-128.00 after 7230.6 sec [total]
done with H+- for K = 362.04-430.54 Q = 107.63-128.00 after 7231.6 sec [total]
done with H-+ for K = 362.04-430.54 Q = 107.63-128.00 after 7232.8 sec [total]
done with H-- for K = 362.04-430.54 Q = 107.63-128.00 after 7233.3 sec [total]
done with UU for K = 430.54-512.00 Q = 107.63-128.00 after 7234.2 sec [total]
done with BB for K = 430.54-512.00 Q = 107.63-128.00 after 7235.2 sec [total]
done with UBTa for K = 430.54-512.00 Q = 107.63-128.00 after 7235.4 sec [total]
done with UBTb for K = 430.54-512.00 Q = 107.63-128.00 after 7235.6 sec [total]
done with UBTbA for K = 430.54-512.00 Q = 107.63-128.00 after 7235.7 sec [total]
done with UBTbC for K = 430.54-512.00 Q = 107.63-128.00 after 7236.1 sec [total]
done with H for K = 430.54-512.00 Q = 107.63-128.00 after 7236.9 sec [total]
done with H++ for K = 430.54-512.00 Q = 107.63-128.00 after 7240.1 sec [total]
done with H+- for K = 430.54-512.00 Q = 107.63-128.00 after 7241.2 sec [total]
done with H-+ for K = 430.54-512.00 Q = 107.63-128.00 after 7242.3 sec [total]
done with H-- for K = 430.54-512.00 Q = 107.63-128.00 after 7242.9 sec [total]
done with UU for K = 512.00-608.87 Q = 107.63-128.00 after 7243.8 sec [total]
done with BB for K = 512.00-608.87 Q = 107.63-128.00 after 7244.8 sec [total]
done with UBTa for K = 512.00-608.87 Q = 107.63-128.00 after 7245.0 sec [total]
done with UBTb for K = 512.00-608.87 Q = 107.63-128.00 after 7245.1 sec [total]
done with UBTbA for K = 512.00-608.87 Q = 107.63-128.00 after 7245.3 sec [total]
done with UBTbC for K = 512.00-608.87 Q = 107.63-128.00 after 7245.7 sec [total]
done with H for K = 512.00-608.87 Q = 107.63-128.00 after 7246.5 sec [total]
done with H++ for K = 512.00-608.87 Q = 107.63-128.00 after 7249.6 sec [total]
done with H+- for K = 512.00-608.87 Q = 107.63-128.00 after 7250.8 sec [total]
done with H-+ for K = 512.00-608.87 Q = 107.63-128.00 after 7251.9 sec [total]
done with H-- for K = 512.00-608.87 Q = 107.63-128.00 after 7252.4 sec [total]
done with UU for K = 608.87-724.08 Q = 107.63-128.00 after 7253.3 sec [total]
done with BB for K = 608.87-724.08 Q = 107.63-128.00 after 7254.3 sec [total]
done with UBTa for K = 608.87-724.08 Q = 107.63-128.00 after 7254.5 sec [total]
done with UBTb for K = 608.87-724.08 Q = 107.63-128.00 after 7254.7 sec [total]
done with UBTbA for K = 608.87-724.08 Q = 107.63-128.00 after 7254.8 sec [total]
done with UBTbC for K = 608.87-724.08 Q = 107.63-128.00 after 7255.2 sec [total]
done with H for K = 608.87-724.08 Q = 107.63-128.00 after 7256.1 sec [total]
done with H++ for K = 608.87-724.08 Q = 107.63-128.00 after 7259.2 sec [total]
done with H+- for K = 608.87-724.08 Q = 107.63-128.00 after 7260.6 sec [total]
done with H-+ for K = 608.87-724.08 Q = 107.63-128.00 after 7261.8 sec [total]
done with H-- for K = 608.87-724.08 Q = 107.63-128.00 after 7262.0 sec [total]
done with UU for K = 724.08-861.08 Q = 107.63-128.00 after 7262.9 sec [total]
done with BB for K = 724.08-861.08 Q = 107.63-128.00 after 7264.0 sec [total]
done with UBTa for K = 724.08-861.08 Q = 107.63-128.00 after 7264.2 sec [total]
done with UBTb for K = 724.08-861.08 Q = 107.63-128.00 after 7264.4 sec [total]
done with UBTbA for K = 724.08-861.08 Q = 107.63-128.00 after 7264.6 sec [total]
done with UBTbC for K = 724.08-861.08 Q = 107.63-128.00 after 7264.9 sec [total]
done with H for K = 724.08-861.08 Q = 107.63-128.00 after 7265.7 sec [total]
done with H++ for K = 724.08-861.08 Q = 107.63-128.00 after 7268.8 sec [total]
done with H+- for K = 724.08-861.08 Q = 107.63-128.00 after 7269.9 sec [total]
done with H-+ for K = 724.08-861.08 Q = 107.63-128.00 after 7271.1 sec [total]
done with H-- for K = 724.08-861.08 Q = 107.63-128.00 after 7271.6 sec [total]
done with UU for K = 861.08-1024.00 Q = 107.63-128.00 after 7272.5 sec [total]
done with BB for K = 861.08-1024.00 Q = 107.63-128.00 after 7273.5 sec [total]
done with UBTa for K = 861.08-1024.00 Q = 107.63-128.00 after 7273.8 sec [total]
done with UBTb for K = 861.08-1024.00 Q = 107.63-128.00 after 7273.9 sec [total]
done with UBTbA for K = 861.08-1024.00 Q = 107.63-128.00 after 7274.1 sec [total]
done with UBTbC for K = 861.08-1024.00 Q = 107.63-128.00 after 7274.4 sec [total]
done with H for K = 861.08-1024.00 Q = 107.63-128.00 after 7275.2 sec [total]
done with H++ for K = 861.08-1024.00 Q = 107.63-128.00 after 7278.4 sec [total]
done with H+- for K = 861.08-1024.00 Q = 107.63-128.00 after 7279.6 sec [total]
done with H-+ for K = 861.08-1024.00 Q = 107.63-128.00 after 7280.9 sec [total]
done with H-- for K = 861.08-1024.00 Q = 107.63-128.00 after 7281.1 sec [total]
done with UU for K = 0.00-3.36 Q = 128.00-152.22 after 7282.8 sec [total]
done with BB for K = 0.00-3.36 Q = 128.00-152.22 after 7285.2 sec [total]
done with UBTa for K = 0.00-3.36 Q = 128.00-152.22 after 7286.1 sec [total]
done with UBTb for K = 0.00-3.36 Q = 128.00-152.22 after 7287.2 sec [total]
done with UBTbA for K = 0.00-3.36 Q = 128.00-152.22 after 7288.2 sec [total]
done with UBTbC for K = 0.00-3.36 Q = 128.00-152.22 after 7288.5 sec [total]
done with H for K = 0.00-3.36 Q = 128.00-152.22 after 7289.4 sec [total]
done with H++ for K = 0.00-3.36 Q = 128.00-152.22 after 7292.6 sec [total]
done with H+- for K = 0.00-3.36 Q = 128.00-152.22 after 7293.8 sec [total]
done with H-+ for K = 0.00-3.36 Q = 128.00-152.22 after 7295.0 sec [total]
done with H-- for K = 0.00-3.36 Q = 128.00-152.22 after 7295.4 sec [total]
done with UU for K = 3.36-4.00 Q = 128.00-152.22 after 7296.3 sec [total]
done with BB for K = 3.36-4.00 Q = 128.00-152.22 after 7297.3 sec [total]
done with UBTa for K = 3.36-4.00 Q = 128.00-152.22 after 7297.4 sec [total]
done with UBTb for K = 3.36-4.00 Q = 128.00-152.22 after 7297.6 sec [total]
done with UBTbA for K = 3.36-4.00 Q = 128.00-152.22 after 7297.8 sec [total]
done with UBTbC for K = 3.36-4.00 Q = 128.00-152.22 after 7298.2 sec [total]
done with H for K = 3.36-4.00 Q = 128.00-152.22 after 7299.0 sec [total]
done with H++ for K = 3.36-4.00 Q = 128.00-152.22 after 7302.2 sec [total]
done with H+- for K = 3.36-4.00 Q = 128.00-152.22 after 7303.5 sec [total]
done with H-+ for K = 3.36-4.00 Q = 128.00-152.22 after 7304.8 sec [total]
done with H-- for K = 3.36-4.00 Q = 128.00-152.22 after 7305.0 sec [total]
done with UU for K = 4.00-4.76 Q = 128.00-152.22 after 7305.9 sec [total]
done with BB for K = 4.00-4.76 Q = 128.00-152.22 after 7306.9 sec [total]
done with UBTa for K = 4.00-4.76 Q = 128.00-152.22 after 7307.1 sec [total]
done with UBTb for K = 4.00-4.76 Q = 128.00-152.22 after 7307.3 sec [total]
done with UBTbA for K = 4.00-4.76 Q = 128.00-152.22 after 7307.5 sec [total]
done with UBTbC for K = 4.00-4.76 Q = 128.00-152.22 after 7307.8 sec [total]
done with H for K = 4.00-4.76 Q = 128.00-152.22 after 7308.6 sec [total]
done with H++ for K = 4.00-4.76 Q = 128.00-152.22 after 7311.8 sec [total]
done with H+- for K = 4.00-4.76 Q = 128.00-152.22 after 7313.0 sec [total]
done with H-+ for K = 4.00-4.76 Q = 128.00-152.22 after 7314.1 sec [total]
done with H-- for K = 4.00-4.76 Q = 128.00-152.22 after 7314.6 sec [total]
done with UU for K = 4.76-5.66 Q = 128.00-152.22 after 7315.5 sec [total]
done with BB for K = 4.76-5.66 Q = 128.00-152.22 after 7316.5 sec [total]
done with UBTa for K = 4.76-5.66 Q = 128.00-152.22 after 7316.7 sec [total]
done with UBTb for K = 4.76-5.66 Q = 128.00-152.22 after 7316.8 sec [total]
done with UBTbA for K = 4.76-5.66 Q = 128.00-152.22 after 7317.0 sec [total]
done with UBTbC for K = 4.76-5.66 Q = 128.00-152.22 after 7317.4 sec [total]
done with H for K = 4.76-5.66 Q = 128.00-152.22 after 7318.2 sec [total]
done with H++ for K = 4.76-5.66 Q = 128.00-152.22 after 7321.5 sec [total]
done with H+- for K = 4.76-5.66 Q = 128.00-152.22 after 7322.7 sec [total]
done with H-+ for K = 4.76-5.66 Q = 128.00-152.22 after 7323.9 sec [total]
done with H-- for K = 4.76-5.66 Q = 128.00-152.22 after 7324.2 sec [total]
done with UU for K = 5.66-6.73 Q = 128.00-152.22 after 7325.1 sec [total]
done with BB for K = 5.66-6.73 Q = 128.00-152.22 after 7326.2 sec [total]
done with UBTa for K = 5.66-6.73 Q = 128.00-152.22 after 7326.4 sec [total]
done with UBTb for K = 5.66-6.73 Q = 128.00-152.22 after 7326.6 sec [total]
done with UBTbA for K = 5.66-6.73 Q = 128.00-152.22 after 7326.7 sec [total]
done with UBTbC for K = 5.66-6.73 Q = 128.00-152.22 after 7327.1 sec [total]
done with H for K = 5.66-6.73 Q = 128.00-152.22 after 7327.9 sec [total]
done with H++ for K = 5.66-6.73 Q = 128.00-152.22 after 7331.0 sec [total]
done with H+- for K = 5.66-6.73 Q = 128.00-152.22 after 7332.2 sec [total]
done with H-+ for K = 5.66-6.73 Q = 128.00-152.22 after 7333.5 sec [total]
done with H-- for K = 5.66-6.73 Q = 128.00-152.22 after 7333.8 sec [total]
done with UU for K = 6.73-8.00 Q = 128.00-152.22 after 7334.7 sec [total]
done with BB for K = 6.73-8.00 Q = 128.00-152.22 after 7335.7 sec [total]
done with UBTa for K = 6.73-8.00 Q = 128.00-152.22 after 7335.9 sec [total]
done with UBTb for K = 6.73-8.00 Q = 128.00-152.22 after 7336.1 sec [total]
done with UBTbA for K = 6.73-8.00 Q = 128.00-152.22 after 7336.3 sec [total]
done with UBTbC for K = 6.73-8.00 Q = 128.00-152.22 after 7336.6 sec [total]
done with H for K = 6.73-8.00 Q = 128.00-152.22 after 7337.4 sec [total]
done with H++ for K = 6.73-8.00 Q = 128.00-152.22 after 7340.7 sec [total]
done with H+- for K = 6.73-8.00 Q = 128.00-152.22 after 7341.9 sec [total]
done with H-+ for K = 6.73-8.00 Q = 128.00-152.22 after 7343.1 sec [total]
done with H-- for K = 6.73-8.00 Q = 128.00-152.22 after 7343.4 sec [total]
done with UU for K = 8.00-9.51 Q = 128.00-152.22 after 7344.3 sec [total]
done with BB for K = 8.00-9.51 Q = 128.00-152.22 after 7345.3 sec [total]
done with UBTa for K = 8.00-9.51 Q = 128.00-152.22 after 7345.5 sec [total]
done with UBTb for K = 8.00-9.51 Q = 128.00-152.22 after 7345.7 sec [total]
done with UBTbA for K = 8.00-9.51 Q = 128.00-152.22 after 7345.8 sec [total]
done with UBTbC for K = 8.00-9.51 Q = 128.00-152.22 after 7346.2 sec [total]
done with H for K = 8.00-9.51 Q = 128.00-152.22 after 7347.0 sec [total]
done with H++ for K = 8.00-9.51 Q = 128.00-152.22 after 7350.2 sec [total]
done with H+- for K = 8.00-9.51 Q = 128.00-152.22 after 7351.3 sec [total]
done with H-+ for K = 8.00-9.51 Q = 128.00-152.22 after 7352.4 sec [total]
done with H-- for K = 8.00-9.51 Q = 128.00-152.22 after 7352.9 sec [total]
done with UU for K = 9.51-11.31 Q = 128.00-152.22 after 7353.9 sec [total]
done with BB for K = 9.51-11.31 Q = 128.00-152.22 after 7354.9 sec [total]
done with UBTa for K = 9.51-11.31 Q = 128.00-152.22 after 7355.0 sec [total]
done with UBTb for K = 9.51-11.31 Q = 128.00-152.22 after 7355.2 sec [total]
done with UBTbA for K = 9.51-11.31 Q = 128.00-152.22 after 7355.4 sec [total]
done with UBTbC for K = 9.51-11.31 Q = 128.00-152.22 after 7355.7 sec [total]
done with H for K = 9.51-11.31 Q = 128.00-152.22 after 7356.6 sec [total]
done with H++ for K = 9.51-11.31 Q = 128.00-152.22 after 7359.8 sec [total]
done with H+- for K = 9.51-11.31 Q = 128.00-152.22 after 7361.0 sec [total]
done with H-+ for K = 9.51-11.31 Q = 128.00-152.22 after 7362.2 sec [total]
done with H-- for K = 9.51-11.31 Q = 128.00-152.22 after 7362.6 sec [total]
done with UU for K = 11.31-13.45 Q = 128.00-152.22 after 7363.4 sec [total]
done with BB for K = 11.31-13.45 Q = 128.00-152.22 after 7364.5 sec [total]
done with UBTa for K = 11.31-13.45 Q = 128.00-152.22 after 7364.7 sec [total]
done with UBTb for K = 11.31-13.45 Q = 128.00-152.22 after 7364.8 sec [total]
done with UBTbA for K = 11.31-13.45 Q = 128.00-152.22 after 7365.0 sec [total]
done with UBTbC for K = 11.31-13.45 Q = 128.00-152.22 after 7365.3 sec [total]
done with H for K = 11.31-13.45 Q = 128.00-152.22 after 7366.2 sec [total]
done with H++ for K = 11.31-13.45 Q = 128.00-152.22 after 7369.4 sec [total]
done with H+- for K = 11.31-13.45 Q = 128.00-152.22 after 7370.5 sec [total]
done with H-+ for K = 11.31-13.45 Q = 128.00-152.22 after 7371.6 sec [total]
done with H-- for K = 11.31-13.45 Q = 128.00-152.22 after 7372.1 sec [total]
done with UU for K = 13.45-16.00 Q = 128.00-152.22 after 7373.0 sec [total]
done with BB for K = 13.45-16.00 Q = 128.00-152.22 after 7374.0 sec [total]
done with UBTa for K = 13.45-16.00 Q = 128.00-152.22 after 7374.2 sec [total]
done with UBTb for K = 13.45-16.00 Q = 128.00-152.22 after 7374.4 sec [total]
done with UBTbA for K = 13.45-16.00 Q = 128.00-152.22 after 7374.6 sec [total]
done with UBTbC for K = 13.45-16.00 Q = 128.00-152.22 after 7374.9 sec [total]
done with H for K = 13.45-16.00 Q = 128.00-152.22 after 7375.8 sec [total]
done with H++ for K = 13.45-16.00 Q = 128.00-152.22 after 7378.9 sec [total]
done with H+- for K = 13.45-16.00 Q = 128.00-152.22 after 7380.2 sec [total]
done with H-+ for K = 13.45-16.00 Q = 128.00-152.22 after 7381.4 sec [total]
done with H-- for K = 13.45-16.00 Q = 128.00-152.22 after 7381.7 sec [total]
done with UU for K = 16.00-19.03 Q = 128.00-152.22 after 7382.6 sec [total]
done with BB for K = 16.00-19.03 Q = 128.00-152.22 after 7383.6 sec [total]
done with UBTa for K = 16.00-19.03 Q = 128.00-152.22 after 7383.8 sec [total]
done with UBTb for K = 16.00-19.03 Q = 128.00-152.22 after 7384.0 sec [total]
done with UBTbA for K = 16.00-19.03 Q = 128.00-152.22 after 7384.2 sec [total]
done with UBTbC for K = 16.00-19.03 Q = 128.00-152.22 after 7384.5 sec [total]
done with H for K = 16.00-19.03 Q = 128.00-152.22 after 7385.4 sec [total]
done with H++ for K = 16.00-19.03 Q = 128.00-152.22 after 7388.5 sec [total]
done with H+- for K = 16.00-19.03 Q = 128.00-152.22 after 7389.7 sec [total]
done with H-+ for K = 16.00-19.03 Q = 128.00-152.22 after 7390.9 sec [total]
done with H-- for K = 16.00-19.03 Q = 128.00-152.22 after 7391.3 sec [total]
done with UU for K = 19.03-22.63 Q = 128.00-152.22 after 7392.2 sec [total]
done with BB for K = 19.03-22.63 Q = 128.00-152.22 after 7393.2 sec [total]
done with UBTa for K = 19.03-22.63 Q = 128.00-152.22 after 7393.4 sec [total]
done with UBTb for K = 19.03-22.63 Q = 128.00-152.22 after 7393.6 sec [total]
done with UBTbA for K = 19.03-22.63 Q = 128.00-152.22 after 7393.8 sec [total]
done with UBTbC for K = 19.03-22.63 Q = 128.00-152.22 after 7394.1 sec [total]
done with H for K = 19.03-22.63 Q = 128.00-152.22 after 7394.9 sec [total]
done with H++ for K = 19.03-22.63 Q = 128.00-152.22 after 7398.1 sec [total]
done with H+- for K = 19.03-22.63 Q = 128.00-152.22 after 7399.3 sec [total]
done with H-+ for K = 19.03-22.63 Q = 128.00-152.22 after 7400.4 sec [total]
done with H-- for K = 19.03-22.63 Q = 128.00-152.22 after 7400.8 sec [total]
done with UU for K = 22.63-26.91 Q = 128.00-152.22 after 7401.7 sec [total]
done with BB for K = 22.63-26.91 Q = 128.00-152.22 after 7402.8 sec [total]
done with UBTa for K = 22.63-26.91 Q = 128.00-152.22 after 7403.0 sec [total]
done with UBTb for K = 22.63-26.91 Q = 128.00-152.22 after 7403.2 sec [total]
done with UBTbA for K = 22.63-26.91 Q = 128.00-152.22 after 7403.4 sec [total]
done with UBTbC for K = 22.63-26.91 Q = 128.00-152.22 after 7403.7 sec [total]
done with H for K = 22.63-26.91 Q = 128.00-152.22 after 7404.5 sec [total]
done with H++ for K = 22.63-26.91 Q = 128.00-152.22 after 7407.6 sec [total]
done with H+- for K = 22.63-26.91 Q = 128.00-152.22 after 7408.8 sec [total]
done with H-+ for K = 22.63-26.91 Q = 128.00-152.22 after 7409.9 sec [total]
done with H-- for K = 22.63-26.91 Q = 128.00-152.22 after 7410.4 sec [total]
done with UU for K = 26.91-32.00 Q = 128.00-152.22 after 7411.3 sec [total]
done with BB for K = 26.91-32.00 Q = 128.00-152.22 after 7412.3 sec [total]
done with UBTa for K = 26.91-32.00 Q = 128.00-152.22 after 7412.5 sec [total]
done with UBTb for K = 26.91-32.00 Q = 128.00-152.22 after 7412.6 sec [total]
done with UBTbA for K = 26.91-32.00 Q = 128.00-152.22 after 7412.9 sec [total]
done with UBTbC for K = 26.91-32.00 Q = 128.00-152.22 after 7413.2 sec [total]
done with H for K = 26.91-32.00 Q = 128.00-152.22 after 7414.1 sec [total]
done with H++ for K = 26.91-32.00 Q = 128.00-152.22 after 7417.3 sec [total]
done with H+- for K = 26.91-32.00 Q = 128.00-152.22 after 7418.5 sec [total]
done with H-+ for K = 26.91-32.00 Q = 128.00-152.22 after 7419.8 sec [total]
done with H-- for K = 26.91-32.00 Q = 128.00-152.22 after 7420.0 sec [total]
done with UU for K = 32.00-38.05 Q = 128.00-152.22 after 7420.9 sec [total]
done with BB for K = 32.00-38.05 Q = 128.00-152.22 after 7422.0 sec [total]
done with UBTa for K = 32.00-38.05 Q = 128.00-152.22 after 7422.2 sec [total]
done with UBTb for K = 32.00-38.05 Q = 128.00-152.22 after 7422.4 sec [total]
done with UBTbA for K = 32.00-38.05 Q = 128.00-152.22 after 7422.5 sec [total]
done with UBTbC for K = 32.00-38.05 Q = 128.00-152.22 after 7422.8 sec [total]
done with H for K = 32.00-38.05 Q = 128.00-152.22 after 7423.7 sec [total]
done with H++ for K = 32.00-38.05 Q = 128.00-152.22 after 7426.8 sec [total]
done with H+- for K = 32.00-38.05 Q = 128.00-152.22 after 7427.9 sec [total]
done with H-+ for K = 32.00-38.05 Q = 128.00-152.22 after 7429.0 sec [total]
done with H-- for K = 32.00-38.05 Q = 128.00-152.22 after 7429.6 sec [total]
done with UU for K = 38.05-45.25 Q = 128.00-152.22 after 7430.5 sec [total]
done with BB for K = 38.05-45.25 Q = 128.00-152.22 after 7431.5 sec [total]
done with UBTa for K = 38.05-45.25 Q = 128.00-152.22 after 7431.6 sec [total]
done with UBTb for K = 38.05-45.25 Q = 128.00-152.22 after 7431.8 sec [total]
done with UBTbA for K = 38.05-45.25 Q = 128.00-152.22 after 7432.0 sec [total]
done with UBTbC for K = 38.05-45.25 Q = 128.00-152.22 after 7432.4 sec [total]
done with H for K = 38.05-45.25 Q = 128.00-152.22 after 7433.2 sec [total]
done with H++ for K = 38.05-45.25 Q = 128.00-152.22 after 7436.4 sec [total]
done with H+- for K = 38.05-45.25 Q = 128.00-152.22 after 7437.6 sec [total]
done with H-+ for K = 38.05-45.25 Q = 128.00-152.22 after 7438.7 sec [total]
done with H-- for K = 38.05-45.25 Q = 128.00-152.22 after 7439.1 sec [total]
done with UU for K = 45.25-53.82 Q = 128.00-152.22 after 7440.0 sec [total]
done with BB for K = 45.25-53.82 Q = 128.00-152.22 after 7441.0 sec [total]
done with UBTa for K = 45.25-53.82 Q = 128.00-152.22 after 7441.2 sec [total]
done with UBTb for K = 45.25-53.82 Q = 128.00-152.22 after 7441.4 sec [total]
done with UBTbA for K = 45.25-53.82 Q = 128.00-152.22 after 7441.6 sec [total]
done with UBTbC for K = 45.25-53.82 Q = 128.00-152.22 after 7441.9 sec [total]
done with H for K = 45.25-53.82 Q = 128.00-152.22 after 7442.8 sec [total]
done with H++ for K = 45.25-53.82 Q = 128.00-152.22 after 7446.0 sec [total]
done with H+- for K = 45.25-53.82 Q = 128.00-152.22 after 7447.0 sec [total]
done with H-+ for K = 45.25-53.82 Q = 128.00-152.22 after 7448.1 sec [total]
done with H-- for K = 45.25-53.82 Q = 128.00-152.22 after 7448.7 sec [total]
done with UU for K = 53.82-64.00 Q = 128.00-152.22 after 7449.6 sec [total]
done with BB for K = 53.82-64.00 Q = 128.00-152.22 after 7450.7 sec [total]
done with UBTa for K = 53.82-64.00 Q = 128.00-152.22 after 7450.9 sec [total]
done with UBTb for K = 53.82-64.00 Q = 128.00-152.22 after 7451.0 sec [total]
done with UBTbA for K = 53.82-64.00 Q = 128.00-152.22 after 7451.2 sec [total]
done with UBTbC for K = 53.82-64.00 Q = 128.00-152.22 after 7451.5 sec [total]
done with H for K = 53.82-64.00 Q = 128.00-152.22 after 7452.4 sec [total]
done with H++ for K = 53.82-64.00 Q = 128.00-152.22 after 7455.6 sec [total]
done with H+- for K = 53.82-64.00 Q = 128.00-152.22 after 7456.8 sec [total]
done with H-+ for K = 53.82-64.00 Q = 128.00-152.22 after 7457.9 sec [total]
done with H-- for K = 53.82-64.00 Q = 128.00-152.22 after 7458.3 sec [total]
done with UU for K = 64.00-76.11 Q = 128.00-152.22 after 7459.2 sec [total]
done with BB for K = 64.00-76.11 Q = 128.00-152.22 after 7460.3 sec [total]
done with UBTa for K = 64.00-76.11 Q = 128.00-152.22 after 7460.5 sec [total]
done with UBTb for K = 64.00-76.11 Q = 128.00-152.22 after 7460.7 sec [total]
done with UBTbA for K = 64.00-76.11 Q = 128.00-152.22 after 7460.8 sec [total]
done with UBTbC for K = 64.00-76.11 Q = 128.00-152.22 after 7461.1 sec [total]
done with H for K = 64.00-76.11 Q = 128.00-152.22 after 7461.9 sec [total]
done with H++ for K = 64.00-76.11 Q = 128.00-152.22 after 7465.1 sec [total]
done with H+- for K = 64.00-76.11 Q = 128.00-152.22 after 7466.2 sec [total]
done with H-+ for K = 64.00-76.11 Q = 128.00-152.22 after 7467.2 sec [total]
done with H-- for K = 64.00-76.11 Q = 128.00-152.22 after 7467.9 sec [total]
done with UU for K = 76.11-90.51 Q = 128.00-152.22 after 7468.8 sec [total]
done with BB for K = 76.11-90.51 Q = 128.00-152.22 after 7469.8 sec [total]
done with UBTa for K = 76.11-90.51 Q = 128.00-152.22 after 7470.0 sec [total]
done with UBTb for K = 76.11-90.51 Q = 128.00-152.22 after 7470.2 sec [total]
done with UBTbA for K = 76.11-90.51 Q = 128.00-152.22 after 7470.4 sec [total]
done with UBTbC for K = 76.11-90.51 Q = 128.00-152.22 after 7470.7 sec [total]
done with H for K = 76.11-90.51 Q = 128.00-152.22 after 7471.5 sec [total]
done with H++ for K = 76.11-90.51 Q = 128.00-152.22 after 7474.6 sec [total]
done with H+- for K = 76.11-90.51 Q = 128.00-152.22 after 7475.7 sec [total]
done with H-+ for K = 76.11-90.51 Q = 128.00-152.22 after 7476.9 sec [total]
done with H-- for K = 76.11-90.51 Q = 128.00-152.22 after 7477.4 sec [total]
done with UU for K = 90.51-107.63 Q = 128.00-152.22 after 7478.3 sec [total]
done with BB for K = 90.51-107.63 Q = 128.00-152.22 after 7479.4 sec [total]
done with UBTa for K = 90.51-107.63 Q = 128.00-152.22 after 7479.6 sec [total]
done with UBTb for K = 90.51-107.63 Q = 128.00-152.22 after 7479.8 sec [total]
done with UBTbA for K = 90.51-107.63 Q = 128.00-152.22 after 7480.0 sec [total]
done with UBTbC for K = 90.51-107.63 Q = 128.00-152.22 after 7480.3 sec [total]
done with H for K = 90.51-107.63 Q = 128.00-152.22 after 7481.1 sec [total]
done with H++ for K = 90.51-107.63 Q = 128.00-152.22 after 7484.3 sec [total]
done with H+- for K = 90.51-107.63 Q = 128.00-152.22 after 7485.5 sec [total]
done with H-+ for K = 90.51-107.63 Q = 128.00-152.22 after 7486.6 sec [total]
done with H-- for K = 90.51-107.63 Q = 128.00-152.22 after 7487.0 sec [total]
done with UU for K = 107.63-128.00 Q = 128.00-152.22 after 7487.9 sec [total]
done with BB for K = 107.63-128.00 Q = 128.00-152.22 after 7488.9 sec [total]
done with UBTa for K = 107.63-128.00 Q = 128.00-152.22 after 7489.1 sec [total]
done with UBTb for K = 107.63-128.00 Q = 128.00-152.22 after 7489.2 sec [total]
done with UBTbA for K = 107.63-128.00 Q = 128.00-152.22 after 7489.4 sec [total]
done with UBTbC for K = 107.63-128.00 Q = 128.00-152.22 after 7489.8 sec [total]
done with H for K = 107.63-128.00 Q = 128.00-152.22 after 7490.7 sec [total]
done with H++ for K = 107.63-128.00 Q = 128.00-152.22 after 7493.8 sec [total]
done with H+- for K = 107.63-128.00 Q = 128.00-152.22 after 7495.0 sec [total]
done with H-+ for K = 107.63-128.00 Q = 128.00-152.22 after 7496.2 sec [total]
done with H-- for K = 107.63-128.00 Q = 128.00-152.22 after 7496.6 sec [total]
done with UU for K = 128.00-152.22 Q = 128.00-152.22 after 7497.5 sec [total]
done with BB for K = 128.00-152.22 Q = 128.00-152.22 after 7498.6 sec [total]
done with UBTa for K = 128.00-152.22 Q = 128.00-152.22 after 7498.7 sec [total]
done with UBTb for K = 128.00-152.22 Q = 128.00-152.22 after 7498.9 sec [total]
done with UBTbA for K = 128.00-152.22 Q = 128.00-152.22 after 7499.1 sec [total]
done with UBTbC for K = 128.00-152.22 Q = 128.00-152.22 after 7499.4 sec [total]
done with H for K = 128.00-152.22 Q = 128.00-152.22 after 7500.3 sec [total]
done with H++ for K = 128.00-152.22 Q = 128.00-152.22 after 7503.4 sec [total]
done with H+- for K = 128.00-152.22 Q = 128.00-152.22 after 7504.6 sec [total]
done with H-+ for K = 128.00-152.22 Q = 128.00-152.22 after 7505.6 sec [total]
done with H-- for K = 128.00-152.22 Q = 128.00-152.22 after 7506.2 sec [total]
done with UU for K = 152.22-181.02 Q = 128.00-152.22 after 7507.1 sec [total]
done with BB for K = 152.22-181.02 Q = 128.00-152.22 after 7508.2 sec [total]
done with UBTa for K = 152.22-181.02 Q = 128.00-152.22 after 7508.4 sec [total]
done with UBTb for K = 152.22-181.02 Q = 128.00-152.22 after 7508.5 sec [total]
done with UBTbA for K = 152.22-181.02 Q = 128.00-152.22 after 7508.7 sec [total]
done with UBTbC for K = 152.22-181.02 Q = 128.00-152.22 after 7509.1 sec [total]
done with H for K = 152.22-181.02 Q = 128.00-152.22 after 7509.8 sec [total]
done with H++ for K = 152.22-181.02 Q = 128.00-152.22 after 7513.0 sec [total]
done with H+- for K = 152.22-181.02 Q = 128.00-152.22 after 7514.2 sec [total]
done with H-+ for K = 152.22-181.02 Q = 128.00-152.22 after 7515.2 sec [total]
done with H-- for K = 152.22-181.02 Q = 128.00-152.22 after 7515.8 sec [total]
done with UU for K = 181.02-215.27 Q = 128.00-152.22 after 7516.7 sec [total]
done with BB for K = 181.02-215.27 Q = 128.00-152.22 after 7517.7 sec [total]
done with UBTa for K = 181.02-215.27 Q = 128.00-152.22 after 7517.9 sec [total]
done with UBTb for K = 181.02-215.27 Q = 128.00-152.22 after 7518.1 sec [total]
done with UBTbA for K = 181.02-215.27 Q = 128.00-152.22 after 7518.3 sec [total]
done with UBTbC for K = 181.02-215.27 Q = 128.00-152.22 after 7518.6 sec [total]
done with H for K = 181.02-215.27 Q = 128.00-152.22 after 7519.4 sec [total]
done with H++ for K = 181.02-215.27 Q = 128.00-152.22 after 7522.6 sec [total]
done with H+- for K = 181.02-215.27 Q = 128.00-152.22 after 7523.7 sec [total]
done with H-+ for K = 181.02-215.27 Q = 128.00-152.22 after 7524.8 sec [total]
done with H-- for K = 181.02-215.27 Q = 128.00-152.22 after 7525.3 sec [total]
done with UU for K = 215.27-256.00 Q = 128.00-152.22 after 7526.3 sec [total]
done with BB for K = 215.27-256.00 Q = 128.00-152.22 after 7527.3 sec [total]
done with UBTa for K = 215.27-256.00 Q = 128.00-152.22 after 7527.5 sec [total]
done with UBTb for K = 215.27-256.00 Q = 128.00-152.22 after 7527.7 sec [total]
done with UBTbA for K = 215.27-256.00 Q = 128.00-152.22 after 7527.8 sec [total]
done with UBTbC for K = 215.27-256.00 Q = 128.00-152.22 after 7528.2 sec [total]
done with H for K = 215.27-256.00 Q = 128.00-152.22 after 7529.0 sec [total]
done with H++ for K = 215.27-256.00 Q = 128.00-152.22 after 7532.1 sec [total]
done with H+- for K = 215.27-256.00 Q = 128.00-152.22 after 7533.3 sec [total]
done with H-+ for K = 215.27-256.00 Q = 128.00-152.22 after 7534.4 sec [total]
done with H-- for K = 215.27-256.00 Q = 128.00-152.22 after 7534.9 sec [total]
done with UU for K = 256.00-304.44 Q = 128.00-152.22 after 7535.8 sec [total]
done with BB for K = 256.00-304.44 Q = 128.00-152.22 after 7536.9 sec [total]
done with UBTa for K = 256.00-304.44 Q = 128.00-152.22 after 7537.0 sec [total]
done with UBTb for K = 256.00-304.44 Q = 128.00-152.22 after 7537.2 sec [total]
done with UBTbA for K = 256.00-304.44 Q = 128.00-152.22 after 7537.4 sec [total]
done with UBTbC for K = 256.00-304.44 Q = 128.00-152.22 after 7537.7 sec [total]
done with H for K = 256.00-304.44 Q = 128.00-152.22 after 7538.6 sec [total]
done with H++ for K = 256.00-304.44 Q = 128.00-152.22 after 7541.7 sec [total]
done with H+- for K = 256.00-304.44 Q = 128.00-152.22 after 7542.9 sec [total]
done with H-+ for K = 256.00-304.44 Q = 128.00-152.22 after 7543.8 sec [total]
done with H-- for K = 256.00-304.44 Q = 128.00-152.22 after 7544.5 sec [total]
done with UU for K = 304.44-362.04 Q = 128.00-152.22 after 7545.4 sec [total]
done with BB for K = 304.44-362.04 Q = 128.00-152.22 after 7546.4 sec [total]
done with UBTa for K = 304.44-362.04 Q = 128.00-152.22 after 7546.6 sec [total]
done with UBTb for K = 304.44-362.04 Q = 128.00-152.22 after 7546.7 sec [total]
done with UBTbA for K = 304.44-362.04 Q = 128.00-152.22 after 7546.9 sec [total]
done with UBTbC for K = 304.44-362.04 Q = 128.00-152.22 after 7547.3 sec [total]
done with H for K = 304.44-362.04 Q = 128.00-152.22 after 7548.1 sec [total]
done with H++ for K = 304.44-362.04 Q = 128.00-152.22 after 7551.3 sec [total]
done with H+- for K = 304.44-362.04 Q = 128.00-152.22 after 7552.5 sec [total]
done with H-+ for K = 304.44-362.04 Q = 128.00-152.22 after 7553.6 sec [total]
done with H-- for K = 304.44-362.04 Q = 128.00-152.22 after 7554.0 sec [total]
done with UU for K = 362.04-430.54 Q = 128.00-152.22 after 7554.9 sec [total]
done with BB for K = 362.04-430.54 Q = 128.00-152.22 after 7556.0 sec [total]
done with UBTa for K = 362.04-430.54 Q = 128.00-152.22 after 7556.1 sec [total]
done with UBTb for K = 362.04-430.54 Q = 128.00-152.22 after 7556.3 sec [total]
done with UBTbA for K = 362.04-430.54 Q = 128.00-152.22 after 7556.5 sec [total]
done with UBTbC for K = 362.04-430.54 Q = 128.00-152.22 after 7556.8 sec [total]
done with H for K = 362.04-430.54 Q = 128.00-152.22 after 7557.7 sec [total]
done with H++ for K = 362.04-430.54 Q = 128.00-152.22 after 7560.9 sec [total]
done with H+- for K = 362.04-430.54 Q = 128.00-152.22 after 7562.1 sec [total]
done with H-+ for K = 362.04-430.54 Q = 128.00-152.22 after 7563.3 sec [total]
done with H-- for K = 362.04-430.54 Q = 128.00-152.22 after 7563.7 sec [total]
done with UU for K = 430.54-512.00 Q = 128.00-152.22 after 7564.6 sec [total]
done with BB for K = 430.54-512.00 Q = 128.00-152.22 after 7565.6 sec [total]
done with UBTa for K = 430.54-512.00 Q = 128.00-152.22 after 7565.8 sec [total]
done with UBTb for K = 430.54-512.00 Q = 128.00-152.22 after 7566.0 sec [total]
done with UBTbA for K = 430.54-512.00 Q = 128.00-152.22 after 7566.2 sec [total]
done with UBTbC for K = 430.54-512.00 Q = 128.00-152.22 after 7566.6 sec [total]
done with H for K = 430.54-512.00 Q = 128.00-152.22 after 7567.3 sec [total]
done with H++ for K = 430.54-512.00 Q = 128.00-152.22 after 7570.5 sec [total]
done with H+- for K = 430.54-512.00 Q = 128.00-152.22 after 7571.6 sec [total]
done with H-+ for K = 430.54-512.00 Q = 128.00-152.22 after 7572.7 sec [total]
done with H-- for K = 430.54-512.00 Q = 128.00-152.22 after 7573.3 sec [total]
done with UU for K = 512.00-608.87 Q = 128.00-152.22 after 7574.2 sec [total]
done with BB for K = 512.00-608.87 Q = 128.00-152.22 after 7575.1 sec [total]
done with UBTa for K = 512.00-608.87 Q = 128.00-152.22 after 7575.3 sec [total]
done with UBTb for K = 512.00-608.87 Q = 128.00-152.22 after 7575.5 sec [total]
done with UBTbA for K = 512.00-608.87 Q = 128.00-152.22 after 7575.7 sec [total]
done with UBTbC for K = 512.00-608.87 Q = 128.00-152.22 after 7576.0 sec [total]
done with H for K = 512.00-608.87 Q = 128.00-152.22 after 7576.9 sec [total]
done with H++ for K = 512.00-608.87 Q = 128.00-152.22 after 7580.1 sec [total]
done with H+- for K = 512.00-608.87 Q = 128.00-152.22 after 7581.2 sec [total]
done with H-+ for K = 512.00-608.87 Q = 128.00-152.22 after 7582.3 sec [total]
done with H-- for K = 512.00-608.87 Q = 128.00-152.22 after 7582.8 sec [total]
done with UU for K = 608.87-724.08 Q = 128.00-152.22 after 7583.7 sec [total]
done with BB for K = 608.87-724.08 Q = 128.00-152.22 after 7584.8 sec [total]
done with UBTa for K = 608.87-724.08 Q = 128.00-152.22 after 7584.9 sec [total]
done with UBTb for K = 608.87-724.08 Q = 128.00-152.22 after 7585.1 sec [total]
done with UBTbA for K = 608.87-724.08 Q = 128.00-152.22 after 7585.3 sec [total]
done with UBTbC for K = 608.87-724.08 Q = 128.00-152.22 after 7585.6 sec [total]
done with H for K = 608.87-724.08 Q = 128.00-152.22 after 7586.5 sec [total]
done with H++ for K = 608.87-724.08 Q = 128.00-152.22 after 7589.6 sec [total]
done with H+- for K = 608.87-724.08 Q = 128.00-152.22 after 7590.9 sec [total]
done with H-+ for K = 608.87-724.08 Q = 128.00-152.22 after 7592.1 sec [total]
done with H-- for K = 608.87-724.08 Q = 128.00-152.22 after 7592.4 sec [total]
done with UU for K = 724.08-861.08 Q = 128.00-152.22 after 7593.3 sec [total]
done with BB for K = 724.08-861.08 Q = 128.00-152.22 after 7594.3 sec [total]
done with UBTa for K = 724.08-861.08 Q = 128.00-152.22 after 7594.5 sec [total]
done with UBTb for K = 724.08-861.08 Q = 128.00-152.22 after 7594.7 sec [total]
done with UBTbA for K = 724.08-861.08 Q = 128.00-152.22 after 7594.9 sec [total]
done with UBTbC for K = 724.08-861.08 Q = 128.00-152.22 after 7595.2 sec [total]
done with H for K = 724.08-861.08 Q = 128.00-152.22 after 7596.1 sec [total]
done with H++ for K = 724.08-861.08 Q = 128.00-152.22 after 7599.2 sec [total]
done with H+- for K = 724.08-861.08 Q = 128.00-152.22 after 7600.5 sec [total]
done with H-+ for K = 724.08-861.08 Q = 128.00-152.22 after 7601.6 sec [total]
done with H-- for K = 724.08-861.08 Q = 128.00-152.22 after 7602.0 sec [total]
done with UU for K = 861.08-1024.00 Q = 128.00-152.22 after 7602.9 sec [total]
done with BB for K = 861.08-1024.00 Q = 128.00-152.22 after 7603.9 sec [total]
done with UBTa for K = 861.08-1024.00 Q = 128.00-152.22 after 7604.1 sec [total]
done with UBTb for K = 861.08-1024.00 Q = 128.00-152.22 after 7604.3 sec [total]
done with UBTbA for K = 861.08-1024.00 Q = 128.00-152.22 after 7604.5 sec [total]
done with UBTbC for K = 861.08-1024.00 Q = 128.00-152.22 after 7604.8 sec [total]
done with H for K = 861.08-1024.00 Q = 128.00-152.22 after 7605.7 sec [total]
done with H++ for K = 861.08-1024.00 Q = 128.00-152.22 after 7608.8 sec [total]
done with H+- for K = 861.08-1024.00 Q = 128.00-152.22 after 7609.9 sec [total]
done with H-+ for K = 861.08-1024.00 Q = 128.00-152.22 after 7611.1 sec [total]
done with H-- for K = 861.08-1024.00 Q = 128.00-152.22 after 7611.5 sec [total]
done with UU for K = 0.00-3.36 Q = 152.22-181.02 after 7613.3 sec [total]
done with BB for K = 0.00-3.36 Q = 152.22-181.02 after 7615.6 sec [total]
done with UBTa for K = 0.00-3.36 Q = 152.22-181.02 after 7616.6 sec [total]
done with UBTb for K = 0.00-3.36 Q = 152.22-181.02 after 7617.7 sec [total]
done with UBTbA for K = 0.00-3.36 Q = 152.22-181.02 after 7618.7 sec [total]
done with UBTbC for K = 0.00-3.36 Q = 152.22-181.02 after 7619.0 sec [total]
done with H for K = 0.00-3.36 Q = 152.22-181.02 after 7619.9 sec [total]
done with H++ for K = 0.00-3.36 Q = 152.22-181.02 after 7623.1 sec [total]
done with H+- for K = 0.00-3.36 Q = 152.22-181.02 after 7624.2 sec [total]
done with H-+ for K = 0.00-3.36 Q = 152.22-181.02 after 7625.3 sec [total]
done with H-- for K = 0.00-3.36 Q = 152.22-181.02 after 7625.9 sec [total]
done with UU for K = 3.36-4.00 Q = 152.22-181.02 after 7626.8 sec [total]
done with BB for K = 3.36-4.00 Q = 152.22-181.02 after 7627.8 sec [total]
done with UBTa for K = 3.36-4.00 Q = 152.22-181.02 after 7627.9 sec [total]
done with UBTb for K = 3.36-4.00 Q = 152.22-181.02 after 7628.1 sec [total]
done with UBTbA for K = 3.36-4.00 Q = 152.22-181.02 after 7628.3 sec [total]
done with UBTbC for K = 3.36-4.00 Q = 152.22-181.02 after 7628.6 sec [total]
done with H for K = 3.36-4.00 Q = 152.22-181.02 after 7629.5 sec [total]
done with H++ for K = 3.36-4.00 Q = 152.22-181.02 after 7632.7 sec [total]
done with H+- for K = 3.36-4.00 Q = 152.22-181.02 after 7633.9 sec [total]
done with H-+ for K = 3.36-4.00 Q = 152.22-181.02 after 7635.2 sec [total]
done with H-- for K = 3.36-4.00 Q = 152.22-181.02 after 7635.5 sec [total]
done with UU for K = 4.00-4.76 Q = 152.22-181.02 after 7636.4 sec [total]
done with BB for K = 4.00-4.76 Q = 152.22-181.02 after 7637.4 sec [total]
done with UBTa for K = 4.00-4.76 Q = 152.22-181.02 after 7637.6 sec [total]
done with UBTb for K = 4.00-4.76 Q = 152.22-181.02 after 7637.7 sec [total]
done with UBTbA for K = 4.00-4.76 Q = 152.22-181.02 after 7637.9 sec [total]
done with UBTbC for K = 4.00-4.76 Q = 152.22-181.02 after 7638.3 sec [total]
done with H for K = 4.00-4.76 Q = 152.22-181.02 after 7639.1 sec [total]
done with H++ for K = 4.00-4.76 Q = 152.22-181.02 after 7642.3 sec [total]
done with H+- for K = 4.00-4.76 Q = 152.22-181.02 after 7643.4 sec [total]
done with H-+ for K = 4.00-4.76 Q = 152.22-181.02 after 7644.5 sec [total]
done with H-- for K = 4.00-4.76 Q = 152.22-181.02 after 7645.0 sec [total]
done with UU for K = 4.76-5.66 Q = 152.22-181.02 after 7645.9 sec [total]
done with BB for K = 4.76-5.66 Q = 152.22-181.02 after 7647.0 sec [total]
done with UBTa for K = 4.76-5.66 Q = 152.22-181.02 after 7647.1 sec [total]
done with UBTb for K = 4.76-5.66 Q = 152.22-181.02 after 7647.3 sec [total]
done with UBTbA for K = 4.76-5.66 Q = 152.22-181.02 after 7647.5 sec [total]
done with UBTbC for K = 4.76-5.66 Q = 152.22-181.02 after 7647.9 sec [total]
done with H for K = 4.76-5.66 Q = 152.22-181.02 after 7648.7 sec [total]
done with H++ for K = 4.76-5.66 Q = 152.22-181.02 after 7651.9 sec [total]
done with H+- for K = 4.76-5.66 Q = 152.22-181.02 after 7653.0 sec [total]
done with H-+ for K = 4.76-5.66 Q = 152.22-181.02 after 7654.0 sec [total]
done with H-- for K = 4.76-5.66 Q = 152.22-181.02 after 7654.6 sec [total]
done with UU for K = 5.66-6.73 Q = 152.22-181.02 after 7655.5 sec [total]
done with BB for K = 5.66-6.73 Q = 152.22-181.02 after 7656.5 sec [total]
done with UBTa for K = 5.66-6.73 Q = 152.22-181.02 after 7656.7 sec [total]
done with UBTb for K = 5.66-6.73 Q = 152.22-181.02 after 7656.9 sec [total]
done with UBTbA for K = 5.66-6.73 Q = 152.22-181.02 after 7657.1 sec [total]
done with UBTbC for K = 5.66-6.73 Q = 152.22-181.02 after 7657.4 sec [total]
done with H for K = 5.66-6.73 Q = 152.22-181.02 after 7658.2 sec [total]
done with H++ for K = 5.66-6.73 Q = 152.22-181.02 after 7661.3 sec [total]
done with H+- for K = 5.66-6.73 Q = 152.22-181.02 after 7662.5 sec [total]
done with H-+ for K = 5.66-6.73 Q = 152.22-181.02 after 7663.5 sec [total]
done with H-- for K = 5.66-6.73 Q = 152.22-181.02 after 7664.2 sec [total]
done with UU for K = 6.73-8.00 Q = 152.22-181.02 after 7665.1 sec [total]
done with BB for K = 6.73-8.00 Q = 152.22-181.02 after 7666.1 sec [total]
done with UBTa for K = 6.73-8.00 Q = 152.22-181.02 after 7666.3 sec [total]
done with UBTb for K = 6.73-8.00 Q = 152.22-181.02 after 7666.5 sec [total]
done with UBTbA for K = 6.73-8.00 Q = 152.22-181.02 after 7666.7 sec [total]
done with UBTbC for K = 6.73-8.00 Q = 152.22-181.02 after 7667.0 sec [total]
done with H for K = 6.73-8.00 Q = 152.22-181.02 after 7667.8 sec [total]
done with H++ for K = 6.73-8.00 Q = 152.22-181.02 after 7671.0 sec [total]
done with H+- for K = 6.73-8.00 Q = 152.22-181.02 after 7672.1 sec [total]
done with H-+ for K = 6.73-8.00 Q = 152.22-181.02 after 7673.2 sec [total]
done with H-- for K = 6.73-8.00 Q = 152.22-181.02 after 7673.8 sec [total]
done with UU for K = 8.00-9.51 Q = 152.22-181.02 after 7674.7 sec [total]
done with BB for K = 8.00-9.51 Q = 152.22-181.02 after 7675.7 sec [total]
done with UBTa for K = 8.00-9.51 Q = 152.22-181.02 after 7675.8 sec [total]
done with UBTb for K = 8.00-9.51 Q = 152.22-181.02 after 7676.0 sec [total]
done with UBTbA for K = 8.00-9.51 Q = 152.22-181.02 after 7676.2 sec [total]
done with UBTbC for K = 8.00-9.51 Q = 152.22-181.02 after 7676.6 sec [total]
done with H for K = 8.00-9.51 Q = 152.22-181.02 after 7677.4 sec [total]
done with H++ for K = 8.00-9.51 Q = 152.22-181.02 after 7680.6 sec [total]
done with H+- for K = 8.00-9.51 Q = 152.22-181.02 after 7681.7 sec [total]
done with H-+ for K = 8.00-9.51 Q = 152.22-181.02 after 7682.8 sec [total]
done with H-- for K = 8.00-9.51 Q = 152.22-181.02 after 7683.3 sec [total]
done with UU for K = 9.51-11.31 Q = 152.22-181.02 after 7684.2 sec [total]
done with BB for K = 9.51-11.31 Q = 152.22-181.02 after 7685.2 sec [total]
done with UBTa for K = 9.51-11.31 Q = 152.22-181.02 after 7685.4 sec [total]
done with UBTb for K = 9.51-11.31 Q = 152.22-181.02 after 7685.6 sec [total]
done with UBTbA for K = 9.51-11.31 Q = 152.22-181.02 after 7685.8 sec [total]
done with UBTbC for K = 9.51-11.31 Q = 152.22-181.02 after 7686.1 sec [total]
done with H for K = 9.51-11.31 Q = 152.22-181.02 after 7687.0 sec [total]
done with H++ for K = 9.51-11.31 Q = 152.22-181.02 after 7690.1 sec [total]
done with H+- for K = 9.51-11.31 Q = 152.22-181.02 after 7691.4 sec [total]
done with H-+ for K = 9.51-11.31 Q = 152.22-181.02 after 7692.6 sec [total]
done with H-- for K = 9.51-11.31 Q = 152.22-181.02 after 7692.9 sec [total]
done with UU for K = 11.31-13.45 Q = 152.22-181.02 after 7693.8 sec [total]
done with BB for K = 11.31-13.45 Q = 152.22-181.02 after 7694.9 sec [total]
done with UBTa for K = 11.31-13.45 Q = 152.22-181.02 after 7695.1 sec [total]
done with UBTb for K = 11.31-13.45 Q = 152.22-181.02 after 7695.2 sec [total]
done with UBTbA for K = 11.31-13.45 Q = 152.22-181.02 after 7695.4 sec [total]
done with UBTbC for K = 11.31-13.45 Q = 152.22-181.02 after 7695.7 sec [total]
done with H for K = 11.31-13.45 Q = 152.22-181.02 after 7696.6 sec [total]
done with H++ for K = 11.31-13.45 Q = 152.22-181.02 after 7699.7 sec [total]
done with H+- for K = 11.31-13.45 Q = 152.22-181.02 after 7700.9 sec [total]
done with H-+ for K = 11.31-13.45 Q = 152.22-181.02 after 7702.0 sec [total]
done with H-- for K = 11.31-13.45 Q = 152.22-181.02 after 7702.5 sec [total]
done with UU for K = 13.45-16.00 Q = 152.22-181.02 after 7703.4 sec [total]
done with BB for K = 13.45-16.00 Q = 152.22-181.02 after 7704.4 sec [total]
done with UBTa for K = 13.45-16.00 Q = 152.22-181.02 after 7704.6 sec [total]
done with UBTb for K = 13.45-16.00 Q = 152.22-181.02 after 7704.8 sec [total]
done with UBTbA for K = 13.45-16.00 Q = 152.22-181.02 after 7705.0 sec [total]
done with UBTbC for K = 13.45-16.00 Q = 152.22-181.02 after 7705.3 sec [total]
done with H for K = 13.45-16.00 Q = 152.22-181.02 after 7706.1 sec [total]
done with H++ for K = 13.45-16.00 Q = 152.22-181.02 after 7709.3 sec [total]
done with H+- for K = 13.45-16.00 Q = 152.22-181.02 after 7710.5 sec [total]
done with H-+ for K = 13.45-16.00 Q = 152.22-181.02 after 7711.8 sec [total]
done with H-- for K = 13.45-16.00 Q = 152.22-181.02 after 7712.1 sec [total]
done with UU for K = 16.00-19.03 Q = 152.22-181.02 after 7713.0 sec [total]
done with BB for K = 16.00-19.03 Q = 152.22-181.02 after 7714.0 sec [total]
done with UBTa for K = 16.00-19.03 Q = 152.22-181.02 after 7714.2 sec [total]
done with UBTb for K = 16.00-19.03 Q = 152.22-181.02 after 7714.4 sec [total]
done with UBTbA for K = 16.00-19.03 Q = 152.22-181.02 after 7714.5 sec [total]
done with UBTbC for K = 16.00-19.03 Q = 152.22-181.02 after 7714.9 sec [total]
done with H for K = 16.00-19.03 Q = 152.22-181.02 after 7715.7 sec [total]
done with H++ for K = 16.00-19.03 Q = 152.22-181.02 after 7718.8 sec [total]
done with H+- for K = 16.00-19.03 Q = 152.22-181.02 after 7720.0 sec [total]
done with H-+ for K = 16.00-19.03 Q = 152.22-181.02 after 7721.1 sec [total]
done with H-- for K = 16.00-19.03 Q = 152.22-181.02 after 7721.6 sec [total]
done with UU for K = 19.03-22.63 Q = 152.22-181.02 after 7722.5 sec [total]
done with BB for K = 19.03-22.63 Q = 152.22-181.02 after 7723.6 sec [total]
done with UBTa for K = 19.03-22.63 Q = 152.22-181.02 after 7723.8 sec [total]
done with UBTb for K = 19.03-22.63 Q = 152.22-181.02 after 7723.9 sec [total]
done with UBTbA for K = 19.03-22.63 Q = 152.22-181.02 after 7724.1 sec [total]
done with UBTbC for K = 19.03-22.63 Q = 152.22-181.02 after 7724.4 sec [total]
done with H for K = 19.03-22.63 Q = 152.22-181.02 after 7725.3 sec [total]
done with H++ for K = 19.03-22.63 Q = 152.22-181.02 after 7728.4 sec [total]
done with H+- for K = 19.03-22.63 Q = 152.22-181.02 after 7729.6 sec [total]
done with H-+ for K = 19.03-22.63 Q = 152.22-181.02 after 7730.7 sec [total]
done with H-- for K = 19.03-22.63 Q = 152.22-181.02 after 7731.2 sec [total]
done with UU for K = 22.63-26.91 Q = 152.22-181.02 after 7732.1 sec [total]
done with BB for K = 22.63-26.91 Q = 152.22-181.02 after 7733.1 sec [total]
done with UBTa for K = 22.63-26.91 Q = 152.22-181.02 after 7733.3 sec [total]
done with UBTb for K = 22.63-26.91 Q = 152.22-181.02 after 7733.5 sec [total]
done with UBTbA for K = 22.63-26.91 Q = 152.22-181.02 after 7733.7 sec [total]
done with UBTbC for K = 22.63-26.91 Q = 152.22-181.02 after 7734.0 sec [total]
done with H for K = 22.63-26.91 Q = 152.22-181.02 after 7734.9 sec [total]
done with H++ for K = 22.63-26.91 Q = 152.22-181.02 after 7738.0 sec [total]
done with H+- for K = 22.63-26.91 Q = 152.22-181.02 after 7739.3 sec [total]
done with H-+ for K = 22.63-26.91 Q = 152.22-181.02 after 7740.6 sec [total]
done with H-- for K = 22.63-26.91 Q = 152.22-181.02 after 7740.8 sec [total]
done with UU for K = 26.91-32.00 Q = 152.22-181.02 after 7741.7 sec [total]
done with BB for K = 26.91-32.00 Q = 152.22-181.02 after 7742.8 sec [total]
done with UBTa for K = 26.91-32.00 Q = 152.22-181.02 after 7743.0 sec [total]
done with UBTb for K = 26.91-32.00 Q = 152.22-181.02 after 7743.2 sec [total]
done with UBTbA for K = 26.91-32.00 Q = 152.22-181.02 after 7743.3 sec [total]
done with UBTbC for K = 26.91-32.00 Q = 152.22-181.02 after 7743.7 sec [total]
done with H for K = 26.91-32.00 Q = 152.22-181.02 after 7744.5 sec [total]
done with H++ for K = 26.91-32.00 Q = 152.22-181.02 after 7747.6 sec [total]
done with H+- for K = 26.91-32.00 Q = 152.22-181.02 after 7748.8 sec [total]
done with H-+ for K = 26.91-32.00 Q = 152.22-181.02 after 7749.9 sec [total]
done with H-- for K = 26.91-32.00 Q = 152.22-181.02 after 7750.4 sec [total]
done with UU for K = 32.00-38.05 Q = 152.22-181.02 after 7751.3 sec [total]
done with BB for K = 32.00-38.05 Q = 152.22-181.02 after 7752.3 sec [total]
done with UBTa for K = 32.00-38.05 Q = 152.22-181.02 after 7752.5 sec [total]
done with UBTb for K = 32.00-38.05 Q = 152.22-181.02 after 7752.6 sec [total]
done with UBTbA for K = 32.00-38.05 Q = 152.22-181.02 after 7752.8 sec [total]
done with UBTbC for K = 32.00-38.05 Q = 152.22-181.02 after 7753.2 sec [total]
done with H for K = 32.00-38.05 Q = 152.22-181.02 after 7754.0 sec [total]
done with H++ for K = 32.00-38.05 Q = 152.22-181.02 after 7757.3 sec [total]
done with H+- for K = 32.00-38.05 Q = 152.22-181.02 after 7758.5 sec [total]
done with H-+ for K = 32.00-38.05 Q = 152.22-181.02 after 7759.8 sec [total]
done with H-- for K = 32.00-38.05 Q = 152.22-181.02 after 7760.0 sec [total]
done with UU for K = 38.05-45.25 Q = 152.22-181.02 after 7760.9 sec [total]
done with BB for K = 38.05-45.25 Q = 152.22-181.02 after 7761.9 sec [total]
done with UBTa for K = 38.05-45.25 Q = 152.22-181.02 after 7762.1 sec [total]
done with UBTb for K = 38.05-45.25 Q = 152.22-181.02 after 7762.2 sec [total]
done with UBTbA for K = 38.05-45.25 Q = 152.22-181.02 after 7762.5 sec [total]
done with UBTbC for K = 38.05-45.25 Q = 152.22-181.02 after 7762.8 sec [total]
done with H for K = 38.05-45.25 Q = 152.22-181.02 after 7763.6 sec [total]
done with H++ for K = 38.05-45.25 Q = 152.22-181.02 after 7766.8 sec [total]
done with H+- for K = 38.05-45.25 Q = 152.22-181.02 after 7768.1 sec [total]
done with H-+ for K = 38.05-45.25 Q = 152.22-181.02 after 7769.4 sec [total]
done with H-- for K = 38.05-45.25 Q = 152.22-181.02 after 7769.6 sec [total]
done with UU for K = 45.25-53.82 Q = 152.22-181.02 after 7770.5 sec [total]
done with BB for K = 45.25-53.82 Q = 152.22-181.02 after 7771.5 sec [total]
done with UBTa for K = 45.25-53.82 Q = 152.22-181.02 after 7771.7 sec [total]
done with UBTb for K = 45.25-53.82 Q = 152.22-181.02 after 7771.9 sec [total]
done with UBTbA for K = 45.25-53.82 Q = 152.22-181.02 after 7772.1 sec [total]
done with UBTbC for K = 45.25-53.82 Q = 152.22-181.02 after 7772.4 sec [total]
done with H for K = 45.25-53.82 Q = 152.22-181.02 after 7773.2 sec [total]
done with H++ for K = 45.25-53.82 Q = 152.22-181.02 after 7776.4 sec [total]
done with H+- for K = 45.25-53.82 Q = 152.22-181.02 after 7777.5 sec [total]
done with H-+ for K = 45.25-53.82 Q = 152.22-181.02 after 7778.5 sec [total]
done with H-- for K = 45.25-53.82 Q = 152.22-181.02 after 7779.1 sec [total]
done with UU for K = 53.82-64.00 Q = 152.22-181.02 after 7780.0 sec [total]
done with BB for K = 53.82-64.00 Q = 152.22-181.02 after 7781.0 sec [total]
done with UBTa for K = 53.82-64.00 Q = 152.22-181.02 after 7781.2 sec [total]
done with UBTb for K = 53.82-64.00 Q = 152.22-181.02 after 7781.4 sec [total]
done with UBTbA for K = 53.82-64.00 Q = 152.22-181.02 after 7781.6 sec [total]
done with UBTbC for K = 53.82-64.00 Q = 152.22-181.02 after 7781.9 sec [total]
done with H for K = 53.82-64.00 Q = 152.22-181.02 after 7782.8 sec [total]
done with H++ for K = 53.82-64.00 Q = 152.22-181.02 after 7786.0 sec [total]
done with H+- for K = 53.82-64.00 Q = 152.22-181.02 after 7787.1 sec [total]
done with H-+ for K = 53.82-64.00 Q = 152.22-181.02 after 7788.3 sec [total]
done with H-- for K = 53.82-64.00 Q = 152.22-181.02 after 7788.7 sec [total]
done with UU for K = 64.00-76.11 Q = 152.22-181.02 after 7789.6 sec [total]
done with BB for K = 64.00-76.11 Q = 152.22-181.02 after 7790.7 sec [total]
done with UBTa for K = 64.00-76.11 Q = 152.22-181.02 after 7790.9 sec [total]
done with UBTb for K = 64.00-76.11 Q = 152.22-181.02 after 7791.1 sec [total]
done with UBTbA for K = 64.00-76.11 Q = 152.22-181.02 after 7791.3 sec [total]
done with UBTbC for K = 64.00-76.11 Q = 152.22-181.02 after 7791.6 sec [total]
done with H for K = 64.00-76.11 Q = 152.22-181.02 after 7792.4 sec [total]
done with H++ for K = 64.00-76.11 Q = 152.22-181.02 after 7795.5 sec [total]
done with H+- for K = 64.00-76.11 Q = 152.22-181.02 after 7796.6 sec [total]
done with H-+ for K = 64.00-76.11 Q = 152.22-181.02 after 7797.7 sec [total]
done with H-- for K = 64.00-76.11 Q = 152.22-181.02 after 7798.3 sec [total]
done with UU for K = 76.11-90.51 Q = 152.22-181.02 after 7799.2 sec [total]
done with BB for K = 76.11-90.51 Q = 152.22-181.02 after 7800.2 sec [total]
done with UBTa for K = 76.11-90.51 Q = 152.22-181.02 after 7800.4 sec [total]
done with UBTb for K = 76.11-90.51 Q = 152.22-181.02 after 7800.6 sec [total]
done with UBTbA for K = 76.11-90.51 Q = 152.22-181.02 after 7800.8 sec [total]
done with UBTbC for K = 76.11-90.51 Q = 152.22-181.02 after 7801.2 sec [total]
done with H for K = 76.11-90.51 Q = 152.22-181.02 after 7801.9 sec [total]
done with H++ for K = 76.11-90.51 Q = 152.22-181.02 after 7805.0 sec [total]
done with H+- for K = 76.11-90.51 Q = 152.22-181.02 after 7806.2 sec [total]
done with H-+ for K = 76.11-90.51 Q = 152.22-181.02 after 7807.3 sec [total]
done with H-- for K = 76.11-90.51 Q = 152.22-181.02 after 7807.8 sec [total]
done with UU for K = 90.51-107.63 Q = 152.22-181.02 after 7808.7 sec [total]
done with BB for K = 90.51-107.63 Q = 152.22-181.02 after 7809.7 sec [total]
done with UBTa for K = 90.51-107.63 Q = 152.22-181.02 after 7809.9 sec [total]
done with UBTb for K = 90.51-107.63 Q = 152.22-181.02 after 7810.0 sec [total]
done with UBTbA for K = 90.51-107.63 Q = 152.22-181.02 after 7810.2 sec [total]
done with UBTbC for K = 90.51-107.63 Q = 152.22-181.02 after 7810.5 sec [total]
done with H for K = 90.51-107.63 Q = 152.22-181.02 after 7811.5 sec [total]
done with H++ for K = 90.51-107.63 Q = 152.22-181.02 after 7814.6 sec [total]
done with H+- for K = 90.51-107.63 Q = 152.22-181.02 after 7815.9 sec [total]
done with H-+ for K = 90.51-107.63 Q = 152.22-181.02 after 7817.1 sec [total]
done with H-- for K = 90.51-107.63 Q = 152.22-181.02 after 7817.4 sec [total]
done with UU for K = 107.63-128.00 Q = 152.22-181.02 after 7818.5 sec [total]
done with BB for K = 107.63-128.00 Q = 152.22-181.02 after 7819.5 sec [total]
done with UBTa for K = 107.63-128.00 Q = 152.22-181.02 after 7819.7 sec [total]
done with UBTb for K = 107.63-128.00 Q = 152.22-181.02 after 7819.8 sec [total]
done with UBTbA for K = 107.63-128.00 Q = 152.22-181.02 after 7820.0 sec [total]
done with UBTbC for K = 107.63-128.00 Q = 152.22-181.02 after 7820.4 sec [total]
done with H for K = 107.63-128.00 Q = 152.22-181.02 after 7821.2 sec [total]
done with H++ for K = 107.63-128.00 Q = 152.22-181.02 after 7824.3 sec [total]
done with H+- for K = 107.63-128.00 Q = 152.22-181.02 after 7825.6 sec [total]
done with H-+ for K = 107.63-128.00 Q = 152.22-181.02 after 7826.9 sec [total]
done with H-- for K = 107.63-128.00 Q = 152.22-181.02 after 7827.1 sec [total]
done with UU for K = 128.00-152.22 Q = 152.22-181.02 after 7828.0 sec [total]
done with BB for K = 128.00-152.22 Q = 152.22-181.02 after 7829.1 sec [total]
done with UBTa for K = 128.00-152.22 Q = 152.22-181.02 after 7829.2 sec [total]
done with UBTb for K = 128.00-152.22 Q = 152.22-181.02 after 7829.4 sec [total]
done with UBTbA for K = 128.00-152.22 Q = 152.22-181.02 after 7829.6 sec [total]
done with UBTbC for K = 128.00-152.22 Q = 152.22-181.02 after 7830.0 sec [total]
done with H for K = 128.00-152.22 Q = 152.22-181.02 after 7830.8 sec [total]
done with H++ for K = 128.00-152.22 Q = 152.22-181.02 after 7833.9 sec [total]
done with H+- for K = 128.00-152.22 Q = 152.22-181.02 after 7835.1 sec [total]
done with H-+ for K = 128.00-152.22 Q = 152.22-181.02 after 7836.2 sec [total]
done with H-- for K = 128.00-152.22 Q = 152.22-181.02 after 7836.7 sec [total]
done with UU for K = 152.22-181.02 Q = 152.22-181.02 after 7837.6 sec [total]
done with BB for K = 152.22-181.02 Q = 152.22-181.02 after 7838.6 sec [total]
done with UBTa for K = 152.22-181.02 Q = 152.22-181.02 after 7838.7 sec [total]
done with UBTb for K = 152.22-181.02 Q = 152.22-181.02 after 7838.9 sec [total]
done with UBTbA for K = 152.22-181.02 Q = 152.22-181.02 after 7839.1 sec [total]
done with UBTbC for K = 152.22-181.02 Q = 152.22-181.02 after 7839.5 sec [total]
done with H for K = 152.22-181.02 Q = 152.22-181.02 after 7840.3 sec [total]
done with H++ for K = 152.22-181.02 Q = 152.22-181.02 after 7843.5 sec [total]
done with H+- for K = 152.22-181.02 Q = 152.22-181.02 after 7844.7 sec [total]
done with H-+ for K = 152.22-181.02 Q = 152.22-181.02 after 7845.9 sec [total]
done with H-- for K = 152.22-181.02 Q = 152.22-181.02 after 7846.3 sec [total]
done with UU for K = 181.02-215.27 Q = 152.22-181.02 after 7847.2 sec [total]
done with BB for K = 181.02-215.27 Q = 152.22-181.02 after 7848.2 sec [total]
done with UBTa for K = 181.02-215.27 Q = 152.22-181.02 after 7848.4 sec [total]
done with UBTb for K = 181.02-215.27 Q = 152.22-181.02 after 7848.5 sec [total]
done with UBTbA for K = 181.02-215.27 Q = 152.22-181.02 after 7848.7 sec [total]
done with UBTbC for K = 181.02-215.27 Q = 152.22-181.02 after 7849.1 sec [total]
done with H for K = 181.02-215.27 Q = 152.22-181.02 after 7849.9 sec [total]
done with H++ for K = 181.02-215.27 Q = 152.22-181.02 after 7853.1 sec [total]
done with H+- for K = 181.02-215.27 Q = 152.22-181.02 after 7854.2 sec [total]
done with H-+ for K = 181.02-215.27 Q = 152.22-181.02 after 7855.3 sec [total]
done with H-- for K = 181.02-215.27 Q = 152.22-181.02 after 7855.8 sec [total]
done with UU for K = 215.27-256.00 Q = 152.22-181.02 after 7856.7 sec [total]
done with BB for K = 215.27-256.00 Q = 152.22-181.02 after 7857.7 sec [total]
done with UBTa for K = 215.27-256.00 Q = 152.22-181.02 after 7857.9 sec [total]
done with UBTb for K = 215.27-256.00 Q = 152.22-181.02 after 7858.1 sec [total]
done with UBTbA for K = 215.27-256.00 Q = 152.22-181.02 after 7858.3 sec [total]
done with UBTbC for K = 215.27-256.00 Q = 152.22-181.02 after 7858.6 sec [total]
done with H for K = 215.27-256.00 Q = 152.22-181.02 after 7859.5 sec [total]
done with H++ for K = 215.27-256.00 Q = 152.22-181.02 after 7862.6 sec [total]
done with H+- for K = 215.27-256.00 Q = 152.22-181.02 after 7863.8 sec [total]
done with H-+ for K = 215.27-256.00 Q = 152.22-181.02 after 7865.0 sec [total]
done with H-- for K = 215.27-256.00 Q = 152.22-181.02 after 7865.4 sec [total]
done with UU for K = 256.00-304.44 Q = 152.22-181.02 after 7866.3 sec [total]
done with BB for K = 256.00-304.44 Q = 152.22-181.02 after 7867.3 sec [total]
done with UBTa for K = 256.00-304.44 Q = 152.22-181.02 after 7867.5 sec [total]
done with UBTb for K = 256.00-304.44 Q = 152.22-181.02 after 7867.7 sec [total]
done with UBTbA for K = 256.00-304.44 Q = 152.22-181.02 after 7867.9 sec [total]
done with UBTbC for K = 256.00-304.44 Q = 152.22-181.02 after 7868.2 sec [total]
done with H for K = 256.00-304.44 Q = 152.22-181.02 after 7869.0 sec [total]
done with H++ for K = 256.00-304.44 Q = 152.22-181.02 after 7872.2 sec [total]
done with H+- for K = 256.00-304.44 Q = 152.22-181.02 after 7873.4 sec [total]
done with H-+ for K = 256.00-304.44 Q = 152.22-181.02 after 7874.6 sec [total]
done with H-- for K = 256.00-304.44 Q = 152.22-181.02 after 7875.0 sec [total]
done with UU for K = 304.44-362.04 Q = 152.22-181.02 after 7875.9 sec [total]
done with BB for K = 304.44-362.04 Q = 152.22-181.02 after 7876.9 sec [total]
done with UBTa for K = 304.44-362.04 Q = 152.22-181.02 after 7877.0 sec [total]
done with UBTb for K = 304.44-362.04 Q = 152.22-181.02 after 7877.2 sec [total]
done with UBTbA for K = 304.44-362.04 Q = 152.22-181.02 after 7877.4 sec [total]
done with UBTbC for K = 304.44-362.04 Q = 152.22-181.02 after 7877.8 sec [total]
done with H for K = 304.44-362.04 Q = 152.22-181.02 after 7878.6 sec [total]
done with H++ for K = 304.44-362.04 Q = 152.22-181.02 after 7881.8 sec [total]
done with H+- for K = 304.44-362.04 Q = 152.22-181.02 after 7882.9 sec [total]
done with H-+ for K = 304.44-362.04 Q = 152.22-181.02 after 7884.0 sec [total]
done with H-- for K = 304.44-362.04 Q = 152.22-181.02 after 7884.5 sec [total]
done with UU for K = 362.04-430.54 Q = 152.22-181.02 after 7885.4 sec [total]
done with BB for K = 362.04-430.54 Q = 152.22-181.02 after 7886.5 sec [total]
done with UBTa for K = 362.04-430.54 Q = 152.22-181.02 after 7886.7 sec [total]
done with UBTb for K = 362.04-430.54 Q = 152.22-181.02 after 7886.9 sec [total]
done with UBTbA for K = 362.04-430.54 Q = 152.22-181.02 after 7887.1 sec [total]
done with UBTbC for K = 362.04-430.54 Q = 152.22-181.02 after 7887.4 sec [total]
done with H for K = 362.04-430.54 Q = 152.22-181.02 after 7888.2 sec [total]
done with H++ for K = 362.04-430.54 Q = 152.22-181.02 after 7891.3 sec [total]
done with H+- for K = 362.04-430.54 Q = 152.22-181.02 after 7892.3 sec [total]
done with H-+ for K = 362.04-430.54 Q = 152.22-181.02 after 7893.4 sec [total]
done with H-- for K = 362.04-430.54 Q = 152.22-181.02 after 7894.1 sec [total]
done with UU for K = 430.54-512.00 Q = 152.22-181.02 after 7895.0 sec [total]
done with BB for K = 430.54-512.00 Q = 152.22-181.02 after 7896.1 sec [total]
done with UBTa for K = 430.54-512.00 Q = 152.22-181.02 after 7896.2 sec [total]
done with UBTb for K = 430.54-512.00 Q = 152.22-181.02 after 7896.4 sec [total]
done with UBTbA for K = 430.54-512.00 Q = 152.22-181.02 after 7896.6 sec [total]
done with UBTbC for K = 430.54-512.00 Q = 152.22-181.02 after 7896.9 sec [total]
done with H for K = 430.54-512.00 Q = 152.22-181.02 after 7897.8 sec [total]
done with H++ for K = 430.54-512.00 Q = 152.22-181.02 after 7900.9 sec [total]
done with H+- for K = 430.54-512.00 Q = 152.22-181.02 after 7902.1 sec [total]
done with H-+ for K = 430.54-512.00 Q = 152.22-181.02 after 7903.3 sec [total]
done with H-- for K = 430.54-512.00 Q = 152.22-181.02 after 7903.7 sec [total]
done with UU for K = 512.00-608.87 Q = 152.22-181.02 after 7904.6 sec [total]
done with BB for K = 512.00-608.87 Q = 152.22-181.02 after 7905.6 sec [total]
done with UBTa for K = 512.00-608.87 Q = 152.22-181.02 after 7905.8 sec [total]
done with UBTb for K = 512.00-608.87 Q = 152.22-181.02 after 7906.0 sec [total]
done with UBTbA for K = 512.00-608.87 Q = 152.22-181.02 after 7906.1 sec [total]
done with UBTbC for K = 512.00-608.87 Q = 152.22-181.02 after 7906.5 sec [total]
done with H for K = 512.00-608.87 Q = 152.22-181.02 after 7907.3 sec [total]
done with H++ for K = 512.00-608.87 Q = 152.22-181.02 after 7910.4 sec [total]
done with H+- for K = 512.00-608.87 Q = 152.22-181.02 after 7911.7 sec [total]
done with H-+ for K = 512.00-608.87 Q = 152.22-181.02 after 7913.0 sec [total]
done with H-- for K = 512.00-608.87 Q = 152.22-181.02 after 7913.3 sec [total]
done with UU for K = 608.87-724.08 Q = 152.22-181.02 after 7914.2 sec [total]
done with BB for K = 608.87-724.08 Q = 152.22-181.02 after 7915.2 sec [total]
done with UBTa for K = 608.87-724.08 Q = 152.22-181.02 after 7915.4 sec [total]
done with UBTb for K = 608.87-724.08 Q = 152.22-181.02 after 7915.5 sec [total]
done with UBTbA for K = 608.87-724.08 Q = 152.22-181.02 after 7915.7 sec [total]
done with UBTbC for K = 608.87-724.08 Q = 152.22-181.02 after 7916.1 sec [total]
done with H for K = 608.87-724.08 Q = 152.22-181.02 after 7916.9 sec [total]
done with H++ for K = 608.87-724.08 Q = 152.22-181.02 after 7920.0 sec [total]
done with H+- for K = 608.87-724.08 Q = 152.22-181.02 after 7921.0 sec [total]
done with H-+ for K = 608.87-724.08 Q = 152.22-181.02 after 7922.1 sec [total]
done with H-- for K = 608.87-724.08 Q = 152.22-181.02 after 7922.8 sec [total]
done with UU for K = 724.08-861.08 Q = 152.22-181.02 after 7923.7 sec [total]
done with BB for K = 724.08-861.08 Q = 152.22-181.02 after 7924.8 sec [total]
done with UBTa for K = 724.08-861.08 Q = 152.22-181.02 after 7924.9 sec [total]
done with UBTb for K = 724.08-861.08 Q = 152.22-181.02 after 7925.1 sec [total]
done with UBTbA for K = 724.08-861.08 Q = 152.22-181.02 after 7925.3 sec [total]
done with UBTbC for K = 724.08-861.08 Q = 152.22-181.02 after 7925.6 sec [total]
done with H for K = 724.08-861.08 Q = 152.22-181.02 after 7926.5 sec [total]
done with H++ for K = 724.08-861.08 Q = 152.22-181.02 after 7929.7 sec [total]
done with H+- for K = 724.08-861.08 Q = 152.22-181.02 after 7930.9 sec [total]
done with H-+ for K = 724.08-861.08 Q = 152.22-181.02 after 7932.2 sec [total]
done with H-- for K = 724.08-861.08 Q = 152.22-181.02 after 7932.4 sec [total]
done with UU for K = 861.08-1024.00 Q = 152.22-181.02 after 7933.3 sec [total]
done with BB for K = 861.08-1024.00 Q = 152.22-181.02 after 7934.3 sec [total]
done with UBTa for K = 861.08-1024.00 Q = 152.22-181.02 after 7934.5 sec [total]
done with UBTb for K = 861.08-1024.00 Q = 152.22-181.02 after 7934.7 sec [total]
done with UBTbA for K = 861.08-1024.00 Q = 152.22-181.02 after 7934.9 sec [total]
done with UBTbC for K = 861.08-1024.00 Q = 152.22-181.02 after 7935.2 sec [total]
done with H for K = 861.08-1024.00 Q = 152.22-181.02 after 7936.1 sec [total]
done with H++ for K = 861.08-1024.00 Q = 152.22-181.02 after 7939.2 sec [total]
done with H+- for K = 861.08-1024.00 Q = 152.22-181.02 after 7940.4 sec [total]
done with H-+ for K = 861.08-1024.00 Q = 152.22-181.02 after 7941.5 sec [total]
done with H-- for K = 861.08-1024.00 Q = 152.22-181.02 after 7941.9 sec [total]
done with UU for K = 0.00-3.36 Q = 181.02-215.27 after 7943.6 sec [total]
done with BB for K = 0.00-3.36 Q = 181.02-215.27 after 7946.0 sec [total]
done with UBTa for K = 0.00-3.36 Q = 181.02-215.27 after 7947.0 sec [total]
done with UBTb for K = 0.00-3.36 Q = 181.02-215.27 after 7948.1 sec [total]
done with UBTbA for K = 0.00-3.36 Q = 181.02-215.27 after 7949.0 sec [total]
done with UBTbC for K = 0.00-3.36 Q = 181.02-215.27 after 7949.3 sec [total]
done with H for K = 0.00-3.36 Q = 181.02-215.27 after 7950.2 sec [total]
done with H++ for K = 0.00-3.36 Q = 181.02-215.27 after 7953.3 sec [total]
done with H+- for K = 0.00-3.36 Q = 181.02-215.27 after 7954.4 sec [total]
done with H-+ for K = 0.00-3.36 Q = 181.02-215.27 after 7955.5 sec [total]
done with H-- for K = 0.00-3.36 Q = 181.02-215.27 after 7956.2 sec [total]
done with UU for K = 3.36-4.00 Q = 181.02-215.27 after 7957.1 sec [total]
done with BB for K = 3.36-4.00 Q = 181.02-215.27 after 7958.1 sec [total]
done with UBTa for K = 3.36-4.00 Q = 181.02-215.27 after 7958.2 sec [total]
done with UBTb for K = 3.36-4.00 Q = 181.02-215.27 after 7958.4 sec [total]
done with UBTbA for K = 3.36-4.00 Q = 181.02-215.27 after 7958.6 sec [total]
done with UBTbC for K = 3.36-4.00 Q = 181.02-215.27 after 7959.0 sec [total]
done with H for K = 3.36-4.00 Q = 181.02-215.27 after 7959.8 sec [total]
done with H++ for K = 3.36-4.00 Q = 181.02-215.27 after 7962.9 sec [total]
done with H+- for K = 3.36-4.00 Q = 181.02-215.27 after 7964.2 sec [total]
done with H-+ for K = 3.36-4.00 Q = 181.02-215.27 after 7965.4 sec [total]
done with H-- for K = 3.36-4.00 Q = 181.02-215.27 after 7965.7 sec [total]
done with UU for K = 4.00-4.76 Q = 181.02-215.27 after 7966.6 sec [total]
done with BB for K = 4.00-4.76 Q = 181.02-215.27 after 7967.7 sec [total]
done with UBTa for K = 4.00-4.76 Q = 181.02-215.27 after 7967.9 sec [total]
done with UBTb for K = 4.00-4.76 Q = 181.02-215.27 after 7968.1 sec [total]
done with UBTbA for K = 4.00-4.76 Q = 181.02-215.27 after 7968.2 sec [total]
done with UBTbC for K = 4.00-4.76 Q = 181.02-215.27 after 7968.5 sec [total]
done with H for K = 4.00-4.76 Q = 181.02-215.27 after 7969.4 sec [total]
done with H++ for K = 4.00-4.76 Q = 181.02-215.27 after 7972.6 sec [total]
done with H+- for K = 4.00-4.76 Q = 181.02-215.27 after 7973.7 sec [total]
done with H-+ for K = 4.00-4.76 Q = 181.02-215.27 after 7974.8 sec [total]
done with H-- for K = 4.00-4.76 Q = 181.02-215.27 after 7975.3 sec [total]
done with UU for K = 4.76-5.66 Q = 181.02-215.27 after 7976.2 sec [total]
done with BB for K = 4.76-5.66 Q = 181.02-215.27 after 7977.2 sec [total]
done with UBTa for K = 4.76-5.66 Q = 181.02-215.27 after 7977.4 sec [total]
done with UBTb for K = 4.76-5.66 Q = 181.02-215.27 after 7977.6 sec [total]
done with UBTbA for K = 4.76-5.66 Q = 181.02-215.27 after 7977.8 sec [total]
done with UBTbC for K = 4.76-5.66 Q = 181.02-215.27 after 7978.1 sec [total]
done with H for K = 4.76-5.66 Q = 181.02-215.27 after 7978.9 sec [total]
done with H++ for K = 4.76-5.66 Q = 181.02-215.27 after 7982.1 sec [total]
done with H+- for K = 4.76-5.66 Q = 181.02-215.27 after 7983.2 sec [total]
done with H-+ for K = 4.76-5.66 Q = 181.02-215.27 after 7984.2 sec [total]
done with H-- for K = 4.76-5.66 Q = 181.02-215.27 after 7984.8 sec [total]
done with UU for K = 5.66-6.73 Q = 181.02-215.27 after 7985.7 sec [total]
done with BB for K = 5.66-6.73 Q = 181.02-215.27 after 7986.7 sec [total]
done with UBTa for K = 5.66-6.73 Q = 181.02-215.27 after 7986.9 sec [total]
done with UBTb for K = 5.66-6.73 Q = 181.02-215.27 after 7987.1 sec [total]
done with UBTbA for K = 5.66-6.73 Q = 181.02-215.27 after 7987.3 sec [total]
done with UBTbC for K = 5.66-6.73 Q = 181.02-215.27 after 7987.6 sec [total]
done with H for K = 5.66-6.73 Q = 181.02-215.27 after 7988.5 sec [total]
done with H++ for K = 5.66-6.73 Q = 181.02-215.27 after 7991.6 sec [total]
done with H+- for K = 5.66-6.73 Q = 181.02-215.27 after 7992.7 sec [total]
done with H-+ for K = 5.66-6.73 Q = 181.02-215.27 after 7993.8 sec [total]
done with H-- for K = 5.66-6.73 Q = 181.02-215.27 after 7994.4 sec [total]
done with UU for K = 6.73-8.00 Q = 181.02-215.27 after 7995.3 sec [total]
done with BB for K = 6.73-8.00 Q = 181.02-215.27 after 7996.3 sec [total]
done with UBTa for K = 6.73-8.00 Q = 181.02-215.27 after 7996.4 sec [total]
done with UBTb for K = 6.73-8.00 Q = 181.02-215.27 after 7996.6 sec [total]
done with UBTbA for K = 6.73-8.00 Q = 181.02-215.27 after 7996.8 sec [total]
done with UBTbC for K = 6.73-8.00 Q = 181.02-215.27 after 7997.2 sec [total]
done with H for K = 6.73-8.00 Q = 181.02-215.27 after 7998.0 sec [total]
done with H++ for K = 6.73-8.00 Q = 181.02-215.27 after 8001.2 sec [total]
done with H+- for K = 6.73-8.00 Q = 181.02-215.27 after 8002.3 sec [total]
done with H-+ for K = 6.73-8.00 Q = 181.02-215.27 after 8003.4 sec [total]
done with H-- for K = 6.73-8.00 Q = 181.02-215.27 after 8003.9 sec [total]
done with UU for K = 8.00-9.51 Q = 181.02-215.27 after 8004.8 sec [total]
done with BB for K = 8.00-9.51 Q = 181.02-215.27 after 8005.9 sec [total]
done with UBTa for K = 8.00-9.51 Q = 181.02-215.27 after 8006.1 sec [total]
done with UBTb for K = 8.00-9.51 Q = 181.02-215.27 after 8006.3 sec [total]
done with UBTbA for K = 8.00-9.51 Q = 181.02-215.27 after 8006.4 sec [total]
done with UBTbC for K = 8.00-9.51 Q = 181.02-215.27 after 8006.7 sec [total]
done with H for K = 8.00-9.51 Q = 181.02-215.27 after 8007.6 sec [total]
done with H++ for K = 8.00-9.51 Q = 181.02-215.27 after 8010.7 sec [total]
done with H+- for K = 8.00-9.51 Q = 181.02-215.27 after 8012.0 sec [total]
done with H-+ for K = 8.00-9.51 Q = 181.02-215.27 after 8013.1 sec [total]
done with H-- for K = 8.00-9.51 Q = 181.02-215.27 after 8013.5 sec [total]
done with UU for K = 9.51-11.31 Q = 181.02-215.27 after 8014.4 sec [total]
done with BB for K = 9.51-11.31 Q = 181.02-215.27 after 8015.5 sec [total]
done with UBTa for K = 9.51-11.31 Q = 181.02-215.27 after 8015.7 sec [total]
done with UBTb for K = 9.51-11.31 Q = 181.02-215.27 after 8015.8 sec [total]
done with UBTbA for K = 9.51-11.31 Q = 181.02-215.27 after 8016.0 sec [total]
done with UBTbC for K = 9.51-11.31 Q = 181.02-215.27 after 8016.3 sec [total]
done with H for K = 9.51-11.31 Q = 181.02-215.27 after 8017.2 sec [total]
done with H++ for K = 9.51-11.31 Q = 181.02-215.27 after 8020.4 sec [total]
done with H+- for K = 9.51-11.31 Q = 181.02-215.27 after 8021.6 sec [total]
done with H-+ for K = 9.51-11.31 Q = 181.02-215.27 after 8022.9 sec [total]
done with H-- for K = 9.51-11.31 Q = 181.02-215.27 after 8023.1 sec [total]
done with UU for K = 11.31-13.45 Q = 181.02-215.27 after 8024.0 sec [total]
done with BB for K = 11.31-13.45 Q = 181.02-215.27 after 8025.0 sec [total]
done with UBTa for K = 11.31-13.45 Q = 181.02-215.27 after 8025.2 sec [total]
done with UBTb for K = 11.31-13.45 Q = 181.02-215.27 after 8025.4 sec [total]
done with UBTbA for K = 11.31-13.45 Q = 181.02-215.27 after 8025.6 sec [total]
done with UBTbC for K = 11.31-13.45 Q = 181.02-215.27 after 8025.9 sec [total]
done with H for K = 11.31-13.45 Q = 181.02-215.27 after 8026.7 sec [total]
done with H++ for K = 11.31-13.45 Q = 181.02-215.27 after 8029.9 sec [total]
done with H+- for K = 11.31-13.45 Q = 181.02-215.27 after 8031.1 sec [total]
done with H-+ for K = 11.31-13.45 Q = 181.02-215.27 after 8032.4 sec [total]
done with H-- for K = 11.31-13.45 Q = 181.02-215.27 after 8032.6 sec [total]
done with UU for K = 13.45-16.00 Q = 181.02-215.27 after 8033.5 sec [total]
done with BB for K = 13.45-16.00 Q = 181.02-215.27 after 8034.6 sec [total]
done with UBTa for K = 13.45-16.00 Q = 181.02-215.27 after 8034.7 sec [total]
done with UBTb for K = 13.45-16.00 Q = 181.02-215.27 after 8034.9 sec [total]
done with UBTbA for K = 13.45-16.00 Q = 181.02-215.27 after 8035.0 sec [total]
done with UBTbC for K = 13.45-16.00 Q = 181.02-215.27 after 8035.4 sec [total]
done with H for K = 13.45-16.00 Q = 181.02-215.27 after 8036.3 sec [total]
done with H++ for K = 13.45-16.00 Q = 181.02-215.27 after 8039.4 sec [total]
done with H+- for K = 13.45-16.00 Q = 181.02-215.27 after 8040.5 sec [total]
done with H-+ for K = 13.45-16.00 Q = 181.02-215.27 after 8041.6 sec [total]
done with H-- for K = 13.45-16.00 Q = 181.02-215.27 after 8042.1 sec [total]
done with UU for K = 16.00-19.03 Q = 181.02-215.27 after 8043.1 sec [total]
done with BB for K = 16.00-19.03 Q = 181.02-215.27 after 8044.1 sec [total]
done with UBTa for K = 16.00-19.03 Q = 181.02-215.27 after 8044.3 sec [total]
done with UBTb for K = 16.00-19.03 Q = 181.02-215.27 after 8044.5 sec [total]
done with UBTbA for K = 16.00-19.03 Q = 181.02-215.27 after 8044.6 sec [total]
done with UBTbC for K = 16.00-19.03 Q = 181.02-215.27 after 8045.0 sec [total]
done with H for K = 16.00-19.03 Q = 181.02-215.27 after 8045.8 sec [total]
done with H++ for K = 16.00-19.03 Q = 181.02-215.27 after 8049.0 sec [total]
done with H+- for K = 16.00-19.03 Q = 181.02-215.27 after 8050.2 sec [total]
done with H-+ for K = 16.00-19.03 Q = 181.02-215.27 after 8051.3 sec [total]
done with H-- for K = 16.00-19.03 Q = 181.02-215.27 after 8051.8 sec [total]
done with UU for K = 19.03-22.63 Q = 181.02-215.27 after 8052.7 sec [total]
done with BB for K = 19.03-22.63 Q = 181.02-215.27 after 8053.7 sec [total]
done with UBTa for K = 19.03-22.63 Q = 181.02-215.27 after 8053.9 sec [total]
done with UBTb for K = 19.03-22.63 Q = 181.02-215.27 after 8054.1 sec [total]
done with UBTbA for K = 19.03-22.63 Q = 181.02-215.27 after 8054.2 sec [total]
done with UBTbC for K = 19.03-22.63 Q = 181.02-215.27 after 8054.5 sec [total]
done with H for K = 19.03-22.63 Q = 181.02-215.27 after 8055.4 sec [total]
done with H++ for K = 19.03-22.63 Q = 181.02-215.27 after 8058.6 sec [total]
done with H+- for K = 19.03-22.63 Q = 181.02-215.27 after 8059.7 sec [total]
done with H-+ for K = 19.03-22.63 Q = 181.02-215.27 after 8060.8 sec [total]
done with H-- for K = 19.03-22.63 Q = 181.02-215.27 after 8061.3 sec [total]
done with UU for K = 22.63-26.91 Q = 181.02-215.27 after 8062.2 sec [total]
done with BB for K = 22.63-26.91 Q = 181.02-215.27 after 8063.3 sec [total]
done with UBTa for K = 22.63-26.91 Q = 181.02-215.27 after 8063.5 sec [total]
done with UBTb for K = 22.63-26.91 Q = 181.02-215.27 after 8063.6 sec [total]
done with UBTbA for K = 22.63-26.91 Q = 181.02-215.27 after 8063.8 sec [total]
done with UBTbC for K = 22.63-26.91 Q = 181.02-215.27 after 8064.1 sec [total]
done with H for K = 22.63-26.91 Q = 181.02-215.27 after 8065.0 sec [total]
done with H++ for K = 22.63-26.91 Q = 181.02-215.27 after 8068.1 sec [total]
done with H+- for K = 22.63-26.91 Q = 181.02-215.27 after 8069.3 sec [total]
done with H-+ for K = 22.63-26.91 Q = 181.02-215.27 after 8070.4 sec [total]
done with H-- for K = 22.63-26.91 Q = 181.02-215.27 after 8070.9 sec [total]
done with UU for K = 26.91-32.00 Q = 181.02-215.27 after 8071.8 sec [total]
done with BB for K = 26.91-32.00 Q = 181.02-215.27 after 8072.8 sec [total]
done with UBTa for K = 26.91-32.00 Q = 181.02-215.27 after 8073.0 sec [total]
done with UBTb for K = 26.91-32.00 Q = 181.02-215.27 after 8073.2 sec [total]
done with UBTbA for K = 26.91-32.00 Q = 181.02-215.27 after 8073.4 sec [total]
done with UBTbC for K = 26.91-32.00 Q = 181.02-215.27 after 8073.7 sec [total]
done with H for K = 26.91-32.00 Q = 181.02-215.27 after 8074.6 sec [total]
done with H++ for K = 26.91-32.00 Q = 181.02-215.27 after 8077.7 sec [total]
done with H+- for K = 26.91-32.00 Q = 181.02-215.27 after 8078.9 sec [total]
done with H-+ for K = 26.91-32.00 Q = 181.02-215.27 after 8080.0 sec [total]
done with H-- for K = 26.91-32.00 Q = 181.02-215.27 after 8080.5 sec [total]
done with UU for K = 32.00-38.05 Q = 181.02-215.27 after 8081.4 sec [total]
done with BB for K = 32.00-38.05 Q = 181.02-215.27 after 8082.4 sec [total]
done with UBTa for K = 32.00-38.05 Q = 181.02-215.27 after 8082.5 sec [total]
done with UBTb for K = 32.00-38.05 Q = 181.02-215.27 after 8082.7 sec [total]
done with UBTbA for K = 32.00-38.05 Q = 181.02-215.27 after 8082.9 sec [total]
done with UBTbC for K = 32.00-38.05 Q = 181.02-215.27 after 8083.2 sec [total]
done with H for K = 32.00-38.05 Q = 181.02-215.27 after 8084.1 sec [total]
done with H++ for K = 32.00-38.05 Q = 181.02-215.27 after 8087.2 sec [total]
done with H+- for K = 32.00-38.05 Q = 181.02-215.27 after 8088.5 sec [total]
done with H-+ for K = 32.00-38.05 Q = 181.02-215.27 after 8089.7 sec [total]
done with H-- for K = 32.00-38.05 Q = 181.02-215.27 after 8090.0 sec [total]
done with UU for K = 38.05-45.25 Q = 181.02-215.27 after 8090.9 sec [total]
done with BB for K = 38.05-45.25 Q = 181.02-215.27 after 8092.0 sec [total]
done with UBTa for K = 38.05-45.25 Q = 181.02-215.27 after 8092.2 sec [total]
done with UBTb for K = 38.05-45.25 Q = 181.02-215.27 after 8092.3 sec [total]
done with UBTbA for K = 38.05-45.25 Q = 181.02-215.27 after 8092.5 sec [total]
done with UBTbC for K = 38.05-45.25 Q = 181.02-215.27 after 8092.9 sec [total]
done with H for K = 38.05-45.25 Q = 181.02-215.27 after 8093.6 sec [total]
done with H++ for K = 38.05-45.25 Q = 181.02-215.27 after 8096.8 sec [total]
done with H+- for K = 38.05-45.25 Q = 181.02-215.27 after 8097.9 sec [total]
done with H-+ for K = 38.05-45.25 Q = 181.02-215.27 after 8098.9 sec [total]
done with H-- for K = 38.05-45.25 Q = 181.02-215.27 after 8099.5 sec [total]
done with UU for K = 45.25-53.82 Q = 181.02-215.27 after 8100.4 sec [total]
done with BB for K = 45.25-53.82 Q = 181.02-215.27 after 8101.4 sec [total]
done with UBTa for K = 45.25-53.82 Q = 181.02-215.27 after 8101.6 sec [total]
done with UBTb for K = 45.25-53.82 Q = 181.02-215.27 after 8101.8 sec [total]
done with UBTbA for K = 45.25-53.82 Q = 181.02-215.27 after 8102.0 sec [total]
done with UBTbC for K = 45.25-53.82 Q = 181.02-215.27 after 8102.3 sec [total]
done with H for K = 45.25-53.82 Q = 181.02-215.27 after 8103.1 sec [total]
done with H++ for K = 45.25-53.82 Q = 181.02-215.27 after 8106.3 sec [total]
done with H+- for K = 45.25-53.82 Q = 181.02-215.27 after 8107.5 sec [total]
done with H-+ for K = 45.25-53.82 Q = 181.02-215.27 after 8108.7 sec [total]
done with H-- for K = 45.25-53.82 Q = 181.02-215.27 after 8109.0 sec [total]
done with UU for K = 53.82-64.00 Q = 181.02-215.27 after 8109.9 sec [total]
done with BB for K = 53.82-64.00 Q = 181.02-215.27 after 8110.9 sec [total]
done with UBTa for K = 53.82-64.00 Q = 181.02-215.27 after 8111.1 sec [total]
done with UBTb for K = 53.82-64.00 Q = 181.02-215.27 after 8111.3 sec [total]
done with UBTbA for K = 53.82-64.00 Q = 181.02-215.27 after 8111.5 sec [total]
done with UBTbC for K = 53.82-64.00 Q = 181.02-215.27 after 8111.8 sec [total]
done with H for K = 53.82-64.00 Q = 181.02-215.27 after 8112.7 sec [total]
done with H++ for K = 53.82-64.00 Q = 181.02-215.27 after 8115.9 sec [total]
done with H+- for K = 53.82-64.00 Q = 181.02-215.27 after 8117.1 sec [total]
done with H-+ for K = 53.82-64.00 Q = 181.02-215.27 after 8118.2 sec [total]
done with H-- for K = 53.82-64.00 Q = 181.02-215.27 after 8118.6 sec [total]
done with UU for K = 64.00-76.11 Q = 181.02-215.27 after 8119.5 sec [total]
done with BB for K = 64.00-76.11 Q = 181.02-215.27 after 8120.5 sec [total]
done with UBTa for K = 64.00-76.11 Q = 181.02-215.27 after 8120.7 sec [total]
done with UBTb for K = 64.00-76.11 Q = 181.02-215.27 after 8120.8 sec [total]
done with UBTbA for K = 64.00-76.11 Q = 181.02-215.27 after 8121.0 sec [total]
done with UBTbC for K = 64.00-76.11 Q = 181.02-215.27 after 8121.4 sec [total]
done with H for K = 64.00-76.11 Q = 181.02-215.27 after 8122.2 sec [total]
done with H++ for K = 64.00-76.11 Q = 181.02-215.27 after 8125.4 sec [total]
done with H+- for K = 64.00-76.11 Q = 181.02-215.27 after 8126.6 sec [total]
done with H-+ for K = 64.00-76.11 Q = 181.02-215.27 after 8127.7 sec [total]
done with H-- for K = 64.00-76.11 Q = 181.02-215.27 after 8128.2 sec [total]
done with UU for K = 76.11-90.51 Q = 181.02-215.27 after 8129.1 sec [total]
done with BB for K = 76.11-90.51 Q = 181.02-215.27 after 8130.1 sec [total]
done with UBTa for K = 76.11-90.51 Q = 181.02-215.27 after 8130.3 sec [total]
done with UBTb for K = 76.11-90.51 Q = 181.02-215.27 after 8130.4 sec [total]
done with UBTbA for K = 76.11-90.51 Q = 181.02-215.27 after 8130.6 sec [total]
done with UBTbC for K = 76.11-90.51 Q = 181.02-215.27 after 8131.0 sec [total]
done with H for K = 76.11-90.51 Q = 181.02-215.27 after 8131.9 sec [total]
done with H++ for K = 76.11-90.51 Q = 181.02-215.27 after 8135.0 sec [total]
done with H+- for K = 76.11-90.51 Q = 181.02-215.27 after 8136.3 sec [total]
done with H-+ for K = 76.11-90.51 Q = 181.02-215.27 after 8137.5 sec [total]
done with H-- for K = 76.11-90.51 Q = 181.02-215.27 after 8137.8 sec [total]
done with UU for K = 90.51-107.63 Q = 181.02-215.27 after 8138.7 sec [total]
done with BB for K = 90.51-107.63 Q = 181.02-215.27 after 8139.7 sec [total]
done with UBTa for K = 90.51-107.63 Q = 181.02-215.27 after 8139.9 sec [total]
done with UBTb for K = 90.51-107.63 Q = 181.02-215.27 after 8140.1 sec [total]
done with UBTbA for K = 90.51-107.63 Q = 181.02-215.27 after 8140.2 sec [total]
done with UBTbC for K = 90.51-107.63 Q = 181.02-215.27 after 8140.6 sec [total]
done with H for K = 90.51-107.63 Q = 181.02-215.27 after 8141.5 sec [total]
done with H++ for K = 90.51-107.63 Q = 181.02-215.27 after 8144.6 sec [total]
done with H+- for K = 90.51-107.63 Q = 181.02-215.27 after 8145.8 sec [total]
done with H-+ for K = 90.51-107.63 Q = 181.02-215.27 after 8147.0 sec [total]
done with H-- for K = 90.51-107.63 Q = 181.02-215.27 after 8147.4 sec [total]
done with UU for K = 107.63-128.00 Q = 181.02-215.27 after 8148.3 sec [total]
done with BB for K = 107.63-128.00 Q = 181.02-215.27 after 8149.4 sec [total]
done with UBTa for K = 107.63-128.00 Q = 181.02-215.27 after 8149.6 sec [total]
done with UBTb for K = 107.63-128.00 Q = 181.02-215.27 after 8149.8 sec [total]
done with UBTbA for K = 107.63-128.00 Q = 181.02-215.27 after 8149.9 sec [total]
done with UBTbC for K = 107.63-128.00 Q = 181.02-215.27 after 8150.3 sec [total]
done with H for K = 107.63-128.00 Q = 181.02-215.27 after 8151.0 sec [total]
done with H++ for K = 107.63-128.00 Q = 181.02-215.27 after 8154.1 sec [total]
done with H+- for K = 107.63-128.00 Q = 181.02-215.27 after 8155.3 sec [total]
done with H-+ for K = 107.63-128.00 Q = 181.02-215.27 after 8156.4 sec [total]
done with H-- for K = 107.63-128.00 Q = 181.02-215.27 after 8156.9 sec [total]
done with UU for K = 128.00-152.22 Q = 181.02-215.27 after 8157.8 sec [total]
done with BB for K = 128.00-152.22 Q = 181.02-215.27 after 8158.9 sec [total]
done with UBTa for K = 128.00-152.22 Q = 181.02-215.27 after 8159.1 sec [total]
done with UBTb for K = 128.00-152.22 Q = 181.02-215.27 after 8159.3 sec [total]
done with UBTbA for K = 128.00-152.22 Q = 181.02-215.27 after 8159.5 sec [total]
done with UBTbC for K = 128.00-152.22 Q = 181.02-215.27 after 8159.8 sec [total]
done with H for K = 128.00-152.22 Q = 181.02-215.27 after 8160.6 sec [total]
done with H++ for K = 128.00-152.22 Q = 181.02-215.27 after 8163.8 sec [total]
done with H+- for K = 128.00-152.22 Q = 181.02-215.27 after 8165.0 sec [total]
done with H-+ for K = 128.00-152.22 Q = 181.02-215.27 after 8166.2 sec [total]
done with H-- for K = 128.00-152.22 Q = 181.02-215.27 after 8166.5 sec [total]
done with UU for K = 152.22-181.02 Q = 181.02-215.27 after 8167.4 sec [total]
done with BB for K = 152.22-181.02 Q = 181.02-215.27 after 8168.4 sec [total]
done with UBTa for K = 152.22-181.02 Q = 181.02-215.27 after 8168.6 sec [total]
done with UBTb for K = 152.22-181.02 Q = 181.02-215.27 after 8168.8 sec [total]
done with UBTbA for K = 152.22-181.02 Q = 181.02-215.27 after 8169.0 sec [total]
done with UBTbC for K = 152.22-181.02 Q = 181.02-215.27 after 8169.3 sec [total]
done with H for K = 152.22-181.02 Q = 181.02-215.27 after 8170.2 sec [total]
done with H++ for K = 152.22-181.02 Q = 181.02-215.27 after 8173.4 sec [total]
done with H+- for K = 152.22-181.02 Q = 181.02-215.27 after 8174.7 sec [total]
done with H-+ for K = 152.22-181.02 Q = 181.02-215.27 after 8175.9 sec [total]
done with H-- for K = 152.22-181.02 Q = 181.02-215.27 after 8176.1 sec [total]
done with UU for K = 181.02-215.27 Q = 181.02-215.27 after 8177.0 sec [total]
done with BB for K = 181.02-215.27 Q = 181.02-215.27 after 8178.1 sec [total]
done with UBTa for K = 181.02-215.27 Q = 181.02-215.27 after 8178.3 sec [total]
done with UBTb for K = 181.02-215.27 Q = 181.02-215.27 after 8178.5 sec [total]
done with UBTbA for K = 181.02-215.27 Q = 181.02-215.27 after 8178.7 sec [total]
done with UBTbC for K = 181.02-215.27 Q = 181.02-215.27 after 8179.0 sec [total]
done with H for K = 181.02-215.27 Q = 181.02-215.27 after 8179.7 sec [total]
done with H++ for K = 181.02-215.27 Q = 181.02-215.27 after 8183.0 sec [total]
done with H+- for K = 181.02-215.27 Q = 181.02-215.27 after 8184.1 sec [total]
done with H-+ for K = 181.02-215.27 Q = 181.02-215.27 after 8185.4 sec [total]
done with H-- for K = 181.02-215.27 Q = 181.02-215.27 after 8185.7 sec [total]
done with UU for K = 215.27-256.00 Q = 181.02-215.27 after 8186.6 sec [total]
done with BB for K = 215.27-256.00 Q = 181.02-215.27 after 8187.6 sec [total]
done with UBTa for K = 215.27-256.00 Q = 181.02-215.27 after 8187.8 sec [total]
done with UBTb for K = 215.27-256.00 Q = 181.02-215.27 after 8188.0 sec [total]
done with UBTbA for K = 215.27-256.00 Q = 181.02-215.27 after 8188.1 sec [total]
done with UBTbC for K = 215.27-256.00 Q = 181.02-215.27 after 8188.5 sec [total]
done with H for K = 215.27-256.00 Q = 181.02-215.27 after 8189.3 sec [total]
done with H++ for K = 215.27-256.00 Q = 181.02-215.27 after 8192.5 sec [total]
done with H+- for K = 215.27-256.00 Q = 181.02-215.27 after 8193.7 sec [total]
done with H-+ for K = 215.27-256.00 Q = 181.02-215.27 after 8195.0 sec [total]
done with H-- for K = 215.27-256.00 Q = 181.02-215.27 after 8195.3 sec [total]
done with UU for K = 256.00-304.44 Q = 181.02-215.27 after 8196.2 sec [total]
done with BB for K = 256.00-304.44 Q = 181.02-215.27 after 8197.2 sec [total]
done with UBTa for K = 256.00-304.44 Q = 181.02-215.27 after 8197.4 sec [total]
done with UBTb for K = 256.00-304.44 Q = 181.02-215.27 after 8197.6 sec [total]
done with UBTbA for K = 256.00-304.44 Q = 181.02-215.27 after 8197.8 sec [total]
done with UBTbC for K = 256.00-304.44 Q = 181.02-215.27 after 8198.1 sec [total]
done with H for K = 256.00-304.44 Q = 181.02-215.27 after 8198.9 sec [total]
done with H++ for K = 256.00-304.44 Q = 181.02-215.27 after 8202.1 sec [total]
done with H+- for K = 256.00-304.44 Q = 181.02-215.27 after 8203.2 sec [total]
done with H-+ for K = 256.00-304.44 Q = 181.02-215.27 after 8204.4 sec [total]
done with H-- for K = 256.00-304.44 Q = 181.02-215.27 after 8204.8 sec [total]
done with UU for K = 304.44-362.04 Q = 181.02-215.27 after 8205.7 sec [total]
done with BB for K = 304.44-362.04 Q = 181.02-215.27 after 8206.8 sec [total]
done with UBTa for K = 304.44-362.04 Q = 181.02-215.27 after 8207.0 sec [total]
done with UBTb for K = 304.44-362.04 Q = 181.02-215.27 after 8207.2 sec [total]
done with UBTbA for K = 304.44-362.04 Q = 181.02-215.27 after 8207.4 sec [total]
done with UBTbC for K = 304.44-362.04 Q = 181.02-215.27 after 8207.7 sec [total]
done with H for K = 304.44-362.04 Q = 181.02-215.27 after 8208.5 sec [total]
done with H++ for K = 304.44-362.04 Q = 181.02-215.27 after 8211.6 sec [total]
done with H+- for K = 304.44-362.04 Q = 181.02-215.27 after 8212.8 sec [total]
done with H-+ for K = 304.44-362.04 Q = 181.02-215.27 after 8214.0 sec [total]
done with H-- for K = 304.44-362.04 Q = 181.02-215.27 after 8214.4 sec [total]
done with UU for K = 362.04-430.54 Q = 181.02-215.27 after 8215.3 sec [total]
done with BB for K = 362.04-430.54 Q = 181.02-215.27 after 8216.4 sec [total]
done with UBTa for K = 362.04-430.54 Q = 181.02-215.27 after 8216.5 sec [total]
done with UBTb for K = 362.04-430.54 Q = 181.02-215.27 after 8216.7 sec [total]
done with UBTbA for K = 362.04-430.54 Q = 181.02-215.27 after 8216.9 sec [total]
done with UBTbC for K = 362.04-430.54 Q = 181.02-215.27 after 8217.2 sec [total]
done with H for K = 362.04-430.54 Q = 181.02-215.27 after 8218.1 sec [total]
done with H++ for K = 362.04-430.54 Q = 181.02-215.27 after 8221.2 sec [total]
done with H+- for K = 362.04-430.54 Q = 181.02-215.27 after 8222.4 sec [total]
done with H-+ for K = 362.04-430.54 Q = 181.02-215.27 after 8223.7 sec [total]
done with H-- for K = 362.04-430.54 Q = 181.02-215.27 after 8224.0 sec [total]
done with UU for K = 430.54-512.00 Q = 181.02-215.27 after 8224.9 sec [total]
done with BB for K = 430.54-512.00 Q = 181.02-215.27 after 8225.9 sec [total]
done with UBTa for K = 430.54-512.00 Q = 181.02-215.27 after 8226.1 sec [total]
done with UBTb for K = 430.54-512.00 Q = 181.02-215.27 after 8226.3 sec [total]
done with UBTbA for K = 430.54-512.00 Q = 181.02-215.27 after 8226.4 sec [total]
done with UBTbC for K = 430.54-512.00 Q = 181.02-215.27 after 8226.7 sec [total]
done with H for K = 430.54-512.00 Q = 181.02-215.27 after 8227.6 sec [total]
done with H++ for K = 430.54-512.00 Q = 181.02-215.27 after 8230.7 sec [total]
done with H+- for K = 430.54-512.00 Q = 181.02-215.27 after 8232.1 sec [total]
done with H-+ for K = 430.54-512.00 Q = 181.02-215.27 after 8233.3 sec [total]
done with H-- for K = 430.54-512.00 Q = 181.02-215.27 after 8233.5 sec [total]
done with UU for K = 512.00-608.87 Q = 181.02-215.27 after 8234.4 sec [total]
done with BB for K = 512.00-608.87 Q = 181.02-215.27 after 8235.4 sec [total]
done with UBTa for K = 512.00-608.87 Q = 181.02-215.27 after 8235.6 sec [total]
done with UBTb for K = 512.00-608.87 Q = 181.02-215.27 after 8235.8 sec [total]
done with UBTbA for K = 512.00-608.87 Q = 181.02-215.27 after 8236.0 sec [total]
done with UBTbC for K = 512.00-608.87 Q = 181.02-215.27 after 8236.3 sec [total]
done with H for K = 512.00-608.87 Q = 181.02-215.27 after 8237.1 sec [total]
done with H++ for K = 512.00-608.87 Q = 181.02-215.27 after 8240.3 sec [total]
done with H+- for K = 512.00-608.87 Q = 181.02-215.27 after 8241.5 sec [total]
done with H-+ for K = 512.00-608.87 Q = 181.02-215.27 after 8242.7 sec [total]
done with H-- for K = 512.00-608.87 Q = 181.02-215.27 after 8243.0 sec [total]
done with UU for K = 608.87-724.08 Q = 181.02-215.27 after 8243.9 sec [total]
done with BB for K = 608.87-724.08 Q = 181.02-215.27 after 8245.0 sec [total]
done with UBTa for K = 608.87-724.08 Q = 181.02-215.27 after 8245.1 sec [total]
done with UBTb for K = 608.87-724.08 Q = 181.02-215.27 after 8245.3 sec [total]
done with UBTbA for K = 608.87-724.08 Q = 181.02-215.27 after 8245.5 sec [total]
done with UBTbC for K = 608.87-724.08 Q = 181.02-215.27 after 8245.8 sec [total]
done with H for K = 608.87-724.08 Q = 181.02-215.27 after 8246.7 sec [total]
done with H++ for K = 608.87-724.08 Q = 181.02-215.27 after 8249.9 sec [total]
done with H+- for K = 608.87-724.08 Q = 181.02-215.27 after 8251.2 sec [total]
done with H-+ for K = 608.87-724.08 Q = 181.02-215.27 after 8252.4 sec [total]
done with H-- for K = 608.87-724.08 Q = 181.02-215.27 after 8252.7 sec [total]
done with UU for K = 724.08-861.08 Q = 181.02-215.27 after 8253.6 sec [total]
done with BB for K = 724.08-861.08 Q = 181.02-215.27 after 8254.6 sec [total]
done with UBTa for K = 724.08-861.08 Q = 181.02-215.27 after 8254.8 sec [total]
done with UBTb for K = 724.08-861.08 Q = 181.02-215.27 after 8255.0 sec [total]
done with UBTbA for K = 724.08-861.08 Q = 181.02-215.27 after 8255.2 sec [total]
done with UBTbC for K = 724.08-861.08 Q = 181.02-215.27 after 8255.5 sec [total]
done with H for K = 724.08-861.08 Q = 181.02-215.27 after 8256.3 sec [total]
done with H++ for K = 724.08-861.08 Q = 181.02-215.27 after 8259.5 sec [total]
done with H+- for K = 724.08-861.08 Q = 181.02-215.27 after 8260.7 sec [total]
done with H-+ for K = 724.08-861.08 Q = 181.02-215.27 after 8261.7 sec [total]
done with H-- for K = 724.08-861.08 Q = 181.02-215.27 after 8262.2 sec [total]
done with UU for K = 861.08-1024.00 Q = 181.02-215.27 after 8263.1 sec [total]
done with BB for K = 861.08-1024.00 Q = 181.02-215.27 after 8264.1 sec [total]
done with UBTa for K = 861.08-1024.00 Q = 181.02-215.27 after 8264.3 sec [total]
done with UBTb for K = 861.08-1024.00 Q = 181.02-215.27 after 8264.5 sec [total]
done with UBTbA for K = 861.08-1024.00 Q = 181.02-215.27 after 8264.7 sec [total]
done with UBTbC for K = 861.08-1024.00 Q = 181.02-215.27 after 8265.0 sec [total]
done with H for K = 861.08-1024.00 Q = 181.02-215.27 after 8265.9 sec [total]
done with H++ for K = 861.08-1024.00 Q = 181.02-215.27 after 8269.0 sec [total]
done with H+- for K = 861.08-1024.00 Q = 181.02-215.27 after 8270.3 sec [total]
done with H-+ for K = 861.08-1024.00 Q = 181.02-215.27 after 8271.5 sec [total]
done with H-- for K = 861.08-1024.00 Q = 181.02-215.27 after 8271.7 sec [total]
done with UU for K = 0.00-3.36 Q = 215.27-256.00 after 8273.4 sec [total]
done with BB for K = 0.00-3.36 Q = 215.27-256.00 after 8275.8 sec [total]
done with UBTa for K = 0.00-3.36 Q = 215.27-256.00 after 8276.7 sec [total]
done with UBTb for K = 0.00-3.36 Q = 215.27-256.00 after 8277.8 sec [total]
done with UBTbA for K = 0.00-3.36 Q = 215.27-256.00 after 8278.8 sec [total]
done with UBTbC for K = 0.00-3.36 Q = 215.27-256.00 after 8279.1 sec [total]
done with H for K = 0.00-3.36 Q = 215.27-256.00 after 8280.0 sec [total]
done with H++ for K = 0.00-3.36 Q = 215.27-256.00 after 8283.1 sec [total]
done with H+- for K = 0.00-3.36 Q = 215.27-256.00 after 8284.4 sec [total]
done with H-+ for K = 0.00-3.36 Q = 215.27-256.00 after 8285.6 sec [total]
done with H-- for K = 0.00-3.36 Q = 215.27-256.00 after 8285.9 sec [total]
done with UU for K = 3.36-4.00 Q = 215.27-256.00 after 8286.8 sec [total]
done with BB for K = 3.36-4.00 Q = 215.27-256.00 after 8287.8 sec [total]
done with UBTa for K = 3.36-4.00 Q = 215.27-256.00 after 8288.0 sec [total]
done with UBTb for K = 3.36-4.00 Q = 215.27-256.00 after 8288.2 sec [total]
done with UBTbA for K = 3.36-4.00 Q = 215.27-256.00 after 8288.4 sec [total]
done with UBTbC for K = 3.36-4.00 Q = 215.27-256.00 after 8288.7 sec [total]
done with H for K = 3.36-4.00 Q = 215.27-256.00 after 8289.6 sec [total]
done with H++ for K = 3.36-4.00 Q = 215.27-256.00 after 8292.7 sec [total]
done with H+- for K = 3.36-4.00 Q = 215.27-256.00 after 8293.8 sec [total]
done with H-+ for K = 3.36-4.00 Q = 215.27-256.00 after 8294.9 sec [total]
done with H-- for K = 3.36-4.00 Q = 215.27-256.00 after 8295.5 sec [total]
done with UU for K = 4.00-4.76 Q = 215.27-256.00 after 8296.4 sec [total]
done with BB for K = 4.00-4.76 Q = 215.27-256.00 after 8297.4 sec [total]
done with UBTa for K = 4.00-4.76 Q = 215.27-256.00 after 8297.6 sec [total]
done with UBTb for K = 4.00-4.76 Q = 215.27-256.00 after 8297.7 sec [total]
done with UBTbA for K = 4.00-4.76 Q = 215.27-256.00 after 8297.9 sec [total]
done with UBTbC for K = 4.00-4.76 Q = 215.27-256.00 after 8298.3 sec [total]
done with H for K = 4.00-4.76 Q = 215.27-256.00 after 8299.2 sec [total]
done with H++ for K = 4.00-4.76 Q = 215.27-256.00 after 8302.4 sec [total]
done with H+- for K = 4.00-4.76 Q = 215.27-256.00 after 8303.6 sec [total]
done with H-+ for K = 4.00-4.76 Q = 215.27-256.00 after 8304.8 sec [total]
done with H-- for K = 4.00-4.76 Q = 215.27-256.00 after 8305.1 sec [total]
done with UU for K = 4.76-5.66 Q = 215.27-256.00 after 8306.0 sec [total]
done with BB for K = 4.76-5.66 Q = 215.27-256.00 after 8307.0 sec [total]
done with UBTa for K = 4.76-5.66 Q = 215.27-256.00 after 8307.2 sec [total]
done with UBTb for K = 4.76-5.66 Q = 215.27-256.00 after 8307.3 sec [total]
done with UBTbA for K = 4.76-5.66 Q = 215.27-256.00 after 8307.5 sec [total]
done with UBTbC for K = 4.76-5.66 Q = 215.27-256.00 after 8307.9 sec [total]
done with H for K = 4.76-5.66 Q = 215.27-256.00 after 8308.7 sec [total]
done with H++ for K = 4.76-5.66 Q = 215.27-256.00 after 8311.9 sec [total]
done with H+- for K = 4.76-5.66 Q = 215.27-256.00 after 8313.1 sec [total]
done with H-+ for K = 4.76-5.66 Q = 215.27-256.00 after 8314.3 sec [total]
done with H-- for K = 4.76-5.66 Q = 215.27-256.00 after 8314.7 sec [total]
done with UU for K = 5.66-6.73 Q = 215.27-256.00 after 8315.6 sec [total]
done with BB for K = 5.66-6.73 Q = 215.27-256.00 after 8316.6 sec [total]
done with UBTa for K = 5.66-6.73 Q = 215.27-256.00 after 8316.8 sec [total]
done with UBTb for K = 5.66-6.73 Q = 215.27-256.00 after 8317.0 sec [total]
done with UBTbA for K = 5.66-6.73 Q = 215.27-256.00 after 8317.2 sec [total]
done with UBTbC for K = 5.66-6.73 Q = 215.27-256.00 after 8317.5 sec [total]
done with H for K = 5.66-6.73 Q = 215.27-256.00 after 8318.3 sec [total]
done with H++ for K = 5.66-6.73 Q = 215.27-256.00 after 8321.5 sec [total]
done with H+- for K = 5.66-6.73 Q = 215.27-256.00 after 8322.5 sec [total]
done with H-+ for K = 5.66-6.73 Q = 215.27-256.00 after 8323.7 sec [total]
done with H-- for K = 5.66-6.73 Q = 215.27-256.00 after 8324.2 sec [total]
done with UU for K = 6.73-8.00 Q = 215.27-256.00 after 8325.2 sec [total]
done with BB for K = 6.73-8.00 Q = 215.27-256.00 after 8326.1 sec [total]
done with UBTa for K = 6.73-8.00 Q = 215.27-256.00 after 8326.3 sec [total]
done with UBTb for K = 6.73-8.00 Q = 215.27-256.00 after 8326.5 sec [total]
done with UBTbA for K = 6.73-8.00 Q = 215.27-256.00 after 8326.7 sec [total]
done with UBTbC for K = 6.73-8.00 Q = 215.27-256.00 after 8327.0 sec [total]
done with H for K = 6.73-8.00 Q = 215.27-256.00 after 8327.9 sec [total]
done with H++ for K = 6.73-8.00 Q = 215.27-256.00 after 8331.1 sec [total]
done with H+- for K = 6.73-8.00 Q = 215.27-256.00 after 8332.2 sec [total]
done with H-+ for K = 6.73-8.00 Q = 215.27-256.00 after 8333.5 sec [total]
done with H-- for K = 6.73-8.00 Q = 215.27-256.00 after 8333.9 sec [total]
done with UU for K = 8.00-9.51 Q = 215.27-256.00 after 8334.8 sec [total]
done with BB for K = 8.00-9.51 Q = 215.27-256.00 after 8335.8 sec [total]
done with UBTa for K = 8.00-9.51 Q = 215.27-256.00 after 8335.9 sec [total]
done with UBTb for K = 8.00-9.51 Q = 215.27-256.00 after 8336.1 sec [total]
done with UBTbA for K = 8.00-9.51 Q = 215.27-256.00 after 8336.3 sec [total]
done with UBTbC for K = 8.00-9.51 Q = 215.27-256.00 after 8336.6 sec [total]
done with H for K = 8.00-9.51 Q = 215.27-256.00 after 8337.5 sec [total]
done with H++ for K = 8.00-9.51 Q = 215.27-256.00 after 8340.6 sec [total]
done with H+- for K = 8.00-9.51 Q = 215.27-256.00 after 8341.8 sec [total]
done with H-+ for K = 8.00-9.51 Q = 215.27-256.00 after 8342.9 sec [total]
done with H-- for K = 8.00-9.51 Q = 215.27-256.00 after 8343.4 sec [total]
done with UU for K = 9.51-11.31 Q = 215.27-256.00 after 8344.3 sec [total]
done with BB for K = 9.51-11.31 Q = 215.27-256.00 after 8345.3 sec [total]
done with UBTa for K = 9.51-11.31 Q = 215.27-256.00 after 8345.5 sec [total]
done with UBTb for K = 9.51-11.31 Q = 215.27-256.00 after 8345.6 sec [total]
done with UBTbA for K = 9.51-11.31 Q = 215.27-256.00 after 8345.8 sec [total]
done with UBTbC for K = 9.51-11.31 Q = 215.27-256.00 after 8346.2 sec [total]
done with H for K = 9.51-11.31 Q = 215.27-256.00 after 8347.0 sec [total]
done with H++ for K = 9.51-11.31 Q = 215.27-256.00 after 8350.2 sec [total]
done with H+- for K = 9.51-11.31 Q = 215.27-256.00 after 8351.4 sec [total]
done with H-+ for K = 9.51-11.31 Q = 215.27-256.00 after 8352.6 sec [total]
done with H-- for K = 9.51-11.31 Q = 215.27-256.00 after 8352.9 sec [total]
done with UU for K = 11.31-13.45 Q = 215.27-256.00 after 8353.8 sec [total]
done with BB for K = 11.31-13.45 Q = 215.27-256.00 after 8354.9 sec [total]
done with UBTa for K = 11.31-13.45 Q = 215.27-256.00 after 8355.1 sec [total]
done with UBTb for K = 11.31-13.45 Q = 215.27-256.00 after 8355.2 sec [total]
done with UBTbA for K = 11.31-13.45 Q = 215.27-256.00 after 8355.4 sec [total]
done with UBTbC for K = 11.31-13.45 Q = 215.27-256.00 after 8355.7 sec [total]
done with H for K = 11.31-13.45 Q = 215.27-256.00 after 8356.6 sec [total]
done with H++ for K = 11.31-13.45 Q = 215.27-256.00 after 8359.7 sec [total]
done with H+- for K = 11.31-13.45 Q = 215.27-256.00 after 8361.0 sec [total]
done with H-+ for K = 11.31-13.45 Q = 215.27-256.00 after 8362.2 sec [total]
done with H-- for K = 11.31-13.45 Q = 215.27-256.00 after 8362.5 sec [total]
done with UU for K = 13.45-16.00 Q = 215.27-256.00 after 8363.4 sec [total]
done with BB for K = 13.45-16.00 Q = 215.27-256.00 after 8364.4 sec [total]
done with UBTa for K = 13.45-16.00 Q = 215.27-256.00 after 8364.6 sec [total]
done with UBTb for K = 13.45-16.00 Q = 215.27-256.00 after 8364.7 sec [total]
done with UBTbA for K = 13.45-16.00 Q = 215.27-256.00 after 8364.9 sec [total]
done with UBTbC for K = 13.45-16.00 Q = 215.27-256.00 after 8365.2 sec [total]
done with H for K = 13.45-16.00 Q = 215.27-256.00 after 8366.1 sec [total]
done with H++ for K = 13.45-16.00 Q = 215.27-256.00 after 8369.3 sec [total]
done with H+- for K = 13.45-16.00 Q = 215.27-256.00 after 8370.4 sec [total]
done with H-+ for K = 13.45-16.00 Q = 215.27-256.00 after 8371.5 sec [total]
done with H-- for K = 13.45-16.00 Q = 215.27-256.00 after 8372.0 sec [total]
done with UU for K = 16.00-19.03 Q = 215.27-256.00 after 8372.9 sec [total]
done with BB for K = 16.00-19.03 Q = 215.27-256.00 after 8374.0 sec [total]
done with UBTa for K = 16.00-19.03 Q = 215.27-256.00 after 8374.2 sec [total]
done with UBTb for K = 16.00-19.03 Q = 215.27-256.00 after 8374.4 sec [total]
done with UBTbA for K = 16.00-19.03 Q = 215.27-256.00 after 8374.5 sec [total]
done with UBTbC for K = 16.00-19.03 Q = 215.27-256.00 after 8374.9 sec [total]
done with H for K = 16.00-19.03 Q = 215.27-256.00 after 8375.6 sec [total]
done with H++ for K = 16.00-19.03 Q = 215.27-256.00 after 8378.8 sec [total]
done with H+- for K = 16.00-19.03 Q = 215.27-256.00 after 8379.9 sec [total]
done with H-+ for K = 16.00-19.03 Q = 215.27-256.00 after 8381.0 sec [total]
done with H-- for K = 16.00-19.03 Q = 215.27-256.00 after 8381.5 sec [total]
done with UU for K = 19.03-22.63 Q = 215.27-256.00 after 8382.4 sec [total]
done with BB for K = 19.03-22.63 Q = 215.27-256.00 after 8383.4 sec [total]
done with UBTa for K = 19.03-22.63 Q = 215.27-256.00 after 8383.6 sec [total]
done with UBTb for K = 19.03-22.63 Q = 215.27-256.00 after 8383.8 sec [total]
done with UBTbA for K = 19.03-22.63 Q = 215.27-256.00 after 8384.0 sec [total]
done with UBTbC for K = 19.03-22.63 Q = 215.27-256.00 after 8384.3 sec [total]
done with H for K = 19.03-22.63 Q = 215.27-256.00 after 8385.2 sec [total]
done with H++ for K = 19.03-22.63 Q = 215.27-256.00 after 8388.3 sec [total]
done with H+- for K = 19.03-22.63 Q = 215.27-256.00 after 8389.4 sec [total]
done with H-+ for K = 19.03-22.63 Q = 215.27-256.00 after 8390.4 sec [total]
done with H-- for K = 19.03-22.63 Q = 215.27-256.00 after 8391.1 sec [total]
done with UU for K = 22.63-26.91 Q = 215.27-256.00 after 8392.0 sec [total]
done with BB for K = 22.63-26.91 Q = 215.27-256.00 after 8393.0 sec [total]
done with UBTa for K = 22.63-26.91 Q = 215.27-256.00 after 8393.2 sec [total]
done with UBTb for K = 22.63-26.91 Q = 215.27-256.00 after 8393.3 sec [total]
done with UBTbA for K = 22.63-26.91 Q = 215.27-256.00 after 8393.5 sec [total]
done with UBTbC for K = 22.63-26.91 Q = 215.27-256.00 after 8393.9 sec [total]
done with H for K = 22.63-26.91 Q = 215.27-256.00 after 8394.7 sec [total]
done with H++ for K = 22.63-26.91 Q = 215.27-256.00 after 8397.8 sec [total]
done with H+- for K = 22.63-26.91 Q = 215.27-256.00 after 8399.0 sec [total]
done with H-+ for K = 22.63-26.91 Q = 215.27-256.00 after 8400.2 sec [total]
done with H-- for K = 22.63-26.91 Q = 215.27-256.00 after 8400.6 sec [total]
done with UU for K = 26.91-32.00 Q = 215.27-256.00 after 8401.5 sec [total]
done with BB for K = 26.91-32.00 Q = 215.27-256.00 after 8402.6 sec [total]
done with UBTa for K = 26.91-32.00 Q = 215.27-256.00 after 8402.8 sec [total]
done with UBTb for K = 26.91-32.00 Q = 215.27-256.00 after 8403.0 sec [total]
done with UBTbA for K = 26.91-32.00 Q = 215.27-256.00 after 8403.2 sec [total]
done with UBTbC for K = 26.91-32.00 Q = 215.27-256.00 after 8403.5 sec [total]
done with H for K = 26.91-32.00 Q = 215.27-256.00 after 8404.3 sec [total]
done with H++ for K = 26.91-32.00 Q = 215.27-256.00 after 8407.4 sec [total]
done with H+- for K = 26.91-32.00 Q = 215.27-256.00 after 8408.7 sec [total]
done with H-+ for K = 26.91-32.00 Q = 215.27-256.00 after 8409.9 sec [total]
done with H-- for K = 26.91-32.00 Q = 215.27-256.00 after 8410.2 sec [total]
done with UU for K = 32.00-38.05 Q = 215.27-256.00 after 8411.1 sec [total]
done with BB for K = 32.00-38.05 Q = 215.27-256.00 after 8412.1 sec [total]
done with UBTa for K = 32.00-38.05 Q = 215.27-256.00 after 8412.3 sec [total]
done with UBTb for K = 32.00-38.05 Q = 215.27-256.00 after 8412.5 sec [total]
done with UBTbA for K = 32.00-38.05 Q = 215.27-256.00 after 8412.7 sec [total]
done with UBTbC for K = 32.00-38.05 Q = 215.27-256.00 after 8413.0 sec [total]
done with H for K = 32.00-38.05 Q = 215.27-256.00 after 8413.8 sec [total]
done with H++ for K = 32.00-38.05 Q = 215.27-256.00 after 8417.0 sec [total]
done with H+- for K = 32.00-38.05 Q = 215.27-256.00 after 8418.3 sec [total]
done with H-+ for K = 32.00-38.05 Q = 215.27-256.00 after 8419.6 sec [total]
done with H-- for K = 32.00-38.05 Q = 215.27-256.00 after 8419.8 sec [total]
done with UU for K = 38.05-45.25 Q = 215.27-256.00 after 8420.7 sec [total]
done with BB for K = 38.05-45.25 Q = 215.27-256.00 after 8421.7 sec [total]
done with UBTa for K = 38.05-45.25 Q = 215.27-256.00 after 8421.9 sec [total]
done with UBTb for K = 38.05-45.25 Q = 215.27-256.00 after 8422.0 sec [total]
done with UBTbA for K = 38.05-45.25 Q = 215.27-256.00 after 8422.2 sec [total]
done with UBTbC for K = 38.05-45.25 Q = 215.27-256.00 after 8422.6 sec [total]
done with H for K = 38.05-45.25 Q = 215.27-256.00 after 8423.4 sec [total]
done with H++ for K = 38.05-45.25 Q = 215.27-256.00 after 8426.6 sec [total]
done with H+- for K = 38.05-45.25 Q = 215.27-256.00 after 8427.7 sec [total]
done with H-+ for K = 38.05-45.25 Q = 215.27-256.00 after 8428.9 sec [total]
done with H-- for K = 38.05-45.25 Q = 215.27-256.00 after 8429.3 sec [total]
done with UU for K = 45.25-53.82 Q = 215.27-256.00 after 8430.2 sec [total]
done with BB for K = 45.25-53.82 Q = 215.27-256.00 after 8431.2 sec [total]
done with UBTa for K = 45.25-53.82 Q = 215.27-256.00 after 8431.4 sec [total]
done with UBTb for K = 45.25-53.82 Q = 215.27-256.00 after 8431.6 sec [total]
done with UBTbA for K = 45.25-53.82 Q = 215.27-256.00 after 8431.8 sec [total]
done with UBTbC for K = 45.25-53.82 Q = 215.27-256.00 after 8432.1 sec [total]
done with H for K = 45.25-53.82 Q = 215.27-256.00 after 8433.0 sec [total]
done with H++ for K = 45.25-53.82 Q = 215.27-256.00 after 8436.0 sec [total]
done with H+- for K = 45.25-53.82 Q = 215.27-256.00 after 8437.1 sec [total]
done with H-+ for K = 45.25-53.82 Q = 215.27-256.00 after 8438.2 sec [total]
done with H-- for K = 45.25-53.82 Q = 215.27-256.00 after 8438.9 sec [total]
done with UU for K = 53.82-64.00 Q = 215.27-256.00 after 8439.8 sec [total]
done with BB for K = 53.82-64.00 Q = 215.27-256.00 after 8440.8 sec [total]
done with UBTa for K = 53.82-64.00 Q = 215.27-256.00 after 8441.0 sec [total]
done with UBTb for K = 53.82-64.00 Q = 215.27-256.00 after 8441.1 sec [total]
done with UBTbA for K = 53.82-64.00 Q = 215.27-256.00 after 8441.3 sec [total]
done with UBTbC for K = 53.82-64.00 Q = 215.27-256.00 after 8441.7 sec [total]
done with H for K = 53.82-64.00 Q = 215.27-256.00 after 8442.5 sec [total]
done with H++ for K = 53.82-64.00 Q = 215.27-256.00 after 8445.7 sec [total]
done with H+- for K = 53.82-64.00 Q = 215.27-256.00 after 8446.8 sec [total]
done with H-+ for K = 53.82-64.00 Q = 215.27-256.00 after 8448.0 sec [total]
done with H-- for K = 53.82-64.00 Q = 215.27-256.00 after 8448.4 sec [total]
done with UU for K = 64.00-76.11 Q = 215.27-256.00 after 8449.3 sec [total]
done with BB for K = 64.00-76.11 Q = 215.27-256.00 after 8450.3 sec [total]
done with UBTa for K = 64.00-76.11 Q = 215.27-256.00 after 8450.5 sec [total]
done with UBTb for K = 64.00-76.11 Q = 215.27-256.00 after 8450.7 sec [total]
done with UBTbA for K = 64.00-76.11 Q = 215.27-256.00 after 8450.9 sec [total]
done with UBTbC for K = 64.00-76.11 Q = 215.27-256.00 after 8451.2 sec [total]
done with H for K = 64.00-76.11 Q = 215.27-256.00 after 8452.1 sec [total]
done with H++ for K = 64.00-76.11 Q = 215.27-256.00 after 8455.2 sec [total]
done with H+- for K = 64.00-76.11 Q = 215.27-256.00 after 8456.5 sec [total]
done with H-+ for K = 64.00-76.11 Q = 215.27-256.00 after 8457.7 sec [total]
done with H-- for K = 64.00-76.11 Q = 215.27-256.00 after 8458.0 sec [total]
done with UU for K = 76.11-90.51 Q = 215.27-256.00 after 8458.9 sec [total]
done with BB for K = 76.11-90.51 Q = 215.27-256.00 after 8459.9 sec [total]
done with UBTa for K = 76.11-90.51 Q = 215.27-256.00 after 8460.1 sec [total]
done with UBTb for K = 76.11-90.51 Q = 215.27-256.00 after 8460.3 sec [total]
done with UBTbA for K = 76.11-90.51 Q = 215.27-256.00 after 8460.5 sec [total]
done with UBTbC for K = 76.11-90.51 Q = 215.27-256.00 after 8460.8 sec [total]
done with H for K = 76.11-90.51 Q = 215.27-256.00 after 8461.6 sec [total]
done with H++ for K = 76.11-90.51 Q = 215.27-256.00 after 8464.8 sec [total]
done with H+- for K = 76.11-90.51 Q = 215.27-256.00 after 8465.9 sec [total]
done with H-+ for K = 76.11-90.51 Q = 215.27-256.00 after 8467.0 sec [total]
done with H-- for K = 76.11-90.51 Q = 215.27-256.00 after 8467.5 sec [total]
done with UU for K = 90.51-107.63 Q = 215.27-256.00 after 8468.4 sec [total]
done with BB for K = 90.51-107.63 Q = 215.27-256.00 after 8469.4 sec [total]
done with UBTa for K = 90.51-107.63 Q = 215.27-256.00 after 8469.6 sec [total]
done with UBTb for K = 90.51-107.63 Q = 215.27-256.00 after 8469.8 sec [total]
done with UBTbA for K = 90.51-107.63 Q = 215.27-256.00 after 8470.0 sec [total]
done with UBTbC for K = 90.51-107.63 Q = 215.27-256.00 after 8470.3 sec [total]
done with H for K = 90.51-107.63 Q = 215.27-256.00 after 8471.2 sec [total]
done with H++ for K = 90.51-107.63 Q = 215.27-256.00 after 8474.4 sec [total]
done with H+- for K = 90.51-107.63 Q = 215.27-256.00 after 8475.5 sec [total]
done with H-+ for K = 90.51-107.63 Q = 215.27-256.00 after 8476.6 sec [total]
done with H-- for K = 90.51-107.63 Q = 215.27-256.00 after 8477.2 sec [total]
done with UU for K = 107.63-128.00 Q = 215.27-256.00 after 8478.1 sec [total]
done with BB for K = 107.63-128.00 Q = 215.27-256.00 after 8479.1 sec [total]
done with UBTa for K = 107.63-128.00 Q = 215.27-256.00 after 8479.2 sec [total]
done with UBTb for K = 107.63-128.00 Q = 215.27-256.00 after 8479.4 sec [total]
done with UBTbA for K = 107.63-128.00 Q = 215.27-256.00 after 8479.6 sec [total]
done with UBTbC for K = 107.63-128.00 Q = 215.27-256.00 after 8479.9 sec [total]
done with H for K = 107.63-128.00 Q = 215.27-256.00 after 8480.8 sec [total]
done with H++ for K = 107.63-128.00 Q = 215.27-256.00 after 8483.9 sec [total]
done with H+- for K = 107.63-128.00 Q = 215.27-256.00 after 8485.2 sec [total]
done with H-+ for K = 107.63-128.00 Q = 215.27-256.00 after 8486.3 sec [total]
done with H-- for K = 107.63-128.00 Q = 215.27-256.00 after 8486.7 sec [total]
done with UU for K = 128.00-152.22 Q = 215.27-256.00 after 8487.6 sec [total]
done with BB for K = 128.00-152.22 Q = 215.27-256.00 after 8488.6 sec [total]
done with UBTa for K = 128.00-152.22 Q = 215.27-256.00 after 8488.8 sec [total]
done with UBTb for K = 128.00-152.22 Q = 215.27-256.00 after 8489.0 sec [total]
done with UBTbA for K = 128.00-152.22 Q = 215.27-256.00 after 8489.2 sec [total]
done with UBTbC for K = 128.00-152.22 Q = 215.27-256.00 after 8489.5 sec [total]
done with H for K = 128.00-152.22 Q = 215.27-256.00 after 8490.4 sec [total]
done with H++ for K = 128.00-152.22 Q = 215.27-256.00 after 8493.5 sec [total]
done with H+- for K = 128.00-152.22 Q = 215.27-256.00 after 8494.8 sec [total]
done with H-+ for K = 128.00-152.22 Q = 215.27-256.00 after 8496.1 sec [total]
done with H-- for K = 128.00-152.22 Q = 215.27-256.00 after 8496.3 sec [total]
done with UU for K = 152.22-181.02 Q = 215.27-256.00 after 8497.2 sec [total]
done with BB for K = 152.22-181.02 Q = 215.27-256.00 after 8498.2 sec [total]
done with UBTa for K = 152.22-181.02 Q = 215.27-256.00 after 8498.4 sec [total]
done with UBTb for K = 152.22-181.02 Q = 215.27-256.00 after 8498.5 sec [total]
done with UBTbA for K = 152.22-181.02 Q = 215.27-256.00 after 8498.7 sec [total]
done with UBTbC for K = 152.22-181.02 Q = 215.27-256.00 after 8499.1 sec [total]
done with H for K = 152.22-181.02 Q = 215.27-256.00 after 8499.9 sec [total]
done with H++ for K = 152.22-181.02 Q = 215.27-256.00 after 8503.1 sec [total]
done with H+- for K = 152.22-181.02 Q = 215.27-256.00 after 8504.1 sec [total]
done with H-+ for K = 152.22-181.02 Q = 215.27-256.00 after 8505.2 sec [total]
done with H-- for K = 152.22-181.02 Q = 215.27-256.00 after 8505.8 sec [total]
done with UU for K = 181.02-215.27 Q = 215.27-256.00 after 8506.7 sec [total]
done with BB for K = 181.02-215.27 Q = 215.27-256.00 after 8507.8 sec [total]
done with UBTa for K = 181.02-215.27 Q = 215.27-256.00 after 8507.9 sec [total]
done with UBTb for K = 181.02-215.27 Q = 215.27-256.00 after 8508.1 sec [total]
done with UBTbA for K = 181.02-215.27 Q = 215.27-256.00 after 8508.3 sec [total]
done with UBTbC for K = 181.02-215.27 Q = 215.27-256.00 after 8508.6 sec [total]
done with H for K = 181.02-215.27 Q = 215.27-256.00 after 8509.4 sec [total]
done with H++ for K = 181.02-215.27 Q = 215.27-256.00 after 8512.6 sec [total]
done with H+- for K = 181.02-215.27 Q = 215.27-256.00 after 8513.7 sec [total]
done with H-+ for K = 181.02-215.27 Q = 215.27-256.00 after 8514.8 sec [total]
done with H-- for K = 181.02-215.27 Q = 215.27-256.00 after 8515.4 sec [total]
done with UU for K = 215.27-256.00 Q = 215.27-256.00 after 8516.3 sec [total]
done with BB for K = 215.27-256.00 Q = 215.27-256.00 after 8517.3 sec [total]
done with UBTa for K = 215.27-256.00 Q = 215.27-256.00 after 8517.4 sec [total]
done with UBTb for K = 215.27-256.00 Q = 215.27-256.00 after 8517.6 sec [total]
done with UBTbA for K = 215.27-256.00 Q = 215.27-256.00 after 8517.8 sec [total]
done with UBTbC for K = 215.27-256.00 Q = 215.27-256.00 after 8518.2 sec [total]
done with H for K = 215.27-256.00 Q = 215.27-256.00 after 8519.0 sec [total]
done with H++ for K = 215.27-256.00 Q = 215.27-256.00 after 8522.2 sec [total]
done with H+- for K = 215.27-256.00 Q = 215.27-256.00 after 8523.4 sec [total]
done with H-+ for K = 215.27-256.00 Q = 215.27-256.00 after 8524.7 sec [total]
done with H-- for K = 215.27-256.00 Q = 215.27-256.00 after 8524.9 sec [total]
done with UU for K = 256.00-304.44 Q = 215.27-256.00 after 8525.8 sec [total]
done with BB for K = 256.00-304.44 Q = 215.27-256.00 after 8526.9 sec [total]
done with UBTa for K = 256.00-304.44 Q = 215.27-256.00 after 8527.1 sec [total]
done with UBTb for K = 256.00-304.44 Q = 215.27-256.00 after 8527.2 sec [total]
done with UBTbA for K = 256.00-304.44 Q = 215.27-256.00 after 8527.4 sec [total]
done with UBTbC for K = 256.00-304.44 Q = 215.27-256.00 after 8527.8 sec [total]
done with H for K = 256.00-304.44 Q = 215.27-256.00 after 8528.6 sec [total]
done with H++ for K = 256.00-304.44 Q = 215.27-256.00 after 8531.7 sec [total]
done with H+- for K = 256.00-304.44 Q = 215.27-256.00 after 8532.8 sec [total]
done with H-+ for K = 256.00-304.44 Q = 215.27-256.00 after 8533.9 sec [total]
done with H-- for K = 256.00-304.44 Q = 215.27-256.00 after 8534.5 sec [total]
done with UU for K = 304.44-362.04 Q = 215.27-256.00 after 8535.4 sec [total]
done with BB for K = 304.44-362.04 Q = 215.27-256.00 after 8536.4 sec [total]
done with UBTa for K = 304.44-362.04 Q = 215.27-256.00 after 8536.6 sec [total]
done with UBTb for K = 304.44-362.04 Q = 215.27-256.00 after 8536.8 sec [total]
done with UBTbA for K = 304.44-362.04 Q = 215.27-256.00 after 8537.0 sec [total]
done with UBTbC for K = 304.44-362.04 Q = 215.27-256.00 after 8537.3 sec [total]
done with H for K = 304.44-362.04 Q = 215.27-256.00 after 8538.1 sec [total]
done with H++ for K = 304.44-362.04 Q = 215.27-256.00 after 8541.3 sec [total]
done with H+- for K = 304.44-362.04 Q = 215.27-256.00 after 8542.5 sec [total]
done with H-+ for K = 304.44-362.04 Q = 215.27-256.00 after 8543.7 sec [total]
done with H-- for K = 304.44-362.04 Q = 215.27-256.00 after 8544.1 sec [total]
done with UU for K = 362.04-430.54 Q = 215.27-256.00 after 8545.0 sec [total]
done with BB for K = 362.04-430.54 Q = 215.27-256.00 after 8546.0 sec [total]
done with UBTa for K = 362.04-430.54 Q = 215.27-256.00 after 8546.2 sec [total]
done with UBTb for K = 362.04-430.54 Q = 215.27-256.00 after 8546.4 sec [total]
done with UBTbA for K = 362.04-430.54 Q = 215.27-256.00 after 8546.6 sec [total]
done with UBTbC for K = 362.04-430.54 Q = 215.27-256.00 after 8546.9 sec [total]
done with H for K = 362.04-430.54 Q = 215.27-256.00 after 8547.8 sec [total]
done with H++ for K = 362.04-430.54 Q = 215.27-256.00 after 8550.9 sec [total]
done with H+- for K = 362.04-430.54 Q = 215.27-256.00 after 8552.1 sec [total]
done with H-+ for K = 362.04-430.54 Q = 215.27-256.00 after 8553.1 sec [total]
done with H-- for K = 362.04-430.54 Q = 215.27-256.00 after 8553.7 sec [total]
done with UU for K = 430.54-512.00 Q = 215.27-256.00 after 8554.6 sec [total]
done with BB for K = 430.54-512.00 Q = 215.27-256.00 after 8555.6 sec [total]
done with UBTa for K = 430.54-512.00 Q = 215.27-256.00 after 8555.8 sec [total]
done with UBTb for K = 430.54-512.00 Q = 215.27-256.00 after 8556.0 sec [total]
done with UBTbA for K = 430.54-512.00 Q = 215.27-256.00 after 8556.2 sec [total]
done with UBTbC for K = 430.54-512.00 Q = 215.27-256.00 after 8556.5 sec [total]
done with H for K = 430.54-512.00 Q = 215.27-256.00 after 8557.3 sec [total]
done with H++ for K = 430.54-512.00 Q = 215.27-256.00 after 8560.6 sec [total]
done with H+- for K = 430.54-512.00 Q = 215.27-256.00 after 8561.6 sec [total]
done with H-+ for K = 430.54-512.00 Q = 215.27-256.00 after 8562.7 sec [total]
done with H-- for K = 430.54-512.00 Q = 215.27-256.00 after 8563.3 sec [total]
done with UU for K = 512.00-608.87 Q = 215.27-256.00 after 8564.2 sec [total]
done with BB for K = 512.00-608.87 Q = 215.27-256.00 after 8565.2 sec [total]
done with UBTa for K = 512.00-608.87 Q = 215.27-256.00 after 8565.3 sec [total]
done with UBTb for K = 512.00-608.87 Q = 215.27-256.00 after 8565.5 sec [total]
done with UBTbA for K = 512.00-608.87 Q = 215.27-256.00 after 8565.7 sec [total]
done with UBTbC for K = 512.00-608.87 Q = 215.27-256.00 after 8566.1 sec [total]
done with H for K = 512.00-608.87 Q = 215.27-256.00 after 8566.9 sec [total]
done with H++ for K = 512.00-608.87 Q = 215.27-256.00 after 8570.1 sec [total]
done with H+- for K = 512.00-608.87 Q = 215.27-256.00 after 8571.3 sec [total]
done with H-+ for K = 512.00-608.87 Q = 215.27-256.00 after 8572.6 sec [total]
done with H-- for K = 512.00-608.87 Q = 215.27-256.00 after 8572.9 sec [total]
done with UU for K = 608.87-724.08 Q = 215.27-256.00 after 8573.8 sec [total]
done with BB for K = 608.87-724.08 Q = 215.27-256.00 after 8574.8 sec [total]
done with UBTa for K = 608.87-724.08 Q = 215.27-256.00 after 8575.0 sec [total]
done with UBTb for K = 608.87-724.08 Q = 215.27-256.00 after 8575.1 sec [total]
done with UBTbA for K = 608.87-724.08 Q = 215.27-256.00 after 8575.3 sec [total]
done with UBTbC for K = 608.87-724.08 Q = 215.27-256.00 after 8575.7 sec [total]
done with H for K = 608.87-724.08 Q = 215.27-256.00 after 8576.5 sec [total]
done with H++ for K = 608.87-724.08 Q = 215.27-256.00 after 8579.7 sec [total]
done with H+- for K = 608.87-724.08 Q = 215.27-256.00 after 8580.9 sec [total]
done with H-+ for K = 608.87-724.08 Q = 215.27-256.00 after 8582.2 sec [total]
done with H-- for K = 608.87-724.08 Q = 215.27-256.00 after 8582.5 sec [total]
done with UU for K = 724.08-861.08 Q = 215.27-256.00 after 8583.4 sec [total]
done with BB for K = 724.08-861.08 Q = 215.27-256.00 after 8584.3 sec [total]
done with UBTa for K = 724.08-861.08 Q = 215.27-256.00 after 8584.5 sec [total]
done with UBTb for K = 724.08-861.08 Q = 215.27-256.00 after 8584.7 sec [total]
done with UBTbA for K = 724.08-861.08 Q = 215.27-256.00 after 8584.9 sec [total]
done with UBTbC for K = 724.08-861.08 Q = 215.27-256.00 after 8585.2 sec [total]
done with H for K = 724.08-861.08 Q = 215.27-256.00 after 8586.1 sec [total]
done with H++ for K = 724.08-861.08 Q = 215.27-256.00 after 8589.3 sec [total]
done with H+- for K = 724.08-861.08 Q = 215.27-256.00 after 8590.4 sec [total]
done with H-+ for K = 724.08-861.08 Q = 215.27-256.00 after 8591.5 sec [total]
done with H-- for K = 724.08-861.08 Q = 215.27-256.00 after 8592.1 sec [total]
done with UU for K = 861.08-1024.00 Q = 215.27-256.00 after 8593.0 sec [total]
done with BB for K = 861.08-1024.00 Q = 215.27-256.00 after 8594.0 sec [total]
done with UBTa for K = 861.08-1024.00 Q = 215.27-256.00 after 8594.2 sec [total]
done with UBTb for K = 861.08-1024.00 Q = 215.27-256.00 after 8594.4 sec [total]
done with UBTbA for K = 861.08-1024.00 Q = 215.27-256.00 after 8594.6 sec [total]
done with UBTbC for K = 861.08-1024.00 Q = 215.27-256.00 after 8594.9 sec [total]
done with H for K = 861.08-1024.00 Q = 215.27-256.00 after 8595.7 sec [total]
done with H++ for K = 861.08-1024.00 Q = 215.27-256.00 after 8598.9 sec [total]
done with H+- for K = 861.08-1024.00 Q = 215.27-256.00 after 8600.0 sec [total]
done with H-+ for K = 861.08-1024.00 Q = 215.27-256.00 after 8601.1 sec [total]
done with H-- for K = 861.08-1024.00 Q = 215.27-256.00 after 8601.6 sec [total]
done with UU for K = 0.00-3.36 Q = 256.00-304.44 after 8603.3 sec [total]
done with BB for K = 0.00-3.36 Q = 256.00-304.44 after 8605.6 sec [total]
done with UBTa for K = 0.00-3.36 Q = 256.00-304.44 after 8606.6 sec [total]
done with UBTb for K = 0.00-3.36 Q = 256.00-304.44 after 8607.7 sec [total]
done with UBTbA for K = 0.00-3.36 Q = 256.00-304.44 after 8608.7 sec [total]
done with UBTbC for K = 0.00-3.36 Q = 256.00-304.44 after 8609.0 sec [total]
done with H for K = 0.00-3.36 Q = 256.00-304.44 after 8609.9 sec [total]
done with H++ for K = 0.00-3.36 Q = 256.00-304.44 after 8613.1 sec [total]
done with H+- for K = 0.00-3.36 Q = 256.00-304.44 after 8614.3 sec [total]
done with H-+ for K = 0.00-3.36 Q = 256.00-304.44 after 8615.3 sec [total]
done with H-- for K = 0.00-3.36 Q = 256.00-304.44 after 8615.9 sec [total]
done with UU for K = 3.36-4.00 Q = 256.00-304.44 after 8616.7 sec [total]
done with BB for K = 3.36-4.00 Q = 256.00-304.44 after 8617.7 sec [total]
done with UBTa for K = 3.36-4.00 Q = 256.00-304.44 after 8617.9 sec [total]
done with UBTb for K = 3.36-4.00 Q = 256.00-304.44 after 8618.1 sec [total]
done with UBTbA for K = 3.36-4.00 Q = 256.00-304.44 after 8618.3 sec [total]
done with UBTbC for K = 3.36-4.00 Q = 256.00-304.44 after 8618.6 sec [total]
done with H for K = 3.36-4.00 Q = 256.00-304.44 after 8619.5 sec [total]
done with H++ for K = 3.36-4.00 Q = 256.00-304.44 after 8622.6 sec [total]
done with H+- for K = 3.36-4.00 Q = 256.00-304.44 after 8623.8 sec [total]
done with H-+ for K = 3.36-4.00 Q = 256.00-304.44 after 8624.9 sec [total]
done with H-- for K = 3.36-4.00 Q = 256.00-304.44 after 8625.4 sec [total]
done with UU for K = 4.00-4.76 Q = 256.00-304.44 after 8626.3 sec [total]
done with BB for K = 4.00-4.76 Q = 256.00-304.44 after 8627.3 sec [total]
done with UBTa for K = 4.00-4.76 Q = 256.00-304.44 after 8627.5 sec [total]
done with UBTb for K = 4.00-4.76 Q = 256.00-304.44 after 8627.7 sec [total]
done with UBTbA for K = 4.00-4.76 Q = 256.00-304.44 after 8627.9 sec [total]
done with UBTbC for K = 4.00-4.76 Q = 256.00-304.44 after 8628.2 sec [total]
done with H for K = 4.00-4.76 Q = 256.00-304.44 after 8629.0 sec [total]
done with H++ for K = 4.00-4.76 Q = 256.00-304.44 after 8632.2 sec [total]
done with H+- for K = 4.00-4.76 Q = 256.00-304.44 after 8633.2 sec [total]
done with H-+ for K = 4.00-4.76 Q = 256.00-304.44 after 8634.3 sec [total]
done with H-- for K = 4.00-4.76 Q = 256.00-304.44 after 8634.9 sec [total]
done with UU for K = 4.76-5.66 Q = 256.00-304.44 after 8635.8 sec [total]
done with BB for K = 4.76-5.66 Q = 256.00-304.44 after 8636.8 sec [total]
done with UBTa for K = 4.76-5.66 Q = 256.00-304.44 after 8637.0 sec [total]
done with UBTb for K = 4.76-5.66 Q = 256.00-304.44 after 8637.2 sec [total]
done with UBTbA for K = 4.76-5.66 Q = 256.00-304.44 after 8637.4 sec [total]
done with UBTbC for K = 4.76-5.66 Q = 256.00-304.44 after 8637.7 sec [total]
done with H for K = 4.76-5.66 Q = 256.00-304.44 after 8638.6 sec [total]
done with H++ for K = 4.76-5.66 Q = 256.00-304.44 after 8641.8 sec [total]
done with H+- for K = 4.76-5.66 Q = 256.00-304.44 after 8643.0 sec [total]
done with H-+ for K = 4.76-5.66 Q = 256.00-304.44 after 8644.3 sec [total]
done with H-- for K = 4.76-5.66 Q = 256.00-304.44 after 8644.6 sec [total]
done with UU for K = 5.66-6.73 Q = 256.00-304.44 after 8645.4 sec [total]
done with BB for K = 5.66-6.73 Q = 256.00-304.44 after 8646.4 sec [total]
done with UBTa for K = 5.66-6.73 Q = 256.00-304.44 after 8646.6 sec [total]
done with UBTb for K = 5.66-6.73 Q = 256.00-304.44 after 8646.8 sec [total]
done with UBTbA for K = 5.66-6.73 Q = 256.00-304.44 after 8647.0 sec [total]
done with UBTbC for K = 5.66-6.73 Q = 256.00-304.44 after 8647.3 sec [total]
done with H for K = 5.66-6.73 Q = 256.00-304.44 after 8648.2 sec [total]
done with H++ for K = 5.66-6.73 Q = 256.00-304.44 after 8651.3 sec [total]
done with H+- for K = 5.66-6.73 Q = 256.00-304.44 after 8652.6 sec [total]
done with H-+ for K = 5.66-6.73 Q = 256.00-304.44 after 8653.8 sec [total]
done with H-- for K = 5.66-6.73 Q = 256.00-304.44 after 8654.0 sec [total]
done with UU for K = 6.73-8.00 Q = 256.00-304.44 after 8654.9 sec [total]
done with BB for K = 6.73-8.00 Q = 256.00-304.44 after 8656.0 sec [total]
done with UBTa for K = 6.73-8.00 Q = 256.00-304.44 after 8656.1 sec [total]
done with UBTb for K = 6.73-8.00 Q = 256.00-304.44 after 8656.3 sec [total]
done with UBTbA for K = 6.73-8.00 Q = 256.00-304.44 after 8656.5 sec [total]
done with UBTbC for K = 6.73-8.00 Q = 256.00-304.44 after 8656.8 sec [total]
done with H for K = 6.73-8.00 Q = 256.00-304.44 after 8657.7 sec [total]
done with H++ for K = 6.73-8.00 Q = 256.00-304.44 after 8660.9 sec [total]
done with H+- for K = 6.73-8.00 Q = 256.00-304.44 after 8662.0 sec [total]
done with H-+ for K = 6.73-8.00 Q = 256.00-304.44 after 8663.2 sec [total]
done with H-- for K = 6.73-8.00 Q = 256.00-304.44 after 8663.6 sec [total]
done with UU for K = 8.00-9.51 Q = 256.00-304.44 after 8664.5 sec [total]
done with BB for K = 8.00-9.51 Q = 256.00-304.44 after 8665.5 sec [total]
done with UBTa for K = 8.00-9.51 Q = 256.00-304.44 after 8665.7 sec [total]
done with UBTb for K = 8.00-9.51 Q = 256.00-304.44 after 8665.9 sec [total]
done with UBTbA for K = 8.00-9.51 Q = 256.00-304.44 after 8666.1 sec [total]
done with UBTbC for K = 8.00-9.51 Q = 256.00-304.44 after 8666.4 sec [total]
done with H for K = 8.00-9.51 Q = 256.00-304.44 after 8667.2 sec [total]
done with H++ for K = 8.00-9.51 Q = 256.00-304.44 after 8670.4 sec [total]
done with H+- for K = 8.00-9.51 Q = 256.00-304.44 after 8671.5 sec [total]
done with H-+ for K = 8.00-9.51 Q = 256.00-304.44 after 8672.7 sec [total]
done with H-- for K = 8.00-9.51 Q = 256.00-304.44 after 8673.2 sec [total]
done with UU for K = 9.51-11.31 Q = 256.00-304.44 after 8674.1 sec [total]
done with BB for K = 9.51-11.31 Q = 256.00-304.44 after 8675.1 sec [total]
done with UBTa for K = 9.51-11.31 Q = 256.00-304.44 after 8675.3 sec [total]
done with UBTb for K = 9.51-11.31 Q = 256.00-304.44 after 8675.5 sec [total]
done with UBTbA for K = 9.51-11.31 Q = 256.00-304.44 after 8675.7 sec [total]
done with UBTbC for K = 9.51-11.31 Q = 256.00-304.44 after 8676.0 sec [total]
done with H for K = 9.51-11.31 Q = 256.00-304.44 after 8676.8 sec [total]
done with H++ for K = 9.51-11.31 Q = 256.00-304.44 after 8680.0 sec [total]
done with H+- for K = 9.51-11.31 Q = 256.00-304.44 after 8681.1 sec [total]
done with H-+ for K = 9.51-11.31 Q = 256.00-304.44 after 8682.2 sec [total]
done with H-- for K = 9.51-11.31 Q = 256.00-304.44 after 8682.7 sec [total]
done with UU for K = 11.31-13.45 Q = 256.00-304.44 after 8683.6 sec [total]
done with BB for K = 11.31-13.45 Q = 256.00-304.44 after 8684.6 sec [total]
done with UBTa for K = 11.31-13.45 Q = 256.00-304.44 after 8684.8 sec [total]
done with UBTb for K = 11.31-13.45 Q = 256.00-304.44 after 8685.0 sec [total]
done with UBTbA for K = 11.31-13.45 Q = 256.00-304.44 after 8685.2 sec [total]
done with UBTbC for K = 11.31-13.45 Q = 256.00-304.44 after 8685.5 sec [total]
done with H for K = 11.31-13.45 Q = 256.00-304.44 after 8686.4 sec [total]
done with H++ for K = 11.31-13.45 Q = 256.00-304.44 after 8689.5 sec [total]
done with H+- for K = 11.31-13.45 Q = 256.00-304.44 after 8690.7 sec [total]
done with H-+ for K = 11.31-13.45 Q = 256.00-304.44 after 8692.0 sec [total]
done with H-- for K = 11.31-13.45 Q = 256.00-304.44 after 8692.4 sec [total]
done with UU for K = 13.45-16.00 Q = 256.00-304.44 after 8693.3 sec [total]
done with BB for K = 13.45-16.00 Q = 256.00-304.44 after 8694.2 sec [total]
done with UBTa for K = 13.45-16.00 Q = 256.00-304.44 after 8694.4 sec [total]
done with UBTb for K = 13.45-16.00 Q = 256.00-304.44 after 8694.6 sec [total]
done with UBTbA for K = 13.45-16.00 Q = 256.00-304.44 after 8694.8 sec [total]
done with UBTbC for K = 13.45-16.00 Q = 256.00-304.44 after 8695.1 sec [total]
done with H for K = 13.45-16.00 Q = 256.00-304.44 after 8696.0 sec [total]
done with H++ for K = 13.45-16.00 Q = 256.00-304.44 after 8699.1 sec [total]
done with H+- for K = 13.45-16.00 Q = 256.00-304.44 after 8700.3 sec [total]
done with H-+ for K = 13.45-16.00 Q = 256.00-304.44 after 8701.4 sec [total]
done with H-- for K = 13.45-16.00 Q = 256.00-304.44 after 8701.9 sec [total]
done with UU for K = 16.00-19.03 Q = 256.00-304.44 after 8702.8 sec [total]
done with BB for K = 16.00-19.03 Q = 256.00-304.44 after 8703.8 sec [total]
done with UBTa for K = 16.00-19.03 Q = 256.00-304.44 after 8704.0 sec [total]
done with UBTb for K = 16.00-19.03 Q = 256.00-304.44 after 8704.2 sec [total]
done with UBTbA for K = 16.00-19.03 Q = 256.00-304.44 after 8704.4 sec [total]
done with UBTbC for K = 16.00-19.03 Q = 256.00-304.44 after 8704.7 sec [total]
done with H for K = 16.00-19.03 Q = 256.00-304.44 after 8705.5 sec [total]
done with H++ for K = 16.00-19.03 Q = 256.00-304.44 after 8708.7 sec [total]
done with H+- for K = 16.00-19.03 Q = 256.00-304.44 after 8709.8 sec [total]
done with H-+ for K = 16.00-19.03 Q = 256.00-304.44 after 8711.0 sec [total]
done with H-- for K = 16.00-19.03 Q = 256.00-304.44 after 8711.4 sec [total]
done with UU for K = 19.03-22.63 Q = 256.00-304.44 after 8712.3 sec [total]
done with BB for K = 19.03-22.63 Q = 256.00-304.44 after 8713.3 sec [total]
done with UBTa for K = 19.03-22.63 Q = 256.00-304.44 after 8713.5 sec [total]
done with UBTb for K = 19.03-22.63 Q = 256.00-304.44 after 8713.7 sec [total]
done with UBTbA for K = 19.03-22.63 Q = 256.00-304.44 after 8713.8 sec [total]
done with UBTbC for K = 19.03-22.63 Q = 256.00-304.44 after 8714.2 sec [total]
done with H for K = 19.03-22.63 Q = 256.00-304.44 after 8715.1 sec [total]
done with H++ for K = 19.03-22.63 Q = 256.00-304.44 after 8718.3 sec [total]
done with H+- for K = 19.03-22.63 Q = 256.00-304.44 after 8719.4 sec [total]
done with H-+ for K = 19.03-22.63 Q = 256.00-304.44 after 8720.4 sec [total]
done with H-- for K = 19.03-22.63 Q = 256.00-304.44 after 8721.0 sec [total]
done with UU for K = 22.63-26.91 Q = 256.00-304.44 after 8721.9 sec [total]
done with BB for K = 22.63-26.91 Q = 256.00-304.44 after 8723.0 sec [total]
done with UBTa for K = 22.63-26.91 Q = 256.00-304.44 after 8723.2 sec [total]
done with UBTb for K = 22.63-26.91 Q = 256.00-304.44 after 8723.4 sec [total]
done with UBTbA for K = 22.63-26.91 Q = 256.00-304.44 after 8723.5 sec [total]
done with UBTbC for K = 22.63-26.91 Q = 256.00-304.44 after 8723.8 sec [total]
done with H for K = 22.63-26.91 Q = 256.00-304.44 after 8724.7 sec [total]
done with H++ for K = 22.63-26.91 Q = 256.00-304.44 after 8727.8 sec [total]
done with H+- for K = 22.63-26.91 Q = 256.00-304.44 after 8729.1 sec [total]
done with H-+ for K = 22.63-26.91 Q = 256.00-304.44 after 8730.4 sec [total]
done with H-- for K = 22.63-26.91 Q = 256.00-304.44 after 8730.6 sec [total]
done with UU for K = 26.91-32.00 Q = 256.00-304.44 after 8731.5 sec [total]
done with BB for K = 26.91-32.00 Q = 256.00-304.44 after 8732.5 sec [total]
done with UBTa for K = 26.91-32.00 Q = 256.00-304.44 after 8732.7 sec [total]
done with UBTb for K = 26.91-32.00 Q = 256.00-304.44 after 8732.9 sec [total]
done with UBTbA for K = 26.91-32.00 Q = 256.00-304.44 after 8733.1 sec [total]
done with UBTbC for K = 26.91-32.00 Q = 256.00-304.44 after 8733.4 sec [total]
done with H for K = 26.91-32.00 Q = 256.00-304.44 after 8734.3 sec [total]
done with H++ for K = 26.91-32.00 Q = 256.00-304.44 after 8737.4 sec [total]
done with H+- for K = 26.91-32.00 Q = 256.00-304.44 after 8738.5 sec [total]
done with H-+ for K = 26.91-32.00 Q = 256.00-304.44 after 8739.6 sec [total]
done with H-- for K = 26.91-32.00 Q = 256.00-304.44 after 8740.2 sec [total]
done with UU for K = 32.00-38.05 Q = 256.00-304.44 after 8741.1 sec [total]
done with BB for K = 32.00-38.05 Q = 256.00-304.44 after 8742.1 sec [total]
done with UBTa for K = 32.00-38.05 Q = 256.00-304.44 after 8742.3 sec [total]
done with UBTb for K = 32.00-38.05 Q = 256.00-304.44 after 8742.4 sec [total]
done with UBTbA for K = 32.00-38.05 Q = 256.00-304.44 after 8742.6 sec [total]
done with UBTbC for K = 32.00-38.05 Q = 256.00-304.44 after 8743.0 sec [total]
done with H for K = 32.00-38.05 Q = 256.00-304.44 after 8743.8 sec [total]
done with H++ for K = 32.00-38.05 Q = 256.00-304.44 after 8747.0 sec [total]
done with H+- for K = 32.00-38.05 Q = 256.00-304.44 after 8748.0 sec [total]
done with H-+ for K = 32.00-38.05 Q = 256.00-304.44 after 8749.1 sec [total]
done with H-- for K = 32.00-38.05 Q = 256.00-304.44 after 8749.7 sec [total]
done with UU for K = 38.05-45.25 Q = 256.00-304.44 after 8750.6 sec [total]
done with BB for K = 38.05-45.25 Q = 256.00-304.44 after 8751.7 sec [total]
done with UBTa for K = 38.05-45.25 Q = 256.00-304.44 after 8751.8 sec [total]
done with UBTb for K = 38.05-45.25 Q = 256.00-304.44 after 8752.0 sec [total]
done with UBTbA for K = 38.05-45.25 Q = 256.00-304.44 after 8752.2 sec [total]
done with UBTbC for K = 38.05-45.25 Q = 256.00-304.44 after 8752.5 sec [total]
done with H for K = 38.05-45.25 Q = 256.00-304.44 after 8753.4 sec [total]
done with H++ for K = 38.05-45.25 Q = 256.00-304.44 after 8756.6 sec [total]
done with H+- for K = 38.05-45.25 Q = 256.00-304.44 after 8757.6 sec [total]
done with H-+ for K = 38.05-45.25 Q = 256.00-304.44 after 8758.6 sec [total]
done with H-- for K = 38.05-45.25 Q = 256.00-304.44 after 8759.3 sec [total]
done with UU for K = 45.25-53.82 Q = 256.00-304.44 after 8760.2 sec [total]
done with BB for K = 45.25-53.82 Q = 256.00-304.44 after 8761.2 sec [total]
done with UBTa for K = 45.25-53.82 Q = 256.00-304.44 after 8761.4 sec [total]
done with UBTb for K = 45.25-53.82 Q = 256.00-304.44 after 8761.6 sec [total]
done with UBTbA for K = 45.25-53.82 Q = 256.00-304.44 after 8761.8 sec [total]
done with UBTbC for K = 45.25-53.82 Q = 256.00-304.44 after 8762.1 sec [total]
done with H for K = 45.25-53.82 Q = 256.00-304.44 after 8762.9 sec [total]
done with H++ for K = 45.25-53.82 Q = 256.00-304.44 after 8766.1 sec [total]
done with H+- for K = 45.25-53.82 Q = 256.00-304.44 after 8767.3 sec [total]
done with H-+ for K = 45.25-53.82 Q = 256.00-304.44 after 8768.6 sec [total]
done with H-- for K = 45.25-53.82 Q = 256.00-304.44 after 8768.9 sec [total]
done with UU for K = 53.82-64.00 Q = 256.00-304.44 after 8769.8 sec [total]
done with BB for K = 53.82-64.00 Q = 256.00-304.44 after 8770.8 sec [total]
done with UBTa for K = 53.82-64.00 Q = 256.00-304.44 after 8771.0 sec [total]
done with UBTb for K = 53.82-64.00 Q = 256.00-304.44 after 8771.2 sec [total]
done with UBTbA for K = 53.82-64.00 Q = 256.00-304.44 after 8771.4 sec [total]
done with UBTbC for K = 53.82-64.00 Q = 256.00-304.44 after 8771.7 sec [total]
done with H for K = 53.82-64.00 Q = 256.00-304.44 after 8772.5 sec [total]
done with H++ for K = 53.82-64.00 Q = 256.00-304.44 after 8775.8 sec [total]
done with H+- for K = 53.82-64.00 Q = 256.00-304.44 after 8776.9 sec [total]
done with H-+ for K = 53.82-64.00 Q = 256.00-304.44 after 8778.0 sec [total]
done with H-- for K = 53.82-64.00 Q = 256.00-304.44 after 8778.4 sec [total]
done with UU for K = 64.00-76.11 Q = 256.00-304.44 after 8779.3 sec [total]
done with BB for K = 64.00-76.11 Q = 256.00-304.44 after 8780.4 sec [total]
done with UBTa for K = 64.00-76.11 Q = 256.00-304.44 after 8780.5 sec [total]
done with UBTb for K = 64.00-76.11 Q = 256.00-304.44 after 8780.7 sec [total]
done with UBTbA for K = 64.00-76.11 Q = 256.00-304.44 after 8780.9 sec [total]
done with UBTbC for K = 64.00-76.11 Q = 256.00-304.44 after 8781.2 sec [total]
done with H for K = 64.00-76.11 Q = 256.00-304.44 after 8782.1 sec [total]
done with H++ for K = 64.00-76.11 Q = 256.00-304.44 after 8785.3 sec [total]
done with H+- for K = 64.00-76.11 Q = 256.00-304.44 after 8786.4 sec [total]
done with H-+ for K = 64.00-76.11 Q = 256.00-304.44 after 8787.6 sec [total]
done with H-- for K = 64.00-76.11 Q = 256.00-304.44 after 8788.0 sec [total]
done with UU for K = 76.11-90.51 Q = 256.00-304.44 after 8788.9 sec [total]
done with BB for K = 76.11-90.51 Q = 256.00-304.44 after 8789.9 sec [total]
done with UBTa for K = 76.11-90.51 Q = 256.00-304.44 after 8790.1 sec [total]
done with UBTb for K = 76.11-90.51 Q = 256.00-304.44 after 8790.2 sec [total]
done with UBTbA for K = 76.11-90.51 Q = 256.00-304.44 after 8790.4 sec [total]
done with UBTbC for K = 76.11-90.51 Q = 256.00-304.44 after 8790.8 sec [total]
done with H for K = 76.11-90.51 Q = 256.00-304.44 after 8791.6 sec [total]
done with H++ for K = 76.11-90.51 Q = 256.00-304.44 after 8794.8 sec [total]
done with H+- for K = 76.11-90.51 Q = 256.00-304.44 after 8796.0 sec [total]
done with H-+ for K = 76.11-90.51 Q = 256.00-304.44 after 8797.1 sec [total]
done with H-- for K = 76.11-90.51 Q = 256.00-304.44 after 8797.6 sec [total]
done with UU for K = 90.51-107.63 Q = 256.00-304.44 after 8798.5 sec [total]
done with BB for K = 90.51-107.63 Q = 256.00-304.44 after 8799.5 sec [total]
done with UBTa for K = 90.51-107.63 Q = 256.00-304.44 after 8799.7 sec [total]
done with UBTb for K = 90.51-107.63 Q = 256.00-304.44 after 8799.9 sec [total]
done with UBTbA for K = 90.51-107.63 Q = 256.00-304.44 after 8800.1 sec [total]
done with UBTbC for K = 90.51-107.63 Q = 256.00-304.44 after 8800.4 sec [total]
done with H for K = 90.51-107.63 Q = 256.00-304.44 after 8801.2 sec [total]
done with H++ for K = 90.51-107.63 Q = 256.00-304.44 after 8804.3 sec [total]
done with H+- for K = 90.51-107.63 Q = 256.00-304.44 after 8805.5 sec [total]
done with H-+ for K = 90.51-107.63 Q = 256.00-304.44 after 8806.6 sec [total]
done with H-- for K = 90.51-107.63 Q = 256.00-304.44 after 8807.1 sec [total]
done with UU for K = 107.63-128.00 Q = 256.00-304.44 after 8808.0 sec [total]
done with BB for K = 107.63-128.00 Q = 256.00-304.44 after 8809.0 sec [total]
done with UBTa for K = 107.63-128.00 Q = 256.00-304.44 after 8809.2 sec [total]
done with UBTb for K = 107.63-128.00 Q = 256.00-304.44 after 8809.3 sec [total]
done with UBTbA for K = 107.63-128.00 Q = 256.00-304.44 after 8809.5 sec [total]
done with UBTbC for K = 107.63-128.00 Q = 256.00-304.44 after 8809.9 sec [total]
done with H for K = 107.63-128.00 Q = 256.00-304.44 after 8810.7 sec [total]
done with H++ for K = 107.63-128.00 Q = 256.00-304.44 after 8813.9 sec [total]
done with H+- for K = 107.63-128.00 Q = 256.00-304.44 after 8815.1 sec [total]
done with H-+ for K = 107.63-128.00 Q = 256.00-304.44 after 8816.4 sec [total]
done with H-- for K = 107.63-128.00 Q = 256.00-304.44 after 8816.6 sec [total]
done with UU for K = 128.00-152.22 Q = 256.00-304.44 after 8817.5 sec [total]
done with BB for K = 128.00-152.22 Q = 256.00-304.44 after 8818.6 sec [total]
done with UBTa for K = 128.00-152.22 Q = 256.00-304.44 after 8818.7 sec [total]
done with UBTb for K = 128.00-152.22 Q = 256.00-304.44 after 8818.9 sec [total]
done with UBTbA for K = 128.00-152.22 Q = 256.00-304.44 after 8819.1 sec [total]
done with UBTbC for K = 128.00-152.22 Q = 256.00-304.44 after 8819.4 sec [total]
done with H for K = 128.00-152.22 Q = 256.00-304.44 after 8820.3 sec [total]
done with H++ for K = 128.00-152.22 Q = 256.00-304.44 after 8823.4 sec [total]
done with H+- for K = 128.00-152.22 Q = 256.00-304.44 after 8824.5 sec [total]
done with H-+ for K = 128.00-152.22 Q = 256.00-304.44 after 8825.6 sec [total]
done with H-- for K = 128.00-152.22 Q = 256.00-304.44 after 8826.2 sec [total]
done with UU for K = 152.22-181.02 Q = 256.00-304.44 after 8827.1 sec [total]
done with BB for K = 152.22-181.02 Q = 256.00-304.44 after 8828.1 sec [total]
done with UBTa for K = 152.22-181.02 Q = 256.00-304.44 after 8828.3 sec [total]
done with UBTb for K = 152.22-181.02 Q = 256.00-304.44 after 8828.5 sec [total]
done with UBTbA for K = 152.22-181.02 Q = 256.00-304.44 after 8828.7 sec [total]
done with UBTbC for K = 152.22-181.02 Q = 256.00-304.44 after 8829.0 sec [total]
done with H for K = 152.22-181.02 Q = 256.00-304.44 after 8829.8 sec [total]
done with H++ for K = 152.22-181.02 Q = 256.00-304.44 after 8833.0 sec [total]
done with H+- for K = 152.22-181.02 Q = 256.00-304.44 after 8834.1 sec [total]
done with H-+ for K = 152.22-181.02 Q = 256.00-304.44 after 8835.2 sec [total]
done with H-- for K = 152.22-181.02 Q = 256.00-304.44 after 8835.7 sec [total]
done with UU for K = 181.02-215.27 Q = 256.00-304.44 after 8836.7 sec [total]
done with BB for K = 181.02-215.27 Q = 256.00-304.44 after 8837.6 sec [total]
done with UBTa for K = 181.02-215.27 Q = 256.00-304.44 after 8837.8 sec [total]
done with UBTb for K = 181.02-215.27 Q = 256.00-304.44 after 8838.0 sec [total]
done with UBTbA for K = 181.02-215.27 Q = 256.00-304.44 after 8838.2 sec [total]
done with UBTbC for K = 181.02-215.27 Q = 256.00-304.44 after 8838.5 sec [total]
done with H for K = 181.02-215.27 Q = 256.00-304.44 after 8839.4 sec [total]
done with H++ for K = 181.02-215.27 Q = 256.00-304.44 after 8842.5 sec [total]
done with H+- for K = 181.02-215.27 Q = 256.00-304.44 after 8843.8 sec [total]
done with H-+ for K = 181.02-215.27 Q = 256.00-304.44 after 8845.0 sec [total]
done with H-- for K = 181.02-215.27 Q = 256.00-304.44 after 8845.3 sec [total]
done with UU for K = 215.27-256.00 Q = 256.00-304.44 after 8846.2 sec [total]
done with BB for K = 215.27-256.00 Q = 256.00-304.44 after 8847.2 sec [total]
done with UBTa for K = 215.27-256.00 Q = 256.00-304.44 after 8847.4 sec [total]
done with UBTb for K = 215.27-256.00 Q = 256.00-304.44 after 8847.6 sec [total]
done with UBTbA for K = 215.27-256.00 Q = 256.00-304.44 after 8847.7 sec [total]
done with UBTbC for K = 215.27-256.00 Q = 256.00-304.44 after 8848.1 sec [total]
done with H for K = 215.27-256.00 Q = 256.00-304.44 after 8848.9 sec [total]
done with H++ for K = 215.27-256.00 Q = 256.00-304.44 after 8852.1 sec [total]
done with H+- for K = 215.27-256.00 Q = 256.00-304.44 after 8853.2 sec [total]
done with H-+ for K = 215.27-256.00 Q = 256.00-304.44 after 8854.1 sec [total]
done with H-- for K = 215.27-256.00 Q = 256.00-304.44 after 8854.8 sec [total]
done with UU for K = 256.00-304.44 Q = 256.00-304.44 after 8855.7 sec [total]
done with BB for K = 256.00-304.44 Q = 256.00-304.44 after 8856.7 sec [total]
done with UBTa for K = 256.00-304.44 Q = 256.00-304.44 after 8856.9 sec [total]
done with UBTb for K = 256.00-304.44 Q = 256.00-304.44 after 8857.1 sec [total]
done with UBTbA for K = 256.00-304.44 Q = 256.00-304.44 after 8857.3 sec [total]
done with UBTbC for K = 256.00-304.44 Q = 256.00-304.44 after 8857.6 sec [total]
done with H for K = 256.00-304.44 Q = 256.00-304.44 after 8858.5 sec [total]
done with H++ for K = 256.00-304.44 Q = 256.00-304.44 after 8861.6 sec [total]
done with H+- for K = 256.00-304.44 Q = 256.00-304.44 after 8862.8 sec [total]
done with H-+ for K = 256.00-304.44 Q = 256.00-304.44 after 8863.9 sec [total]
done with H-- for K = 256.00-304.44 Q = 256.00-304.44 after 8864.4 sec [total]
done with UU for K = 304.44-362.04 Q = 256.00-304.44 after 8865.3 sec [total]
done with BB for K = 304.44-362.04 Q = 256.00-304.44 after 8866.3 sec [total]
done with UBTa for K = 304.44-362.04 Q = 256.00-304.44 after 8866.5 sec [total]
done with UBTb for K = 304.44-362.04 Q = 256.00-304.44 after 8866.7 sec [total]
done with UBTbA for K = 304.44-362.04 Q = 256.00-304.44 after 8866.9 sec [total]
done with UBTbC for K = 304.44-362.04 Q = 256.00-304.44 after 8867.2 sec [total]
done with H for K = 304.44-362.04 Q = 256.00-304.44 after 8868.0 sec [total]
done with H++ for K = 304.44-362.04 Q = 256.00-304.44 after 8871.2 sec [total]
done with H+- for K = 304.44-362.04 Q = 256.00-304.44 after 8872.5 sec [total]
done with H-+ for K = 304.44-362.04 Q = 256.00-304.44 after 8873.8 sec [total]
done with H-- for K = 304.44-362.04 Q = 256.00-304.44 after 8874.0 sec [total]
done with UU for K = 362.04-430.54 Q = 256.00-304.44 after 8874.9 sec [total]
done with BB for K = 362.04-430.54 Q = 256.00-304.44 after 8875.9 sec [total]
done with UBTa for K = 362.04-430.54 Q = 256.00-304.44 after 8876.1 sec [total]
done with UBTb for K = 362.04-430.54 Q = 256.00-304.44 after 8876.3 sec [total]
done with UBTbA for K = 362.04-430.54 Q = 256.00-304.44 after 8876.5 sec [total]
done with UBTbC for K = 362.04-430.54 Q = 256.00-304.44 after 8876.8 sec [total]
done with H for K = 362.04-430.54 Q = 256.00-304.44 after 8877.6 sec [total]
done with H++ for K = 362.04-430.54 Q = 256.00-304.44 after 8880.8 sec [total]
done with H+- for K = 362.04-430.54 Q = 256.00-304.44 after 8882.0 sec [total]
done with H-+ for K = 362.04-430.54 Q = 256.00-304.44 after 8883.2 sec [total]
done with H-- for K = 362.04-430.54 Q = 256.00-304.44 after 8883.5 sec [total]
done with UU for K = 430.54-512.00 Q = 256.00-304.44 after 8884.4 sec [total]
done with BB for K = 430.54-512.00 Q = 256.00-304.44 after 8885.5 sec [total]
done with UBTa for K = 430.54-512.00 Q = 256.00-304.44 after 8885.7 sec [total]
done with UBTb for K = 430.54-512.00 Q = 256.00-304.44 after 8885.8 sec [total]
done with UBTbA for K = 430.54-512.00 Q = 256.00-304.44 after 8886.0 sec [total]
done with UBTbC for K = 430.54-512.00 Q = 256.00-304.44 after 8886.3 sec [total]
done with H for K = 430.54-512.00 Q = 256.00-304.44 after 8887.2 sec [total]
done with H++ for K = 430.54-512.00 Q = 256.00-304.44 after 8890.3 sec [total]
done with H+- for K = 430.54-512.00 Q = 256.00-304.44 after 8891.5 sec [total]
done with H-+ for K = 430.54-512.00 Q = 256.00-304.44 after 8892.5 sec [total]
done with H-- for K = 430.54-512.00 Q = 256.00-304.44 after 8893.1 sec [total]
done with UU for K = 512.00-608.87 Q = 256.00-304.44 after 8894.0 sec [total]
done with BB for K = 512.00-608.87 Q = 256.00-304.44 after 8895.1 sec [total]
done with UBTa for K = 512.00-608.87 Q = 256.00-304.44 after 8895.3 sec [total]
done with UBTb for K = 512.00-608.87 Q = 256.00-304.44 after 8895.5 sec [total]
done with UBTbA for K = 512.00-608.87 Q = 256.00-304.44 after 8895.6 sec [total]
done with UBTbC for K = 512.00-608.87 Q = 256.00-304.44 after 8895.9 sec [total]
done with H for K = 512.00-608.87 Q = 256.00-304.44 after 8896.7 sec [total]
done with H++ for K = 512.00-608.87 Q = 256.00-304.44 after 8899.9 sec [total]
done with H+- for K = 512.00-608.87 Q = 256.00-304.44 after 8901.1 sec [total]
done with H-+ for K = 512.00-608.87 Q = 256.00-304.44 after 8902.3 sec [total]
done with H-- for K = 512.00-608.87 Q = 256.00-304.44 after 8902.6 sec [total]
done with UU for K = 608.87-724.08 Q = 256.00-304.44 after 8903.6 sec [total]
done with BB for K = 608.87-724.08 Q = 256.00-304.44 after 8904.6 sec [total]
done with UBTa for K = 608.87-724.08 Q = 256.00-304.44 after 8904.7 sec [total]
done with UBTb for K = 608.87-724.08 Q = 256.00-304.44 after 8904.9 sec [total]
done with UBTbA for K = 608.87-724.08 Q = 256.00-304.44 after 8905.1 sec [total]
done with UBTbC for K = 608.87-724.08 Q = 256.00-304.44 after 8905.5 sec [total]
done with H for K = 608.87-724.08 Q = 256.00-304.44 after 8906.3 sec [total]
done with H++ for K = 608.87-724.08 Q = 256.00-304.44 after 8909.4 sec [total]
done with H+- for K = 608.87-724.08 Q = 256.00-304.44 after 8910.6 sec [total]
done with H-+ for K = 608.87-724.08 Q = 256.00-304.44 after 8911.7 sec [total]
done with H-- for K = 608.87-724.08 Q = 256.00-304.44 after 8912.2 sec [total]
done with UU for K = 724.08-861.08 Q = 256.00-304.44 after 8913.1 sec [total]
done with BB for K = 724.08-861.08 Q = 256.00-304.44 after 8914.1 sec [total]
done with UBTa for K = 724.08-861.08 Q = 256.00-304.44 after 8914.3 sec [total]
done with UBTb for K = 724.08-861.08 Q = 256.00-304.44 after 8914.5 sec [total]
done with UBTbA for K = 724.08-861.08 Q = 256.00-304.44 after 8914.7 sec [total]
done with UBTbC for K = 724.08-861.08 Q = 256.00-304.44 after 8915.0 sec [total]
done with H for K = 724.08-861.08 Q = 256.00-304.44 after 8915.9 sec [total]
done with H++ for K = 724.08-861.08 Q = 256.00-304.44 after 8919.0 sec [total]
done with H+- for K = 724.08-861.08 Q = 256.00-304.44 after 8920.2 sec [total]
done with H-+ for K = 724.08-861.08 Q = 256.00-304.44 after 8921.2 sec [total]
done with H-- for K = 724.08-861.08 Q = 256.00-304.44 after 8921.8 sec [total]
done with UU for K = 861.08-1024.00 Q = 256.00-304.44 after 8922.8 sec [total]
done with BB for K = 861.08-1024.00 Q = 256.00-304.44 after 8923.8 sec [total]
done with UBTa for K = 861.08-1024.00 Q = 256.00-304.44 after 8924.0 sec [total]
done with UBTb for K = 861.08-1024.00 Q = 256.00-304.44 after 8924.1 sec [total]
done with UBTbA for K = 861.08-1024.00 Q = 256.00-304.44 after 8924.3 sec [total]
done with UBTbC for K = 861.08-1024.00 Q = 256.00-304.44 after 8924.7 sec [total]
done with H for K = 861.08-1024.00 Q = 256.00-304.44 after 8925.5 sec [total]
done with H++ for K = 861.08-1024.00 Q = 256.00-304.44 after 8928.7 sec [total]
done with H+- for K = 861.08-1024.00 Q = 256.00-304.44 after 8929.8 sec [total]
done with H-+ for K = 861.08-1024.00 Q = 256.00-304.44 after 8931.1 sec [total]
done with H-- for K = 861.08-1024.00 Q = 256.00-304.44 after 8931.4 sec [total]
done with UU for K = 0.00-3.36 Q = 304.44-362.04 after 8933.1 sec [total]
done with BB for K = 0.00-3.36 Q = 304.44-362.04 after 8935.4 sec [total]
done with UBTa for K = 0.00-3.36 Q = 304.44-362.04 after 8936.4 sec [total]
done with UBTb for K = 0.00-3.36 Q = 304.44-362.04 after 8937.5 sec [total]
done with UBTbA for K = 0.00-3.36 Q = 304.44-362.04 after 8938.4 sec [total]
done with UBTbC for K = 0.00-3.36 Q = 304.44-362.04 after 8938.7 sec [total]
done with H for K = 0.00-3.36 Q = 304.44-362.04 after 8939.6 sec [total]
done with H++ for K = 0.00-3.36 Q = 304.44-362.04 after 8942.8 sec [total]
done with H+- for K = 0.00-3.36 Q = 304.44-362.04 after 8943.8 sec [total]
done with H-+ for K = 0.00-3.36 Q = 304.44-362.04 after 8945.0 sec [total]
done with H-- for K = 0.00-3.36 Q = 304.44-362.04 after 8945.6 sec [total]
done with UU for K = 3.36-4.00 Q = 304.44-362.04 after 8946.5 sec [total]
done with BB for K = 3.36-4.00 Q = 304.44-362.04 after 8947.5 sec [total]
done with UBTa for K = 3.36-4.00 Q = 304.44-362.04 after 8947.7 sec [total]
done with UBTb for K = 3.36-4.00 Q = 304.44-362.04 after 8947.9 sec [total]
done with UBTbA for K = 3.36-4.00 Q = 304.44-362.04 after 8948.0 sec [total]
done with UBTbC for K = 3.36-4.00 Q = 304.44-362.04 after 8948.4 sec [total]
done with H for K = 3.36-4.00 Q = 304.44-362.04 after 8949.2 sec [total]
done with H++ for K = 3.36-4.00 Q = 304.44-362.04 after 8952.4 sec [total]
done with H+- for K = 3.36-4.00 Q = 304.44-362.04 after 8953.6 sec [total]
done with H-+ for K = 3.36-4.00 Q = 304.44-362.04 after 8954.6 sec [total]
done with H-- for K = 3.36-4.00 Q = 304.44-362.04 after 8955.1 sec [total]
done with UU for K = 4.00-4.76 Q = 304.44-362.04 after 8956.0 sec [total]
done with BB for K = 4.00-4.76 Q = 304.44-362.04 after 8957.1 sec [total]
done with UBTa for K = 4.00-4.76 Q = 304.44-362.04 after 8957.3 sec [total]
done with UBTb for K = 4.00-4.76 Q = 304.44-362.04 after 8957.4 sec [total]
done with UBTbA for K = 4.00-4.76 Q = 304.44-362.04 after 8957.6 sec [total]
done with UBTbC for K = 4.00-4.76 Q = 304.44-362.04 after 8958.0 sec [total]
done with H for K = 4.00-4.76 Q = 304.44-362.04 after 8958.8 sec [total]
done with H++ for K = 4.00-4.76 Q = 304.44-362.04 after 8961.9 sec [total]
done with H+- for K = 4.00-4.76 Q = 304.44-362.04 after 8963.1 sec [total]
done with H-+ for K = 4.00-4.76 Q = 304.44-362.04 after 8964.3 sec [total]
done with H-- for K = 4.00-4.76 Q = 304.44-362.04 after 8964.7 sec [total]
done with UU for K = 4.76-5.66 Q = 304.44-362.04 after 8965.6 sec [total]
done with BB for K = 4.76-5.66 Q = 304.44-362.04 after 8966.6 sec [total]
done with UBTa for K = 4.76-5.66 Q = 304.44-362.04 after 8966.8 sec [total]
done with UBTb for K = 4.76-5.66 Q = 304.44-362.04 after 8967.0 sec [total]
done with UBTbA for K = 4.76-5.66 Q = 304.44-362.04 after 8967.2 sec [total]
done with UBTbC for K = 4.76-5.66 Q = 304.44-362.04 after 8967.5 sec [total]
done with H for K = 4.76-5.66 Q = 304.44-362.04 after 8968.4 sec [total]
done with H++ for K = 4.76-5.66 Q = 304.44-362.04 after 8971.5 sec [total]
done with H+- for K = 4.76-5.66 Q = 304.44-362.04 after 8972.7 sec [total]
done with H-+ for K = 4.76-5.66 Q = 304.44-362.04 after 8973.7 sec [total]
done with H-- for K = 4.76-5.66 Q = 304.44-362.04 after 8974.2 sec [total]
done with UU for K = 5.66-6.73 Q = 304.44-362.04 after 8975.2 sec [total]
done with BB for K = 5.66-6.73 Q = 304.44-362.04 after 8976.2 sec [total]
done with UBTa for K = 5.66-6.73 Q = 304.44-362.04 after 8976.4 sec [total]
done with UBTb for K = 5.66-6.73 Q = 304.44-362.04 after 8976.6 sec [total]
done with UBTbA for K = 5.66-6.73 Q = 304.44-362.04 after 8976.8 sec [total]
done with UBTbC for K = 5.66-6.73 Q = 304.44-362.04 after 8977.1 sec [total]
done with H for K = 5.66-6.73 Q = 304.44-362.04 after 8977.9 sec [total]
done with H++ for K = 5.66-6.73 Q = 304.44-362.04 after 8981.0 sec [total]
done with H+- for K = 5.66-6.73 Q = 304.44-362.04 after 8982.3 sec [total]
done with H-+ for K = 5.66-6.73 Q = 304.44-362.04 after 8983.6 sec [total]
done with H-- for K = 5.66-6.73 Q = 304.44-362.04 after 8983.8 sec [total]
done with UU for K = 6.73-8.00 Q = 304.44-362.04 after 8984.7 sec [total]
done with BB for K = 6.73-8.00 Q = 304.44-362.04 after 8985.7 sec [total]
done with UBTa for K = 6.73-8.00 Q = 304.44-362.04 after 8985.9 sec [total]
done with UBTb for K = 6.73-8.00 Q = 304.44-362.04 after 8986.1 sec [total]
done with UBTbA for K = 6.73-8.00 Q = 304.44-362.04 after 8986.3 sec [total]
done with UBTbC for K = 6.73-8.00 Q = 304.44-362.04 after 8986.6 sec [total]
done with H for K = 6.73-8.00 Q = 304.44-362.04 after 8987.5 sec [total]
done with H++ for K = 6.73-8.00 Q = 304.44-362.04 after 8990.6 sec [total]
done with H+- for K = 6.73-8.00 Q = 304.44-362.04 after 8991.9 sec [total]
done with H-+ for K = 6.73-8.00 Q = 304.44-362.04 after 8993.1 sec [total]
done with H-- for K = 6.73-8.00 Q = 304.44-362.04 after 8993.4 sec [total]
done with UU for K = 8.00-9.51 Q = 304.44-362.04 after 8994.3 sec [total]
done with BB for K = 8.00-9.51 Q = 304.44-362.04 after 8995.3 sec [total]
done with UBTa for K = 8.00-9.51 Q = 304.44-362.04 after 8995.5 sec [total]
done with UBTb for K = 8.00-9.51 Q = 304.44-362.04 after 8995.7 sec [total]
done with UBTbA for K = 8.00-9.51 Q = 304.44-362.04 after 8995.9 sec [total]
done with UBTbC for K = 8.00-9.51 Q = 304.44-362.04 after 8996.3 sec [total]
done with H for K = 8.00-9.51 Q = 304.44-362.04 after 8997.0 sec [total]
done with H++ for K = 8.00-9.51 Q = 304.44-362.04 after 9000.2 sec [total]
done with H+- for K = 8.00-9.51 Q = 304.44-362.04 after 9001.3 sec [total]
done with H-+ for K = 8.00-9.51 Q = 304.44-362.04 after 9002.4 sec [total]
done with H-- for K = 8.00-9.51 Q = 304.44-362.04 after 9002.9 sec [total]
done with UU for K = 9.51-11.31 Q = 304.44-362.04 after 9003.9 sec [total]
done with BB for K = 9.51-11.31 Q = 304.44-362.04 after 9004.9 sec [total]
done with UBTa for K = 9.51-11.31 Q = 304.44-362.04 after 9005.1 sec [total]
done with UBTb for K = 9.51-11.31 Q = 304.44-362.04 after 9005.3 sec [total]
done with UBTbA for K = 9.51-11.31 Q = 304.44-362.04 after 9005.5 sec [total]
done with UBTbC for K = 9.51-11.31 Q = 304.44-362.04 after 9005.9 sec [total]
done with H for K = 9.51-11.31 Q = 304.44-362.04 after 9006.6 sec [total]
done with H++ for K = 9.51-11.31 Q = 304.44-362.04 after 9009.7 sec [total]
done with H+- for K = 9.51-11.31 Q = 304.44-362.04 after 9010.9 sec [total]
done with H-+ for K = 9.51-11.31 Q = 304.44-362.04 after 9012.0 sec [total]
done with H-- for K = 9.51-11.31 Q = 304.44-362.04 after 9012.5 sec [total]
done with UU for K = 11.31-13.45 Q = 304.44-362.04 after 9013.4 sec [total]
done with BB for K = 11.31-13.45 Q = 304.44-362.04 after 9014.4 sec [total]
done with UBTa for K = 11.31-13.45 Q = 304.44-362.04 after 9014.6 sec [total]
done with UBTb for K = 11.31-13.45 Q = 304.44-362.04 after 9014.8 sec [total]
done with UBTbA for K = 11.31-13.45 Q = 304.44-362.04 after 9015.0 sec [total]
done with UBTbC for K = 11.31-13.45 Q = 304.44-362.04 after 9015.4 sec [total]
done with H for K = 11.31-13.45 Q = 304.44-362.04 after 9016.2 sec [total]
done with H++ for K = 11.31-13.45 Q = 304.44-362.04 after 9019.3 sec [total]
done with H+- for K = 11.31-13.45 Q = 304.44-362.04 after 9020.5 sec [total]
done with H-+ for K = 11.31-13.45 Q = 304.44-362.04 after 9021.6 sec [total]
done with H-- for K = 11.31-13.45 Q = 304.44-362.04 after 9022.1 sec [total]
done with UU for K = 13.45-16.00 Q = 304.44-362.04 after 9023.0 sec [total]
done with BB for K = 13.45-16.00 Q = 304.44-362.04 after 9024.0 sec [total]
done with UBTa for K = 13.45-16.00 Q = 304.44-362.04 after 9024.2 sec [total]
done with UBTb for K = 13.45-16.00 Q = 304.44-362.04 after 9024.3 sec [total]
done with UBTbA for K = 13.45-16.00 Q = 304.44-362.04 after 9024.6 sec [total]
done with UBTbC for K = 13.45-16.00 Q = 304.44-362.04 after 9024.9 sec [total]
done with H for K = 13.45-16.00 Q = 304.44-362.04 after 9025.7 sec [total]
done with H++ for K = 13.45-16.00 Q = 304.44-362.04 after 9028.9 sec [total]
done with H+- for K = 13.45-16.00 Q = 304.44-362.04 after 9030.0 sec [total]
done with H-+ for K = 13.45-16.00 Q = 304.44-362.04 after 9031.1 sec [total]
done with H-- for K = 13.45-16.00 Q = 304.44-362.04 after 9031.6 sec [total]
done with UU for K = 16.00-19.03 Q = 304.44-362.04 after 9032.5 sec [total]
done with BB for K = 16.00-19.03 Q = 304.44-362.04 after 9033.5 sec [total]
done with UBTa for K = 16.00-19.03 Q = 304.44-362.04 after 9033.7 sec [total]
done with UBTb for K = 16.00-19.03 Q = 304.44-362.04 after 9033.9 sec [total]
done with UBTbA for K = 16.00-19.03 Q = 304.44-362.04 after 9034.1 sec [total]
done with UBTbC for K = 16.00-19.03 Q = 304.44-362.04 after 9034.4 sec [total]
done with H for K = 16.00-19.03 Q = 304.44-362.04 after 9035.3 sec [total]
done with H++ for K = 16.00-19.03 Q = 304.44-362.04 after 9038.3 sec [total]
done with H+- for K = 16.00-19.03 Q = 304.44-362.04 after 9039.6 sec [total]
done with H-+ for K = 16.00-19.03 Q = 304.44-362.04 after 9040.7 sec [total]
done with H-- for K = 16.00-19.03 Q = 304.44-362.04 after 9041.1 sec [total]
done with UU for K = 19.03-22.63 Q = 304.44-362.04 after 9042.0 sec [total]
done with BB for K = 19.03-22.63 Q = 304.44-362.04 after 9043.1 sec [total]
done with UBTa for K = 19.03-22.63 Q = 304.44-362.04 after 9043.2 sec [total]
done with UBTb for K = 19.03-22.63 Q = 304.44-362.04 after 9043.4 sec [total]
done with UBTbA for K = 19.03-22.63 Q = 304.44-362.04 after 9043.6 sec [total]
done with UBTbC for K = 19.03-22.63 Q = 304.44-362.04 after 9043.9 sec [total]
done with H for K = 19.03-22.63 Q = 304.44-362.04 after 9044.8 sec [total]
done with H++ for K = 19.03-22.63 Q = 304.44-362.04 after 9048.0 sec [total]
done with H+- for K = 19.03-22.63 Q = 304.44-362.04 after 9049.1 sec [total]
done with H-+ for K = 19.03-22.63 Q = 304.44-362.04 after 9050.0 sec [total]
done with H-- for K = 19.03-22.63 Q = 304.44-362.04 after 9050.7 sec [total]
done with UU for K = 22.63-26.91 Q = 304.44-362.04 after 9051.6 sec [total]
done with BB for K = 22.63-26.91 Q = 304.44-362.04 after 9052.7 sec [total]
done with UBTa for K = 22.63-26.91 Q = 304.44-362.04 after 9052.8 sec [total]
done with UBTb for K = 22.63-26.91 Q = 304.44-362.04 after 9053.0 sec [total]
done with UBTbA for K = 22.63-26.91 Q = 304.44-362.04 after 9053.2 sec [total]
done with UBTbC for K = 22.63-26.91 Q = 304.44-362.04 after 9053.5 sec [total]
done with H for K = 22.63-26.91 Q = 304.44-362.04 after 9054.4 sec [total]
done with H++ for K = 22.63-26.91 Q = 304.44-362.04 after 9057.5 sec [total]
done with H+- for K = 22.63-26.91 Q = 304.44-362.04 after 9058.7 sec [total]
done with H-+ for K = 22.63-26.91 Q = 304.44-362.04 after 9060.0 sec [total]
done with H-- for K = 22.63-26.91 Q = 304.44-362.04 after 9060.3 sec [total]
done with UU for K = 26.91-32.00 Q = 304.44-362.04 after 9061.2 sec [total]
done with BB for K = 26.91-32.00 Q = 304.44-362.04 after 9062.2 sec [total]
done with UBTa for K = 26.91-32.00 Q = 304.44-362.04 after 9062.4 sec [total]
done with UBTb for K = 26.91-32.00 Q = 304.44-362.04 after 9062.6 sec [total]
done with UBTbA for K = 26.91-32.00 Q = 304.44-362.04 after 9062.8 sec [total]
done with UBTbC for K = 26.91-32.00 Q = 304.44-362.04 after 9063.1 sec [total]
done with H for K = 26.91-32.00 Q = 304.44-362.04 after 9064.0 sec [total]
done with H++ for K = 26.91-32.00 Q = 304.44-362.04 after 9067.1 sec [total]
done with H+- for K = 26.91-32.00 Q = 304.44-362.04 after 9068.2 sec [total]
done with H-+ for K = 26.91-32.00 Q = 304.44-362.04 after 9069.3 sec [total]
done with H-- for K = 26.91-32.00 Q = 304.44-362.04 after 9069.9 sec [total]
done with UU for K = 32.00-38.05 Q = 304.44-362.04 after 9070.8 sec [total]
done with BB for K = 32.00-38.05 Q = 304.44-362.04 after 9071.8 sec [total]
done with UBTa for K = 32.00-38.05 Q = 304.44-362.04 after 9071.9 sec [total]
done with UBTb for K = 32.00-38.05 Q = 304.44-362.04 after 9072.1 sec [total]
done with UBTbA for K = 32.00-38.05 Q = 304.44-362.04 after 9072.3 sec [total]
done with UBTbC for K = 32.00-38.05 Q = 304.44-362.04 after 9072.6 sec [total]
done with H for K = 32.00-38.05 Q = 304.44-362.04 after 9073.5 sec [total]
done with H++ for K = 32.00-38.05 Q = 304.44-362.04 after 9076.8 sec [total]
done with H+- for K = 32.00-38.05 Q = 304.44-362.04 after 9077.9 sec [total]
done with H-+ for K = 32.00-38.05 Q = 304.44-362.04 after 9079.1 sec [total]
done with H-- for K = 32.00-38.05 Q = 304.44-362.04 after 9079.5 sec [total]
done with UU for K = 38.05-45.25 Q = 304.44-362.04 after 9080.3 sec [total]
done with BB for K = 38.05-45.25 Q = 304.44-362.04 after 9081.3 sec [total]
done with UBTa for K = 38.05-45.25 Q = 304.44-362.04 after 9081.5 sec [total]
done with UBTb for K = 38.05-45.25 Q = 304.44-362.04 after 9081.7 sec [total]
done with UBTbA for K = 38.05-45.25 Q = 304.44-362.04 after 9081.9 sec [total]
done with UBTbC for K = 38.05-45.25 Q = 304.44-362.04 after 9082.2 sec [total]
done with H for K = 38.05-45.25 Q = 304.44-362.04 after 9083.1 sec [total]
done with H++ for K = 38.05-45.25 Q = 304.44-362.04 after 9086.3 sec [total]
done with H+- for K = 38.05-45.25 Q = 304.44-362.04 after 9087.6 sec [total]
done with H-+ for K = 38.05-45.25 Q = 304.44-362.04 after 9088.8 sec [total]
done with H-- for K = 38.05-45.25 Q = 304.44-362.04 after 9089.0 sec [total]
done with UU for K = 45.25-53.82 Q = 304.44-362.04 after 9089.9 sec [total]
done with BB for K = 45.25-53.82 Q = 304.44-362.04 after 9090.9 sec [total]
done with UBTa for K = 45.25-53.82 Q = 304.44-362.04 after 9091.1 sec [total]
done with UBTb for K = 45.25-53.82 Q = 304.44-362.04 after 9091.3 sec [total]
done with UBTbA for K = 45.25-53.82 Q = 304.44-362.04 after 9091.5 sec [total]
done with UBTbC for K = 45.25-53.82 Q = 304.44-362.04 after 9091.8 sec [total]
done with H for K = 45.25-53.82 Q = 304.44-362.04 after 9092.6 sec [total]
done with H++ for K = 45.25-53.82 Q = 304.44-362.04 after 9095.8 sec [total]
done with H+- for K = 45.25-53.82 Q = 304.44-362.04 after 9096.9 sec [total]
done with H-+ for K = 45.25-53.82 Q = 304.44-362.04 after 9098.0 sec [total]
done with H-- for K = 45.25-53.82 Q = 304.44-362.04 after 9098.5 sec [total]
done with UU for K = 53.82-64.00 Q = 304.44-362.04 after 9099.4 sec [total]
done with BB for K = 53.82-64.00 Q = 304.44-362.04 after 9100.4 sec [total]
done with UBTa for K = 53.82-64.00 Q = 304.44-362.04 after 9100.6 sec [total]
done with UBTb for K = 53.82-64.00 Q = 304.44-362.04 after 9100.8 sec [total]
done with UBTbA for K = 53.82-64.00 Q = 304.44-362.04 after 9101.0 sec [total]
done with UBTbC for K = 53.82-64.00 Q = 304.44-362.04 after 9101.3 sec [total]
done with H for K = 53.82-64.00 Q = 304.44-362.04 after 9102.2 sec [total]
done with H++ for K = 53.82-64.00 Q = 304.44-362.04 after 9105.3 sec [total]
done with H+- for K = 53.82-64.00 Q = 304.44-362.04 after 9106.6 sec [total]
done with H-+ for K = 53.82-64.00 Q = 304.44-362.04 after 9107.9 sec [total]
done with H-- for K = 53.82-64.00 Q = 304.44-362.04 after 9108.1 sec [total]
done with UU for K = 64.00-76.11 Q = 304.44-362.04 after 9109.0 sec [total]
done with BB for K = 64.00-76.11 Q = 304.44-362.04 after 9110.0 sec [total]
done with UBTa for K = 64.00-76.11 Q = 304.44-362.04 after 9110.2 sec [total]
done with UBTb for K = 64.00-76.11 Q = 304.44-362.04 after 9110.4 sec [total]
done with UBTbA for K = 64.00-76.11 Q = 304.44-362.04 after 9110.6 sec [total]
done with UBTbC for K = 64.00-76.11 Q = 304.44-362.04 after 9110.9 sec [total]
done with H for K = 64.00-76.11 Q = 304.44-362.04 after 9111.7 sec [total]
done with H++ for K = 64.00-76.11 Q = 304.44-362.04 after 9114.9 sec [total]
done with H+- for K = 64.00-76.11 Q = 304.44-362.04 after 9116.1 sec [total]
done with H-+ for K = 64.00-76.11 Q = 304.44-362.04 after 9117.4 sec [total]
done with H-- for K = 64.00-76.11 Q = 304.44-362.04 after 9117.7 sec [total]
done with UU for K = 76.11-90.51 Q = 304.44-362.04 after 9118.6 sec [total]
done with BB for K = 76.11-90.51 Q = 304.44-362.04 after 9119.6 sec [total]
done with UBTa for K = 76.11-90.51 Q = 304.44-362.04 after 9119.8 sec [total]
done with UBTb for K = 76.11-90.51 Q = 304.44-362.04 after 9120.0 sec [total]
done with UBTbA for K = 76.11-90.51 Q = 304.44-362.04 after 9120.2 sec [total]
done with UBTbC for K = 76.11-90.51 Q = 304.44-362.04 after 9120.5 sec [total]
done with H for K = 76.11-90.51 Q = 304.44-362.04 after 9121.3 sec [total]
done with H++ for K = 76.11-90.51 Q = 304.44-362.04 after 9124.5 sec [total]
done with H+- for K = 76.11-90.51 Q = 304.44-362.04 after 9125.7 sec [total]
done with H-+ for K = 76.11-90.51 Q = 304.44-362.04 after 9126.8 sec [total]
done with H-- for K = 76.11-90.51 Q = 304.44-362.04 after 9127.2 sec [total]
done with UU for K = 90.51-107.63 Q = 304.44-362.04 after 9128.1 sec [total]
done with BB for K = 90.51-107.63 Q = 304.44-362.04 after 9129.2 sec [total]
done with UBTa for K = 90.51-107.63 Q = 304.44-362.04 after 9129.4 sec [total]
done with UBTb for K = 90.51-107.63 Q = 304.44-362.04 after 9129.6 sec [total]
done with UBTbA for K = 90.51-107.63 Q = 304.44-362.04 after 9129.7 sec [total]
done with UBTbC for K = 90.51-107.63 Q = 304.44-362.04 after 9130.1 sec [total]
done with H for K = 90.51-107.63 Q = 304.44-362.04 after 9130.9 sec [total]
done with H++ for K = 90.51-107.63 Q = 304.44-362.04 after 9134.0 sec [total]
done with H+- for K = 90.51-107.63 Q = 304.44-362.04 after 9135.3 sec [total]
done with H-+ for K = 90.51-107.63 Q = 304.44-362.04 after 9136.5 sec [total]
done with H-- for K = 90.51-107.63 Q = 304.44-362.04 after 9136.8 sec [total]
done with UU for K = 107.63-128.00 Q = 304.44-362.04 after 9137.7 sec [total]
done with BB for K = 107.63-128.00 Q = 304.44-362.04 after 9138.7 sec [total]
done with UBTa for K = 107.63-128.00 Q = 304.44-362.04 after 9138.9 sec [total]
done with UBTb for K = 107.63-128.00 Q = 304.44-362.04 after 9139.0 sec [total]
done with UBTbA for K = 107.63-128.00 Q = 304.44-362.04 after 9139.2 sec [total]
done with UBTbC for K = 107.63-128.00 Q = 304.44-362.04 after 9139.6 sec [total]
done with H for K = 107.63-128.00 Q = 304.44-362.04 after 9140.5 sec [total]
done with H++ for K = 107.63-128.00 Q = 304.44-362.04 after 9143.6 sec [total]
done with H+- for K = 107.63-128.00 Q = 304.44-362.04 after 9145.0 sec [total]
done with H-+ for K = 107.63-128.00 Q = 304.44-362.04 after 9146.2 sec [total]
done with H-- for K = 107.63-128.00 Q = 304.44-362.04 after 9146.4 sec [total]
done with UU for K = 128.00-152.22 Q = 304.44-362.04 after 9147.3 sec [total]
done with BB for K = 128.00-152.22 Q = 304.44-362.04 after 9148.3 sec [total]
done with UBTa for K = 128.00-152.22 Q = 304.44-362.04 after 9148.5 sec [total]
done with UBTb for K = 128.00-152.22 Q = 304.44-362.04 after 9148.6 sec [total]
done with UBTbA for K = 128.00-152.22 Q = 304.44-362.04 after 9148.8 sec [total]
done with UBTbC for K = 128.00-152.22 Q = 304.44-362.04 after 9149.2 sec [total]
done with H for K = 128.00-152.22 Q = 304.44-362.04 after 9150.0 sec [total]
done with H++ for K = 128.00-152.22 Q = 304.44-362.04 after 9153.1 sec [total]
done with H+- for K = 128.00-152.22 Q = 304.44-362.04 after 9154.4 sec [total]
done with H-+ for K = 128.00-152.22 Q = 304.44-362.04 after 9155.5 sec [total]
done with H-- for K = 128.00-152.22 Q = 304.44-362.04 after 9155.9 sec [total]
done with UU for K = 152.22-181.02 Q = 304.44-362.04 after 9156.8 sec [total]
done with BB for K = 152.22-181.02 Q = 304.44-362.04 after 9157.8 sec [total]
done with UBTa for K = 152.22-181.02 Q = 304.44-362.04 after 9158.0 sec [total]
done with UBTb for K = 152.22-181.02 Q = 304.44-362.04 after 9158.2 sec [total]
done with UBTbA for K = 152.22-181.02 Q = 304.44-362.04 after 9158.4 sec [total]
done with UBTbC for K = 152.22-181.02 Q = 304.44-362.04 after 9158.7 sec [total]
done with H for K = 152.22-181.02 Q = 304.44-362.04 after 9159.6 sec [total]
done with H++ for K = 152.22-181.02 Q = 304.44-362.04 after 9162.8 sec [total]
done with H+- for K = 152.22-181.02 Q = 304.44-362.04 after 9163.9 sec [total]
done with H-+ for K = 152.22-181.02 Q = 304.44-362.04 after 9165.0 sec [total]
done with H-- for K = 152.22-181.02 Q = 304.44-362.04 after 9165.5 sec [total]
done with UU for K = 181.02-215.27 Q = 304.44-362.04 after 9166.4 sec [total]
done with BB for K = 181.02-215.27 Q = 304.44-362.04 after 9167.5 sec [total]
done with UBTa for K = 181.02-215.27 Q = 304.44-362.04 after 9167.6 sec [total]
done with UBTb for K = 181.02-215.27 Q = 304.44-362.04 after 9167.8 sec [total]
done with UBTbA for K = 181.02-215.27 Q = 304.44-362.04 after 9168.0 sec [total]
done with UBTbC for K = 181.02-215.27 Q = 304.44-362.04 after 9168.3 sec [total]
done with H for K = 181.02-215.27 Q = 304.44-362.04 after 9169.2 sec [total]
done with H++ for K = 181.02-215.27 Q = 304.44-362.04 after 9172.4 sec [total]
done with H+- for K = 181.02-215.27 Q = 304.44-362.04 after 9173.5 sec [total]
done with H-+ for K = 181.02-215.27 Q = 304.44-362.04 after 9174.6 sec [total]
done with H-- for K = 181.02-215.27 Q = 304.44-362.04 after 9175.1 sec [total]
done with UU for K = 215.27-256.00 Q = 304.44-362.04 after 9176.0 sec [total]
done with BB for K = 215.27-256.00 Q = 304.44-362.04 after 9177.0 sec [total]
done with UBTa for K = 215.27-256.00 Q = 304.44-362.04 after 9177.2 sec [total]
done with UBTb for K = 215.27-256.00 Q = 304.44-362.04 after 9177.3 sec [total]
done with UBTbA for K = 215.27-256.00 Q = 304.44-362.04 after 9177.5 sec [total]
done with UBTbC for K = 215.27-256.00 Q = 304.44-362.04 after 9177.9 sec [total]
done with H for K = 215.27-256.00 Q = 304.44-362.04 after 9178.7 sec [total]
done with H++ for K = 215.27-256.00 Q = 304.44-362.04 after 9181.8 sec [total]
done with H+- for K = 215.27-256.00 Q = 304.44-362.04 after 9183.0 sec [total]
done with H-+ for K = 215.27-256.00 Q = 304.44-362.04 after 9184.1 sec [total]
done with H-- for K = 215.27-256.00 Q = 304.44-362.04 after 9184.6 sec [total]
done with UU for K = 256.00-304.44 Q = 304.44-362.04 after 9185.5 sec [total]
done with BB for K = 256.00-304.44 Q = 304.44-362.04 after 9186.5 sec [total]
done with UBTa for K = 256.00-304.44 Q = 304.44-362.04 after 9186.7 sec [total]
done with UBTb for K = 256.00-304.44 Q = 304.44-362.04 after 9186.9 sec [total]
done with UBTbA for K = 256.00-304.44 Q = 304.44-362.04 after 9187.1 sec [total]
done with UBTbC for K = 256.00-304.44 Q = 304.44-362.04 after 9187.4 sec [total]
done with H for K = 256.00-304.44 Q = 304.44-362.04 after 9188.3 sec [total]
done with H++ for K = 256.00-304.44 Q = 304.44-362.04 after 9191.4 sec [total]
done with H+- for K = 256.00-304.44 Q = 304.44-362.04 after 9192.7 sec [total]
done with H-+ for K = 256.00-304.44 Q = 304.44-362.04 after 9193.9 sec [total]
done with H-- for K = 256.00-304.44 Q = 304.44-362.04 after 9194.2 sec [total]
done with UU for K = 304.44-362.04 Q = 304.44-362.04 after 9195.1 sec [total]
done with BB for K = 304.44-362.04 Q = 304.44-362.04 after 9196.1 sec [total]
done with UBTa for K = 304.44-362.04 Q = 304.44-362.04 after 9196.3 sec [total]
done with UBTb for K = 304.44-362.04 Q = 304.44-362.04 after 9196.5 sec [total]
done with UBTbA for K = 304.44-362.04 Q = 304.44-362.04 after 9196.7 sec [total]
done with UBTbC for K = 304.44-362.04 Q = 304.44-362.04 after 9197.0 sec [total]
done with H for K = 304.44-362.04 Q = 304.44-362.04 after 9197.8 sec [total]
done with H++ for K = 304.44-362.04 Q = 304.44-362.04 after 9201.0 sec [total]
done with H+- for K = 304.44-362.04 Q = 304.44-362.04 after 9202.2 sec [total]
done with H-+ for K = 304.44-362.04 Q = 304.44-362.04 after 9203.2 sec [total]
done with H-- for K = 304.44-362.04 Q = 304.44-362.04 after 9203.8 sec [total]
done with UU for K = 362.04-430.54 Q = 304.44-362.04 after 9204.7 sec [total]
done with BB for K = 362.04-430.54 Q = 304.44-362.04 after 9205.7 sec [total]
done with UBTa for K = 362.04-430.54 Q = 304.44-362.04 after 9205.9 sec [total]
done with UBTb for K = 362.04-430.54 Q = 304.44-362.04 after 9206.1 sec [total]
done with UBTbA for K = 362.04-430.54 Q = 304.44-362.04 after 9206.3 sec [total]
done with UBTbC for K = 362.04-430.54 Q = 304.44-362.04 after 9206.7 sec [total]
done with H for K = 362.04-430.54 Q = 304.44-362.04 after 9207.4 sec [total]
done with H++ for K = 362.04-430.54 Q = 304.44-362.04 after 9210.5 sec [total]
done with H+- for K = 362.04-430.54 Q = 304.44-362.04 after 9211.7 sec [total]
done with H-+ for K = 362.04-430.54 Q = 304.44-362.04 after 9212.8 sec [total]
done with H-- for K = 362.04-430.54 Q = 304.44-362.04 after 9213.3 sec [total]
done with UU for K = 430.54-512.00 Q = 304.44-362.04 after 9214.2 sec [total]
done with BB for K = 430.54-512.00 Q = 304.44-362.04 after 9215.3 sec [total]
done with UBTa for K = 430.54-512.00 Q = 304.44-362.04 after 9215.4 sec [total]
done with UBTb for K = 430.54-512.00 Q = 304.44-362.04 after 9215.6 sec [total]
done with UBTbA for K = 430.54-512.00 Q = 304.44-362.04 after 9215.8 sec [total]
done with UBTbC for K = 430.54-512.00 Q = 304.44-362.04 after 9216.2 sec [total]
done with H for K = 430.54-512.00 Q = 304.44-362.04 after 9217.0 sec [total]
done with H++ for K = 430.54-512.00 Q = 304.44-362.04 after 9220.2 sec [total]
done with H+- for K = 430.54-512.00 Q = 304.44-362.04 after 9221.4 sec [total]
done with H-+ for K = 430.54-512.00 Q = 304.44-362.04 after 9222.5 sec [total]
done with H-- for K = 430.54-512.00 Q = 304.44-362.04 after 9222.9 sec [total]
done with UU for K = 512.00-608.87 Q = 304.44-362.04 after 9223.8 sec [total]
done with BB for K = 512.00-608.87 Q = 304.44-362.04 after 9224.8 sec [total]
done with UBTa for K = 512.00-608.87 Q = 304.44-362.04 after 9225.0 sec [total]
done with UBTb for K = 512.00-608.87 Q = 304.44-362.04 after 9225.2 sec [total]
done with UBTbA for K = 512.00-608.87 Q = 304.44-362.04 after 9225.4 sec [total]
done with UBTbC for K = 512.00-608.87 Q = 304.44-362.04 after 9225.8 sec [total]
done with H for K = 512.00-608.87 Q = 304.44-362.04 after 9226.5 sec [total]
done with H++ for K = 512.00-608.87 Q = 304.44-362.04 after 9229.7 sec [total]
done with H+- for K = 512.00-608.87 Q = 304.44-362.04 after 9230.9 sec [total]
done with H-+ for K = 512.00-608.87 Q = 304.44-362.04 after 9232.1 sec [total]
done with H-- for K = 512.00-608.87 Q = 304.44-362.04 after 9232.5 sec [total]
done with UU for K = 608.87-724.08 Q = 304.44-362.04 after 9233.4 sec [total]
done with BB for K = 608.87-724.08 Q = 304.44-362.04 after 9234.4 sec [total]
done with UBTa for K = 608.87-724.08 Q = 304.44-362.04 after 9234.5 sec [total]
done with UBTb for K = 608.87-724.08 Q = 304.44-362.04 after 9234.7 sec [total]
done with UBTbA for K = 608.87-724.08 Q = 304.44-362.04 after 9235.0 sec [total]
done with UBTbC for K = 608.87-724.08 Q = 304.44-362.04 after 9235.3 sec [total]
done with H for K = 608.87-724.08 Q = 304.44-362.04 after 9236.1 sec [total]
done with H++ for K = 608.87-724.08 Q = 304.44-362.04 after 9239.3 sec [total]
done with H+- for K = 608.87-724.08 Q = 304.44-362.04 after 9240.4 sec [total]
done with H-+ for K = 608.87-724.08 Q = 304.44-362.04 after 9241.4 sec [total]
done with H-- for K = 608.87-724.08 Q = 304.44-362.04 after 9242.0 sec [total]
done with UU for K = 724.08-861.08 Q = 304.44-362.04 after 9242.9 sec [total]
done with BB for K = 724.08-861.08 Q = 304.44-362.04 after 9244.0 sec [total]
done with UBTa for K = 724.08-861.08 Q = 304.44-362.04 after 9244.2 sec [total]
done with UBTb for K = 724.08-861.08 Q = 304.44-362.04 after 9244.4 sec [total]
done with UBTbA for K = 724.08-861.08 Q = 304.44-362.04 after 9244.6 sec [total]
done with UBTbC for K = 724.08-861.08 Q = 304.44-362.04 after 9244.9 sec [total]
done with H for K = 724.08-861.08 Q = 304.44-362.04 after 9245.7 sec [total]
done with H++ for K = 724.08-861.08 Q = 304.44-362.04 after 9248.8 sec [total]
done with H+- for K = 724.08-861.08 Q = 304.44-362.04 after 9250.0 sec [total]
done with H-+ for K = 724.08-861.08 Q = 304.44-362.04 after 9251.1 sec [total]
done with H-- for K = 724.08-861.08 Q = 304.44-362.04 after 9251.6 sec [total]
done with UU for K = 861.08-1024.00 Q = 304.44-362.04 after 9252.5 sec [total]
done with BB for K = 861.08-1024.00 Q = 304.44-362.04 after 9253.5 sec [total]
done with UBTa for K = 861.08-1024.00 Q = 304.44-362.04 after 9253.7 sec [total]
done with UBTb for K = 861.08-1024.00 Q = 304.44-362.04 after 9253.9 sec [total]
done with UBTbA for K = 861.08-1024.00 Q = 304.44-362.04 after 9254.1 sec [total]
done with UBTbC for K = 861.08-1024.00 Q = 304.44-362.04 after 9254.4 sec [total]
done with H for K = 861.08-1024.00 Q = 304.44-362.04 after 9255.2 sec [total]
done with H++ for K = 861.08-1024.00 Q = 304.44-362.04 after 9258.4 sec [total]
done with H+- for K = 861.08-1024.00 Q = 304.44-362.04 after 9259.6 sec [total]
done with H-+ for K = 861.08-1024.00 Q = 304.44-362.04 after 9260.6 sec [total]
done with H-- for K = 861.08-1024.00 Q = 304.44-362.04 after 9261.1 sec [total]
done with UU for K = 0.00-3.36 Q = 362.04-430.54 after 9262.9 sec [total]
done with BB for K = 0.00-3.36 Q = 362.04-430.54 after 9265.2 sec [total]
done with UBTa for K = 0.00-3.36 Q = 362.04-430.54 after 9266.2 sec [total]
done with UBTb for K = 0.00-3.36 Q = 362.04-430.54 after 9267.3 sec [total]
done with UBTbA for K = 0.00-3.36 Q = 362.04-430.54 after 9268.3 sec [total]
done with UBTbC for K = 0.00-3.36 Q = 362.04-430.54 after 9268.6 sec [total]
done with H for K = 0.00-3.36 Q = 362.04-430.54 after 9269.6 sec [total]
done with H++ for K = 0.00-3.36 Q = 362.04-430.54 after 9272.7 sec [total]
done with H+- for K = 0.00-3.36 Q = 362.04-430.54 after 9273.9 sec [total]
done with H-+ for K = 0.00-3.36 Q = 362.04-430.54 after 9275.0 sec [total]
done with H-- for K = 0.00-3.36 Q = 362.04-430.54 after 9275.5 sec [total]
done with UU for K = 3.36-4.00 Q = 362.04-430.54 after 9276.4 sec [total]
done with BB for K = 3.36-4.00 Q = 362.04-430.54 after 9277.4 sec [total]
done with UBTa for K = 3.36-4.00 Q = 362.04-430.54 after 9277.6 sec [total]
done with UBTb for K = 3.36-4.00 Q = 362.04-430.54 after 9277.8 sec [total]
done with UBTbA for K = 3.36-4.00 Q = 362.04-430.54 after 9277.9 sec [total]
done with UBTbC for K = 3.36-4.00 Q = 362.04-430.54 after 9278.2 sec [total]
done with H for K = 3.36-4.00 Q = 362.04-430.54 after 9279.1 sec [total]
done with H++ for K = 3.36-4.00 Q = 362.04-430.54 after 9282.2 sec [total]
done with H+- for K = 3.36-4.00 Q = 362.04-430.54 after 9283.4 sec [total]
done with H-+ for K = 3.36-4.00 Q = 362.04-430.54 after 9284.7 sec [total]
done with H-- for K = 3.36-4.00 Q = 362.04-430.54 after 9285.0 sec [total]
done with UU for K = 4.00-4.76 Q = 362.04-430.54 after 9285.9 sec [total]
done with BB for K = 4.00-4.76 Q = 362.04-430.54 after 9287.0 sec [total]
done with UBTa for K = 4.00-4.76 Q = 362.04-430.54 after 9287.1 sec [total]
done with UBTb for K = 4.00-4.76 Q = 362.04-430.54 after 9287.3 sec [total]
done with UBTbA for K = 4.00-4.76 Q = 362.04-430.54 after 9287.5 sec [total]
done with UBTbC for K = 4.00-4.76 Q = 362.04-430.54 after 9287.8 sec [total]
done with H for K = 4.00-4.76 Q = 362.04-430.54 after 9288.7 sec [total]
done with H++ for K = 4.00-4.76 Q = 362.04-430.54 after 9291.8 sec [total]
done with H+- for K = 4.00-4.76 Q = 362.04-430.54 after 9293.0 sec [total]
done with H-+ for K = 4.00-4.76 Q = 362.04-430.54 after 9294.0 sec [total]
done with H-- for K = 4.00-4.76 Q = 362.04-430.54 after 9294.6 sec [total]
done with UU for K = 4.76-5.66 Q = 362.04-430.54 after 9295.5 sec [total]
done with BB for K = 4.76-5.66 Q = 362.04-430.54 after 9296.5 sec [total]
done with UBTa for K = 4.76-5.66 Q = 362.04-430.54 after 9296.7 sec [total]
done with UBTb for K = 4.76-5.66 Q = 362.04-430.54 after 9296.9 sec [total]
done with UBTbA for K = 4.76-5.66 Q = 362.04-430.54 after 9297.0 sec [total]
done with UBTbC for K = 4.76-5.66 Q = 362.04-430.54 after 9297.4 sec [total]
done with H for K = 4.76-5.66 Q = 362.04-430.54 after 9298.2 sec [total]
done with H++ for K = 4.76-5.66 Q = 362.04-430.54 after 9301.4 sec [total]
done with H+- for K = 4.76-5.66 Q = 362.04-430.54 after 9302.5 sec [total]
done with H-+ for K = 4.76-5.66 Q = 362.04-430.54 after 9303.6 sec [total]
done with H-- for K = 4.76-5.66 Q = 362.04-430.54 after 9304.1 sec [total]
done with UU for K = 5.66-6.73 Q = 362.04-430.54 after 9305.0 sec [total]
done with BB for K = 5.66-6.73 Q = 362.04-430.54 after 9306.0 sec [total]
done with UBTa for K = 5.66-6.73 Q = 362.04-430.54 after 9306.2 sec [total]
done with UBTb for K = 5.66-6.73 Q = 362.04-430.54 after 9306.3 sec [total]
done with UBTbA for K = 5.66-6.73 Q = 362.04-430.54 after 9306.5 sec [total]
done with UBTbC for K = 5.66-6.73 Q = 362.04-430.54 after 9306.8 sec [total]
done with H for K = 5.66-6.73 Q = 362.04-430.54 after 9307.7 sec [total]
done with H++ for K = 5.66-6.73 Q = 362.04-430.54 after 9310.9 sec [total]
done with H+- for K = 5.66-6.73 Q = 362.04-430.54 after 9312.1 sec [total]
done with H-+ for K = 5.66-6.73 Q = 362.04-430.54 after 9313.4 sec [total]
done with H-- for K = 5.66-6.73 Q = 362.04-430.54 after 9313.7 sec [total]
done with UU for K = 6.73-8.00 Q = 362.04-430.54 after 9314.6 sec [total]
done with BB for K = 6.73-8.00 Q = 362.04-430.54 after 9315.6 sec [total]
done with UBTa for K = 6.73-8.00 Q = 362.04-430.54 after 9315.8 sec [total]
done with UBTb for K = 6.73-8.00 Q = 362.04-430.54 after 9316.0 sec [total]
done with UBTbA for K = 6.73-8.00 Q = 362.04-430.54 after 9316.2 sec [total]
done with UBTbC for K = 6.73-8.00 Q = 362.04-430.54 after 9316.5 sec [total]
done with H for K = 6.73-8.00 Q = 362.04-430.54 after 9317.3 sec [total]
done with H++ for K = 6.73-8.00 Q = 362.04-430.54 after 9320.4 sec [total]
done with H+- for K = 6.73-8.00 Q = 362.04-430.54 after 9321.6 sec [total]
done with H-+ for K = 6.73-8.00 Q = 362.04-430.54 after 9322.6 sec [total]
done with H-- for K = 6.73-8.00 Q = 362.04-430.54 after 9323.2 sec [total]
done with UU for K = 8.00-9.51 Q = 362.04-430.54 after 9324.1 sec [total]
done with BB for K = 8.00-9.51 Q = 362.04-430.54 after 9325.1 sec [total]
done with UBTa for K = 8.00-9.51 Q = 362.04-430.54 after 9325.3 sec [total]
done with UBTb for K = 8.00-9.51 Q = 362.04-430.54 after 9325.5 sec [total]
done with UBTbA for K = 8.00-9.51 Q = 362.04-430.54 after 9325.7 sec [total]
done with UBTbC for K = 8.00-9.51 Q = 362.04-430.54 after 9326.0 sec [total]
done with H for K = 8.00-9.51 Q = 362.04-430.54 after 9326.8 sec [total]
done with H++ for K = 8.00-9.51 Q = 362.04-430.54 after 9330.0 sec [total]
done with H+- for K = 8.00-9.51 Q = 362.04-430.54 after 9331.2 sec [total]
done with H-+ for K = 8.00-9.51 Q = 362.04-430.54 after 9332.5 sec [total]
done with H-- for K = 8.00-9.51 Q = 362.04-430.54 after 9332.7 sec [total]
done with UU for K = 9.51-11.31 Q = 362.04-430.54 after 9333.6 sec [total]
done with BB for K = 9.51-11.31 Q = 362.04-430.54 after 9334.6 sec [total]
done with UBTa for K = 9.51-11.31 Q = 362.04-430.54 after 9334.8 sec [total]
done with UBTb for K = 9.51-11.31 Q = 362.04-430.54 after 9335.0 sec [total]
done with UBTbA for K = 9.51-11.31 Q = 362.04-430.54 after 9335.2 sec [total]
done with UBTbC for K = 9.51-11.31 Q = 362.04-430.54 after 9335.5 sec [total]
done with H for K = 9.51-11.31 Q = 362.04-430.54 after 9336.3 sec [total]
done with H++ for K = 9.51-11.31 Q = 362.04-430.54 after 9339.4 sec [total]
done with H+- for K = 9.51-11.31 Q = 362.04-430.54 after 9340.6 sec [total]
done with H-+ for K = 9.51-11.31 Q = 362.04-430.54 after 9341.7 sec [total]
done with H-- for K = 9.51-11.31 Q = 362.04-430.54 after 9342.2 sec [total]
done with UU for K = 11.31-13.45 Q = 362.04-430.54 after 9343.1 sec [total]
done with BB for K = 11.31-13.45 Q = 362.04-430.54 after 9344.1 sec [total]
done with UBTa for K = 11.31-13.45 Q = 362.04-430.54 after 9344.3 sec [total]
done with UBTb for K = 11.31-13.45 Q = 362.04-430.54 after 9344.5 sec [total]
done with UBTbA for K = 11.31-13.45 Q = 362.04-430.54 after 9344.7 sec [total]
done with UBTbC for K = 11.31-13.45 Q = 362.04-430.54 after 9345.0 sec [total]
done with H for K = 11.31-13.45 Q = 362.04-430.54 after 9345.9 sec [total]
done with H++ for K = 11.31-13.45 Q = 362.04-430.54 after 9349.0 sec [total]
done with H+- for K = 11.31-13.45 Q = 362.04-430.54 after 9350.2 sec [total]
done with H-+ for K = 11.31-13.45 Q = 362.04-430.54 after 9351.5 sec [total]
done with H-- for K = 11.31-13.45 Q = 362.04-430.54 after 9351.8 sec [total]
done with UU for K = 13.45-16.00 Q = 362.04-430.54 after 9352.7 sec [total]
done with BB for K = 13.45-16.00 Q = 362.04-430.54 after 9353.7 sec [total]
done with UBTa for K = 13.45-16.00 Q = 362.04-430.54 after 9353.9 sec [total]
done with UBTb for K = 13.45-16.00 Q = 362.04-430.54 after 9354.0 sec [total]
done with UBTbA for K = 13.45-16.00 Q = 362.04-430.54 after 9354.2 sec [total]
done with UBTbC for K = 13.45-16.00 Q = 362.04-430.54 after 9354.6 sec [total]
done with H for K = 13.45-16.00 Q = 362.04-430.54 after 9355.4 sec [total]
done with H++ for K = 13.45-16.00 Q = 362.04-430.54 after 9358.6 sec [total]
done with H+- for K = 13.45-16.00 Q = 362.04-430.54 after 9359.8 sec [total]
done with H-+ for K = 13.45-16.00 Q = 362.04-430.54 after 9360.8 sec [total]
done with H-- for K = 13.45-16.00 Q = 362.04-430.54 after 9361.3 sec [total]
done with UU for K = 16.00-19.03 Q = 362.04-430.54 after 9362.2 sec [total]
done with BB for K = 16.00-19.03 Q = 362.04-430.54 after 9363.2 sec [total]
done with UBTa for K = 16.00-19.03 Q = 362.04-430.54 after 9363.4 sec [total]
done with UBTb for K = 16.00-19.03 Q = 362.04-430.54 after 9363.6 sec [total]
done with UBTbA for K = 16.00-19.03 Q = 362.04-430.54 after 9363.7 sec [total]
done with UBTbC for K = 16.00-19.03 Q = 362.04-430.54 after 9364.1 sec [total]
done with H for K = 16.00-19.03 Q = 362.04-430.54 after 9364.9 sec [total]
done with H++ for K = 16.00-19.03 Q = 362.04-430.54 after 9368.1 sec [total]
done with H+- for K = 16.00-19.03 Q = 362.04-430.54 after 9369.2 sec [total]
done with H-+ for K = 16.00-19.03 Q = 362.04-430.54 after 9370.5 sec [total]
done with H-- for K = 16.00-19.03 Q = 362.04-430.54 after 9370.8 sec [total]
done with UU for K = 19.03-22.63 Q = 362.04-430.54 after 9371.7 sec [total]
done with BB for K = 19.03-22.63 Q = 362.04-430.54 after 9372.8 sec [total]
done with UBTa for K = 19.03-22.63 Q = 362.04-430.54 after 9373.0 sec [total]
done with UBTb for K = 19.03-22.63 Q = 362.04-430.54 after 9373.2 sec [total]
done with UBTbA for K = 19.03-22.63 Q = 362.04-430.54 after 9373.3 sec [total]
done with UBTbC for K = 19.03-22.63 Q = 362.04-430.54 after 9373.6 sec [total]
done with H for K = 19.03-22.63 Q = 362.04-430.54 after 9374.4 sec [total]
done with H++ for K = 19.03-22.63 Q = 362.04-430.54 after 9377.6 sec [total]
done with H+- for K = 19.03-22.63 Q = 362.04-430.54 after 9378.8 sec [total]
done with H-+ for K = 19.03-22.63 Q = 362.04-430.54 after 9379.9 sec [total]
done with H-- for K = 19.03-22.63 Q = 362.04-430.54 after 9380.3 sec [total]
done with UU for K = 22.63-26.91 Q = 362.04-430.54 after 9381.3 sec [total]
done with BB for K = 22.63-26.91 Q = 362.04-430.54 after 9382.3 sec [total]
done with UBTa for K = 22.63-26.91 Q = 362.04-430.54 after 9382.5 sec [total]
done with UBTb for K = 22.63-26.91 Q = 362.04-430.54 after 9382.6 sec [total]
done with UBTbA for K = 22.63-26.91 Q = 362.04-430.54 after 9382.8 sec [total]
done with UBTbC for K = 22.63-26.91 Q = 362.04-430.54 after 9383.2 sec [total]
done with H for K = 22.63-26.91 Q = 362.04-430.54 after 9384.0 sec [total]
done with H++ for K = 22.63-26.91 Q = 362.04-430.54 after 9387.1 sec [total]
done with H+- for K = 22.63-26.91 Q = 362.04-430.54 after 9388.5 sec [total]
done with H-+ for K = 22.63-26.91 Q = 362.04-430.54 after 9389.7 sec [total]
done with H-- for K = 22.63-26.91 Q = 362.04-430.54 after 9389.9 sec [total]
done with UU for K = 26.91-32.00 Q = 362.04-430.54 after 9390.8 sec [total]
done with BB for K = 26.91-32.00 Q = 362.04-430.54 after 9391.8 sec [total]
done with UBTa for K = 26.91-32.00 Q = 362.04-430.54 after 9392.0 sec [total]
done with UBTb for K = 26.91-32.00 Q = 362.04-430.54 after 9392.1 sec [total]
done with UBTbA for K = 26.91-32.00 Q = 362.04-430.54 after 9392.3 sec [total]
done with UBTbC for K = 26.91-32.00 Q = 362.04-430.54 after 9392.6 sec [total]
done with H for K = 26.91-32.00 Q = 362.04-430.54 after 9393.5 sec [total]
done with H++ for K = 26.91-32.00 Q = 362.04-430.54 after 9396.6 sec [total]
done with H+- for K = 26.91-32.00 Q = 362.04-430.54 after 9397.8 sec [total]
done with H-+ for K = 26.91-32.00 Q = 362.04-430.54 after 9398.9 sec [total]
done with H-- for K = 26.91-32.00 Q = 362.04-430.54 after 9399.4 sec [total]
done with UU for K = 32.00-38.05 Q = 362.04-430.54 after 9400.3 sec [total]
done with BB for K = 32.00-38.05 Q = 362.04-430.54 after 9401.3 sec [total]
done with UBTa for K = 32.00-38.05 Q = 362.04-430.54 after 9401.5 sec [total]
done with UBTb for K = 32.00-38.05 Q = 362.04-430.54 after 9401.7 sec [total]
done with UBTbA for K = 32.00-38.05 Q = 362.04-430.54 after 9401.9 sec [total]
done with UBTbC for K = 32.00-38.05 Q = 362.04-430.54 after 9402.2 sec [total]
done with H for K = 32.00-38.05 Q = 362.04-430.54 after 9403.1 sec [total]
done with H++ for K = 32.00-38.05 Q = 362.04-430.54 after 9406.1 sec [total]
done with H+- for K = 32.00-38.05 Q = 362.04-430.54 after 9407.3 sec [total]
done with H-+ for K = 32.00-38.05 Q = 362.04-430.54 after 9408.5 sec [total]
done with H-- for K = 32.00-38.05 Q = 362.04-430.54 after 9409.0 sec [total]
done with UU for K = 38.05-45.25 Q = 362.04-430.54 after 9409.9 sec [total]
done with BB for K = 38.05-45.25 Q = 362.04-430.54 after 9410.9 sec [total]
done with UBTa for K = 38.05-45.25 Q = 362.04-430.54 after 9411.1 sec [total]
done with UBTb for K = 38.05-45.25 Q = 362.04-430.54 after 9411.3 sec [total]
done with UBTbA for K = 38.05-45.25 Q = 362.04-430.54 after 9411.4 sec [total]
done with UBTbC for K = 38.05-45.25 Q = 362.04-430.54 after 9411.8 sec [total]
done with H for K = 38.05-45.25 Q = 362.04-430.54 after 9412.6 sec [total]
done with H++ for K = 38.05-45.25 Q = 362.04-430.54 after 9415.8 sec [total]
done with H+- for K = 38.05-45.25 Q = 362.04-430.54 after 9417.0 sec [total]
done with H-+ for K = 38.05-45.25 Q = 362.04-430.54 after 9418.2 sec [total]
done with H-- for K = 38.05-45.25 Q = 362.04-430.54 after 9418.5 sec [total]
done with UU for K = 45.25-53.82 Q = 362.04-430.54 after 9419.5 sec [total]
done with BB for K = 45.25-53.82 Q = 362.04-430.54 after 9420.5 sec [total]
done with UBTa for K = 45.25-53.82 Q = 362.04-430.54 after 9420.7 sec [total]
done with UBTb for K = 45.25-53.82 Q = 362.04-430.54 after 9420.9 sec [total]
done with UBTbA for K = 45.25-53.82 Q = 362.04-430.54 after 9421.0 sec [total]
done with UBTbC for K = 45.25-53.82 Q = 362.04-430.54 after 9421.4 sec [total]
done with H for K = 45.25-53.82 Q = 362.04-430.54 after 9422.2 sec [total]
done with H++ for K = 45.25-53.82 Q = 362.04-430.54 after 9425.4 sec [total]
done with H+- for K = 45.25-53.82 Q = 362.04-430.54 after 9426.7 sec [total]
done with H-+ for K = 45.25-53.82 Q = 362.04-430.54 after 9428.0 sec [total]
done with H-- for K = 45.25-53.82 Q = 362.04-430.54 after 9428.2 sec [total]
done with UU for K = 53.82-64.00 Q = 362.04-430.54 after 9429.0 sec [total]
done with BB for K = 53.82-64.00 Q = 362.04-430.54 after 9430.0 sec [total]
done with UBTa for K = 53.82-64.00 Q = 362.04-430.54 after 9430.2 sec [total]
done with UBTb for K = 53.82-64.00 Q = 362.04-430.54 after 9430.4 sec [total]
done with UBTbA for K = 53.82-64.00 Q = 362.04-430.54 after 9430.6 sec [total]
done with UBTbC for K = 53.82-64.00 Q = 362.04-430.54 after 9430.9 sec [total]
done with H for K = 53.82-64.00 Q = 362.04-430.54 after 9431.8 sec [total]
done with H++ for K = 53.82-64.00 Q = 362.04-430.54 after 9434.9 sec [total]
done with H+- for K = 53.82-64.00 Q = 362.04-430.54 after 9436.1 sec [total]
done with H-+ for K = 53.82-64.00 Q = 362.04-430.54 after 9437.2 sec [total]
done with H-- for K = 53.82-64.00 Q = 362.04-430.54 after 9437.7 sec [total]
done with UU for K = 64.00-76.11 Q = 362.04-430.54 after 9438.6 sec [total]
done with BB for K = 64.00-76.11 Q = 362.04-430.54 after 9439.6 sec [total]
done with UBTa for K = 64.00-76.11 Q = 362.04-430.54 after 9439.8 sec [total]
done with UBTb for K = 64.00-76.11 Q = 362.04-430.54 after 9440.0 sec [total]
done with UBTbA for K = 64.00-76.11 Q = 362.04-430.54 after 9440.1 sec [total]
done with UBTbC for K = 64.00-76.11 Q = 362.04-430.54 after 9440.5 sec [total]
done with H for K = 64.00-76.11 Q = 362.04-430.54 after 9441.3 sec [total]
done with H++ for K = 64.00-76.11 Q = 362.04-430.54 after 9444.4 sec [total]
done with H+- for K = 64.00-76.11 Q = 362.04-430.54 after 9445.6 sec [total]
done with H-+ for K = 64.00-76.11 Q = 362.04-430.54 after 9446.8 sec [total]
done with H-- for K = 64.00-76.11 Q = 362.04-430.54 after 9447.2 sec [total]
done with UU for K = 76.11-90.51 Q = 362.04-430.54 after 9448.1 sec [total]
done with BB for K = 76.11-90.51 Q = 362.04-430.54 after 9449.2 sec [total]
done with UBTa for K = 76.11-90.51 Q = 362.04-430.54 after 9449.3 sec [total]
done with UBTb for K = 76.11-90.51 Q = 362.04-430.54 after 9449.5 sec [total]
done with UBTbA for K = 76.11-90.51 Q = 362.04-430.54 after 9449.7 sec [total]
done with UBTbC for K = 76.11-90.51 Q = 362.04-430.54 after 9450.0 sec [total]
done with H for K = 76.11-90.51 Q = 362.04-430.54 after 9450.9 sec [total]
done with H++ for K = 76.11-90.51 Q = 362.04-430.54 after 9454.0 sec [total]
done with H+- for K = 76.11-90.51 Q = 362.04-430.54 after 9455.2 sec [total]
done with H-+ for K = 76.11-90.51 Q = 362.04-430.54 after 9456.3 sec [total]
done with H-- for K = 76.11-90.51 Q = 362.04-430.54 after 9456.8 sec [total]
done with UU for K = 90.51-107.63 Q = 362.04-430.54 after 9457.7 sec [total]
done with BB for K = 90.51-107.63 Q = 362.04-430.54 after 9458.8 sec [total]
done with UBTa for K = 90.51-107.63 Q = 362.04-430.54 after 9458.9 sec [total]
done with UBTb for K = 90.51-107.63 Q = 362.04-430.54 after 9459.1 sec [total]
done with UBTbA for K = 90.51-107.63 Q = 362.04-430.54 after 9459.3 sec [total]
done with UBTbC for K = 90.51-107.63 Q = 362.04-430.54 after 9459.6 sec [total]
done with H for K = 90.51-107.63 Q = 362.04-430.54 after 9460.4 sec [total]
done with H++ for K = 90.51-107.63 Q = 362.04-430.54 after 9463.6 sec [total]
done with H+- for K = 90.51-107.63 Q = 362.04-430.54 after 9464.8 sec [total]
done with H-+ for K = 90.51-107.63 Q = 362.04-430.54 after 9465.8 sec [total]
done with H-- for K = 90.51-107.63 Q = 362.04-430.54 after 9466.4 sec [total]
done with UU for K = 107.63-128.00 Q = 362.04-430.54 after 9467.3 sec [total]
done with BB for K = 107.63-128.00 Q = 362.04-430.54 after 9468.2 sec [total]
done with UBTa for K = 107.63-128.00 Q = 362.04-430.54 after 9468.4 sec [total]
done with UBTb for K = 107.63-128.00 Q = 362.04-430.54 after 9468.6 sec [total]
done with UBTbA for K = 107.63-128.00 Q = 362.04-430.54 after 9468.8 sec [total]
done with UBTbC for K = 107.63-128.00 Q = 362.04-430.54 after 9469.1 sec [total]
done with H for K = 107.63-128.00 Q = 362.04-430.54 after 9470.0 sec [total]
done with H++ for K = 107.63-128.00 Q = 362.04-430.54 after 9473.2 sec [total]
done with H+- for K = 107.63-128.00 Q = 362.04-430.54 after 9474.3 sec [total]
done with H-+ for K = 107.63-128.00 Q = 362.04-430.54 after 9475.4 sec [total]
done with H-- for K = 107.63-128.00 Q = 362.04-430.54 after 9475.9 sec [total]
done with UU for K = 128.00-152.22 Q = 362.04-430.54 after 9476.8 sec [total]
done with BB for K = 128.00-152.22 Q = 362.04-430.54 after 9477.9 sec [total]
done with UBTa for K = 128.00-152.22 Q = 362.04-430.54 after 9478.1 sec [total]
done with UBTb for K = 128.00-152.22 Q = 362.04-430.54 after 9478.3 sec [total]
done with UBTbA for K = 128.00-152.22 Q = 362.04-430.54 after 9478.5 sec [total]
done with UBTbC for K = 128.00-152.22 Q = 362.04-430.54 after 9478.8 sec [total]
done with H for K = 128.00-152.22 Q = 362.04-430.54 after 9479.6 sec [total]
done with H++ for K = 128.00-152.22 Q = 362.04-430.54 after 9482.7 sec [total]
done with H+- for K = 128.00-152.22 Q = 362.04-430.54 after 9484.0 sec [total]
done with H-+ for K = 128.00-152.22 Q = 362.04-430.54 after 9485.2 sec [total]
done with H-- for K = 128.00-152.22 Q = 362.04-430.54 after 9485.5 sec [total]
done with UU for K = 152.22-181.02 Q = 362.04-430.54 after 9486.4 sec [total]
done with BB for K = 152.22-181.02 Q = 362.04-430.54 after 9487.5 sec [total]
done with UBTa for K = 152.22-181.02 Q = 362.04-430.54 after 9487.7 sec [total]
done with UBTb for K = 152.22-181.02 Q = 362.04-430.54 after 9487.8 sec [total]
done with UBTbA for K = 152.22-181.02 Q = 362.04-430.54 after 9488.0 sec [total]
done with UBTbC for K = 152.22-181.02 Q = 362.04-430.54 after 9488.3 sec [total]
done with H for K = 152.22-181.02 Q = 362.04-430.54 after 9489.2 sec [total]
done with H++ for K = 152.22-181.02 Q = 362.04-430.54 after 9492.3 sec [total]
done with H+- for K = 152.22-181.02 Q = 362.04-430.54 after 9493.5 sec [total]
done with H-+ for K = 152.22-181.02 Q = 362.04-430.54 after 9494.6 sec [total]
done with H-- for K = 152.22-181.02 Q = 362.04-430.54 after 9495.1 sec [total]
done with UU for K = 181.02-215.27 Q = 362.04-430.54 after 9496.0 sec [total]
done with BB for K = 181.02-215.27 Q = 362.04-430.54 after 9497.1 sec [total]
done with UBTa for K = 181.02-215.27 Q = 362.04-430.54 after 9497.2 sec [total]
done with UBTb for K = 181.02-215.27 Q = 362.04-430.54 after 9497.4 sec [total]
done with UBTbA for K = 181.02-215.27 Q = 362.04-430.54 after 9497.6 sec [total]
done with UBTbC for K = 181.02-215.27 Q = 362.04-430.54 after 9497.9 sec [total]
done with H for K = 181.02-215.27 Q = 362.04-430.54 after 9498.7 sec [total]
done with H++ for K = 181.02-215.27 Q = 362.04-430.54 after 9501.9 sec [total]
done with H+- for K = 181.02-215.27 Q = 362.04-430.54 after 9503.0 sec [total]
done with H-+ for K = 181.02-215.27 Q = 362.04-430.54 after 9504.1 sec [total]
done with H-- for K = 181.02-215.27 Q = 362.04-430.54 after 9504.7 sec [total]
done with UU for K = 215.27-256.00 Q = 362.04-430.54 after 9505.6 sec [total]
done with BB for K = 215.27-256.00 Q = 362.04-430.54 after 9506.7 sec [total]
done with UBTa for K = 215.27-256.00 Q = 362.04-430.54 after 9506.9 sec [total]
done with UBTb for K = 215.27-256.00 Q = 362.04-430.54 after 9507.0 sec [total]
done with UBTbA for K = 215.27-256.00 Q = 362.04-430.54 after 9507.3 sec [total]
done with UBTbC for K = 215.27-256.00 Q = 362.04-430.54 after 9507.6 sec [total]
done with H for K = 215.27-256.00 Q = 362.04-430.54 after 9508.4 sec [total]
done with H++ for K = 215.27-256.00 Q = 362.04-430.54 after 9511.6 sec [total]
done with H+- for K = 215.27-256.00 Q = 362.04-430.54 after 9512.8 sec [total]
done with H-+ for K = 215.27-256.00 Q = 362.04-430.54 after 9514.0 sec [total]
done with H-- for K = 215.27-256.00 Q = 362.04-430.54 after 9514.3 sec [total]
done with UU for K = 256.00-304.44 Q = 362.04-430.54 after 9515.2 sec [total]
done with BB for K = 256.00-304.44 Q = 362.04-430.54 after 9516.2 sec [total]
done with UBTa for K = 256.00-304.44 Q = 362.04-430.54 after 9516.4 sec [total]
done with UBTb for K = 256.00-304.44 Q = 362.04-430.54 after 9516.6 sec [total]
done with UBTbA for K = 256.00-304.44 Q = 362.04-430.54 after 9516.8 sec [total]
done with UBTbC for K = 256.00-304.44 Q = 362.04-430.54 after 9517.1 sec [total]
done with H for K = 256.00-304.44 Q = 362.04-430.54 after 9517.9 sec [total]
done with H++ for K = 256.00-304.44 Q = 362.04-430.54 after 9521.0 sec [total]
done with H+- for K = 256.00-304.44 Q = 362.04-430.54 after 9522.3 sec [total]
done with H-+ for K = 256.00-304.44 Q = 362.04-430.54 after 9523.4 sec [total]
done with H-- for K = 256.00-304.44 Q = 362.04-430.54 after 9523.8 sec [total]
done with UU for K = 304.44-362.04 Q = 362.04-430.54 after 9524.7 sec [total]
done with BB for K = 304.44-362.04 Q = 362.04-430.54 after 9525.7 sec [total]
done with UBTa for K = 304.44-362.04 Q = 362.04-430.54 after 9525.9 sec [total]
done with UBTb for K = 304.44-362.04 Q = 362.04-430.54 after 9526.1 sec [total]
done with UBTbA for K = 304.44-362.04 Q = 362.04-430.54 after 9526.3 sec [total]
done with UBTbC for K = 304.44-362.04 Q = 362.04-430.54 after 9526.6 sec [total]
done with H for K = 304.44-362.04 Q = 362.04-430.54 after 9527.4 sec [total]
done with H++ for K = 304.44-362.04 Q = 362.04-430.54 after 9530.6 sec [total]
done with H+- for K = 304.44-362.04 Q = 362.04-430.54 after 9531.8 sec [total]
done with H-+ for K = 304.44-362.04 Q = 362.04-430.54 after 9533.0 sec [total]
done with H-- for K = 304.44-362.04 Q = 362.04-430.54 after 9533.4 sec [total]
done with UU for K = 362.04-430.54 Q = 362.04-430.54 after 9534.2 sec [total]
done with BB for K = 362.04-430.54 Q = 362.04-430.54 after 9535.3 sec [total]
done with UBTa for K = 362.04-430.54 Q = 362.04-430.54 after 9535.5 sec [total]
done with UBTb for K = 362.04-430.54 Q = 362.04-430.54 after 9535.7 sec [total]
done with UBTbA for K = 362.04-430.54 Q = 362.04-430.54 after 9535.9 sec [total]
done with UBTbC for K = 362.04-430.54 Q = 362.04-430.54 after 9536.2 sec [total]
done with H for K = 362.04-430.54 Q = 362.04-430.54 after 9537.0 sec [total]
done with H++ for K = 362.04-430.54 Q = 362.04-430.54 after 9540.2 sec [total]
done with H+- for K = 362.04-430.54 Q = 362.04-430.54 after 9541.5 sec [total]
done with H-+ for K = 362.04-430.54 Q = 362.04-430.54 after 9542.7 sec [total]
done with H-- for K = 362.04-430.54 Q = 362.04-430.54 after 9542.9 sec [total]
done with UU for K = 430.54-512.00 Q = 362.04-430.54 after 9543.8 sec [total]
done with BB for K = 430.54-512.00 Q = 362.04-430.54 after 9544.8 sec [total]
done with UBTa for K = 430.54-512.00 Q = 362.04-430.54 after 9545.0 sec [total]
done with UBTb for K = 430.54-512.00 Q = 362.04-430.54 after 9545.2 sec [total]
done with UBTbA for K = 430.54-512.00 Q = 362.04-430.54 after 9545.4 sec [total]
done with UBTbC for K = 430.54-512.00 Q = 362.04-430.54 after 9545.7 sec [total]
done with H for K = 430.54-512.00 Q = 362.04-430.54 after 9546.6 sec [total]
done with H++ for K = 430.54-512.00 Q = 362.04-430.54 after 9549.8 sec [total]
done with H+- for K = 430.54-512.00 Q = 362.04-430.54 after 9551.0 sec [total]
done with H-+ for K = 430.54-512.00 Q = 362.04-430.54 after 9552.2 sec [total]
done with H-- for K = 430.54-512.00 Q = 362.04-430.54 after 9552.5 sec [total]
done with UU for K = 512.00-608.87 Q = 362.04-430.54 after 9553.4 sec [total]
done with BB for K = 512.00-608.87 Q = 362.04-430.54 after 9554.4 sec [total]
done with UBTa for K = 512.00-608.87 Q = 362.04-430.54 after 9554.6 sec [total]
done with UBTb for K = 512.00-608.87 Q = 362.04-430.54 after 9554.8 sec [total]
done with UBTbA for K = 512.00-608.87 Q = 362.04-430.54 after 9554.9 sec [total]
done with UBTbC for K = 512.00-608.87 Q = 362.04-430.54 after 9555.3 sec [total]
done with H for K = 512.00-608.87 Q = 362.04-430.54 after 9556.2 sec [total]
done with H++ for K = 512.00-608.87 Q = 362.04-430.54 after 9559.3 sec [total]
done with H+- for K = 512.00-608.87 Q = 362.04-430.54 after 9560.5 sec [total]
done with H-+ for K = 512.00-608.87 Q = 362.04-430.54 after 9561.5 sec [total]
done with H-- for K = 512.00-608.87 Q = 362.04-430.54 after 9562.1 sec [total]
done with UU for K = 608.87-724.08 Q = 362.04-430.54 after 9563.0 sec [total]
done with BB for K = 608.87-724.08 Q = 362.04-430.54 after 9564.0 sec [total]
done with UBTa for K = 608.87-724.08 Q = 362.04-430.54 after 9564.2 sec [total]
done with UBTb for K = 608.87-724.08 Q = 362.04-430.54 after 9564.4 sec [total]
done with UBTbA for K = 608.87-724.08 Q = 362.04-430.54 after 9564.6 sec [total]
done with UBTbC for K = 608.87-724.08 Q = 362.04-430.54 after 9564.9 sec [total]
done with H for K = 608.87-724.08 Q = 362.04-430.54 after 9565.8 sec [total]
done with H++ for K = 608.87-724.08 Q = 362.04-430.54 after 9568.9 sec [total]
done with H+- for K = 608.87-724.08 Q = 362.04-430.54 after 9570.2 sec [total]
done with H-+ for K = 608.87-724.08 Q = 362.04-430.54 after 9571.5 sec [total]
done with H-- for K = 608.87-724.08 Q = 362.04-430.54 after 9571.7 sec [total]
done with UU for K = 724.08-861.08 Q = 362.04-430.54 after 9572.6 sec [total]
done with BB for K = 724.08-861.08 Q = 362.04-430.54 after 9573.7 sec [total]
done with UBTa for K = 724.08-861.08 Q = 362.04-430.54 after 9573.9 sec [total]
done with UBTb for K = 724.08-861.08 Q = 362.04-430.54 after 9574.1 sec [total]
done with UBTbA for K = 724.08-861.08 Q = 362.04-430.54 after 9574.2 sec [total]
done with UBTbC for K = 724.08-861.08 Q = 362.04-430.54 after 9574.5 sec [total]
done with H for K = 724.08-861.08 Q = 362.04-430.54 after 9575.4 sec [total]
done with H++ for K = 724.08-861.08 Q = 362.04-430.54 after 9578.5 sec [total]
done with H+- for K = 724.08-861.08 Q = 362.04-430.54 after 9579.6 sec [total]
done with H-+ for K = 724.08-861.08 Q = 362.04-430.54 after 9580.7 sec [total]
done with H-- for K = 724.08-861.08 Q = 362.04-430.54 after 9581.3 sec [total]
done with UU for K = 861.08-1024.00 Q = 362.04-430.54 after 9582.2 sec [total]
done with BB for K = 861.08-1024.00 Q = 362.04-430.54 after 9583.2 sec [total]
done with UBTa for K = 861.08-1024.00 Q = 362.04-430.54 after 9583.4 sec [total]
done with UBTb for K = 861.08-1024.00 Q = 362.04-430.54 after 9583.5 sec [total]
done with UBTbA for K = 861.08-1024.00 Q = 362.04-430.54 after 9583.7 sec [total]
done with UBTbC for K = 861.08-1024.00 Q = 362.04-430.54 after 9584.1 sec [total]
done with H for K = 861.08-1024.00 Q = 362.04-430.54 after 9584.9 sec [total]
done with H++ for K = 861.08-1024.00 Q = 362.04-430.54 after 9588.0 sec [total]
done with H+- for K = 861.08-1024.00 Q = 362.04-430.54 after 9589.2 sec [total]
done with H-+ for K = 861.08-1024.00 Q = 362.04-430.54 after 9590.3 sec [total]
done with H-- for K = 861.08-1024.00 Q = 362.04-430.54 after 9590.8 sec [total]
done with UU for K = 0.00-3.36 Q = 430.54-512.00 after 9592.5 sec [total]
done with BB for K = 0.00-3.36 Q = 430.54-512.00 after 9594.8 sec [total]
done with UBTa for K = 0.00-3.36 Q = 430.54-512.00 after 9595.8 sec [total]
done with UBTb for K = 0.00-3.36 Q = 430.54-512.00 after 9596.9 sec [total]
done with UBTbA for K = 0.00-3.36 Q = 430.54-512.00 after 9597.8 sec [total]
done with UBTbC for K = 0.00-3.36 Q = 430.54-512.00 after 9598.1 sec [total]
done with H for K = 0.00-3.36 Q = 430.54-512.00 after 9599.1 sec [total]
done with H++ for K = 0.00-3.36 Q = 430.54-512.00 after 9602.2 sec [total]
done with H+- for K = 0.00-3.36 Q = 430.54-512.00 after 9603.5 sec [total]
done with H-+ for K = 0.00-3.36 Q = 430.54-512.00 after 9604.8 sec [total]
done with H-- for K = 0.00-3.36 Q = 430.54-512.00 after 9605.0 sec [total]
done with UU for K = 3.36-4.00 Q = 430.54-512.00 after 9605.9 sec [total]
done with BB for K = 3.36-4.00 Q = 430.54-512.00 after 9606.9 sec [total]
done with UBTa for K = 3.36-4.00 Q = 430.54-512.00 after 9607.1 sec [total]
done with UBTb for K = 3.36-4.00 Q = 430.54-512.00 after 9607.3 sec [total]
done with UBTbA for K = 3.36-4.00 Q = 430.54-512.00 after 9607.5 sec [total]
done with UBTbC for K = 3.36-4.00 Q = 430.54-512.00 after 9607.8 sec [total]
done with H for K = 3.36-4.00 Q = 430.54-512.00 after 9608.6 sec [total]
done with H++ for K = 3.36-4.00 Q = 430.54-512.00 after 9611.7 sec [total]
done with H+- for K = 3.36-4.00 Q = 430.54-512.00 after 9612.8 sec [total]
done with H-+ for K = 3.36-4.00 Q = 430.54-512.00 after 9614.0 sec [total]
done with H-- for K = 3.36-4.00 Q = 430.54-512.00 after 9614.5 sec [total]
done with UU for K = 4.00-4.76 Q = 430.54-512.00 after 9615.4 sec [total]
done with BB for K = 4.00-4.76 Q = 430.54-512.00 after 9616.4 sec [total]
done with UBTa for K = 4.00-4.76 Q = 430.54-512.00 after 9616.6 sec [total]
done with UBTb for K = 4.00-4.76 Q = 430.54-512.00 after 9616.8 sec [total]
done with UBTbA for K = 4.00-4.76 Q = 430.54-512.00 after 9617.0 sec [total]
done with UBTbC for K = 4.00-4.76 Q = 430.54-512.00 after 9617.3 sec [total]
done with H for K = 4.00-4.76 Q = 430.54-512.00 after 9618.2 sec [total]
done with H++ for K = 4.00-4.76 Q = 430.54-512.00 after 9621.3 sec [total]
done with H+- for K = 4.00-4.76 Q = 430.54-512.00 after 9622.4 sec [total]
done with H-+ for K = 4.00-4.76 Q = 430.54-512.00 after 9623.5 sec [total]
done with H-- for K = 4.00-4.76 Q = 430.54-512.00 after 9624.0 sec [total]
done with UU for K = 4.76-5.66 Q = 430.54-512.00 after 9624.9 sec [total]
done with BB for K = 4.76-5.66 Q = 430.54-512.00 after 9626.0 sec [total]
done with UBTa for K = 4.76-5.66 Q = 430.54-512.00 after 9626.2 sec [total]
done with UBTb for K = 4.76-5.66 Q = 430.54-512.00 after 9626.3 sec [total]
done with UBTbA for K = 4.76-5.66 Q = 430.54-512.00 after 9626.5 sec [total]
done with UBTbC for K = 4.76-5.66 Q = 430.54-512.00 after 9626.9 sec [total]
done with H for K = 4.76-5.66 Q = 430.54-512.00 after 9627.7 sec [total]
done with H++ for K = 4.76-5.66 Q = 430.54-512.00 after 9630.8 sec [total]
done with H+- for K = 4.76-5.66 Q = 430.54-512.00 after 9631.9 sec [total]
done with H-+ for K = 4.76-5.66 Q = 430.54-512.00 after 9633.0 sec [total]
done with H-- for K = 4.76-5.66 Q = 430.54-512.00 after 9633.5 sec [total]
done with UU for K = 5.66-6.73 Q = 430.54-512.00 after 9634.4 sec [total]
done with BB for K = 5.66-6.73 Q = 430.54-512.00 after 9635.5 sec [total]
done with UBTa for K = 5.66-6.73 Q = 430.54-512.00 after 9635.6 sec [total]
done with UBTb for K = 5.66-6.73 Q = 430.54-512.00 after 9635.8 sec [total]
done with UBTbA for K = 5.66-6.73 Q = 430.54-512.00 after 9636.0 sec [total]
done with UBTbC for K = 5.66-6.73 Q = 430.54-512.00 after 9636.4 sec [total]
done with H for K = 5.66-6.73 Q = 430.54-512.00 after 9637.2 sec [total]
done with H++ for K = 5.66-6.73 Q = 430.54-512.00 after 9640.3 sec [total]
done with H+- for K = 5.66-6.73 Q = 430.54-512.00 after 9641.5 sec [total]
done with H-+ for K = 5.66-6.73 Q = 430.54-512.00 after 9642.5 sec [total]
done with H-- for K = 5.66-6.73 Q = 430.54-512.00 after 9643.0 sec [total]
done with UU for K = 6.73-8.00 Q = 430.54-512.00 after 9644.0 sec [total]
done with BB for K = 6.73-8.00 Q = 430.54-512.00 after 9645.0 sec [total]
done with UBTa for K = 6.73-8.00 Q = 430.54-512.00 after 9645.2 sec [total]
done with UBTb for K = 6.73-8.00 Q = 430.54-512.00 after 9645.4 sec [total]
done with UBTbA for K = 6.73-8.00 Q = 430.54-512.00 after 9645.6 sec [total]
done with UBTbC for K = 6.73-8.00 Q = 430.54-512.00 after 9645.9 sec [total]
done with H for K = 6.73-8.00 Q = 430.54-512.00 after 9646.7 sec [total]
done with H++ for K = 6.73-8.00 Q = 430.54-512.00 after 9649.9 sec [total]
done with H+- for K = 6.73-8.00 Q = 430.54-512.00 after 9651.1 sec [total]
done with H-+ for K = 6.73-8.00 Q = 430.54-512.00 after 9652.4 sec [total]
done with H-- for K = 6.73-8.00 Q = 430.54-512.00 after 9652.6 sec [total]
done with UU for K = 8.00-9.51 Q = 430.54-512.00 after 9653.5 sec [total]
done with BB for K = 8.00-9.51 Q = 430.54-512.00 after 9654.5 sec [total]
done with UBTa for K = 8.00-9.51 Q = 430.54-512.00 after 9654.7 sec [total]
done with UBTb for K = 8.00-9.51 Q = 430.54-512.00 after 9654.8 sec [total]
done with UBTbA for K = 8.00-9.51 Q = 430.54-512.00 after 9655.0 sec [total]
done with UBTbC for K = 8.00-9.51 Q = 430.54-512.00 after 9655.4 sec [total]
done with H for K = 8.00-9.51 Q = 430.54-512.00 after 9656.2 sec [total]
done with H++ for K = 8.00-9.51 Q = 430.54-512.00 after 9659.4 sec [total]
done with H+- for K = 8.00-9.51 Q = 430.54-512.00 after 9660.5 sec [total]
done with H-+ for K = 8.00-9.51 Q = 430.54-512.00 after 9661.6 sec [total]
done with H-- for K = 8.00-9.51 Q = 430.54-512.00 after 9662.1 sec [total]
done with UU for K = 9.51-11.31 Q = 430.54-512.00 after 9663.0 sec [total]
done with BB for K = 9.51-11.31 Q = 430.54-512.00 after 9664.1 sec [total]
done with UBTa for K = 9.51-11.31 Q = 430.54-512.00 after 9664.2 sec [total]
done with UBTb for K = 9.51-11.31 Q = 430.54-512.00 after 9664.4 sec [total]
done with UBTbA for K = 9.51-11.31 Q = 430.54-512.00 after 9664.6 sec [total]
done with UBTbC for K = 9.51-11.31 Q = 430.54-512.00 after 9664.9 sec [total]
done with H for K = 9.51-11.31 Q = 430.54-512.00 after 9665.8 sec [total]
done with H++ for K = 9.51-11.31 Q = 430.54-512.00 after 9668.9 sec [total]
done with H+- for K = 9.51-11.31 Q = 430.54-512.00 after 9670.1 sec [total]
done with H-+ for K = 9.51-11.31 Q = 430.54-512.00 after 9671.2 sec [total]
done with H-- for K = 9.51-11.31 Q = 430.54-512.00 after 9671.7 sec [total]
done with UU for K = 11.31-13.45 Q = 430.54-512.00 after 9672.6 sec [total]
done with BB for K = 11.31-13.45 Q = 430.54-512.00 after 9673.6 sec [total]
done with UBTa for K = 11.31-13.45 Q = 430.54-512.00 after 9673.8 sec [total]
done with UBTb for K = 11.31-13.45 Q = 430.54-512.00 after 9673.9 sec [total]
done with UBTbA for K = 11.31-13.45 Q = 430.54-512.00 after 9674.1 sec [total]
done with UBTbC for K = 11.31-13.45 Q = 430.54-512.00 after 9674.4 sec [total]
done with H for K = 11.31-13.45 Q = 430.54-512.00 after 9675.3 sec [total]
done with H++ for K = 11.31-13.45 Q = 430.54-512.00 after 9678.5 sec [total]
done with H+- for K = 11.31-13.45 Q = 430.54-512.00 after 9679.6 sec [total]
done with H-+ for K = 11.31-13.45 Q = 430.54-512.00 after 9680.7 sec [total]
done with H-- for K = 11.31-13.45 Q = 430.54-512.00 after 9681.2 sec [total]
done with UU for K = 13.45-16.00 Q = 430.54-512.00 after 9682.1 sec [total]
done with BB for K = 13.45-16.00 Q = 430.54-512.00 after 9683.2 sec [total]
done with UBTa for K = 13.45-16.00 Q = 430.54-512.00 after 9683.4 sec [total]
done with UBTb for K = 13.45-16.00 Q = 430.54-512.00 after 9683.6 sec [total]
done with UBTbA for K = 13.45-16.00 Q = 430.54-512.00 after 9683.7 sec [total]
done with UBTbC for K = 13.45-16.00 Q = 430.54-512.00 after 9684.0 sec [total]
done with H for K = 13.45-16.00 Q = 430.54-512.00 after 9684.9 sec [total]
done with H++ for K = 13.45-16.00 Q = 430.54-512.00 after 9688.0 sec [total]
done with H+- for K = 13.45-16.00 Q = 430.54-512.00 after 9689.3 sec [total]
done with H-+ for K = 13.45-16.00 Q = 430.54-512.00 after 9690.6 sec [total]
done with H-- for K = 13.45-16.00 Q = 430.54-512.00 after 9690.8 sec [total]
done with UU for K = 16.00-19.03 Q = 430.54-512.00 after 9691.7 sec [total]
done with BB for K = 16.00-19.03 Q = 430.54-512.00 after 9692.7 sec [total]
done with UBTa for K = 16.00-19.03 Q = 430.54-512.00 after 9692.9 sec [total]
done with UBTb for K = 16.00-19.03 Q = 430.54-512.00 after 9693.1 sec [total]
done with UBTbA for K = 16.00-19.03 Q = 430.54-512.00 after 9693.3 sec [total]
done with UBTbC for K = 16.00-19.03 Q = 430.54-512.00 after 9693.6 sec [total]
done with H for K = 16.00-19.03 Q = 430.54-512.00 after 9694.5 sec [total]
done with H++ for K = 16.00-19.03 Q = 430.54-512.00 after 9697.7 sec [total]
done with H+- for K = 16.00-19.03 Q = 430.54-512.00 after 9698.9 sec [total]
done with H-+ for K = 16.00-19.03 Q = 430.54-512.00 after 9700.1 sec [total]
done with H-- for K = 16.00-19.03 Q = 430.54-512.00 after 9700.4 sec [total]
done with UU for K = 19.03-22.63 Q = 430.54-512.00 after 9701.3 sec [total]
done with BB for K = 19.03-22.63 Q = 430.54-512.00 after 9702.3 sec [total]
done with UBTa for K = 19.03-22.63 Q = 430.54-512.00 after 9702.4 sec [total]
done with UBTb for K = 19.03-22.63 Q = 430.54-512.00 after 9702.6 sec [total]
done with UBTbA for K = 19.03-22.63 Q = 430.54-512.00 after 9702.8 sec [total]
done with UBTbC for K = 19.03-22.63 Q = 430.54-512.00 after 9703.2 sec [total]
done with H for K = 19.03-22.63 Q = 430.54-512.00 after 9704.0 sec [total]
done with H++ for K = 19.03-22.63 Q = 430.54-512.00 after 9707.2 sec [total]
done with H+- for K = 19.03-22.63 Q = 430.54-512.00 after 9708.3 sec [total]
done with H-+ for K = 19.03-22.63 Q = 430.54-512.00 after 9709.5 sec [total]
done with H-- for K = 19.03-22.63 Q = 430.54-512.00 after 9709.9 sec [total]
done with UU for K = 22.63-26.91 Q = 430.54-512.00 after 9710.8 sec [total]
done with BB for K = 22.63-26.91 Q = 430.54-512.00 after 9711.9 sec [total]
done with UBTa for K = 22.63-26.91 Q = 430.54-512.00 after 9712.1 sec [total]
done with UBTb for K = 22.63-26.91 Q = 430.54-512.00 after 9712.3 sec [total]
done with UBTbA for K = 22.63-26.91 Q = 430.54-512.00 after 9712.5 sec [total]
done with UBTbC for K = 22.63-26.91 Q = 430.54-512.00 after 9712.8 sec [total]
done with H for K = 22.63-26.91 Q = 430.54-512.00 after 9713.5 sec [total]
done with H++ for K = 22.63-26.91 Q = 430.54-512.00 after 9716.6 sec [total]
done with H+- for K = 22.63-26.91 Q = 430.54-512.00 after 9717.9 sec [total]
done with H-+ for K = 22.63-26.91 Q = 430.54-512.00 after 9719.2 sec [total]
done with H-- for K = 22.63-26.91 Q = 430.54-512.00 after 9719.4 sec [total]
done with UU for K = 26.91-32.00 Q = 430.54-512.00 after 9720.3 sec [total]
done with BB for K = 26.91-32.00 Q = 430.54-512.00 after 9721.3 sec [total]
done with UBTa for K = 26.91-32.00 Q = 430.54-512.00 after 9721.5 sec [total]
done with UBTb for K = 26.91-32.00 Q = 430.54-512.00 after 9721.7 sec [total]
done with UBTbA for K = 26.91-32.00 Q = 430.54-512.00 after 9721.9 sec [total]
done with UBTbC for K = 26.91-32.00 Q = 430.54-512.00 after 9722.2 sec [total]
done with H for K = 26.91-32.00 Q = 430.54-512.00 after 9723.0 sec [total]
done with H++ for K = 26.91-32.00 Q = 430.54-512.00 after 9726.2 sec [total]
done with H+- for K = 26.91-32.00 Q = 430.54-512.00 after 9727.4 sec [total]
done with H-+ for K = 26.91-32.00 Q = 430.54-512.00 after 9728.6 sec [total]
done with H-- for K = 26.91-32.00 Q = 430.54-512.00 after 9729.0 sec [total]
done with UU for K = 32.00-38.05 Q = 430.54-512.00 after 9729.8 sec [total]
done with BB for K = 32.00-38.05 Q = 430.54-512.00 after 9730.9 sec [total]
done with UBTa for K = 32.00-38.05 Q = 430.54-512.00 after 9731.0 sec [total]
done with UBTb for K = 32.00-38.05 Q = 430.54-512.00 after 9731.2 sec [total]
done with UBTbA for K = 32.00-38.05 Q = 430.54-512.00 after 9731.4 sec [total]
done with UBTbC for K = 32.00-38.05 Q = 430.54-512.00 after 9731.8 sec [total]
done with H for K = 32.00-38.05 Q = 430.54-512.00 after 9732.6 sec [total]
done with H++ for K = 32.00-38.05 Q = 430.54-512.00 after 9735.8 sec [total]
done with H+- for K = 32.00-38.05 Q = 430.54-512.00 after 9736.9 sec [total]
done with H-+ for K = 32.00-38.05 Q = 430.54-512.00 after 9738.2 sec [total]
done with H-- for K = 32.00-38.05 Q = 430.54-512.00 after 9738.5 sec [total]
done with UU for K = 38.05-45.25 Q = 430.54-512.00 after 9739.4 sec [total]
done with BB for K = 38.05-45.25 Q = 430.54-512.00 after 9740.5 sec [total]
done with UBTa for K = 38.05-45.25 Q = 430.54-512.00 after 9740.7 sec [total]
done with UBTb for K = 38.05-45.25 Q = 430.54-512.00 after 9740.9 sec [total]
done with UBTbA for K = 38.05-45.25 Q = 430.54-512.00 after 9741.1 sec [total]
done with UBTbC for K = 38.05-45.25 Q = 430.54-512.00 after 9741.4 sec [total]
done with H for K = 38.05-45.25 Q = 430.54-512.00 after 9742.2 sec [total]
done with H++ for K = 38.05-45.25 Q = 430.54-512.00 after 9745.3 sec [total]
done with H+- for K = 38.05-45.25 Q = 430.54-512.00 after 9746.4 sec [total]
done with H-+ for K = 38.05-45.25 Q = 430.54-512.00 after 9747.5 sec [total]
done with H-- for K = 38.05-45.25 Q = 430.54-512.00 after 9748.1 sec [total]
done with UU for K = 45.25-53.82 Q = 430.54-512.00 after 9749.0 sec [total]
done with BB for K = 45.25-53.82 Q = 430.54-512.00 after 9750.0 sec [total]
done with UBTa for K = 45.25-53.82 Q = 430.54-512.00 after 9750.2 sec [total]
done with UBTb for K = 45.25-53.82 Q = 430.54-512.00 after 9750.4 sec [total]
done with UBTbA for K = 45.25-53.82 Q = 430.54-512.00 after 9750.6 sec [total]
done with UBTbC for K = 45.25-53.82 Q = 430.54-512.00 after 9750.9 sec [total]
done with H for K = 45.25-53.82 Q = 430.54-512.00 after 9751.7 sec [total]
done with H++ for K = 45.25-53.82 Q = 430.54-512.00 after 9754.9 sec [total]
done with H+- for K = 45.25-53.82 Q = 430.54-512.00 after 9756.1 sec [total]
done with H-+ for K = 45.25-53.82 Q = 430.54-512.00 after 9757.2 sec [total]
done with H-- for K = 45.25-53.82 Q = 430.54-512.00 after 9757.7 sec [total]
done with UU for K = 53.82-64.00 Q = 430.54-512.00 after 9758.6 sec [total]
done with BB for K = 53.82-64.00 Q = 430.54-512.00 after 9759.5 sec [total]
done with UBTa for K = 53.82-64.00 Q = 430.54-512.00 after 9759.7 sec [total]
done with UBTb for K = 53.82-64.00 Q = 430.54-512.00 after 9759.9 sec [total]
done with UBTbA for K = 53.82-64.00 Q = 430.54-512.00 after 9760.1 sec [total]
done with UBTbC for K = 53.82-64.00 Q = 430.54-512.00 after 9760.5 sec [total]
done with H for K = 53.82-64.00 Q = 430.54-512.00 after 9761.3 sec [total]
done with H++ for K = 53.82-64.00 Q = 430.54-512.00 after 9764.4 sec [total]
done with H+- for K = 53.82-64.00 Q = 430.54-512.00 after 9765.7 sec [total]
done with H-+ for K = 53.82-64.00 Q = 430.54-512.00 after 9767.0 sec [total]
done with H-- for K = 53.82-64.00 Q = 430.54-512.00 after 9767.2 sec [total]
done with UU for K = 64.00-76.11 Q = 430.54-512.00 after 9768.1 sec [total]
done with BB for K = 64.00-76.11 Q = 430.54-512.00 after 9769.1 sec [total]
done with UBTa for K = 64.00-76.11 Q = 430.54-512.00 after 9769.3 sec [total]
done with UBTb for K = 64.00-76.11 Q = 430.54-512.00 after 9769.5 sec [total]
done with UBTbA for K = 64.00-76.11 Q = 430.54-512.00 after 9769.7 sec [total]
done with UBTbC for K = 64.00-76.11 Q = 430.54-512.00 after 9770.0 sec [total]
done with H for K = 64.00-76.11 Q = 430.54-512.00 after 9770.8 sec [total]
done with H++ for K = 64.00-76.11 Q = 430.54-512.00 after 9774.0 sec [total]
done with H+- for K = 64.00-76.11 Q = 430.54-512.00 after 9775.2 sec [total]
done with H-+ for K = 64.00-76.11 Q = 430.54-512.00 after 9776.4 sec [total]
done with H-- for K = 64.00-76.11 Q = 430.54-512.00 after 9776.8 sec [total]
done with UU for K = 76.11-90.51 Q = 430.54-512.00 after 9777.7 sec [total]
done with BB for K = 76.11-90.51 Q = 430.54-512.00 after 9778.7 sec [total]
done with UBTa for K = 76.11-90.51 Q = 430.54-512.00 after 9778.8 sec [total]
done with UBTb for K = 76.11-90.51 Q = 430.54-512.00 after 9779.0 sec [total]
done with UBTbA for K = 76.11-90.51 Q = 430.54-512.00 after 9779.2 sec [total]
done with UBTbC for K = 76.11-90.51 Q = 430.54-512.00 after 9779.6 sec [total]
done with H for K = 76.11-90.51 Q = 430.54-512.00 after 9780.4 sec [total]
done with H++ for K = 76.11-90.51 Q = 430.54-512.00 after 9783.6 sec [total]
done with H+- for K = 76.11-90.51 Q = 430.54-512.00 after 9784.8 sec [total]
done with H-+ for K = 76.11-90.51 Q = 430.54-512.00 after 9786.0 sec [total]
done with H-- for K = 76.11-90.51 Q = 430.54-512.00 after 9786.3 sec [total]
done with UU for K = 90.51-107.63 Q = 430.54-512.00 after 9787.2 sec [total]
done with BB for K = 90.51-107.63 Q = 430.54-512.00 after 9788.2 sec [total]
done with UBTa for K = 90.51-107.63 Q = 430.54-512.00 after 9788.4 sec [total]
done with UBTb for K = 90.51-107.63 Q = 430.54-512.00 after 9788.6 sec [total]
done with UBTbA for K = 90.51-107.63 Q = 430.54-512.00 after 9788.8 sec [total]
done with UBTbC for K = 90.51-107.63 Q = 430.54-512.00 after 9789.1 sec [total]
done with H for K = 90.51-107.63 Q = 430.54-512.00 after 9790.0 sec [total]
done with H++ for K = 90.51-107.63 Q = 430.54-512.00 after 9793.1 sec [total]
done with H+- for K = 90.51-107.63 Q = 430.54-512.00 after 9794.4 sec [total]
done with H-+ for K = 90.51-107.63 Q = 430.54-512.00 after 9795.7 sec [total]
done with H-- for K = 90.51-107.63 Q = 430.54-512.00 after 9795.9 sec [total]
done with UU for K = 107.63-128.00 Q = 430.54-512.00 after 9796.8 sec [total]
done with BB for K = 107.63-128.00 Q = 430.54-512.00 after 9797.8 sec [total]
done with UBTa for K = 107.63-128.00 Q = 430.54-512.00 after 9798.0 sec [total]
done with UBTb for K = 107.63-128.00 Q = 430.54-512.00 after 9798.1 sec [total]
done with UBTbA for K = 107.63-128.00 Q = 430.54-512.00 after 9798.3 sec [total]
done with UBTbC for K = 107.63-128.00 Q = 430.54-512.00 after 9798.7 sec [total]
done with H for K = 107.63-128.00 Q = 430.54-512.00 after 9799.5 sec [total]
done with H++ for K = 107.63-128.00 Q = 430.54-512.00 after 9802.6 sec [total]
done with H+- for K = 107.63-128.00 Q = 430.54-512.00 after 9803.9 sec [total]
done with H-+ for K = 107.63-128.00 Q = 430.54-512.00 after 9804.8 sec [total]
done with H-- for K = 107.63-128.00 Q = 430.54-512.00 after 9805.4 sec [total]
done with UU for K = 128.00-152.22 Q = 430.54-512.00 after 9806.3 sec [total]
done with BB for K = 128.00-152.22 Q = 430.54-512.00 after 9807.4 sec [total]
done with UBTa for K = 128.00-152.22 Q = 430.54-512.00 after 9807.5 sec [total]
done with UBTb for K = 128.00-152.22 Q = 430.54-512.00 after 9807.7 sec [total]
done with UBTbA for K = 128.00-152.22 Q = 430.54-512.00 after 9807.9 sec [total]
done with UBTbC for K = 128.00-152.22 Q = 430.54-512.00 after 9808.2 sec [total]
done with H for K = 128.00-152.22 Q = 430.54-512.00 after 9809.1 sec [total]
done with H++ for K = 128.00-152.22 Q = 430.54-512.00 after 9812.2 sec [total]
done with H+- for K = 128.00-152.22 Q = 430.54-512.00 after 9813.5 sec [total]
done with H-+ for K = 128.00-152.22 Q = 430.54-512.00 after 9814.7 sec [total]
done with H-- for K = 128.00-152.22 Q = 430.54-512.00 after 9815.0 sec [total]
done with UU for K = 152.22-181.02 Q = 430.54-512.00 after 9815.9 sec [total]
done with BB for K = 152.22-181.02 Q = 430.54-512.00 after 9817.0 sec [total]
done with UBTa for K = 152.22-181.02 Q = 430.54-512.00 after 9817.2 sec [total]
done with UBTb for K = 152.22-181.02 Q = 430.54-512.00 after 9817.3 sec [total]
done with UBTbA for K = 152.22-181.02 Q = 430.54-512.00 after 9817.5 sec [total]
done with UBTbC for K = 152.22-181.02 Q = 430.54-512.00 after 9817.9 sec [total]
done with H for K = 152.22-181.02 Q = 430.54-512.00 after 9818.6 sec [total]
done with H++ for K = 152.22-181.02 Q = 430.54-512.00 after 9821.7 sec [total]
done with H+- for K = 152.22-181.02 Q = 430.54-512.00 after 9822.9 sec [total]
done with H-+ for K = 152.22-181.02 Q = 430.54-512.00 after 9824.0 sec [total]
done with H-- for K = 152.22-181.02 Q = 430.54-512.00 after 9824.5 sec [total]
done with UU for K = 181.02-215.27 Q = 430.54-512.00 after 9825.4 sec [total]
done with BB for K = 181.02-215.27 Q = 430.54-512.00 after 9826.4 sec [total]
done with UBTa for K = 181.02-215.27 Q = 430.54-512.00 after 9826.6 sec [total]
done with UBTb for K = 181.02-215.27 Q = 430.54-512.00 after 9826.8 sec [total]
done with UBTbA for K = 181.02-215.27 Q = 430.54-512.00 after 9827.0 sec [total]
done with UBTbC for K = 181.02-215.27 Q = 430.54-512.00 after 9827.3 sec [total]
done with H for K = 181.02-215.27 Q = 430.54-512.00 after 9828.1 sec [total]
done with H++ for K = 181.02-215.27 Q = 430.54-512.00 after 9831.3 sec [total]
done with H+- for K = 181.02-215.27 Q = 430.54-512.00 after 9832.3 sec [total]
done with H-+ for K = 181.02-215.27 Q = 430.54-512.00 after 9833.4 sec [total]
done with H-- for K = 181.02-215.27 Q = 430.54-512.00 after 9834.0 sec [total]
done with UU for K = 215.27-256.00 Q = 430.54-512.00 after 9834.9 sec [total]
done with BB for K = 215.27-256.00 Q = 430.54-512.00 after 9836.0 sec [total]
done with UBTa for K = 215.27-256.00 Q = 430.54-512.00 after 9836.2 sec [total]
done with UBTb for K = 215.27-256.00 Q = 430.54-512.00 after 9836.4 sec [total]
done with UBTbA for K = 215.27-256.00 Q = 430.54-512.00 after 9836.5 sec [total]
done with UBTbC for K = 215.27-256.00 Q = 430.54-512.00 after 9836.9 sec [total]
done with H for K = 215.27-256.00 Q = 430.54-512.00 after 9837.7 sec [total]
done with H++ for K = 215.27-256.00 Q = 430.54-512.00 after 9840.9 sec [total]
done with H+- for K = 215.27-256.00 Q = 430.54-512.00 after 9842.0 sec [total]
done with H-+ for K = 215.27-256.00 Q = 430.54-512.00 after 9843.1 sec [total]
done with H-- for K = 215.27-256.00 Q = 430.54-512.00 after 9843.6 sec [total]
done with UU for K = 256.00-304.44 Q = 430.54-512.00 after 9844.5 sec [total]
done with BB for K = 256.00-304.44 Q = 430.54-512.00 after 9845.6 sec [total]
done with UBTa for K = 256.00-304.44 Q = 430.54-512.00 after 9845.7 sec [total]
done with UBTb for K = 256.00-304.44 Q = 430.54-512.00 after 9845.9 sec [total]
done with UBTbA for K = 256.00-304.44 Q = 430.54-512.00 after 9846.1 sec [total]
done with UBTbC for K = 256.00-304.44 Q = 430.54-512.00 after 9846.5 sec [total]
done with H for K = 256.00-304.44 Q = 430.54-512.00 after 9847.2 sec [total]
done with H++ for K = 256.00-304.44 Q = 430.54-512.00 after 9850.3 sec [total]
done with H+- for K = 256.00-304.44 Q = 430.54-512.00 after 9851.4 sec [total]
done with H-+ for K = 256.00-304.44 Q = 430.54-512.00 after 9852.5 sec [total]
done with H-- for K = 256.00-304.44 Q = 430.54-512.00 after 9853.1 sec [total]
done with UU for K = 304.44-362.04 Q = 430.54-512.00 after 9854.0 sec [total]
done with BB for K = 304.44-362.04 Q = 430.54-512.00 after 9855.0 sec [total]
done with UBTa for K = 304.44-362.04 Q = 430.54-512.00 after 9855.2 sec [total]
done with UBTb for K = 304.44-362.04 Q = 430.54-512.00 after 9855.4 sec [total]
done with UBTbA for K = 304.44-362.04 Q = 430.54-512.00 after 9855.6 sec [total]
done with UBTbC for K = 304.44-362.04 Q = 430.54-512.00 after 9856.0 sec [total]
done with H for K = 304.44-362.04 Q = 430.54-512.00 after 9856.8 sec [total]
done with H++ for K = 304.44-362.04 Q = 430.54-512.00 after 9859.9 sec [total]
done with H+- for K = 304.44-362.04 Q = 430.54-512.00 after 9861.0 sec [total]
done with H-+ for K = 304.44-362.04 Q = 430.54-512.00 after 9862.0 sec [total]
done with H-- for K = 304.44-362.04 Q = 430.54-512.00 after 9862.7 sec [total]
done with UU for K = 362.04-430.54 Q = 430.54-512.00 after 9863.6 sec [total]
done with BB for K = 362.04-430.54 Q = 430.54-512.00 after 9864.7 sec [total]
done with UBTa for K = 362.04-430.54 Q = 430.54-512.00 after 9864.8 sec [total]
done with UBTb for K = 362.04-430.54 Q = 430.54-512.00 after 9865.0 sec [total]
done with UBTbA for K = 362.04-430.54 Q = 430.54-512.00 after 9865.2 sec [total]
done with UBTbC for K = 362.04-430.54 Q = 430.54-512.00 after 9865.6 sec [total]
done with H for K = 362.04-430.54 Q = 430.54-512.00 after 9866.4 sec [total]
done with H++ for K = 362.04-430.54 Q = 430.54-512.00 after 9869.5 sec [total]
done with H+- for K = 362.04-430.54 Q = 430.54-512.00 after 9870.7 sec [total]
done with H-+ for K = 362.04-430.54 Q = 430.54-512.00 after 9871.8 sec [total]
done with H-- for K = 362.04-430.54 Q = 430.54-512.00 after 9872.3 sec [total]
done with UU for K = 430.54-512.00 Q = 430.54-512.00 after 9873.2 sec [total]
done with BB for K = 430.54-512.00 Q = 430.54-512.00 after 9874.1 sec [total]
done with UBTa for K = 430.54-512.00 Q = 430.54-512.00 after 9874.3 sec [total]
done with UBTb for K = 430.54-512.00 Q = 430.54-512.00 after 9874.5 sec [total]
done with UBTbA for K = 430.54-512.00 Q = 430.54-512.00 after 9874.7 sec [total]
done with UBTbC for K = 430.54-512.00 Q = 430.54-512.00 after 9875.1 sec [total]
done with H for K = 430.54-512.00 Q = 430.54-512.00 after 9875.9 sec [total]
done with H++ for K = 430.54-512.00 Q = 430.54-512.00 after 9879.0 sec [total]
done with H+- for K = 430.54-512.00 Q = 430.54-512.00 after 9880.1 sec [total]
done with H-+ for K = 430.54-512.00 Q = 430.54-512.00 after 9881.3 sec [total]
done with H-- for K = 430.54-512.00 Q = 430.54-512.00 after 9881.8 sec [total]
done with UU for K = 512.00-608.87 Q = 430.54-512.00 after 9882.7 sec [total]
done with BB for K = 512.00-608.87 Q = 430.54-512.00 after 9883.7 sec [total]
done with UBTa for K = 512.00-608.87 Q = 430.54-512.00 after 9883.9 sec [total]
done with UBTb for K = 512.00-608.87 Q = 430.54-512.00 after 9884.1 sec [total]
done with UBTbA for K = 512.00-608.87 Q = 430.54-512.00 after 9884.3 sec [total]
done with UBTbC for K = 512.00-608.87 Q = 430.54-512.00 after 9884.6 sec [total]
done with H for K = 512.00-608.87 Q = 430.54-512.00 after 9885.4 sec [total]
done with H++ for K = 512.00-608.87 Q = 430.54-512.00 after 9888.5 sec [total]
done with H+- for K = 512.00-608.87 Q = 430.54-512.00 after 9889.7 sec [total]
done with H-+ for K = 512.00-608.87 Q = 430.54-512.00 after 9890.8 sec [total]
done with H-- for K = 512.00-608.87 Q = 430.54-512.00 after 9891.3 sec [total]
done with UU for K = 608.87-724.08 Q = 430.54-512.00 after 9892.2 sec [total]
done with BB for K = 608.87-724.08 Q = 430.54-512.00 after 9893.2 sec [total]
done with UBTa for K = 608.87-724.08 Q = 430.54-512.00 after 9893.4 sec [total]
done with UBTb for K = 608.87-724.08 Q = 430.54-512.00 after 9893.6 sec [total]
done with UBTbA for K = 608.87-724.08 Q = 430.54-512.00 after 9893.8 sec [total]
done with UBTbC for K = 608.87-724.08 Q = 430.54-512.00 after 9894.1 sec [total]
done with H for K = 608.87-724.08 Q = 430.54-512.00 after 9894.9 sec [total]
done with H++ for K = 608.87-724.08 Q = 430.54-512.00 after 9898.1 sec [total]
done with H+- for K = 608.87-724.08 Q = 430.54-512.00 after 9899.3 sec [total]
done with H-+ for K = 608.87-724.08 Q = 430.54-512.00 after 9900.4 sec [total]
done with H-- for K = 608.87-724.08 Q = 430.54-512.00 after 9900.9 sec [total]
done with UU for K = 724.08-861.08 Q = 430.54-512.00 after 9901.8 sec [total]
done with BB for K = 724.08-861.08 Q = 430.54-512.00 after 9902.8 sec [total]
done with UBTa for K = 724.08-861.08 Q = 430.54-512.00 after 9903.0 sec [total]
done with UBTb for K = 724.08-861.08 Q = 430.54-512.00 after 9903.1 sec [total]
done with UBTbA for K = 724.08-861.08 Q = 430.54-512.00 after 9903.3 sec [total]
done with UBTbC for K = 724.08-861.08 Q = 430.54-512.00 after 9903.6 sec [total]
done with H for K = 724.08-861.08 Q = 430.54-512.00 after 9904.5 sec [total]
done with H++ for K = 724.08-861.08 Q = 430.54-512.00 after 9907.6 sec [total]
done with H+- for K = 724.08-861.08 Q = 430.54-512.00 after 9908.8 sec [total]
done with H-+ for K = 724.08-861.08 Q = 430.54-512.00 after 9909.8 sec [total]
done with H-- for K = 724.08-861.08 Q = 430.54-512.00 after 9910.4 sec [total]
done with UU for K = 861.08-1024.00 Q = 430.54-512.00 after 9911.3 sec [total]
done with BB for K = 861.08-1024.00 Q = 430.54-512.00 after 9912.3 sec [total]
done with UBTa for K = 861.08-1024.00 Q = 430.54-512.00 after 9912.5 sec [total]
done with UBTb for K = 861.08-1024.00 Q = 430.54-512.00 after 9912.6 sec [total]
done with UBTbA for K = 861.08-1024.00 Q = 430.54-512.00 after 9912.8 sec [total]
done with UBTbC for K = 861.08-1024.00 Q = 430.54-512.00 after 9913.2 sec [total]
done with H for K = 861.08-1024.00 Q = 430.54-512.00 after 9914.0 sec [total]
done with H++ for K = 861.08-1024.00 Q = 430.54-512.00 after 9917.2 sec [total]
done with H+- for K = 861.08-1024.00 Q = 430.54-512.00 after 9918.3 sec [total]
done with H-+ for K = 861.08-1024.00 Q = 430.54-512.00 after 9919.5 sec [total]
done with H-- for K = 861.08-1024.00 Q = 430.54-512.00 after 9919.9 sec [total]
done with UU for K = 0.00-3.36 Q = 512.00-608.87 after 9921.6 sec [total]
done with BB for K = 0.00-3.36 Q = 512.00-608.87 after 9923.9 sec [total]
done with UBTa for K = 0.00-3.36 Q = 512.00-608.87 after 9924.9 sec [total]
done with UBTb for K = 0.00-3.36 Q = 512.00-608.87 after 9926.0 sec [total]
done with UBTbA for K = 0.00-3.36 Q = 512.00-608.87 after 9927.0 sec [total]
done with UBTbC for K = 0.00-3.36 Q = 512.00-608.87 after 9927.3 sec [total]
done with H for K = 0.00-3.36 Q = 512.00-608.87 after 9928.2 sec [total]
done with H++ for K = 0.00-3.36 Q = 512.00-608.87 after 9931.3 sec [total]
done with H+- for K = 0.00-3.36 Q = 512.00-608.87 after 9932.6 sec [total]
done with H-+ for K = 0.00-3.36 Q = 512.00-608.87 after 9933.8 sec [total]
done with H-- for K = 0.00-3.36 Q = 512.00-608.87 after 9934.1 sec [total]
done with UU for K = 3.36-4.00 Q = 512.00-608.87 after 9935.0 sec [total]
done with BB for K = 3.36-4.00 Q = 512.00-608.87 after 9936.0 sec [total]
done with UBTa for K = 3.36-4.00 Q = 512.00-608.87 after 9936.2 sec [total]
done with UBTb for K = 3.36-4.00 Q = 512.00-608.87 after 9936.4 sec [total]
done with UBTbA for K = 3.36-4.00 Q = 512.00-608.87 after 9936.6 sec [total]
done with UBTbC for K = 3.36-4.00 Q = 512.00-608.87 after 9936.9 sec [total]
done with H for K = 3.36-4.00 Q = 512.00-608.87 after 9937.7 sec [total]
done with H++ for K = 3.36-4.00 Q = 512.00-608.87 after 9940.9 sec [total]
done with H+- for K = 3.36-4.00 Q = 512.00-608.87 after 9942.0 sec [total]
done with H-+ for K = 3.36-4.00 Q = 512.00-608.87 after 9943.1 sec [total]
done with H-- for K = 3.36-4.00 Q = 512.00-608.87 after 9943.6 sec [total]
done with UU for K = 4.00-4.76 Q = 512.00-608.87 after 9944.6 sec [total]
done with BB for K = 4.00-4.76 Q = 512.00-608.87 after 9945.6 sec [total]
done with UBTa for K = 4.00-4.76 Q = 512.00-608.87 after 9945.7 sec [total]
done with UBTb for K = 4.00-4.76 Q = 512.00-608.87 after 9945.9 sec [total]
done with UBTbA for K = 4.00-4.76 Q = 512.00-608.87 after 9946.1 sec [total]
done with UBTbC for K = 4.00-4.76 Q = 512.00-608.87 after 9946.4 sec [total]
done with H for K = 4.00-4.76 Q = 512.00-608.87 after 9947.3 sec [total]
done with H++ for K = 4.00-4.76 Q = 512.00-608.87 after 9950.4 sec [total]
done with H+- for K = 4.00-4.76 Q = 512.00-608.87 after 9951.8 sec [total]
done with H-+ for K = 4.00-4.76 Q = 512.00-608.87 after 9953.1 sec [total]
done with H-- for K = 4.00-4.76 Q = 512.00-608.87 after 9953.3 sec [total]
done with UU for K = 4.76-5.66 Q = 512.00-608.87 after 9954.2 sec [total]
done with BB for K = 4.76-5.66 Q = 512.00-608.87 after 9955.2 sec [total]
done with UBTa for K = 4.76-5.66 Q = 512.00-608.87 after 9955.3 sec [total]
done with UBTb for K = 4.76-5.66 Q = 512.00-608.87 after 9955.5 sec [total]
done with UBTbA for K = 4.76-5.66 Q = 512.00-608.87 after 9955.7 sec [total]
done with UBTbC for K = 4.76-5.66 Q = 512.00-608.87 after 9956.1 sec [total]
done with H for K = 4.76-5.66 Q = 512.00-608.87 after 9956.9 sec [total]
done with H++ for K = 4.76-5.66 Q = 512.00-608.87 after 9960.1 sec [total]
done with H+- for K = 4.76-5.66 Q = 512.00-608.87 after 9961.3 sec [total]
done with H-+ for K = 4.76-5.66 Q = 512.00-608.87 after 9962.5 sec [total]
done with H-- for K = 4.76-5.66 Q = 512.00-608.87 after 9962.8 sec [total]
done with UU for K = 5.66-6.73 Q = 512.00-608.87 after 9963.7 sec [total]
done with BB for K = 5.66-6.73 Q = 512.00-608.87 after 9964.7 sec [total]
done with UBTa for K = 5.66-6.73 Q = 512.00-608.87 after 9964.8 sec [total]
done with UBTb for K = 5.66-6.73 Q = 512.00-608.87 after 9965.0 sec [total]
done with UBTbA for K = 5.66-6.73 Q = 512.00-608.87 after 9965.2 sec [total]
done with UBTbC for K = 5.66-6.73 Q = 512.00-608.87 after 9965.5 sec [total]
done with H for K = 5.66-6.73 Q = 512.00-608.87 after 9966.4 sec [total]
done with H++ for K = 5.66-6.73 Q = 512.00-608.87 after 9969.6 sec [total]
done with H+- for K = 5.66-6.73 Q = 512.00-608.87 after 9970.8 sec [total]
done with H-+ for K = 5.66-6.73 Q = 512.00-608.87 after 9972.1 sec [total]
done with H-- for K = 5.66-6.73 Q = 512.00-608.87 after 9972.3 sec [total]
done with UU for K = 6.73-8.00 Q = 512.00-608.87 after 9973.2 sec [total]
done with BB for K = 6.73-8.00 Q = 512.00-608.87 after 9974.3 sec [total]
done with UBTa for K = 6.73-8.00 Q = 512.00-608.87 after 9974.5 sec [total]
done with UBTb for K = 6.73-8.00 Q = 512.00-608.87 after 9974.7 sec [total]
done with UBTbA for K = 6.73-8.00 Q = 512.00-608.87 after 9974.9 sec [total]
done with UBTbC for K = 6.73-8.00 Q = 512.00-608.87 after 9975.2 sec [total]
done with H for K = 6.73-8.00 Q = 512.00-608.87 after 9976.0 sec [total]
done with H++ for K = 6.73-8.00 Q = 512.00-608.87 after 9979.1 sec [total]
done with H+- for K = 6.73-8.00 Q = 512.00-608.87 after 9980.4 sec [total]
done with H-+ for K = 6.73-8.00 Q = 512.00-608.87 after 9981.7 sec [total]
done with H-- for K = 6.73-8.00 Q = 512.00-608.87 after 9981.9 sec [total]
done with UU for K = 8.00-9.51 Q = 512.00-608.87 after 9982.8 sec [total]
done with BB for K = 8.00-9.51 Q = 512.00-608.87 after 9983.8 sec [total]
done with UBTa for K = 8.00-9.51 Q = 512.00-608.87 after 9984.0 sec [total]
done with UBTb for K = 8.00-9.51 Q = 512.00-608.87 after 9984.2 sec [total]
done with UBTbA for K = 8.00-9.51 Q = 512.00-608.87 after 9984.4 sec [total]
done with UBTbC for K = 8.00-9.51 Q = 512.00-608.87 after 9984.6 sec [total]
done with H for K = 8.00-9.51 Q = 512.00-608.87 after 9985.5 sec [total]
done with H++ for K = 8.00-9.51 Q = 512.00-608.87 after 9988.7 sec [total]
done with H+- for K = 8.00-9.51 Q = 512.00-608.87 after 9989.9 sec [total]
done with H-+ for K = 8.00-9.51 Q = 512.00-608.87 after 9991.1 sec [total]
done with H-- for K = 8.00-9.51 Q = 512.00-608.87 after 9991.4 sec [total]
done with UU for K = 9.51-11.31 Q = 512.00-608.87 after 9992.3 sec [total]
done with BB for K = 9.51-11.31 Q = 512.00-608.87 after 9993.3 sec [total]
done with UBTa for K = 9.51-11.31 Q = 512.00-608.87 after 9993.5 sec [total]
done with UBTb for K = 9.51-11.31 Q = 512.00-608.87 after 9993.7 sec [total]
done with UBTbA for K = 9.51-11.31 Q = 512.00-608.87 after 9993.9 sec [total]
done with UBTbC for K = 9.51-11.31 Q = 512.00-608.87 after 9994.2 sec [total]
done with H for K = 9.51-11.31 Q = 512.00-608.87 after 9995.1 sec [total]
done with H++ for K = 9.51-11.31 Q = 512.00-608.87 after 9998.2 sec [total]
done with H+- for K = 9.51-11.31 Q = 512.00-608.87 after 9999.6 sec [total]
done with H-+ for K = 9.51-11.31 Q = 512.00-608.87 after 10000.8 sec [total]
done with H-- for K = 9.51-11.31 Q = 512.00-608.87 after 10001.0 sec [total]
done with UU for K = 11.31-13.45 Q = 512.00-608.87 after 10001.9 sec [total]
done with BB for K = 11.31-13.45 Q = 512.00-608.87 after 10002.9 sec [total]
done with UBTa for K = 11.31-13.45 Q = 512.00-608.87 after 10003.1 sec [total]
done with UBTb for K = 11.31-13.45 Q = 512.00-608.87 after 10003.3 sec [total]
done with UBTbA for K = 11.31-13.45 Q = 512.00-608.87 after 10003.5 sec [total]
done with UBTbC for K = 11.31-13.45 Q = 512.00-608.87 after 10003.8 sec [total]
done with H for K = 11.31-13.45 Q = 512.00-608.87 after 10004.7 sec [total]
done with H++ for K = 11.31-13.45 Q = 512.00-608.87 after 10007.9 sec [total]
done with H+- for K = 11.31-13.45 Q = 512.00-608.87 after 10009.1 sec [total]
done with H-+ for K = 11.31-13.45 Q = 512.00-608.87 after 10010.2 sec [total]
done with H-- for K = 11.31-13.45 Q = 512.00-608.87 after 10010.6 sec [total]
done with UU for K = 13.45-16.00 Q = 512.00-608.87 after 10011.5 sec [total]
done with BB for K = 13.45-16.00 Q = 512.00-608.87 after 10012.5 sec [total]
done with UBTa for K = 13.45-16.00 Q = 512.00-608.87 after 10012.7 sec [total]
done with UBTb for K = 13.45-16.00 Q = 512.00-608.87 after 10012.8 sec [total]
done with UBTbA for K = 13.45-16.00 Q = 512.00-608.87 after 10013.0 sec [total]
done with UBTbC for K = 13.45-16.00 Q = 512.00-608.87 after 10013.4 sec [total]
done with H for K = 13.45-16.00 Q = 512.00-608.87 after 10014.2 sec [total]
done with H++ for K = 13.45-16.00 Q = 512.00-608.87 after 10017.3 sec [total]
done with H+- for K = 13.45-16.00 Q = 512.00-608.87 after 10018.6 sec [total]
done with H-+ for K = 13.45-16.00 Q = 512.00-608.87 after 10019.9 sec [total]
done with H-- for K = 13.45-16.00 Q = 512.00-608.87 after 10020.1 sec [total]
done with UU for K = 16.00-19.03 Q = 512.00-608.87 after 10021.0 sec [total]
done with BB for K = 16.00-19.03 Q = 512.00-608.87 after 10022.0 sec [total]
done with UBTa for K = 16.00-19.03 Q = 512.00-608.87 after 10022.2 sec [total]
done with UBTb for K = 16.00-19.03 Q = 512.00-608.87 after 10022.4 sec [total]
done with UBTbA for K = 16.00-19.03 Q = 512.00-608.87 after 10022.6 sec [total]
done with UBTbC for K = 16.00-19.03 Q = 512.00-608.87 after 10022.9 sec [total]
done with H for K = 16.00-19.03 Q = 512.00-608.87 after 10023.8 sec [total]
done with H++ for K = 16.00-19.03 Q = 512.00-608.87 after 10026.9 sec [total]
done with H+- for K = 16.00-19.03 Q = 512.00-608.87 after 10028.1 sec [total]
done with H-+ for K = 16.00-19.03 Q = 512.00-608.87 after 10029.1 sec [total]
done with H-- for K = 16.00-19.03 Q = 512.00-608.87 after 10029.7 sec [total]
done with UU for K = 19.03-22.63 Q = 512.00-608.87 after 10030.6 sec [total]
done with BB for K = 19.03-22.63 Q = 512.00-608.87 after 10031.6 sec [total]
done with UBTa for K = 19.03-22.63 Q = 512.00-608.87 after 10031.8 sec [total]
done with UBTb for K = 19.03-22.63 Q = 512.00-608.87 after 10032.0 sec [total]
done with UBTbA for K = 19.03-22.63 Q = 512.00-608.87 after 10032.1 sec [total]
done with UBTbC for K = 19.03-22.63 Q = 512.00-608.87 after 10032.5 sec [total]
done with H for K = 19.03-22.63 Q = 512.00-608.87 after 10033.3 sec [total]
done with H++ for K = 19.03-22.63 Q = 512.00-608.87 after 10036.4 sec [total]
done with H+- for K = 19.03-22.63 Q = 512.00-608.87 after 10037.7 sec [total]
done with H-+ for K = 19.03-22.63 Q = 512.00-608.87 after 10038.8 sec [total]
done with H-- for K = 19.03-22.63 Q = 512.00-608.87 after 10039.3 sec [total]
done with UU for K = 22.63-26.91 Q = 512.00-608.87 after 10040.2 sec [total]
done with BB for K = 22.63-26.91 Q = 512.00-608.87 after 10041.2 sec [total]
done with UBTa for K = 22.63-26.91 Q = 512.00-608.87 after 10041.4 sec [total]
done with UBTb for K = 22.63-26.91 Q = 512.00-608.87 after 10041.5 sec [total]
done with UBTbA for K = 22.63-26.91 Q = 512.00-608.87 after 10041.7 sec [total]
done with UBTbC for K = 22.63-26.91 Q = 512.00-608.87 after 10042.0 sec [total]
done with H for K = 22.63-26.91 Q = 512.00-608.87 after 10042.9 sec [total]
done with H++ for K = 22.63-26.91 Q = 512.00-608.87 after 10046.1 sec [total]
done with H+- for K = 22.63-26.91 Q = 512.00-608.87 after 10047.3 sec [total]
done with H-+ for K = 22.63-26.91 Q = 512.00-608.87 after 10048.6 sec [total]
done with H-- for K = 22.63-26.91 Q = 512.00-608.87 after 10048.8 sec [total]
done with UU for K = 26.91-32.00 Q = 512.00-608.87 after 10049.7 sec [total]
done with BB for K = 26.91-32.00 Q = 512.00-608.87 after 10050.7 sec [total]
done with UBTa for K = 26.91-32.00 Q = 512.00-608.87 after 10050.8 sec [total]
done with UBTb for K = 26.91-32.00 Q = 512.00-608.87 after 10051.0 sec [total]
done with UBTbA for K = 26.91-32.00 Q = 512.00-608.87 after 10051.2 sec [total]
done with UBTbC for K = 26.91-32.00 Q = 512.00-608.87 after 10051.6 sec [total]
done with H for K = 26.91-32.00 Q = 512.00-608.87 after 10052.4 sec [total]
done with H++ for K = 26.91-32.00 Q = 512.00-608.87 after 10055.6 sec [total]
done with H+- for K = 26.91-32.00 Q = 512.00-608.87 after 10057.0 sec [total]
done with H-+ for K = 26.91-32.00 Q = 512.00-608.87 after 10058.1 sec [total]
done with H-- for K = 26.91-32.00 Q = 512.00-608.87 after 10058.3 sec [total]
done with UU for K = 32.00-38.05 Q = 512.00-608.87 after 10059.2 sec [total]
done with BB for K = 32.00-38.05 Q = 512.00-608.87 after 10060.3 sec [total]
done with UBTa for K = 32.00-38.05 Q = 512.00-608.87 after 10060.5 sec [total]
done with UBTb for K = 32.00-38.05 Q = 512.00-608.87 after 10060.7 sec [total]
done with UBTbA for K = 32.00-38.05 Q = 512.00-608.87 after 10060.8 sec [total]
done with UBTbC for K = 32.00-38.05 Q = 512.00-608.87 after 10061.2 sec [total]
done with H for K = 32.00-38.05 Q = 512.00-608.87 after 10062.0 sec [total]
done with H++ for K = 32.00-38.05 Q = 512.00-608.87 after 10065.2 sec [total]
done with H+- for K = 32.00-38.05 Q = 512.00-608.87 after 10066.4 sec [total]
done with H-+ for K = 32.00-38.05 Q = 512.00-608.87 after 10067.7 sec [total]
done with H-- for K = 32.00-38.05 Q = 512.00-608.87 after 10067.9 sec [total]
done with UU for K = 38.05-45.25 Q = 512.00-608.87 after 10068.8 sec [total]
done with BB for K = 38.05-45.25 Q = 512.00-608.87 after 10069.8 sec [total]
done with UBTa for K = 38.05-45.25 Q = 512.00-608.87 after 10070.0 sec [total]
done with UBTb for K = 38.05-45.25 Q = 512.00-608.87 after 10070.2 sec [total]
done with UBTbA for K = 38.05-45.25 Q = 512.00-608.87 after 10070.4 sec [total]
done with UBTbC for K = 38.05-45.25 Q = 512.00-608.87 after 10070.7 sec [total]
done with H for K = 38.05-45.25 Q = 512.00-608.87 after 10071.5 sec [total]
done with H++ for K = 38.05-45.25 Q = 512.00-608.87 after 10074.6 sec [total]
done with H+- for K = 38.05-45.25 Q = 512.00-608.87 after 10076.0 sec [total]
done with H-+ for K = 38.05-45.25 Q = 512.00-608.87 after 10077.3 sec [total]
done with H-- for K = 38.05-45.25 Q = 512.00-608.87 after 10077.5 sec [total]
done with UU for K = 45.25-53.82 Q = 512.00-608.87 after 10078.4 sec [total]
done with BB for K = 45.25-53.82 Q = 512.00-608.87 after 10079.4 sec [total]
done with UBTa for K = 45.25-53.82 Q = 512.00-608.87 after 10079.6 sec [total]
done with UBTb for K = 45.25-53.82 Q = 512.00-608.87 after 10079.8 sec [total]
done with UBTbA for K = 45.25-53.82 Q = 512.00-608.87 after 10079.9 sec [total]
done with UBTbC for K = 45.25-53.82 Q = 512.00-608.87 after 10080.3 sec [total]
done with H for K = 45.25-53.82 Q = 512.00-608.87 after 10081.1 sec [total]
done with H++ for K = 45.25-53.82 Q = 512.00-608.87 after 10084.3 sec [total]
done with H+- for K = 45.25-53.82 Q = 512.00-608.87 after 10085.3 sec [total]
done with H-+ for K = 45.25-53.82 Q = 512.00-608.87 after 10086.4 sec [total]
done with H-- for K = 45.25-53.82 Q = 512.00-608.87 after 10087.0 sec [total]
done with UU for K = 53.82-64.00 Q = 512.00-608.87 after 10087.9 sec [total]
done with BB for K = 53.82-64.00 Q = 512.00-608.87 after 10088.9 sec [total]
done with UBTa for K = 53.82-64.00 Q = 512.00-608.87 after 10089.1 sec [total]
done with UBTb for K = 53.82-64.00 Q = 512.00-608.87 after 10089.3 sec [total]
done with UBTbA for K = 53.82-64.00 Q = 512.00-608.87 after 10089.5 sec [total]
done with UBTbC for K = 53.82-64.00 Q = 512.00-608.87 after 10089.8 sec [total]
done with H for K = 53.82-64.00 Q = 512.00-608.87 after 10090.7 sec [total]
done with H++ for K = 53.82-64.00 Q = 512.00-608.87 after 10093.8 sec [total]
done with H+- for K = 53.82-64.00 Q = 512.00-608.87 after 10095.0 sec [total]
done with H-+ for K = 53.82-64.00 Q = 512.00-608.87 after 10096.4 sec [total]
done with H-- for K = 53.82-64.00 Q = 512.00-608.87 after 10096.6 sec [total]
done with UU for K = 64.00-76.11 Q = 512.00-608.87 after 10097.5 sec [total]
done with BB for K = 64.00-76.11 Q = 512.00-608.87 after 10098.5 sec [total]
done with UBTa for K = 64.00-76.11 Q = 512.00-608.87 after 10098.7 sec [total]
done with UBTb for K = 64.00-76.11 Q = 512.00-608.87 after 10098.8 sec [total]
done with UBTbA for K = 64.00-76.11 Q = 512.00-608.87 after 10099.0 sec [total]
done with UBTbC for K = 64.00-76.11 Q = 512.00-608.87 after 10099.4 sec [total]
done with H for K = 64.00-76.11 Q = 512.00-608.87 after 10100.2 sec [total]
done with H++ for K = 64.00-76.11 Q = 512.00-608.87 after 10103.4 sec [total]
done with H+- for K = 64.00-76.11 Q = 512.00-608.87 after 10104.5 sec [total]
done with H-+ for K = 64.00-76.11 Q = 512.00-608.87 after 10105.6 sec [total]
done with H-- for K = 64.00-76.11 Q = 512.00-608.87 after 10106.1 sec [total]
done with UU for K = 76.11-90.51 Q = 512.00-608.87 after 10107.0 sec [total]
done with BB for K = 76.11-90.51 Q = 512.00-608.87 after 10108.0 sec [total]
done with UBTa for K = 76.11-90.51 Q = 512.00-608.87 after 10108.2 sec [total]
done with UBTb for K = 76.11-90.51 Q = 512.00-608.87 after 10108.4 sec [total]
done with UBTbA for K = 76.11-90.51 Q = 512.00-608.87 after 10108.6 sec [total]
done with UBTbC for K = 76.11-90.51 Q = 512.00-608.87 after 10108.9 sec [total]
done with H for K = 76.11-90.51 Q = 512.00-608.87 after 10109.8 sec [total]
done with H++ for K = 76.11-90.51 Q = 512.00-608.87 after 10112.9 sec [total]
done with H+- for K = 76.11-90.51 Q = 512.00-608.87 after 10114.1 sec [total]
done with H-+ for K = 76.11-90.51 Q = 512.00-608.87 after 10115.1 sec [total]
done with H-- for K = 76.11-90.51 Q = 512.00-608.87 after 10115.7 sec [total]
done with UU for K = 90.51-107.63 Q = 512.00-608.87 after 10116.6 sec [total]
done with BB for K = 90.51-107.63 Q = 512.00-608.87 after 10117.5 sec [total]
done with UBTa for K = 90.51-107.63 Q = 512.00-608.87 after 10117.7 sec [total]
done with UBTb for K = 90.51-107.63 Q = 512.00-608.87 after 10117.9 sec [total]
done with UBTbA for K = 90.51-107.63 Q = 512.00-608.87 after 10118.1 sec [total]
done with UBTbC for K = 90.51-107.63 Q = 512.00-608.87 after 10118.4 sec [total]
done with H for K = 90.51-107.63 Q = 512.00-608.87 after 10119.3 sec [total]
done with H++ for K = 90.51-107.63 Q = 512.00-608.87 after 10122.4 sec [total]
done with H+- for K = 90.51-107.63 Q = 512.00-608.87 after 10123.6 sec [total]
done with H-+ for K = 90.51-107.63 Q = 512.00-608.87 after 10124.7 sec [total]
done with H-- for K = 90.51-107.63 Q = 512.00-608.87 after 10125.2 sec [total]
done with UU for K = 107.63-128.00 Q = 512.00-608.87 after 10126.1 sec [total]
done with BB for K = 107.63-128.00 Q = 512.00-608.87 after 10127.1 sec [total]
done with UBTa for K = 107.63-128.00 Q = 512.00-608.87 after 10127.3 sec [total]
done with UBTb for K = 107.63-128.00 Q = 512.00-608.87 after 10127.5 sec [total]
done with UBTbA for K = 107.63-128.00 Q = 512.00-608.87 after 10127.7 sec [total]
done with UBTbC for K = 107.63-128.00 Q = 512.00-608.87 after 10128.0 sec [total]
done with H for K = 107.63-128.00 Q = 512.00-608.87 after 10128.8 sec [total]
done with H++ for K = 107.63-128.00 Q = 512.00-608.87 after 10132.0 sec [total]
done with H+- for K = 107.63-128.00 Q = 512.00-608.87 after 10133.2 sec [total]
done with H-+ for K = 107.63-128.00 Q = 512.00-608.87 after 10134.3 sec [total]
done with H-- for K = 107.63-128.00 Q = 512.00-608.87 after 10134.8 sec [total]
done with UU for K = 128.00-152.22 Q = 512.00-608.87 after 10135.7 sec [total]
done with BB for K = 128.00-152.22 Q = 512.00-608.87 after 10136.7 sec [total]
done with UBTa for K = 128.00-152.22 Q = 512.00-608.87 after 10136.9 sec [total]
done with UBTb for K = 128.00-152.22 Q = 512.00-608.87 after 10137.0 sec [total]
done with UBTbA for K = 128.00-152.22 Q = 512.00-608.87 after 10137.2 sec [total]
done with UBTbC for K = 128.00-152.22 Q = 512.00-608.87 after 10137.6 sec [total]
done with H for K = 128.00-152.22 Q = 512.00-608.87 after 10138.4 sec [total]
done with H++ for K = 128.00-152.22 Q = 512.00-608.87 after 10141.6 sec [total]
done with H+- for K = 128.00-152.22 Q = 512.00-608.87 after 10142.6 sec [total]
done with H-+ for K = 128.00-152.22 Q = 512.00-608.87 after 10143.8 sec [total]
done with H-- for K = 128.00-152.22 Q = 512.00-608.87 after 10144.4 sec [total]
done with UU for K = 152.22-181.02 Q = 512.00-608.87 after 10145.3 sec [total]
done with BB for K = 152.22-181.02 Q = 512.00-608.87 after 10146.3 sec [total]
done with UBTa for K = 152.22-181.02 Q = 512.00-608.87 after 10146.5 sec [total]
done with UBTb for K = 152.22-181.02 Q = 512.00-608.87 after 10146.6 sec [total]
done with UBTbA for K = 152.22-181.02 Q = 512.00-608.87 after 10146.8 sec [total]
done with UBTbC for K = 152.22-181.02 Q = 512.00-608.87 after 10147.2 sec [total]
done with H for K = 152.22-181.02 Q = 512.00-608.87 after 10148.0 sec [total]
done with H++ for K = 152.22-181.02 Q = 512.00-608.87 after 10151.1 sec [total]
done with H+- for K = 152.22-181.02 Q = 512.00-608.87 after 10152.3 sec [total]
done with H-+ for K = 152.22-181.02 Q = 512.00-608.87 after 10153.4 sec [total]
done with H-- for K = 152.22-181.02 Q = 512.00-608.87 after 10153.9 sec [total]
done with UU for K = 181.02-215.27 Q = 512.00-608.87 after 10154.8 sec [total]
done with BB for K = 181.02-215.27 Q = 512.00-608.87 after 10155.9 sec [total]
done with UBTa for K = 181.02-215.27 Q = 512.00-608.87 after 10156.0 sec [total]
done with UBTb for K = 181.02-215.27 Q = 512.00-608.87 after 10156.2 sec [total]
done with UBTbA for K = 181.02-215.27 Q = 512.00-608.87 after 10156.4 sec [total]
done with UBTbC for K = 181.02-215.27 Q = 512.00-608.87 after 10156.7 sec [total]
done with H for K = 181.02-215.27 Q = 512.00-608.87 after 10157.5 sec [total]
done with H++ for K = 181.02-215.27 Q = 512.00-608.87 after 10160.7 sec [total]
done with H+- for K = 181.02-215.27 Q = 512.00-608.87 after 10161.8 sec [total]
done with H-+ for K = 181.02-215.27 Q = 512.00-608.87 after 10163.0 sec [total]
done with H-- for K = 181.02-215.27 Q = 512.00-608.87 after 10163.4 sec [total]
done with UU for K = 215.27-256.00 Q = 512.00-608.87 after 10164.3 sec [total]
done with BB for K = 215.27-256.00 Q = 512.00-608.87 after 10165.4 sec [total]
done with UBTa for K = 215.27-256.00 Q = 512.00-608.87 after 10165.6 sec [total]
done with UBTb for K = 215.27-256.00 Q = 512.00-608.87 after 10165.8 sec [total]
done with UBTbA for K = 215.27-256.00 Q = 512.00-608.87 after 10165.9 sec [total]
done with UBTbC for K = 215.27-256.00 Q = 512.00-608.87 after 10166.2 sec [total]
done with H for K = 215.27-256.00 Q = 512.00-608.87 after 10167.1 sec [total]
done with H++ for K = 215.27-256.00 Q = 512.00-608.87 after 10170.2 sec [total]
done with H+- for K = 215.27-256.00 Q = 512.00-608.87 after 10171.4 sec [total]
done with H-+ for K = 215.27-256.00 Q = 512.00-608.87 after 10172.6 sec [total]
done with H-- for K = 215.27-256.00 Q = 512.00-608.87 after 10173.0 sec [total]
done with UU for K = 256.00-304.44 Q = 512.00-608.87 after 10173.9 sec [total]
done with BB for K = 256.00-304.44 Q = 512.00-608.87 after 10174.9 sec [total]
done with UBTa for K = 256.00-304.44 Q = 512.00-608.87 after 10175.0 sec [total]
done with UBTb for K = 256.00-304.44 Q = 512.00-608.87 after 10175.2 sec [total]
done with UBTbA for K = 256.00-304.44 Q = 512.00-608.87 after 10175.4 sec [total]
done with UBTbC for K = 256.00-304.44 Q = 512.00-608.87 after 10175.7 sec [total]
done with H for K = 256.00-304.44 Q = 512.00-608.87 after 10176.6 sec [total]
done with H++ for K = 256.00-304.44 Q = 512.00-608.87 after 10179.8 sec [total]
done with H+- for K = 256.00-304.44 Q = 512.00-608.87 after 10181.0 sec [total]
done with H-+ for K = 256.00-304.44 Q = 512.00-608.87 after 10182.1 sec [total]
done with H-- for K = 256.00-304.44 Q = 512.00-608.87 after 10182.5 sec [total]
done with UU for K = 304.44-362.04 Q = 512.00-608.87 after 10183.4 sec [total]
done with BB for K = 304.44-362.04 Q = 512.00-608.87 after 10184.4 sec [total]
done with UBTa for K = 304.44-362.04 Q = 512.00-608.87 after 10184.6 sec [total]
done with UBTb for K = 304.44-362.04 Q = 512.00-608.87 after 10184.8 sec [total]
done with UBTbA for K = 304.44-362.04 Q = 512.00-608.87 after 10185.0 sec [total]
done with UBTbC for K = 304.44-362.04 Q = 512.00-608.87 after 10185.3 sec [total]
done with H for K = 304.44-362.04 Q = 512.00-608.87 after 10186.2 sec [total]
done with H++ for K = 304.44-362.04 Q = 512.00-608.87 after 10189.3 sec [total]
done with H+- for K = 304.44-362.04 Q = 512.00-608.87 after 10190.5 sec [total]
done with H-+ for K = 304.44-362.04 Q = 512.00-608.87 after 10191.8 sec [total]
done with H-- for K = 304.44-362.04 Q = 512.00-608.87 after 10192.1 sec [total]
done with UU for K = 362.04-430.54 Q = 512.00-608.87 after 10193.0 sec [total]
done with BB for K = 362.04-430.54 Q = 512.00-608.87 after 10194.0 sec [total]
done with UBTa for K = 362.04-430.54 Q = 512.00-608.87 after 10194.2 sec [total]
done with UBTb for K = 362.04-430.54 Q = 512.00-608.87 after 10194.4 sec [total]
done with UBTbA for K = 362.04-430.54 Q = 512.00-608.87 after 10194.6 sec [total]
done with UBTbC for K = 362.04-430.54 Q = 512.00-608.87 after 10194.9 sec [total]
done with H for K = 362.04-430.54 Q = 512.00-608.87 after 10195.7 sec [total]
done with H++ for K = 362.04-430.54 Q = 512.00-608.87 after 10198.9 sec [total]
done with H+- for K = 362.04-430.54 Q = 512.00-608.87 after 10200.1 sec [total]
done with H-+ for K = 362.04-430.54 Q = 512.00-608.87 after 10201.2 sec [total]
done with H-- for K = 362.04-430.54 Q = 512.00-608.87 after 10201.6 sec [total]
done with UU for K = 430.54-512.00 Q = 512.00-608.87 after 10202.5 sec [total]
done with BB for K = 430.54-512.00 Q = 512.00-608.87 after 10203.5 sec [total]
done with UBTa for K = 430.54-512.00 Q = 512.00-608.87 after 10203.7 sec [total]
done with UBTb for K = 430.54-512.00 Q = 512.00-608.87 after 10203.9 sec [total]
done with UBTbA for K = 430.54-512.00 Q = 512.00-608.87 after 10204.1 sec [total]
done with UBTbC for K = 430.54-512.00 Q = 512.00-608.87 after 10204.4 sec [total]
done with H for K = 430.54-512.00 Q = 512.00-608.87 after 10205.3 sec [total]
done with H++ for K = 430.54-512.00 Q = 512.00-608.87 after 10208.4 sec [total]
done with H+- for K = 430.54-512.00 Q = 512.00-608.87 after 10209.5 sec [total]
done with H-+ for K = 430.54-512.00 Q = 512.00-608.87 after 10210.7 sec [total]
done with H-- for K = 430.54-512.00 Q = 512.00-608.87 after 10211.2 sec [total]
done with UU for K = 512.00-608.87 Q = 512.00-608.87 after 10212.1 sec [total]
done with BB for K = 512.00-608.87 Q = 512.00-608.87 after 10213.1 sec [total]
done with UBTa for K = 512.00-608.87 Q = 512.00-608.87 after 10213.3 sec [total]
done with UBTb for K = 512.00-608.87 Q = 512.00-608.87 after 10213.5 sec [total]
done with UBTbA for K = 512.00-608.87 Q = 512.00-608.87 after 10213.7 sec [total]
done with UBTbC for K = 512.00-608.87 Q = 512.00-608.87 after 10214.0 sec [total]
done with H for K = 512.00-608.87 Q = 512.00-608.87 after 10214.8 sec [total]
done with H++ for K = 512.00-608.87 Q = 512.00-608.87 after 10217.9 sec [total]
done with H+- for K = 512.00-608.87 Q = 512.00-608.87 after 10219.0 sec [total]
done with H-+ for K = 512.00-608.87 Q = 512.00-608.87 after 10220.2 sec [total]
done with H-- for K = 512.00-608.87 Q = 512.00-608.87 after 10220.7 sec [total]
done with UU for K = 608.87-724.08 Q = 512.00-608.87 after 10221.6 sec [total]
done with BB for K = 608.87-724.08 Q = 512.00-608.87 after 10222.6 sec [total]
done with UBTa for K = 608.87-724.08 Q = 512.00-608.87 after 10222.8 sec [total]
done with UBTb for K = 608.87-724.08 Q = 512.00-608.87 after 10223.0 sec [total]
done with UBTbA for K = 608.87-724.08 Q = 512.00-608.87 after 10223.1 sec [total]
done with UBTbC for K = 608.87-724.08 Q = 512.00-608.87 after 10223.4 sec [total]
done with H for K = 608.87-724.08 Q = 512.00-608.87 after 10224.3 sec [total]
done with H++ for K = 608.87-724.08 Q = 512.00-608.87 after 10227.5 sec [total]
done with H+- for K = 608.87-724.08 Q = 512.00-608.87 after 10228.6 sec [total]
done with H-+ for K = 608.87-724.08 Q = 512.00-608.87 after 10229.6 sec [total]
done with H-- for K = 608.87-724.08 Q = 512.00-608.87 after 10230.2 sec [total]
done with UU for K = 724.08-861.08 Q = 512.00-608.87 after 10231.2 sec [total]
done with BB for K = 724.08-861.08 Q = 512.00-608.87 after 10232.2 sec [total]
done with UBTa for K = 724.08-861.08 Q = 512.00-608.87 after 10232.4 sec [total]
done with UBTb for K = 724.08-861.08 Q = 512.00-608.87 after 10232.5 sec [total]
done with UBTbA for K = 724.08-861.08 Q = 512.00-608.87 after 10232.7 sec [total]
done with UBTbC for K = 724.08-861.08 Q = 512.00-608.87 after 10233.1 sec [total]
done with H for K = 724.08-861.08 Q = 512.00-608.87 after 10233.9 sec [total]
done with H++ for K = 724.08-861.08 Q = 512.00-608.87 after 10237.1 sec [total]
done with H+- for K = 724.08-861.08 Q = 512.00-608.87 after 10238.3 sec [total]
done with H-+ for K = 724.08-861.08 Q = 512.00-608.87 after 10239.5 sec [total]
done with H-- for K = 724.08-861.08 Q = 512.00-608.87 after 10239.8 sec [total]
done with UU for K = 861.08-1024.00 Q = 512.00-608.87 after 10240.7 sec [total]
done with BB for K = 861.08-1024.00 Q = 512.00-608.87 after 10241.8 sec [total]
done with UBTa for K = 861.08-1024.00 Q = 512.00-608.87 after 10242.0 sec [total]
done with UBTb for K = 861.08-1024.00 Q = 512.00-608.87 after 10242.2 sec [total]
done with UBTbA for K = 861.08-1024.00 Q = 512.00-608.87 after 10242.4 sec [total]
done with UBTbC for K = 861.08-1024.00 Q = 512.00-608.87 after 10242.7 sec [total]
done with H for K = 861.08-1024.00 Q = 512.00-608.87 after 10243.5 sec [total]
done with H++ for K = 861.08-1024.00 Q = 512.00-608.87 after 10246.7 sec [total]
done with H+- for K = 861.08-1024.00 Q = 512.00-608.87 after 10247.9 sec [total]
done with H-+ for K = 861.08-1024.00 Q = 512.00-608.87 after 10249.0 sec [total]
done with H-- for K = 861.08-1024.00 Q = 512.00-608.87 after 10249.3 sec [total]
done with UU for K = 0.00-3.36 Q = 608.87-724.08 after 10251.1 sec [total]
done with BB for K = 0.00-3.36 Q = 608.87-724.08 after 10253.4 sec [total]
done with UBTa for K = 0.00-3.36 Q = 608.87-724.08 after 10254.4 sec [total]
done with UBTb for K = 0.00-3.36 Q = 608.87-724.08 after 10255.5 sec [total]
done with UBTbA for K = 0.00-3.36 Q = 608.87-724.08 after 10256.4 sec [total]
done with UBTbC for K = 0.00-3.36 Q = 608.87-724.08 after 10256.7 sec [total]
done with H for K = 0.00-3.36 Q = 608.87-724.08 after 10257.7 sec [total]
done with H++ for K = 0.00-3.36 Q = 608.87-724.08 after 10260.9 sec [total]
done with H+- for K = 0.00-3.36 Q = 608.87-724.08 after 10261.8 sec [total]
done with H-+ for K = 0.00-3.36 Q = 608.87-724.08 after 10263.0 sec [total]
done with H-- for K = 0.00-3.36 Q = 608.87-724.08 after 10263.6 sec [total]
done with UU for K = 3.36-4.00 Q = 608.87-724.08 after 10264.5 sec [total]
done with BB for K = 3.36-4.00 Q = 608.87-724.08 after 10265.6 sec [total]
done with UBTa for K = 3.36-4.00 Q = 608.87-724.08 after 10265.7 sec [total]
done with UBTb for K = 3.36-4.00 Q = 608.87-724.08 after 10265.9 sec [total]
done with UBTbA for K = 3.36-4.00 Q = 608.87-724.08 after 10266.1 sec [total]
done with UBTbC for K = 3.36-4.00 Q = 608.87-724.08 after 10266.4 sec [total]
done with H for K = 3.36-4.00 Q = 608.87-724.08 after 10267.3 sec [total]
done with H++ for K = 3.36-4.00 Q = 608.87-724.08 after 10270.5 sec [total]
done with H+- for K = 3.36-4.00 Q = 608.87-724.08 after 10271.8 sec [total]
done with H-+ for K = 3.36-4.00 Q = 608.87-724.08 after 10272.9 sec [total]
done with H-- for K = 3.36-4.00 Q = 608.87-724.08 after 10273.2 sec [total]
done with UU for K = 4.00-4.76 Q = 608.87-724.08 after 10274.1 sec [total]
done with BB for K = 4.00-4.76 Q = 608.87-724.08 after 10275.2 sec [total]
done with UBTa for K = 4.00-4.76 Q = 608.87-724.08 after 10275.4 sec [total]
done with UBTb for K = 4.00-4.76 Q = 608.87-724.08 after 10275.6 sec [total]
done with UBTbA for K = 4.00-4.76 Q = 608.87-724.08 after 10275.7 sec [total]
done with UBTbC for K = 4.00-4.76 Q = 608.87-724.08 after 10276.1 sec [total]
done with H for K = 4.00-4.76 Q = 608.87-724.08 after 10276.9 sec [total]
done with H++ for K = 4.00-4.76 Q = 608.87-724.08 after 10280.1 sec [total]
done with H+- for K = 4.00-4.76 Q = 608.87-724.08 after 10281.2 sec [total]
done with H-+ for K = 4.00-4.76 Q = 608.87-724.08 after 10282.2 sec [total]
done with H-- for K = 4.00-4.76 Q = 608.87-724.08 after 10282.8 sec [total]
done with UU for K = 4.76-5.66 Q = 608.87-724.08 after 10283.7 sec [total]
done with BB for K = 4.76-5.66 Q = 608.87-724.08 after 10284.7 sec [total]
done with UBTa for K = 4.76-5.66 Q = 608.87-724.08 after 10284.9 sec [total]
done with UBTb for K = 4.76-5.66 Q = 608.87-724.08 after 10285.1 sec [total]
done with UBTbA for K = 4.76-5.66 Q = 608.87-724.08 after 10285.3 sec [total]
done with UBTbC for K = 4.76-5.66 Q = 608.87-724.08 after 10285.6 sec [total]
done with H for K = 4.76-5.66 Q = 608.87-724.08 after 10286.4 sec [total]
done with H++ for K = 4.76-5.66 Q = 608.87-724.08 after 10289.6 sec [total]
done with H+- for K = 4.76-5.66 Q = 608.87-724.08 after 10290.7 sec [total]
done with H-+ for K = 4.76-5.66 Q = 608.87-724.08 after 10291.8 sec [total]
done with H-- for K = 4.76-5.66 Q = 608.87-724.08 after 10292.4 sec [total]
done with UU for K = 5.66-6.73 Q = 608.87-724.08 after 10293.3 sec [total]
done with BB for K = 5.66-6.73 Q = 608.87-724.08 after 10294.3 sec [total]
done with UBTa for K = 5.66-6.73 Q = 608.87-724.08 after 10294.4 sec [total]
done with UBTb for K = 5.66-6.73 Q = 608.87-724.08 after 10294.6 sec [total]
done with UBTbA for K = 5.66-6.73 Q = 608.87-724.08 after 10294.8 sec [total]
done with UBTbC for K = 5.66-6.73 Q = 608.87-724.08 after 10295.1 sec [total]
done with H for K = 5.66-6.73 Q = 608.87-724.08 after 10296.0 sec [total]
done with H++ for K = 5.66-6.73 Q = 608.87-724.08 after 10299.2 sec [total]
done with H+- for K = 5.66-6.73 Q = 608.87-724.08 after 10300.5 sec [total]
done with H-+ for K = 5.66-6.73 Q = 608.87-724.08 after 10301.7 sec [total]
done with H-- for K = 5.66-6.73 Q = 608.87-724.08 after 10301.9 sec [total]
done with UU for K = 6.73-8.00 Q = 608.87-724.08 after 10302.8 sec [total]
done with BB for K = 6.73-8.00 Q = 608.87-724.08 after 10303.9 sec [total]
done with UBTa for K = 6.73-8.00 Q = 608.87-724.08 after 10304.1 sec [total]
done with UBTb for K = 6.73-8.00 Q = 608.87-724.08 after 10304.3 sec [total]
done with UBTbA for K = 6.73-8.00 Q = 608.87-724.08 after 10304.5 sec [total]
done with UBTbC for K = 6.73-8.00 Q = 608.87-724.08 after 10304.8 sec [total]
done with H for K = 6.73-8.00 Q = 608.87-724.08 after 10305.6 sec [total]
done with H++ for K = 6.73-8.00 Q = 608.87-724.08 after 10308.7 sec [total]
done with H+- for K = 6.73-8.00 Q = 608.87-724.08 after 10309.9 sec [total]
done with H-+ for K = 6.73-8.00 Q = 608.87-724.08 after 10311.0 sec [total]
done with H-- for K = 6.73-8.00 Q = 608.87-724.08 after 10311.5 sec [total]
done with UU for K = 8.00-9.51 Q = 608.87-724.08 after 10312.4 sec [total]
done with BB for K = 8.00-9.51 Q = 608.87-724.08 after 10313.4 sec [total]
done with UBTa for K = 8.00-9.51 Q = 608.87-724.08 after 10313.6 sec [total]
done with UBTb for K = 8.00-9.51 Q = 608.87-724.08 after 10313.8 sec [total]
done with UBTbA for K = 8.00-9.51 Q = 608.87-724.08 after 10313.9 sec [total]
done with UBTbC for K = 8.00-9.51 Q = 608.87-724.08 after 10314.3 sec [total]
done with H for K = 8.00-9.51 Q = 608.87-724.08 after 10315.1 sec [total]
done with H++ for K = 8.00-9.51 Q = 608.87-724.08 after 10318.3 sec [total]
done with H+- for K = 8.00-9.51 Q = 608.87-724.08 after 10319.5 sec [total]
done with H-+ for K = 8.00-9.51 Q = 608.87-724.08 after 10320.7 sec [total]
done with H-- for K = 8.00-9.51 Q = 608.87-724.08 after 10321.0 sec [total]
done with UU for K = 9.51-11.31 Q = 608.87-724.08 after 10321.9 sec [total]
done with BB for K = 9.51-11.31 Q = 608.87-724.08 after 10322.9 sec [total]
done with UBTa for K = 9.51-11.31 Q = 608.87-724.08 after 10323.1 sec [total]
done with UBTb for K = 9.51-11.31 Q = 608.87-724.08 after 10323.3 sec [total]
done with UBTbA for K = 9.51-11.31 Q = 608.87-724.08 after 10323.5 sec [total]
done with UBTbC for K = 9.51-11.31 Q = 608.87-724.08 after 10323.8 sec [total]
done with H for K = 9.51-11.31 Q = 608.87-724.08 after 10324.7 sec [total]
done with H++ for K = 9.51-11.31 Q = 608.87-724.08 after 10327.8 sec [total]
done with H+- for K = 9.51-11.31 Q = 608.87-724.08 after 10329.2 sec [total]
done with H-+ for K = 9.51-11.31 Q = 608.87-724.08 after 10330.4 sec [total]
done with H-- for K = 9.51-11.31 Q = 608.87-724.08 after 10330.6 sec [total]
done with UU for K = 11.31-13.45 Q = 608.87-724.08 after 10331.5 sec [total]
done with BB for K = 11.31-13.45 Q = 608.87-724.08 after 10332.5 sec [total]
done with UBTa for K = 11.31-13.45 Q = 608.87-724.08 after 10332.7 sec [total]
done with UBTb for K = 11.31-13.45 Q = 608.87-724.08 after 10332.9 sec [total]
done with UBTbA for K = 11.31-13.45 Q = 608.87-724.08 after 10333.1 sec [total]
done with UBTbC for K = 11.31-13.45 Q = 608.87-724.08 after 10333.4 sec [total]
done with H for K = 11.31-13.45 Q = 608.87-724.08 after 10334.3 sec [total]
done with H++ for K = 11.31-13.45 Q = 608.87-724.08 after 10337.5 sec [total]
done with H+- for K = 11.31-13.45 Q = 608.87-724.08 after 10338.6 sec [total]
done with H-+ for K = 11.31-13.45 Q = 608.87-724.08 after 10339.8 sec [total]
done with H-- for K = 11.31-13.45 Q = 608.87-724.08 after 10340.2 sec [total]
done with UU for K = 13.45-16.00 Q = 608.87-724.08 after 10341.1 sec [total]
done with BB for K = 13.45-16.00 Q = 608.87-724.08 after 10342.1 sec [total]
done with UBTa for K = 13.45-16.00 Q = 608.87-724.08 after 10342.3 sec [total]
done with UBTb for K = 13.45-16.00 Q = 608.87-724.08 after 10342.5 sec [total]
done with UBTbA for K = 13.45-16.00 Q = 608.87-724.08 after 10342.7 sec [total]
done with UBTbC for K = 13.45-16.00 Q = 608.87-724.08 after 10343.0 sec [total]
done with H for K = 13.45-16.00 Q = 608.87-724.08 after 10343.9 sec [total]
done with H++ for K = 13.45-16.00 Q = 608.87-724.08 after 10347.0 sec [total]
done with H+- for K = 13.45-16.00 Q = 608.87-724.08 after 10348.3 sec [total]
done with H-+ for K = 13.45-16.00 Q = 608.87-724.08 after 10349.5 sec [total]
done with H-- for K = 13.45-16.00 Q = 608.87-724.08 after 10349.8 sec [total]
done with UU for K = 16.00-19.03 Q = 608.87-724.08 after 10350.7 sec [total]
done with BB for K = 16.00-19.03 Q = 608.87-724.08 after 10351.8 sec [total]
done with UBTa for K = 16.00-19.03 Q = 608.87-724.08 after 10352.0 sec [total]
done with UBTb for K = 16.00-19.03 Q = 608.87-724.08 after 10352.2 sec [total]
done with UBTbA for K = 16.00-19.03 Q = 608.87-724.08 after 10352.3 sec [total]
done with UBTbC for K = 16.00-19.03 Q = 608.87-724.08 after 10352.6 sec [total]
done with H for K = 16.00-19.03 Q = 608.87-724.08 after 10353.5 sec [total]
done with H++ for K = 16.00-19.03 Q = 608.87-724.08 after 10356.7 sec [total]
done with H+- for K = 16.00-19.03 Q = 608.87-724.08 after 10358.0 sec [total]
done with H-+ for K = 16.00-19.03 Q = 608.87-724.08 after 10359.2 sec [total]
done with H-- for K = 16.00-19.03 Q = 608.87-724.08 after 10359.4 sec [total]
done with UU for K = 19.03-22.63 Q = 608.87-724.08 after 10360.3 sec [total]
done with BB for K = 19.03-22.63 Q = 608.87-724.08 after 10361.4 sec [total]
done with UBTa for K = 19.03-22.63 Q = 608.87-724.08 after 10361.6 sec [total]
done with UBTb for K = 19.03-22.63 Q = 608.87-724.08 after 10361.8 sec [total]
done with UBTbA for K = 19.03-22.63 Q = 608.87-724.08 after 10361.9 sec [total]
done with UBTbC for K = 19.03-22.63 Q = 608.87-724.08 after 10362.3 sec [total]
done with H for K = 19.03-22.63 Q = 608.87-724.08 after 10363.1 sec [total]
done with H++ for K = 19.03-22.63 Q = 608.87-724.08 after 10366.2 sec [total]
done with H+- for K = 19.03-22.63 Q = 608.87-724.08 after 10367.4 sec [total]
done with H-+ for K = 19.03-22.63 Q = 608.87-724.08 after 10368.6 sec [total]
done with H-- for K = 19.03-22.63 Q = 608.87-724.08 after 10369.0 sec [total]
done with UU for K = 22.63-26.91 Q = 608.87-724.08 after 10369.9 sec [total]
done with BB for K = 22.63-26.91 Q = 608.87-724.08 after 10370.9 sec [total]
done with UBTa for K = 22.63-26.91 Q = 608.87-724.08 after 10371.1 sec [total]
done with UBTb for K = 22.63-26.91 Q = 608.87-724.08 after 10371.3 sec [total]
done with UBTbA for K = 22.63-26.91 Q = 608.87-724.08 after 10371.4 sec [total]
done with UBTbC for K = 22.63-26.91 Q = 608.87-724.08 after 10371.8 sec [total]
done with H for K = 22.63-26.91 Q = 608.87-724.08 after 10372.6 sec [total]
done with H++ for K = 22.63-26.91 Q = 608.87-724.08 after 10375.7 sec [total]
done with H+- for K = 22.63-26.91 Q = 608.87-724.08 after 10377.0 sec [total]
done with H-+ for K = 22.63-26.91 Q = 608.87-724.08 after 10378.3 sec [total]
done with H-- for K = 22.63-26.91 Q = 608.87-724.08 after 10378.5 sec [total]
done with UU for K = 26.91-32.00 Q = 608.87-724.08 after 10379.4 sec [total]
done with BB for K = 26.91-32.00 Q = 608.87-724.08 after 10380.4 sec [total]
done with UBTa for K = 26.91-32.00 Q = 608.87-724.08 after 10380.6 sec [total]
done with UBTb for K = 26.91-32.00 Q = 608.87-724.08 after 10380.8 sec [total]
done with UBTbA for K = 26.91-32.00 Q = 608.87-724.08 after 10381.0 sec [total]
done with UBTbC for K = 26.91-32.00 Q = 608.87-724.08 after 10381.3 sec [total]
done with H for K = 26.91-32.00 Q = 608.87-724.08 after 10382.2 sec [total]
done with H++ for K = 26.91-32.00 Q = 608.87-724.08 after 10385.3 sec [total]
done with H+- for K = 26.91-32.00 Q = 608.87-724.08 after 10386.6 sec [total]
done with H-+ for K = 26.91-32.00 Q = 608.87-724.08 after 10387.8 sec [total]
done with H-- for K = 26.91-32.00 Q = 608.87-724.08 after 10388.1 sec [total]
done with UU for K = 32.00-38.05 Q = 608.87-724.08 after 10389.0 sec [total]
done with BB for K = 32.00-38.05 Q = 608.87-724.08 after 10390.0 sec [total]
done with UBTa for K = 32.00-38.05 Q = 608.87-724.08 after 10390.2 sec [total]
done with UBTb for K = 32.00-38.05 Q = 608.87-724.08 after 10390.3 sec [total]
done with UBTbA for K = 32.00-38.05 Q = 608.87-724.08 after 10390.5 sec [total]
done with UBTbC for K = 32.00-38.05 Q = 608.87-724.08 after 10390.9 sec [total]
done with H for K = 32.00-38.05 Q = 608.87-724.08 after 10391.7 sec [total]
done with H++ for K = 32.00-38.05 Q = 608.87-724.08 after 10394.9 sec [total]
done with H+- for K = 32.00-38.05 Q = 608.87-724.08 after 10396.2 sec [total]
done with H-+ for K = 32.00-38.05 Q = 608.87-724.08 after 10397.4 sec [total]
done with H-- for K = 32.00-38.05 Q = 608.87-724.08 after 10397.7 sec [total]
done with UU for K = 38.05-45.25 Q = 608.87-724.08 after 10398.6 sec [total]
done with BB for K = 38.05-45.25 Q = 608.87-724.08 after 10399.6 sec [total]
done with UBTa for K = 38.05-45.25 Q = 608.87-724.08 after 10399.8 sec [total]
done with UBTb for K = 38.05-45.25 Q = 608.87-724.08 after 10399.9 sec [total]
done with UBTbA for K = 38.05-45.25 Q = 608.87-724.08 after 10400.1 sec [total]
done with UBTbC for K = 38.05-45.25 Q = 608.87-724.08 after 10400.5 sec [total]
done with H for K = 38.05-45.25 Q = 608.87-724.08 after 10401.3 sec [total]
done with H++ for K = 38.05-45.25 Q = 608.87-724.08 after 10404.5 sec [total]
done with H+- for K = 38.05-45.25 Q = 608.87-724.08 after 10405.7 sec [total]
done with H-+ for K = 38.05-45.25 Q = 608.87-724.08 after 10406.9 sec [total]
done with H-- for K = 38.05-45.25 Q = 608.87-724.08 after 10407.3 sec [total]
done with UU for K = 45.25-53.82 Q = 608.87-724.08 after 10408.2 sec [total]
done with BB for K = 45.25-53.82 Q = 608.87-724.08 after 10409.2 sec [total]
done with UBTa for K = 45.25-53.82 Q = 608.87-724.08 after 10409.4 sec [total]
done with UBTb for K = 45.25-53.82 Q = 608.87-724.08 after 10409.6 sec [total]
done with UBTbA for K = 45.25-53.82 Q = 608.87-724.08 after 10409.8 sec [total]
done with UBTbC for K = 45.25-53.82 Q = 608.87-724.08 after 10410.1 sec [total]
done with H for K = 45.25-53.82 Q = 608.87-724.08 after 10410.9 sec [total]
done with H++ for K = 45.25-53.82 Q = 608.87-724.08 after 10414.0 sec [total]
done with H+- for K = 45.25-53.82 Q = 608.87-724.08 after 10415.2 sec [total]
done with H-+ for K = 45.25-53.82 Q = 608.87-724.08 after 10416.4 sec [total]
done with H-- for K = 45.25-53.82 Q = 608.87-724.08 after 10416.8 sec [total]
done with UU for K = 53.82-64.00 Q = 608.87-724.08 after 10417.7 sec [total]
done with BB for K = 53.82-64.00 Q = 608.87-724.08 after 10418.7 sec [total]
done with UBTa for K = 53.82-64.00 Q = 608.87-724.08 after 10418.9 sec [total]
done with UBTb for K = 53.82-64.00 Q = 608.87-724.08 after 10419.0 sec [total]
done with UBTbA for K = 53.82-64.00 Q = 608.87-724.08 after 10419.3 sec [total]
done with UBTbC for K = 53.82-64.00 Q = 608.87-724.08 after 10419.6 sec [total]
done with H for K = 53.82-64.00 Q = 608.87-724.08 after 10420.4 sec [total]
done with H++ for K = 53.82-64.00 Q = 608.87-724.08 after 10423.6 sec [total]
done with H+- for K = 53.82-64.00 Q = 608.87-724.08 after 10424.8 sec [total]
done with H-+ for K = 53.82-64.00 Q = 608.87-724.08 after 10426.1 sec [total]
done with H-- for K = 53.82-64.00 Q = 608.87-724.08 after 10426.4 sec [total]
done with UU for K = 64.00-76.11 Q = 608.87-724.08 after 10427.3 sec [total]
done with BB for K = 64.00-76.11 Q = 608.87-724.08 after 10428.3 sec [total]
done with UBTa for K = 64.00-76.11 Q = 608.87-724.08 after 10428.5 sec [total]
done with UBTb for K = 64.00-76.11 Q = 608.87-724.08 after 10428.7 sec [total]
done with UBTbA for K = 64.00-76.11 Q = 608.87-724.08 after 10428.9 sec [total]
done with UBTbC for K = 64.00-76.11 Q = 608.87-724.08 after 10429.2 sec [total]
done with H for K = 64.00-76.11 Q = 608.87-724.08 after 10430.0 sec [total]
done with H++ for K = 64.00-76.11 Q = 608.87-724.08 after 10433.2 sec [total]
done with H+- for K = 64.00-76.11 Q = 608.87-724.08 after 10434.4 sec [total]
done with H-+ for K = 64.00-76.11 Q = 608.87-724.08 after 10435.7 sec [total]
done with H-- for K = 64.00-76.11 Q = 608.87-724.08 after 10436.0 sec [total]
done with UU for K = 76.11-90.51 Q = 608.87-724.08 after 10436.9 sec [total]
done with BB for K = 76.11-90.51 Q = 608.87-724.08 after 10437.9 sec [total]
done with UBTa for K = 76.11-90.51 Q = 608.87-724.08 after 10438.0 sec [total]
done with UBTb for K = 76.11-90.51 Q = 608.87-724.08 after 10438.2 sec [total]
done with UBTbA for K = 76.11-90.51 Q = 608.87-724.08 after 10438.4 sec [total]
done with UBTbC for K = 76.11-90.51 Q = 608.87-724.08 after 10438.7 sec [total]
done with H for K = 76.11-90.51 Q = 608.87-724.08 after 10439.6 sec [total]
done with H++ for K = 76.11-90.51 Q = 608.87-724.08 after 10442.7 sec [total]
done with H+- for K = 76.11-90.51 Q = 608.87-724.08 after 10443.9 sec [total]
done with H-+ for K = 76.11-90.51 Q = 608.87-724.08 after 10445.1 sec [total]
done with H-- for K = 76.11-90.51 Q = 608.87-724.08 after 10445.5 sec [total]
done with UU for K = 90.51-107.63 Q = 608.87-724.08 after 10446.4 sec [total]
done with BB for K = 90.51-107.63 Q = 608.87-724.08 after 10447.4 sec [total]
done with UBTa for K = 90.51-107.63 Q = 608.87-724.08 after 10447.6 sec [total]
done with UBTb for K = 90.51-107.63 Q = 608.87-724.08 after 10447.8 sec [total]
done with UBTbA for K = 90.51-107.63 Q = 608.87-724.08 after 10448.0 sec [total]
done with UBTbC for K = 90.51-107.63 Q = 608.87-724.08 after 10448.3 sec [total]
done with H for K = 90.51-107.63 Q = 608.87-724.08 after 10449.2 sec [total]
done with H++ for K = 90.51-107.63 Q = 608.87-724.08 after 10452.3 sec [total]
done with H+- for K = 90.51-107.63 Q = 608.87-724.08 after 10453.5 sec [total]
done with H-+ for K = 90.51-107.63 Q = 608.87-724.08 after 10454.7 sec [total]
done with H-- for K = 90.51-107.63 Q = 608.87-724.08 after 10455.1 sec [total]
done with UU for K = 107.63-128.00 Q = 608.87-724.08 after 10456.0 sec [total]
done with BB for K = 107.63-128.00 Q = 608.87-724.08 after 10457.0 sec [total]
done with UBTa for K = 107.63-128.00 Q = 608.87-724.08 after 10457.2 sec [total]
done with UBTb for K = 107.63-128.00 Q = 608.87-724.08 after 10457.4 sec [total]
done with UBTbA for K = 107.63-128.00 Q = 608.87-724.08 after 10457.6 sec [total]
done with UBTbC for K = 107.63-128.00 Q = 608.87-724.08 after 10457.8 sec [total]
done with H for K = 107.63-128.00 Q = 608.87-724.08 after 10458.7 sec [total]
done with H++ for K = 107.63-128.00 Q = 608.87-724.08 after 10461.9 sec [total]
done with H+- for K = 107.63-128.00 Q = 608.87-724.08 after 10463.0 sec [total]
done with H-+ for K = 107.63-128.00 Q = 608.87-724.08 after 10464.3 sec [total]
done with H-- for K = 107.63-128.00 Q = 608.87-724.08 after 10464.6 sec [total]
done with UU for K = 128.00-152.22 Q = 608.87-724.08 after 10465.5 sec [total]
done with BB for K = 128.00-152.22 Q = 608.87-724.08 after 10466.6 sec [total]
done with UBTa for K = 128.00-152.22 Q = 608.87-724.08 after 10466.8 sec [total]
done with UBTb for K = 128.00-152.22 Q = 608.87-724.08 after 10466.9 sec [total]
done with UBTbA for K = 128.00-152.22 Q = 608.87-724.08 after 10467.1 sec [total]
done with UBTbC for K = 128.00-152.22 Q = 608.87-724.08 after 10467.4 sec [total]
done with H for K = 128.00-152.22 Q = 608.87-724.08 after 10468.3 sec [total]
done with H++ for K = 128.00-152.22 Q = 608.87-724.08 after 10471.5 sec [total]
done with H+- for K = 128.00-152.22 Q = 608.87-724.08 after 10472.7 sec [total]
done with H-+ for K = 128.00-152.22 Q = 608.87-724.08 after 10473.7 sec [total]
done with H-- for K = 128.00-152.22 Q = 608.87-724.08 after 10474.2 sec [total]
done with UU for K = 152.22-181.02 Q = 608.87-724.08 after 10475.1 sec [total]
done with BB for K = 152.22-181.02 Q = 608.87-724.08 after 10476.2 sec [total]
done with UBTa for K = 152.22-181.02 Q = 608.87-724.08 after 10476.4 sec [total]
done with UBTb for K = 152.22-181.02 Q = 608.87-724.08 after 10476.5 sec [total]
done with UBTbA for K = 152.22-181.02 Q = 608.87-724.08 after 10476.7 sec [total]
done with UBTbC for K = 152.22-181.02 Q = 608.87-724.08 after 10477.0 sec [total]
done with H for K = 152.22-181.02 Q = 608.87-724.08 after 10477.9 sec [total]
done with H++ for K = 152.22-181.02 Q = 608.87-724.08 after 10481.0 sec [total]
done with H+- for K = 152.22-181.02 Q = 608.87-724.08 after 10482.2 sec [total]
done with H-+ for K = 152.22-181.02 Q = 608.87-724.08 after 10483.4 sec [total]
done with H-- for K = 152.22-181.02 Q = 608.87-724.08 after 10483.8 sec [total]
done with UU for K = 181.02-215.27 Q = 608.87-724.08 after 10484.7 sec [total]
done with BB for K = 181.02-215.27 Q = 608.87-724.08 after 10485.7 sec [total]
done with UBTa for K = 181.02-215.27 Q = 608.87-724.08 after 10485.9 sec [total]
done with UBTb for K = 181.02-215.27 Q = 608.87-724.08 after 10486.1 sec [total]
done with UBTbA for K = 181.02-215.27 Q = 608.87-724.08 after 10486.3 sec [total]
done with UBTbC for K = 181.02-215.27 Q = 608.87-724.08 after 10486.7 sec [total]
done with H for K = 181.02-215.27 Q = 608.87-724.08 after 10487.4 sec [total]
done with H++ for K = 181.02-215.27 Q = 608.87-724.08 after 10490.6 sec [total]
done with H+- for K = 181.02-215.27 Q = 608.87-724.08 after 10491.8 sec [total]
done with H-+ for K = 181.02-215.27 Q = 608.87-724.08 after 10493.1 sec [total]
done with H-- for K = 181.02-215.27 Q = 608.87-724.08 after 10493.4 sec [total]
done with UU for K = 215.27-256.00 Q = 608.87-724.08 after 10494.3 sec [total]
done with BB for K = 215.27-256.00 Q = 608.87-724.08 after 10495.3 sec [total]
done with UBTa for K = 215.27-256.00 Q = 608.87-724.08 after 10495.4 sec [total]
done with UBTb for K = 215.27-256.00 Q = 608.87-724.08 after 10495.6 sec [total]
done with UBTbA for K = 215.27-256.00 Q = 608.87-724.08 after 10495.8 sec [total]
done with UBTbC for K = 215.27-256.00 Q = 608.87-724.08 after 10496.2 sec [total]
done with H for K = 215.27-256.00 Q = 608.87-724.08 after 10497.0 sec [total]
done with H++ for K = 215.27-256.00 Q = 608.87-724.08 after 10500.2 sec [total]
done with H+- for K = 215.27-256.00 Q = 608.87-724.08 after 10501.3 sec [total]
done with H-+ for K = 215.27-256.00 Q = 608.87-724.08 after 10502.4 sec [total]
done with H-- for K = 215.27-256.00 Q = 608.87-724.08 after 10502.9 sec [total]
done with UU for K = 256.00-304.44 Q = 608.87-724.08 after 10503.8 sec [total]
done with BB for K = 256.00-304.44 Q = 608.87-724.08 after 10504.8 sec [total]
done with UBTa for K = 256.00-304.44 Q = 608.87-724.08 after 10505.0 sec [total]
done with UBTb for K = 256.00-304.44 Q = 608.87-724.08 after 10505.2 sec [total]
done with UBTbA for K = 256.00-304.44 Q = 608.87-724.08 after 10505.4 sec [total]
done with UBTbC for K = 256.00-304.44 Q = 608.87-724.08 after 10505.7 sec [total]
done with H for K = 256.00-304.44 Q = 608.87-724.08 after 10506.6 sec [total]
done with H++ for K = 256.00-304.44 Q = 608.87-724.08 after 10509.7 sec [total]
done with H+- for K = 256.00-304.44 Q = 608.87-724.08 after 10510.9 sec [total]
done with H-+ for K = 256.00-304.44 Q = 608.87-724.08 after 10512.0 sec [total]
done with H-- for K = 256.00-304.44 Q = 608.87-724.08 after 10512.5 sec [total]
done with UU for K = 304.44-362.04 Q = 608.87-724.08 after 10513.4 sec [total]
done with BB for K = 304.44-362.04 Q = 608.87-724.08 after 10514.4 sec [total]
done with UBTa for K = 304.44-362.04 Q = 608.87-724.08 after 10514.6 sec [total]
done with UBTb for K = 304.44-362.04 Q = 608.87-724.08 after 10514.7 sec [total]
done with UBTbA for K = 304.44-362.04 Q = 608.87-724.08 after 10514.9 sec [total]
done with UBTbC for K = 304.44-362.04 Q = 608.87-724.08 after 10515.3 sec [total]
done with H for K = 304.44-362.04 Q = 608.87-724.08 after 10516.1 sec [total]
done with H++ for K = 304.44-362.04 Q = 608.87-724.08 after 10519.3 sec [total]
done with H+- for K = 304.44-362.04 Q = 608.87-724.08 after 10520.6 sec [total]
done with H-+ for K = 304.44-362.04 Q = 608.87-724.08 after 10521.7 sec [total]
done with H-- for K = 304.44-362.04 Q = 608.87-724.08 after 10522.1 sec [total]
done with UU for K = 362.04-430.54 Q = 608.87-724.08 after 10523.0 sec [total]
done with BB for K = 362.04-430.54 Q = 608.87-724.08 after 10524.0 sec [total]
done with UBTa for K = 362.04-430.54 Q = 608.87-724.08 after 10524.2 sec [total]
done with UBTb for K = 362.04-430.54 Q = 608.87-724.08 after 10524.4 sec [total]
done with UBTbA for K = 362.04-430.54 Q = 608.87-724.08 after 10524.5 sec [total]
done with UBTbC for K = 362.04-430.54 Q = 608.87-724.08 after 10524.9 sec [total]
done with H for K = 362.04-430.54 Q = 608.87-724.08 after 10525.7 sec [total]
done with H++ for K = 362.04-430.54 Q = 608.87-724.08 after 10528.8 sec [total]
done with H+- for K = 362.04-430.54 Q = 608.87-724.08 after 10529.8 sec [total]
done with H-+ for K = 362.04-430.54 Q = 608.87-724.08 after 10530.9 sec [total]
done with H-- for K = 362.04-430.54 Q = 608.87-724.08 after 10531.6 sec [total]
done with UU for K = 430.54-512.00 Q = 608.87-724.08 after 10532.5 sec [total]
done with BB for K = 430.54-512.00 Q = 608.87-724.08 after 10533.5 sec [total]
done with UBTa for K = 430.54-512.00 Q = 608.87-724.08 after 10533.7 sec [total]
done with UBTb for K = 430.54-512.00 Q = 608.87-724.08 after 10533.9 sec [total]
done with UBTbA for K = 430.54-512.00 Q = 608.87-724.08 after 10534.1 sec [total]
done with UBTbC for K = 430.54-512.00 Q = 608.87-724.08 after 10534.4 sec [total]
done with H for K = 430.54-512.00 Q = 608.87-724.08 after 10535.3 sec [total]
done with H++ for K = 430.54-512.00 Q = 608.87-724.08 after 10538.4 sec [total]
done with H+- for K = 430.54-512.00 Q = 608.87-724.08 after 10539.5 sec [total]
done with H-+ for K = 430.54-512.00 Q = 608.87-724.08 after 10540.6 sec [total]
done with H-- for K = 430.54-512.00 Q = 608.87-724.08 after 10541.2 sec [total]
done with UU for K = 512.00-608.87 Q = 608.87-724.08 after 10542.1 sec [total]
done with BB for K = 512.00-608.87 Q = 608.87-724.08 after 10543.1 sec [total]
done with UBTa for K = 512.00-608.87 Q = 608.87-724.08 after 10543.2 sec [total]
done with UBTb for K = 512.00-608.87 Q = 608.87-724.08 after 10543.4 sec [total]
done with UBTbA for K = 512.00-608.87 Q = 608.87-724.08 after 10543.6 sec [total]
done with UBTbC for K = 512.00-608.87 Q = 608.87-724.08 after 10543.9 sec [total]
done with H for K = 512.00-608.87 Q = 608.87-724.08 after 10544.8 sec [total]
done with H++ for K = 512.00-608.87 Q = 608.87-724.08 after 10548.0 sec [total]
done with H+- for K = 512.00-608.87 Q = 608.87-724.08 after 10549.1 sec [total]
done with H-+ for K = 512.00-608.87 Q = 608.87-724.08 after 10550.1 sec [total]
done with H-- for K = 512.00-608.87 Q = 608.87-724.08 after 10550.7 sec [total]
done with UU for K = 608.87-724.08 Q = 608.87-724.08 after 10551.6 sec [total]
done with BB for K = 608.87-724.08 Q = 608.87-724.08 after 10552.6 sec [total]
done with UBTa for K = 608.87-724.08 Q = 608.87-724.08 after 10552.8 sec [total]
done with UBTb for K = 608.87-724.08 Q = 608.87-724.08 after 10553.0 sec [total]
done with UBTbA for K = 608.87-724.08 Q = 608.87-724.08 after 10553.2 sec [total]
done with UBTbC for K = 608.87-724.08 Q = 608.87-724.08 after 10553.5 sec [total]
done with H for K = 608.87-724.08 Q = 608.87-724.08 after 10554.4 sec [total]
done with H++ for K = 608.87-724.08 Q = 608.87-724.08 after 10557.5 sec [total]
done with H+- for K = 608.87-724.08 Q = 608.87-724.08 after 10558.6 sec [total]
done with H-+ for K = 608.87-724.08 Q = 608.87-724.08 after 10559.7 sec [total]
done with H-- for K = 608.87-724.08 Q = 608.87-724.08 after 10560.3 sec [total]
done with UU for K = 724.08-861.08 Q = 608.87-724.08 after 10561.2 sec [total]
done with BB for K = 724.08-861.08 Q = 608.87-724.08 after 10562.1 sec [total]
done with UBTa for K = 724.08-861.08 Q = 608.87-724.08 after 10562.3 sec [total]
done with UBTb for K = 724.08-861.08 Q = 608.87-724.08 after 10562.5 sec [total]
done with UBTbA for K = 724.08-861.08 Q = 608.87-724.08 after 10562.7 sec [total]
done with UBTbC for K = 724.08-861.08 Q = 608.87-724.08 after 10563.1 sec [total]
done with H for K = 724.08-861.08 Q = 608.87-724.08 after 10563.9 sec [total]
done with H++ for K = 724.08-861.08 Q = 608.87-724.08 after 10567.0 sec [total]
done with H+- for K = 724.08-861.08 Q = 608.87-724.08 after 10568.2 sec [total]
done with H-+ for K = 724.08-861.08 Q = 608.87-724.08 after 10569.3 sec [total]
done with H-- for K = 724.08-861.08 Q = 608.87-724.08 after 10569.8 sec [total]
done with UU for K = 861.08-1024.00 Q = 608.87-724.08 after 10570.7 sec [total]
done with BB for K = 861.08-1024.00 Q = 608.87-724.08 after 10571.8 sec [total]
done with UBTa for K = 861.08-1024.00 Q = 608.87-724.08 after 10572.0 sec [total]
done with UBTb for K = 861.08-1024.00 Q = 608.87-724.08 after 10572.1 sec [total]
done with UBTbA for K = 861.08-1024.00 Q = 608.87-724.08 after 10572.3 sec [total]
done with UBTbC for K = 861.08-1024.00 Q = 608.87-724.08 after 10572.6 sec [total]
done with H for K = 861.08-1024.00 Q = 608.87-724.08 after 10573.4 sec [total]
done with H++ for K = 861.08-1024.00 Q = 608.87-724.08 after 10576.7 sec [total]
done with H+- for K = 861.08-1024.00 Q = 608.87-724.08 after 10577.9 sec [total]
done with H-+ for K = 861.08-1024.00 Q = 608.87-724.08 after 10579.2 sec [total]
done with H-- for K = 861.08-1024.00 Q = 608.87-724.08 after 10579.3 sec [total]
done with UU for K = 0.00-3.36 Q = 724.08-861.08 after 10581.1 sec [total]
done with BB for K = 0.00-3.36 Q = 724.08-861.08 after 10583.4 sec [total]
done with UBTa for K = 0.00-3.36 Q = 724.08-861.08 after 10584.3 sec [total]
done with UBTb for K = 0.00-3.36 Q = 724.08-861.08 after 10585.4 sec [total]
done with UBTbA for K = 0.00-3.36 Q = 724.08-861.08 after 10586.4 sec [total]
done with UBTbC for K = 0.00-3.36 Q = 724.08-861.08 after 10586.7 sec [total]
done with H for K = 0.00-3.36 Q = 724.08-861.08 after 10587.7 sec [total]
done with H++ for K = 0.00-3.36 Q = 724.08-861.08 after 10590.8 sec [total]
done with H+- for K = 0.00-3.36 Q = 724.08-861.08 after 10592.0 sec [total]
done with H-+ for K = 0.00-3.36 Q = 724.08-861.08 after 10593.0 sec [total]
done with H-- for K = 0.00-3.36 Q = 724.08-861.08 after 10593.6 sec [total]
done with UU for K = 3.36-4.00 Q = 724.08-861.08 after 10594.5 sec [total]
done with BB for K = 3.36-4.00 Q = 724.08-861.08 after 10595.5 sec [total]
done with UBTa for K = 3.36-4.00 Q = 724.08-861.08 after 10595.7 sec [total]
done with UBTb for K = 3.36-4.00 Q = 724.08-861.08 after 10595.9 sec [total]
done with UBTbA for K = 3.36-4.00 Q = 724.08-861.08 after 10596.1 sec [total]
done with UBTbC for K = 3.36-4.00 Q = 724.08-861.08 after 10596.4 sec [total]
done with H for K = 3.36-4.00 Q = 724.08-861.08 after 10597.2 sec [total]
done with H++ for K = 3.36-4.00 Q = 724.08-861.08 after 10600.4 sec [total]
done with H+- for K = 3.36-4.00 Q = 724.08-861.08 after 10601.6 sec [total]
done with H-+ for K = 3.36-4.00 Q = 724.08-861.08 after 10602.8 sec [total]
done with H-- for K = 3.36-4.00 Q = 724.08-861.08 after 10603.2 sec [total]
done with UU for K = 4.00-4.76 Q = 724.08-861.08 after 10604.1 sec [total]
done with BB for K = 4.00-4.76 Q = 724.08-861.08 after 10605.1 sec [total]
done with UBTa for K = 4.00-4.76 Q = 724.08-861.08 after 10605.3 sec [total]
done with UBTb for K = 4.00-4.76 Q = 724.08-861.08 after 10605.4 sec [total]
done with UBTbA for K = 4.00-4.76 Q = 724.08-861.08 after 10605.6 sec [total]
done with UBTbC for K = 4.00-4.76 Q = 724.08-861.08 after 10605.9 sec [total]
done with H for K = 4.00-4.76 Q = 724.08-861.08 after 10606.8 sec [total]
done with H++ for K = 4.00-4.76 Q = 724.08-861.08 after 10609.9 sec [total]
done with H+- for K = 4.00-4.76 Q = 724.08-861.08 after 10611.2 sec [total]
done with H-+ for K = 4.00-4.76 Q = 724.08-861.08 after 10612.5 sec [total]
done with H-- for K = 4.00-4.76 Q = 724.08-861.08 after 10612.8 sec [total]
done with UU for K = 4.76-5.66 Q = 724.08-861.08 after 10613.7 sec [total]
done with BB for K = 4.76-5.66 Q = 724.08-861.08 after 10614.7 sec [total]
done with UBTa for K = 4.76-5.66 Q = 724.08-861.08 after 10614.8 sec [total]
done with UBTb for K = 4.76-5.66 Q = 724.08-861.08 after 10615.0 sec [total]
done with UBTbA for K = 4.76-5.66 Q = 724.08-861.08 after 10615.2 sec [total]
done with UBTbC for K = 4.76-5.66 Q = 724.08-861.08 after 10615.5 sec [total]
done with H for K = 4.76-5.66 Q = 724.08-861.08 after 10616.4 sec [total]
done with H++ for K = 4.76-5.66 Q = 724.08-861.08 after 10619.5 sec [total]
done with H+- for K = 4.76-5.66 Q = 724.08-861.08 after 10620.6 sec [total]
done with H-+ for K = 4.76-5.66 Q = 724.08-861.08 after 10621.7 sec [total]
done with H-- for K = 4.76-5.66 Q = 724.08-861.08 after 10622.3 sec [total]
done with UU for K = 5.66-6.73 Q = 724.08-861.08 after 10623.2 sec [total]
done with BB for K = 5.66-6.73 Q = 724.08-861.08 after 10624.2 sec [total]
done with UBTa for K = 5.66-6.73 Q = 724.08-861.08 after 10624.3 sec [total]
done with UBTb for K = 5.66-6.73 Q = 724.08-861.08 after 10624.5 sec [total]
done with UBTbA for K = 5.66-6.73 Q = 724.08-861.08 after 10624.7 sec [total]
done with UBTbC for K = 5.66-6.73 Q = 724.08-861.08 after 10625.1 sec [total]
done with H for K = 5.66-6.73 Q = 724.08-861.08 after 10625.9 sec [total]
done with H++ for K = 5.66-6.73 Q = 724.08-861.08 after 10629.1 sec [total]
done with H+- for K = 5.66-6.73 Q = 724.08-861.08 after 10630.2 sec [total]
done with H-+ for K = 5.66-6.73 Q = 724.08-861.08 after 10631.3 sec [total]
done with H-- for K = 5.66-6.73 Q = 724.08-861.08 after 10631.9 sec [total]
done with UU for K = 6.73-8.00 Q = 724.08-861.08 after 10632.8 sec [total]
done with BB for K = 6.73-8.00 Q = 724.08-861.08 after 10633.8 sec [total]
done with UBTa for K = 6.73-8.00 Q = 724.08-861.08 after 10634.0 sec [total]
done with UBTb for K = 6.73-8.00 Q = 724.08-861.08 after 10634.1 sec [total]
done with UBTbA for K = 6.73-8.00 Q = 724.08-861.08 after 10634.3 sec [total]
done with UBTbC for K = 6.73-8.00 Q = 724.08-861.08 after 10634.7 sec [total]
done with H for K = 6.73-8.00 Q = 724.08-861.08 after 10635.5 sec [total]
done with H++ for K = 6.73-8.00 Q = 724.08-861.08 after 10638.6 sec [total]
done with H+- for K = 6.73-8.00 Q = 724.08-861.08 after 10639.8 sec [total]
done with H-+ for K = 6.73-8.00 Q = 724.08-861.08 after 10640.9 sec [total]
done with H-- for K = 6.73-8.00 Q = 724.08-861.08 after 10641.4 sec [total]
done with UU for K = 8.00-9.51 Q = 724.08-861.08 after 10642.3 sec [total]
done with BB for K = 8.00-9.51 Q = 724.08-861.08 after 10643.3 sec [total]
done with UBTa for K = 8.00-9.51 Q = 724.08-861.08 after 10643.5 sec [total]
done with UBTb for K = 8.00-9.51 Q = 724.08-861.08 after 10643.7 sec [total]
done with UBTbA for K = 8.00-9.51 Q = 724.08-861.08 after 10643.9 sec [total]
done with UBTbC for K = 8.00-9.51 Q = 724.08-861.08 after 10644.2 sec [total]
done with H for K = 8.00-9.51 Q = 724.08-861.08 after 10645.1 sec [total]
done with H++ for K = 8.00-9.51 Q = 724.08-861.08 after 10648.2 sec [total]
done with H+- for K = 8.00-9.51 Q = 724.08-861.08 after 10649.4 sec [total]
done with H-+ for K = 8.00-9.51 Q = 724.08-861.08 after 10650.4 sec [total]
done with H-- for K = 8.00-9.51 Q = 724.08-861.08 after 10650.9 sec [total]
done with UU for K = 9.51-11.31 Q = 724.08-861.08 after 10651.9 sec [total]
done with BB for K = 9.51-11.31 Q = 724.08-861.08 after 10652.9 sec [total]
done with UBTa for K = 9.51-11.31 Q = 724.08-861.08 after 10653.0 sec [total]
done with UBTb for K = 9.51-11.31 Q = 724.08-861.08 after 10653.2 sec [total]
done with UBTbA for K = 9.51-11.31 Q = 724.08-861.08 after 10653.4 sec [total]
done with UBTbC for K = 9.51-11.31 Q = 724.08-861.08 after 10653.7 sec [total]
done with H for K = 9.51-11.31 Q = 724.08-861.08 after 10654.6 sec [total]
done with H++ for K = 9.51-11.31 Q = 724.08-861.08 after 10657.7 sec [total]
done with H+- for K = 9.51-11.31 Q = 724.08-861.08 after 10658.8 sec [total]
done with H-+ for K = 9.51-11.31 Q = 724.08-861.08 after 10659.9 sec [total]
done with H-- for K = 9.51-11.31 Q = 724.08-861.08 after 10660.5 sec [total]
done with UU for K = 11.31-13.45 Q = 724.08-861.08 after 10661.5 sec [total]
done with BB for K = 11.31-13.45 Q = 724.08-861.08 after 10662.5 sec [total]
done with UBTa for K = 11.31-13.45 Q = 724.08-861.08 after 10662.6 sec [total]
done with UBTb for K = 11.31-13.45 Q = 724.08-861.08 after 10662.8 sec [total]
done with UBTbA for K = 11.31-13.45 Q = 724.08-861.08 after 10663.0 sec [total]
done with UBTbC for K = 11.31-13.45 Q = 724.08-861.08 after 10663.4 sec [total]
done with H for K = 11.31-13.45 Q = 724.08-861.08 after 10664.2 sec [total]
done with H++ for K = 11.31-13.45 Q = 724.08-861.08 after 10667.3 sec [total]
done with H+- for K = 11.31-13.45 Q = 724.08-861.08 after 10668.5 sec [total]
done with H-+ for K = 11.31-13.45 Q = 724.08-861.08 after 10669.7 sec [total]
done with H-- for K = 11.31-13.45 Q = 724.08-861.08 after 10670.1 sec [total]
done with UU for K = 13.45-16.00 Q = 724.08-861.08 after 10671.0 sec [total]
done with BB for K = 13.45-16.00 Q = 724.08-861.08 after 10672.0 sec [total]
done with UBTa for K = 13.45-16.00 Q = 724.08-861.08 after 10672.2 sec [total]
done with UBTb for K = 13.45-16.00 Q = 724.08-861.08 after 10672.3 sec [total]
done with UBTbA for K = 13.45-16.00 Q = 724.08-861.08 after 10672.5 sec [total]
done with UBTbC for K = 13.45-16.00 Q = 724.08-861.08 after 10672.9 sec [total]
done with H for K = 13.45-16.00 Q = 724.08-861.08 after 10673.8 sec [total]
done with H++ for K = 13.45-16.00 Q = 724.08-861.08 after 10676.9 sec [total]
done with H+- for K = 13.45-16.00 Q = 724.08-861.08 after 10678.0 sec [total]
done with H-+ for K = 13.45-16.00 Q = 724.08-861.08 after 10679.2 sec [total]
done with H-- for K = 13.45-16.00 Q = 724.08-861.08 after 10679.7 sec [total]
done with UU for K = 16.00-19.03 Q = 724.08-861.08 after 10680.6 sec [total]
done with BB for K = 16.00-19.03 Q = 724.08-861.08 after 10681.6 sec [total]
done with UBTa for K = 16.00-19.03 Q = 724.08-861.08 after 10681.8 sec [total]
done with UBTb for K = 16.00-19.03 Q = 724.08-861.08 after 10681.9 sec [total]
done with UBTbA for K = 16.00-19.03 Q = 724.08-861.08 after 10682.1 sec [total]
done with UBTbC for K = 16.00-19.03 Q = 724.08-861.08 after 10682.5 sec [total]
done with H for K = 16.00-19.03 Q = 724.08-861.08 after 10683.3 sec [total]
done with H++ for K = 16.00-19.03 Q = 724.08-861.08 after 10686.5 sec [total]
done with H+- for K = 16.00-19.03 Q = 724.08-861.08 after 10687.6 sec [total]
done with H-+ for K = 16.00-19.03 Q = 724.08-861.08 after 10688.9 sec [total]
done with H-- for K = 16.00-19.03 Q = 724.08-861.08 after 10689.3 sec [total]
done with UU for K = 19.03-22.63 Q = 724.08-861.08 after 10690.2 sec [total]
done with BB for K = 19.03-22.63 Q = 724.08-861.08 after 10691.2 sec [total]
done with UBTa for K = 19.03-22.63 Q = 724.08-861.08 after 10691.3 sec [total]
done with UBTb for K = 19.03-22.63 Q = 724.08-861.08 after 10691.5 sec [total]
done with UBTbA for K = 19.03-22.63 Q = 724.08-861.08 after 10691.7 sec [total]
done with UBTbC for K = 19.03-22.63 Q = 724.08-861.08 after 10692.1 sec [total]
done with H for K = 19.03-22.63 Q = 724.08-861.08 after 10692.9 sec [total]
done with H++ for K = 19.03-22.63 Q = 724.08-861.08 after 10696.1 sec [total]
done with H+- for K = 19.03-22.63 Q = 724.08-861.08 after 10697.3 sec [total]
done with H-+ for K = 19.03-22.63 Q = 724.08-861.08 after 10698.5 sec [total]
done with H-- for K = 19.03-22.63 Q = 724.08-861.08 after 10698.8 sec [total]
done with UU for K = 22.63-26.91 Q = 724.08-861.08 after 10699.7 sec [total]
done with BB for K = 22.63-26.91 Q = 724.08-861.08 after 10700.7 sec [total]
done with UBTa for K = 22.63-26.91 Q = 724.08-861.08 after 10700.9 sec [total]
done with UBTb for K = 22.63-26.91 Q = 724.08-861.08 after 10701.0 sec [total]
done with UBTbA for K = 22.63-26.91 Q = 724.08-861.08 after 10701.2 sec [total]
done with UBTbC for K = 22.63-26.91 Q = 724.08-861.08 after 10701.6 sec [total]
done with H for K = 22.63-26.91 Q = 724.08-861.08 after 10702.4 sec [total]
done with H++ for K = 22.63-26.91 Q = 724.08-861.08 after 10705.7 sec [total]
done with H+- for K = 22.63-26.91 Q = 724.08-861.08 after 10706.7 sec [total]
done with H-+ for K = 22.63-26.91 Q = 724.08-861.08 after 10707.8 sec [total]
done with H-- for K = 22.63-26.91 Q = 724.08-861.08 after 10708.3 sec [total]
done with UU for K = 26.91-32.00 Q = 724.08-861.08 after 10709.2 sec [total]
done with BB for K = 26.91-32.00 Q = 724.08-861.08 after 10710.2 sec [total]
done with UBTa for K = 26.91-32.00 Q = 724.08-861.08 after 10710.4 sec [total]
done with UBTb for K = 26.91-32.00 Q = 724.08-861.08 after 10710.6 sec [total]
done with UBTbA for K = 26.91-32.00 Q = 724.08-861.08 after 10710.8 sec [total]
done with UBTbC for K = 26.91-32.00 Q = 724.08-861.08 after 10711.1 sec [total]
done with H for K = 26.91-32.00 Q = 724.08-861.08 after 10712.0 sec [total]
done with H++ for K = 26.91-32.00 Q = 724.08-861.08 after 10715.2 sec [total]
done with H+- for K = 26.91-32.00 Q = 724.08-861.08 after 10716.4 sec [total]
done with H-+ for K = 26.91-32.00 Q = 724.08-861.08 after 10717.7 sec [total]
done with H-- for K = 26.91-32.00 Q = 724.08-861.08 after 10717.9 sec [total]
done with UU for K = 32.00-38.05 Q = 724.08-861.08 after 10718.8 sec [total]
done with BB for K = 32.00-38.05 Q = 724.08-861.08 after 10719.9 sec [total]
done with UBTa for K = 32.00-38.05 Q = 724.08-861.08 after 10720.1 sec [total]
done with UBTb for K = 32.00-38.05 Q = 724.08-861.08 after 10720.2 sec [total]
done with UBTbA for K = 32.00-38.05 Q = 724.08-861.08 after 10720.4 sec [total]
done with UBTbC for K = 32.00-38.05 Q = 724.08-861.08 after 10720.8 sec [total]
done with H for K = 32.00-38.05 Q = 724.08-861.08 after 10721.5 sec [total]
done with H++ for K = 32.00-38.05 Q = 724.08-861.08 after 10724.6 sec [total]
done with H+- for K = 32.00-38.05 Q = 724.08-861.08 after 10725.8 sec [total]
done with H-+ for K = 32.00-38.05 Q = 724.08-861.08 after 10726.9 sec [total]
done with H-- for K = 32.00-38.05 Q = 724.08-861.08 after 10727.4 sec [total]
done with UU for K = 38.05-45.25 Q = 724.08-861.08 after 10728.3 sec [total]
done with BB for K = 38.05-45.25 Q = 724.08-861.08 after 10729.3 sec [total]
done with UBTa for K = 38.05-45.25 Q = 724.08-861.08 after 10729.5 sec [total]
done with UBTb for K = 38.05-45.25 Q = 724.08-861.08 after 10729.7 sec [total]
done with UBTbA for K = 38.05-45.25 Q = 724.08-861.08 after 10729.9 sec [total]
done with UBTbC for K = 38.05-45.25 Q = 724.08-861.08 after 10730.3 sec [total]
done with H for K = 38.05-45.25 Q = 724.08-861.08 after 10731.1 sec [total]
done with H++ for K = 38.05-45.25 Q = 724.08-861.08 after 10734.3 sec [total]
done with H+- for K = 38.05-45.25 Q = 724.08-861.08 after 10735.5 sec [total]
done with H-+ for K = 38.05-45.25 Q = 724.08-861.08 after 10736.7 sec [total]
done with H-- for K = 38.05-45.25 Q = 724.08-861.08 after 10737.0 sec [total]
done with UU for K = 45.25-53.82 Q = 724.08-861.08 after 10737.9 sec [total]
done with BB for K = 45.25-53.82 Q = 724.08-861.08 after 10738.9 sec [total]
done with UBTa for K = 45.25-53.82 Q = 724.08-861.08 after 10739.0 sec [total]
done with UBTb for K = 45.25-53.82 Q = 724.08-861.08 after 10739.2 sec [total]
done with UBTbA for K = 45.25-53.82 Q = 724.08-861.08 after 10739.4 sec [total]
done with UBTbC for K = 45.25-53.82 Q = 724.08-861.08 after 10739.8 sec [total]
done with H for K = 45.25-53.82 Q = 724.08-861.08 after 10740.6 sec [total]
done with H++ for K = 45.25-53.82 Q = 724.08-861.08 after 10743.7 sec [total]
done with H+- for K = 45.25-53.82 Q = 724.08-861.08 after 10745.0 sec [total]
done with H-+ for K = 45.25-53.82 Q = 724.08-861.08 after 10746.3 sec [total]
done with H-- for K = 45.25-53.82 Q = 724.08-861.08 after 10746.6 sec [total]
done with UU for K = 53.82-64.00 Q = 724.08-861.08 after 10747.5 sec [total]
done with BB for K = 53.82-64.00 Q = 724.08-861.08 after 10748.5 sec [total]
done with UBTa for K = 53.82-64.00 Q = 724.08-861.08 after 10748.6 sec [total]
done with UBTb for K = 53.82-64.00 Q = 724.08-861.08 after 10748.8 sec [total]
done with UBTbA for K = 53.82-64.00 Q = 724.08-861.08 after 10749.0 sec [total]
done with UBTbC for K = 53.82-64.00 Q = 724.08-861.08 after 10749.4 sec [total]
done with H for K = 53.82-64.00 Q = 724.08-861.08 after 10750.2 sec [total]
done with H++ for K = 53.82-64.00 Q = 724.08-861.08 after 10753.3 sec [total]
done with H+- for K = 53.82-64.00 Q = 724.08-861.08 after 10754.6 sec [total]
done with H-+ for K = 53.82-64.00 Q = 724.08-861.08 after 10755.9 sec [total]
done with H-- for K = 53.82-64.00 Q = 724.08-861.08 after 10756.1 sec [total]
done with UU for K = 64.00-76.11 Q = 724.08-861.08 after 10757.0 sec [total]
done with BB for K = 64.00-76.11 Q = 724.08-861.08 after 10758.0 sec [total]
done with UBTa for K = 64.00-76.11 Q = 724.08-861.08 after 10758.2 sec [total]
done with UBTb for K = 64.00-76.11 Q = 724.08-861.08 after 10758.4 sec [total]
done with UBTbA for K = 64.00-76.11 Q = 724.08-861.08 after 10758.6 sec [total]
done with UBTbC for K = 64.00-76.11 Q = 724.08-861.08 after 10758.9 sec [total]
done with H for K = 64.00-76.11 Q = 724.08-861.08 after 10759.7 sec [total]
done with H++ for K = 64.00-76.11 Q = 724.08-861.08 after 10762.9 sec [total]
done with H+- for K = 64.00-76.11 Q = 724.08-861.08 after 10764.0 sec [total]
done with H-+ for K = 64.00-76.11 Q = 724.08-861.08 after 10765.2 sec [total]
done with H-- for K = 64.00-76.11 Q = 724.08-861.08 after 10765.6 sec [total]
done with UU for K = 76.11-90.51 Q = 724.08-861.08 after 10766.5 sec [total]
done with BB for K = 76.11-90.51 Q = 724.08-861.08 after 10767.6 sec [total]
done with UBTa for K = 76.11-90.51 Q = 724.08-861.08 after 10767.7 sec [total]
done with UBTb for K = 76.11-90.51 Q = 724.08-861.08 after 10767.9 sec [total]
done with UBTbA for K = 76.11-90.51 Q = 724.08-861.08 after 10768.1 sec [total]
done with UBTbC for K = 76.11-90.51 Q = 724.08-861.08 after 10768.4 sec [total]
done with H for K = 76.11-90.51 Q = 724.08-861.08 after 10769.3 sec [total]
done with H++ for K = 76.11-90.51 Q = 724.08-861.08 after 10772.4 sec [total]
done with H+- for K = 76.11-90.51 Q = 724.08-861.08 after 10773.7 sec [total]
done with H-+ for K = 76.11-90.51 Q = 724.08-861.08 after 10775.0 sec [total]
done with H-- for K = 76.11-90.51 Q = 724.08-861.08 after 10775.2 sec [total]
done with UU for K = 90.51-107.63 Q = 724.08-861.08 after 10776.1 sec [total]
done with BB for K = 90.51-107.63 Q = 724.08-861.08 after 10777.2 sec [total]
done with UBTa for K = 90.51-107.63 Q = 724.08-861.08 after 10777.3 sec [total]
done with UBTb for K = 90.51-107.63 Q = 724.08-861.08 after 10777.5 sec [total]
done with UBTbA for K = 90.51-107.63 Q = 724.08-861.08 after 10777.7 sec [total]
done with UBTbC for K = 90.51-107.63 Q = 724.08-861.08 after 10778.1 sec [total]
done with H for K = 90.51-107.63 Q = 724.08-861.08 after 10778.9 sec [total]
done with H++ for K = 90.51-107.63 Q = 724.08-861.08 after 10782.0 sec [total]
done with H+- for K = 90.51-107.63 Q = 724.08-861.08 after 10783.4 sec [total]
done with H-+ for K = 90.51-107.63 Q = 724.08-861.08 after 10784.6 sec [total]
done with H-- for K = 90.51-107.63 Q = 724.08-861.08 after 10784.8 sec [total]
done with UU for K = 107.63-128.00 Q = 724.08-861.08 after 10785.7 sec [total]
done with BB for K = 107.63-128.00 Q = 724.08-861.08 after 10786.7 sec [total]
done with UBTa for K = 107.63-128.00 Q = 724.08-861.08 after 10786.9 sec [total]
done with UBTb for K = 107.63-128.00 Q = 724.08-861.08 after 10787.1 sec [total]
done with UBTbA for K = 107.63-128.00 Q = 724.08-861.08 after 10787.3 sec [total]
done with UBTbC for K = 107.63-128.00 Q = 724.08-861.08 after 10787.7 sec [total]
done with H for K = 107.63-128.00 Q = 724.08-861.08 after 10788.5 sec [total]
done with H++ for K = 107.63-128.00 Q = 724.08-861.08 after 10791.6 sec [total]
done with H+- for K = 107.63-128.00 Q = 724.08-861.08 after 10792.8 sec [total]
done with H-+ for K = 107.63-128.00 Q = 724.08-861.08 after 10793.9 sec [total]
done with H-- for K = 107.63-128.00 Q = 724.08-861.08 after 10794.4 sec [total]
done with UU for K = 128.00-152.22 Q = 724.08-861.08 after 10795.3 sec [total]
done with BB for K = 128.00-152.22 Q = 724.08-861.08 after 10796.3 sec [total]
done with UBTa for K = 128.00-152.22 Q = 724.08-861.08 after 10796.5 sec [total]
done with UBTb for K = 128.00-152.22 Q = 724.08-861.08 after 10796.7 sec [total]
done with UBTbA for K = 128.00-152.22 Q = 724.08-861.08 after 10796.9 sec [total]
done with UBTbC for K = 128.00-152.22 Q = 724.08-861.08 after 10797.2 sec [total]
done with H for K = 128.00-152.22 Q = 724.08-861.08 after 10798.1 sec [total]
done with H++ for K = 128.00-152.22 Q = 724.08-861.08 after 10801.2 sec [total]
done with H+- for K = 128.00-152.22 Q = 724.08-861.08 after 10802.4 sec [total]
done with H-+ for K = 128.00-152.22 Q = 724.08-861.08 after 10803.7 sec [total]
done with H-- for K = 128.00-152.22 Q = 724.08-861.08 after 10804.0 sec [total]
done with UU for K = 152.22-181.02 Q = 724.08-861.08 after 10804.9 sec [total]
done with BB for K = 152.22-181.02 Q = 724.08-861.08 after 10805.9 sec [total]
done with UBTa for K = 152.22-181.02 Q = 724.08-861.08 after 10806.1 sec [total]
done with UBTb for K = 152.22-181.02 Q = 724.08-861.08 after 10806.2 sec [total]
done with UBTbA for K = 152.22-181.02 Q = 724.08-861.08 after 10806.4 sec [total]
done with UBTbC for K = 152.22-181.02 Q = 724.08-861.08 after 10806.8 sec [total]
done with H for K = 152.22-181.02 Q = 724.08-861.08 after 10807.6 sec [total]
done with H++ for K = 152.22-181.02 Q = 724.08-861.08 after 10810.8 sec [total]
done with H+- for K = 152.22-181.02 Q = 724.08-861.08 after 10811.9 sec [total]
done with H-+ for K = 152.22-181.02 Q = 724.08-861.08 after 10813.0 sec [total]
done with H-- for K = 152.22-181.02 Q = 724.08-861.08 after 10813.5 sec [total]
done with UU for K = 181.02-215.27 Q = 724.08-861.08 after 10814.4 sec [total]
done with BB for K = 181.02-215.27 Q = 724.08-861.08 after 10815.4 sec [total]
done with UBTa for K = 181.02-215.27 Q = 724.08-861.08 after 10815.6 sec [total]
done with UBTb for K = 181.02-215.27 Q = 724.08-861.08 after 10815.7 sec [total]
done with UBTbA for K = 181.02-215.27 Q = 724.08-861.08 after 10815.9 sec [total]
done with UBTbC for K = 181.02-215.27 Q = 724.08-861.08 after 10816.3 sec [total]
done with H for K = 181.02-215.27 Q = 724.08-861.08 after 10817.1 sec [total]
done with H++ for K = 181.02-215.27 Q = 724.08-861.08 after 10820.3 sec [total]
done with H+- for K = 181.02-215.27 Q = 724.08-861.08 after 10821.4 sec [total]
done with H-+ for K = 181.02-215.27 Q = 724.08-861.08 after 10822.4 sec [total]
done with H-- for K = 181.02-215.27 Q = 724.08-861.08 after 10823.1 sec [total]
done with UU for K = 215.27-256.00 Q = 724.08-861.08 after 10823.9 sec [total]
done with BB for K = 215.27-256.00 Q = 724.08-861.08 after 10825.0 sec [total]
done with UBTa for K = 215.27-256.00 Q = 724.08-861.08 after 10825.2 sec [total]
done with UBTb for K = 215.27-256.00 Q = 724.08-861.08 after 10825.3 sec [total]
done with UBTbA for K = 215.27-256.00 Q = 724.08-861.08 after 10825.5 sec [total]
done with UBTbC for K = 215.27-256.00 Q = 724.08-861.08 after 10825.9 sec [total]
done with H for K = 215.27-256.00 Q = 724.08-861.08 after 10826.7 sec [total]
done with H++ for K = 215.27-256.00 Q = 724.08-861.08 after 10829.9 sec [total]
done with H+- for K = 215.27-256.00 Q = 724.08-861.08 after 10831.0 sec [total]
done with H-+ for K = 215.27-256.00 Q = 724.08-861.08 after 10832.2 sec [total]
done with H-- for K = 215.27-256.00 Q = 724.08-861.08 after 10832.6 sec [total]
done with UU for K = 256.00-304.44 Q = 724.08-861.08 after 10833.5 sec [total]
done with BB for K = 256.00-304.44 Q = 724.08-861.08 after 10834.5 sec [total]
done with UBTa for K = 256.00-304.44 Q = 724.08-861.08 after 10834.7 sec [total]
done with UBTb for K = 256.00-304.44 Q = 724.08-861.08 after 10834.9 sec [total]
done with UBTbA for K = 256.00-304.44 Q = 724.08-861.08 after 10835.1 sec [total]
done with UBTbC for K = 256.00-304.44 Q = 724.08-861.08 after 10835.4 sec [total]
done with H for K = 256.00-304.44 Q = 724.08-861.08 after 10836.3 sec [total]
done with H++ for K = 256.00-304.44 Q = 724.08-861.08 after 10839.4 sec [total]
done with H+- for K = 256.00-304.44 Q = 724.08-861.08 after 10840.6 sec [total]
done with H-+ for K = 256.00-304.44 Q = 724.08-861.08 after 10841.6 sec [total]
done with H-- for K = 256.00-304.44 Q = 724.08-861.08 after 10842.2 sec [total]
done with UU for K = 304.44-362.04 Q = 724.08-861.08 after 10843.1 sec [total]
done with BB for K = 304.44-362.04 Q = 724.08-861.08 after 10844.1 sec [total]
done with UBTa for K = 304.44-362.04 Q = 724.08-861.08 after 10844.3 sec [total]
done with UBTb for K = 304.44-362.04 Q = 724.08-861.08 after 10844.4 sec [total]
done with UBTbA for K = 304.44-362.04 Q = 724.08-861.08 after 10844.6 sec [total]
done with UBTbC for K = 304.44-362.04 Q = 724.08-861.08 after 10845.0 sec [total]
done with H for K = 304.44-362.04 Q = 724.08-861.08 after 10845.8 sec [total]
done with H++ for K = 304.44-362.04 Q = 724.08-861.08 after 10849.0 sec [total]
done with H+- for K = 304.44-362.04 Q = 724.08-861.08 after 10850.2 sec [total]
done with H-+ for K = 304.44-362.04 Q = 724.08-861.08 after 10851.3 sec [total]
done with H-- for K = 304.44-362.04 Q = 724.08-861.08 after 10851.7 sec [total]
done with UU for K = 362.04-430.54 Q = 724.08-861.08 after 10852.6 sec [total]
done with BB for K = 362.04-430.54 Q = 724.08-861.08 after 10853.7 sec [total]
done with UBTa for K = 362.04-430.54 Q = 724.08-861.08 after 10853.8 sec [total]
done with UBTb for K = 362.04-430.54 Q = 724.08-861.08 after 10854.0 sec [total]
done with UBTbA for K = 362.04-430.54 Q = 724.08-861.08 after 10854.2 sec [total]
done with UBTbC for K = 362.04-430.54 Q = 724.08-861.08 after 10854.5 sec [total]
done with H for K = 362.04-430.54 Q = 724.08-861.08 after 10855.4 sec [total]
done with H++ for K = 362.04-430.54 Q = 724.08-861.08 after 10858.5 sec [total]
done with H+- for K = 362.04-430.54 Q = 724.08-861.08 after 10859.8 sec [total]
done with H-+ for K = 362.04-430.54 Q = 724.08-861.08 after 10861.1 sec [total]
done with H-- for K = 362.04-430.54 Q = 724.08-861.08 after 10861.3 sec [total]
done with UU for K = 430.54-512.00 Q = 724.08-861.08 after 10862.2 sec [total]
done with BB for K = 430.54-512.00 Q = 724.08-861.08 after 10863.2 sec [total]
done with UBTa for K = 430.54-512.00 Q = 724.08-861.08 after 10863.4 sec [total]
done with UBTb for K = 430.54-512.00 Q = 724.08-861.08 after 10863.6 sec [total]
done with UBTbA for K = 430.54-512.00 Q = 724.08-861.08 after 10863.8 sec [total]
done with UBTbC for K = 430.54-512.00 Q = 724.08-861.08 after 10864.1 sec [total]
done with H for K = 430.54-512.00 Q = 724.08-861.08 after 10864.9 sec [total]
done with H++ for K = 430.54-512.00 Q = 724.08-861.08 after 10868.1 sec [total]
done with H+- for K = 430.54-512.00 Q = 724.08-861.08 after 10869.2 sec [total]
done with H-+ for K = 430.54-512.00 Q = 724.08-861.08 after 10870.2 sec [total]
done with H-- for K = 430.54-512.00 Q = 724.08-861.08 after 10870.8 sec [total]
done with UU for K = 512.00-608.87 Q = 724.08-861.08 after 10871.7 sec [total]
done with BB for K = 512.00-608.87 Q = 724.08-861.08 after 10872.7 sec [total]
done with UBTa for K = 512.00-608.87 Q = 724.08-861.08 after 10872.9 sec [total]
done with UBTb for K = 512.00-608.87 Q = 724.08-861.08 after 10873.1 sec [total]
done with UBTbA for K = 512.00-608.87 Q = 724.08-861.08 after 10873.3 sec [total]
done with UBTbC for K = 512.00-608.87 Q = 724.08-861.08 after 10873.7 sec [total]
done with H for K = 512.00-608.87 Q = 724.08-861.08 after 10874.5 sec [total]
done with H++ for K = 512.00-608.87 Q = 724.08-861.08 after 10877.7 sec [total]
done with H+- for K = 512.00-608.87 Q = 724.08-861.08 after 10878.7 sec [total]
done with H-+ for K = 512.00-608.87 Q = 724.08-861.08 after 10879.9 sec [total]
done with H-- for K = 512.00-608.87 Q = 724.08-861.08 after 10880.4 sec [total]
done with UU for K = 608.87-724.08 Q = 724.08-861.08 after 10881.3 sec [total]
done with BB for K = 608.87-724.08 Q = 724.08-861.08 after 10882.3 sec [total]
done with UBTa for K = 608.87-724.08 Q = 724.08-861.08 after 10882.5 sec [total]
done with UBTb for K = 608.87-724.08 Q = 724.08-861.08 after 10882.7 sec [total]
done with UBTbA for K = 608.87-724.08 Q = 724.08-861.08 after 10882.8 sec [total]
done with UBTbC for K = 608.87-724.08 Q = 724.08-861.08 after 10883.2 sec [total]
done with H for K = 608.87-724.08 Q = 724.08-861.08 after 10884.0 sec [total]
done with H++ for K = 608.87-724.08 Q = 724.08-861.08 after 10887.2 sec [total]
done with H+- for K = 608.87-724.08 Q = 724.08-861.08 after 10888.3 sec [total]
done with H-+ for K = 608.87-724.08 Q = 724.08-861.08 after 10889.3 sec [total]
done with H-- for K = 608.87-724.08 Q = 724.08-861.08 after 10890.0 sec [total]
done with UU for K = 724.08-861.08 Q = 724.08-861.08 after 10890.9 sec [total]
done with BB for K = 724.08-861.08 Q = 724.08-861.08 after 10891.9 sec [total]
done with UBTa for K = 724.08-861.08 Q = 724.08-861.08 after 10892.1 sec [total]
done with UBTb for K = 724.08-861.08 Q = 724.08-861.08 after 10892.2 sec [total]
done with UBTbA for K = 724.08-861.08 Q = 724.08-861.08 after 10892.4 sec [total]
done with UBTbC for K = 724.08-861.08 Q = 724.08-861.08 after 10892.8 sec [total]
done with H for K = 724.08-861.08 Q = 724.08-861.08 after 10893.6 sec [total]
done with H++ for K = 724.08-861.08 Q = 724.08-861.08 after 10896.8 sec [total]
done with H+- for K = 724.08-861.08 Q = 724.08-861.08 after 10897.9 sec [total]
done with H-+ for K = 724.08-861.08 Q = 724.08-861.08 after 10899.0 sec [total]
done with H-- for K = 724.08-861.08 Q = 724.08-861.08 after 10899.5 sec [total]
done with UU for K = 861.08-1024.00 Q = 724.08-861.08 after 10900.4 sec [total]
done with BB for K = 861.08-1024.00 Q = 724.08-861.08 after 10901.4 sec [total]
done with UBTa for K = 861.08-1024.00 Q = 724.08-861.08 after 10901.6 sec [total]
done with UBTb for K = 861.08-1024.00 Q = 724.08-861.08 after 10901.8 sec [total]
done with UBTbA for K = 861.08-1024.00 Q = 724.08-861.08 after 10902.0 sec [total]
done with UBTbC for K = 861.08-1024.00 Q = 724.08-861.08 after 10902.3 sec [total]
done with H for K = 861.08-1024.00 Q = 724.08-861.08 after 10903.2 sec [total]
done with H++ for K = 861.08-1024.00 Q = 724.08-861.08 after 10906.3 sec [total]
done with H+- for K = 861.08-1024.00 Q = 724.08-861.08 after 10907.7 sec [total]
done with H-+ for K = 861.08-1024.00 Q = 724.08-861.08 after 10908.9 sec [total]
done with H-- for K = 861.08-1024.00 Q = 724.08-861.08 after 10909.1 sec [total]
done with UU for K = 0.00-3.36 Q = 861.08-1024.00 after 10910.8 sec [total]
done with BB for K = 0.00-3.36 Q = 861.08-1024.00 after 10913.1 sec [total]
done with UBTa for K = 0.00-3.36 Q = 861.08-1024.00 after 10914.1 sec [total]
done with UBTb for K = 0.00-3.36 Q = 861.08-1024.00 after 10915.2 sec [total]
done with UBTbA for K = 0.00-3.36 Q = 861.08-1024.00 after 10916.3 sec [total]
done with UBTbC for K = 0.00-3.36 Q = 861.08-1024.00 after 10916.6 sec [total]
done with H for K = 0.00-3.36 Q = 861.08-1024.00 after 10917.5 sec [total]
done with H++ for K = 0.00-3.36 Q = 861.08-1024.00 after 10920.6 sec [total]
done with H+- for K = 0.00-3.36 Q = 861.08-1024.00 after 10921.9 sec [total]
done with H-+ for K = 0.00-3.36 Q = 861.08-1024.00 after 10923.1 sec [total]
done with H-- for K = 0.00-3.36 Q = 861.08-1024.00 after 10923.4 sec [total]
done with UU for K = 3.36-4.00 Q = 861.08-1024.00 after 10924.3 sec [total]
done with BB for K = 3.36-4.00 Q = 861.08-1024.00 after 10925.3 sec [total]
done with UBTa for K = 3.36-4.00 Q = 861.08-1024.00 after 10925.5 sec [total]
done with UBTb for K = 3.36-4.00 Q = 861.08-1024.00 after 10925.7 sec [total]
done with UBTbA for K = 3.36-4.00 Q = 861.08-1024.00 after 10925.9 sec [total]
done with UBTbC for K = 3.36-4.00 Q = 861.08-1024.00 after 10926.2 sec [total]
done with H for K = 3.36-4.00 Q = 861.08-1024.00 after 10927.0 sec [total]
done with H++ for K = 3.36-4.00 Q = 861.08-1024.00 after 10930.1 sec [total]
done with H+- for K = 3.36-4.00 Q = 861.08-1024.00 after 10931.4 sec [total]
done with H-+ for K = 3.36-4.00 Q = 861.08-1024.00 after 10932.6 sec [total]
done with H-- for K = 3.36-4.00 Q = 861.08-1024.00 after 10932.9 sec [total]
done with UU for K = 4.00-4.76 Q = 861.08-1024.00 after 10933.8 sec [total]
done with BB for K = 4.00-4.76 Q = 861.08-1024.00 after 10934.8 sec [total]
done with UBTa for K = 4.00-4.76 Q = 861.08-1024.00 after 10935.0 sec [total]
done with UBTb for K = 4.00-4.76 Q = 861.08-1024.00 after 10935.2 sec [total]
done with UBTbA for K = 4.00-4.76 Q = 861.08-1024.00 after 10935.4 sec [total]
done with UBTbC for K = 4.00-4.76 Q = 861.08-1024.00 after 10935.8 sec [total]
done with H for K = 4.00-4.76 Q = 861.08-1024.00 after 10936.6 sec [total]
done with H++ for K = 4.00-4.76 Q = 861.08-1024.00 after 10939.8 sec [total]
done with H+- for K = 4.00-4.76 Q = 861.08-1024.00 after 10940.8 sec [total]
done with H-+ for K = 4.00-4.76 Q = 861.08-1024.00 after 10941.9 sec [total]
done with H-- for K = 4.00-4.76 Q = 861.08-1024.00 after 10942.5 sec [total]
done with UU for K = 4.76-5.66 Q = 861.08-1024.00 after 10943.4 sec [total]
done with BB for K = 4.76-5.66 Q = 861.08-1024.00 after 10944.4 sec [total]
done with UBTa for K = 4.76-5.66 Q = 861.08-1024.00 after 10944.6 sec [total]
done with UBTb for K = 4.76-5.66 Q = 861.08-1024.00 after 10944.7 sec [total]
done with UBTbA for K = 4.76-5.66 Q = 861.08-1024.00 after 10944.9 sec [total]
done with UBTbC for K = 4.76-5.66 Q = 861.08-1024.00 after 10945.3 sec [total]
done with H for K = 4.76-5.66 Q = 861.08-1024.00 after 10946.2 sec [total]
done with H++ for K = 4.76-5.66 Q = 861.08-1024.00 after 10949.3 sec [total]
done with H+- for K = 4.76-5.66 Q = 861.08-1024.00 after 10950.6 sec [total]
done with H-+ for K = 4.76-5.66 Q = 861.08-1024.00 after 10951.9 sec [total]
done with H-- for K = 4.76-5.66 Q = 861.08-1024.00 after 10952.1 sec [total]
done with UU for K = 5.66-6.73 Q = 861.08-1024.00 after 10953.0 sec [total]
done with BB for K = 5.66-6.73 Q = 861.08-1024.00 after 10954.0 sec [total]
done with UBTa for K = 5.66-6.73 Q = 861.08-1024.00 after 10954.2 sec [total]
done with UBTb for K = 5.66-6.73 Q = 861.08-1024.00 after 10954.3 sec [total]
done with UBTbA for K = 5.66-6.73 Q = 861.08-1024.00 after 10954.5 sec [total]
done with UBTbC for K = 5.66-6.73 Q = 861.08-1024.00 after 10954.9 sec [total]
done with H for K = 5.66-6.73 Q = 861.08-1024.00 after 10955.7 sec [total]
done with H++ for K = 5.66-6.73 Q = 861.08-1024.00 after 10958.9 sec [total]
done with H+- for K = 5.66-6.73 Q = 861.08-1024.00 after 10960.0 sec [total]
done with H-+ for K = 5.66-6.73 Q = 861.08-1024.00 after 10961.1 sec [total]
done with H-- for K = 5.66-6.73 Q = 861.08-1024.00 after 10961.7 sec [total]
done with UU for K = 6.73-8.00 Q = 861.08-1024.00 after 10962.6 sec [total]
done with BB for K = 6.73-8.00 Q = 861.08-1024.00 after 10963.6 sec [total]
done with UBTa for K = 6.73-8.00 Q = 861.08-1024.00 after 10963.8 sec [total]
done with UBTb for K = 6.73-8.00 Q = 861.08-1024.00 after 10964.0 sec [total]
done with UBTbA for K = 6.73-8.00 Q = 861.08-1024.00 after 10964.2 sec [total]
done with UBTbC for K = 6.73-8.00 Q = 861.08-1024.00 after 10964.5 sec [total]
done with H for K = 6.73-8.00 Q = 861.08-1024.00 after 10965.3 sec [total]
done with H++ for K = 6.73-8.00 Q = 861.08-1024.00 after 10968.5 sec [total]
done with H+- for K = 6.73-8.00 Q = 861.08-1024.00 after 10969.8 sec [total]
done with H-+ for K = 6.73-8.00 Q = 861.08-1024.00 after 10971.1 sec [total]
done with H-- for K = 6.73-8.00 Q = 861.08-1024.00 after 10971.3 sec [total]
done with UU for K = 8.00-9.51 Q = 861.08-1024.00 after 10972.1 sec [total]
done with BB for K = 8.00-9.51 Q = 861.08-1024.00 after 10973.2 sec [total]
done with UBTa for K = 8.00-9.51 Q = 861.08-1024.00 after 10973.3 sec [total]
done with UBTb for K = 8.00-9.51 Q = 861.08-1024.00 after 10973.5 sec [total]
done with UBTbA for K = 8.00-9.51 Q = 861.08-1024.00 after 10973.7 sec [total]
done with UBTbC for K = 8.00-9.51 Q = 861.08-1024.00 after 10974.0 sec [total]
done with H for K = 8.00-9.51 Q = 861.08-1024.00 after 10974.9 sec [total]
done with H++ for K = 8.00-9.51 Q = 861.08-1024.00 after 10978.1 sec [total]
done with H+- for K = 8.00-9.51 Q = 861.08-1024.00 after 10979.2 sec [total]
done with H-+ for K = 8.00-9.51 Q = 861.08-1024.00 after 10980.5 sec [total]
done with H-- for K = 8.00-9.51 Q = 861.08-1024.00 after 10980.9 sec [total]
done with UU for K = 9.51-11.31 Q = 861.08-1024.00 after 10981.7 sec [total]
done with BB for K = 9.51-11.31 Q = 861.08-1024.00 after 10982.7 sec [total]
done with UBTa for K = 9.51-11.31 Q = 861.08-1024.00 after 10982.9 sec [total]
done with UBTb for K = 9.51-11.31 Q = 861.08-1024.00 after 10983.1 sec [total]
done with UBTbA for K = 9.51-11.31 Q = 861.08-1024.00 after 10983.3 sec [total]
done with UBTbC for K = 9.51-11.31 Q = 861.08-1024.00 after 10983.7 sec [total]
done with H for K = 9.51-11.31 Q = 861.08-1024.00 after 10984.5 sec [total]
done with H++ for K = 9.51-11.31 Q = 861.08-1024.00 after 10987.6 sec [total]
done with H+- for K = 9.51-11.31 Q = 861.08-1024.00 after 10988.8 sec [total]
done with H-+ for K = 9.51-11.31 Q = 861.08-1024.00 after 10989.9 sec [total]
done with H-- for K = 9.51-11.31 Q = 861.08-1024.00 after 10990.4 sec [total]
done with UU for K = 11.31-13.45 Q = 861.08-1024.00 after 10991.3 sec [total]
done with BB for K = 11.31-13.45 Q = 861.08-1024.00 after 10992.3 sec [total]
done with UBTa for K = 11.31-13.45 Q = 861.08-1024.00 after 10992.5 sec [total]
done with UBTb for K = 11.31-13.45 Q = 861.08-1024.00 after 10992.6 sec [total]
done with UBTbA for K = 11.31-13.45 Q = 861.08-1024.00 after 10992.8 sec [total]
done with UBTbC for K = 11.31-13.45 Q = 861.08-1024.00 after 10993.2 sec [total]
done with H for K = 11.31-13.45 Q = 861.08-1024.00 after 10994.0 sec [total]
done with H++ for K = 11.31-13.45 Q = 861.08-1024.00 after 10997.2 sec [total]
done with H+- for K = 11.31-13.45 Q = 861.08-1024.00 after 10998.3 sec [total]
done with H-+ for K = 11.31-13.45 Q = 861.08-1024.00 after 10999.4 sec [total]
done with H-- for K = 11.31-13.45 Q = 861.08-1024.00 after 10999.9 sec [total]
done with UU for K = 13.45-16.00 Q = 861.08-1024.00 after 11000.8 sec [total]
done with BB for K = 13.45-16.00 Q = 861.08-1024.00 after 11001.8 sec [total]
done with UBTa for K = 13.45-16.00 Q = 861.08-1024.00 after 11002.0 sec [total]
done with UBTb for K = 13.45-16.00 Q = 861.08-1024.00 after 11002.2 sec [total]
done with UBTbA for K = 13.45-16.00 Q = 861.08-1024.00 after 11002.3 sec [total]
done with UBTbC for K = 13.45-16.00 Q = 861.08-1024.00 after 11002.7 sec [total]
done with H for K = 13.45-16.00 Q = 861.08-1024.00 after 11003.6 sec [total]
done with H++ for K = 13.45-16.00 Q = 861.08-1024.00 after 11006.7 sec [total]
done with H+- for K = 13.45-16.00 Q = 861.08-1024.00 after 11007.8 sec [total]
done with H-+ for K = 13.45-16.00 Q = 861.08-1024.00 after 11009.0 sec [total]
done with H-- for K = 13.45-16.00 Q = 861.08-1024.00 after 11009.5 sec [total]
done with UU for K = 16.00-19.03 Q = 861.08-1024.00 after 11010.4 sec [total]
done with BB for K = 16.00-19.03 Q = 861.08-1024.00 after 11011.4 sec [total]
done with UBTa for K = 16.00-19.03 Q = 861.08-1024.00 after 11011.6 sec [total]
done with UBTb for K = 16.00-19.03 Q = 861.08-1024.00 after 11011.8 sec [total]
done with UBTbA for K = 16.00-19.03 Q = 861.08-1024.00 after 11011.9 sec [total]
done with UBTbC for K = 16.00-19.03 Q = 861.08-1024.00 after 11012.3 sec [total]
done with H for K = 16.00-19.03 Q = 861.08-1024.00 after 11013.1 sec [total]
done with H++ for K = 16.00-19.03 Q = 861.08-1024.00 after 11016.3 sec [total]
done with H+- for K = 16.00-19.03 Q = 861.08-1024.00 after 11017.6 sec [total]
done with H-+ for K = 16.00-19.03 Q = 861.08-1024.00 after 11018.9 sec [total]
done with H-- for K = 16.00-19.03 Q = 861.08-1024.00 after 11019.1 sec [total]
done with UU for K = 19.03-22.63 Q = 861.08-1024.00 after 11020.0 sec [total]
done with BB for K = 19.03-22.63 Q = 861.08-1024.00 after 11020.9 sec [total]
done with UBTa for K = 19.03-22.63 Q = 861.08-1024.00 after 11021.1 sec [total]
done with UBTb for K = 19.03-22.63 Q = 861.08-1024.00 after 11021.3 sec [total]
done with UBTbA for K = 19.03-22.63 Q = 861.08-1024.00 after 11021.5 sec [total]
done with UBTbC for K = 19.03-22.63 Q = 861.08-1024.00 after 11021.8 sec [total]
done with H for K = 19.03-22.63 Q = 861.08-1024.00 after 11022.7 sec [total]
done with H++ for K = 19.03-22.63 Q = 861.08-1024.00 after 11025.8 sec [total]
done with H+- for K = 19.03-22.63 Q = 861.08-1024.00 after 11027.0 sec [total]
done with H-+ for K = 19.03-22.63 Q = 861.08-1024.00 after 11028.2 sec [total]
done with H-- for K = 19.03-22.63 Q = 861.08-1024.00 after 11028.6 sec [total]
done with UU for K = 22.63-26.91 Q = 861.08-1024.00 after 11029.5 sec [total]
done with BB for K = 22.63-26.91 Q = 861.08-1024.00 after 11030.5 sec [total]
done with UBTa for K = 22.63-26.91 Q = 861.08-1024.00 after 11030.7 sec [total]
done with UBTb for K = 22.63-26.91 Q = 861.08-1024.00 after 11030.9 sec [total]
done with UBTbA for K = 22.63-26.91 Q = 861.08-1024.00 after 11031.1 sec [total]
done with UBTbC for K = 22.63-26.91 Q = 861.08-1024.00 after 11031.4 sec [total]
done with H for K = 22.63-26.91 Q = 861.08-1024.00 after 11032.2 sec [total]
done with H++ for K = 22.63-26.91 Q = 861.08-1024.00 after 11035.3 sec [total]
done with H+- for K = 22.63-26.91 Q = 861.08-1024.00 after 11036.5 sec [total]
done with H-+ for K = 22.63-26.91 Q = 861.08-1024.00 after 11037.6 sec [total]
done with H-- for K = 22.63-26.91 Q = 861.08-1024.00 after 11038.1 sec [total]
done with UU for K = 26.91-32.00 Q = 861.08-1024.00 after 11039.0 sec [total]
done with BB for K = 26.91-32.00 Q = 861.08-1024.00 after 11040.0 sec [total]
done with UBTa for K = 26.91-32.00 Q = 861.08-1024.00 after 11040.2 sec [total]
done with UBTb for K = 26.91-32.00 Q = 861.08-1024.00 after 11040.4 sec [total]
done with UBTbA for K = 26.91-32.00 Q = 861.08-1024.00 after 11040.6 sec [total]
done with UBTbC for K = 26.91-32.00 Q = 861.08-1024.00 after 11040.9 sec [total]
done with H for K = 26.91-32.00 Q = 861.08-1024.00 after 11041.8 sec [total]
done with H++ for K = 26.91-32.00 Q = 861.08-1024.00 after 11044.9 sec [total]
done with H+- for K = 26.91-32.00 Q = 861.08-1024.00 after 11046.1 sec [total]
done with H-+ for K = 26.91-32.00 Q = 861.08-1024.00 after 11047.2 sec [total]
done with H-- for K = 26.91-32.00 Q = 861.08-1024.00 after 11047.7 sec [total]
done with UU for K = 32.00-38.05 Q = 861.08-1024.00 after 11048.6 sec [total]
done with BB for K = 32.00-38.05 Q = 861.08-1024.00 after 11049.6 sec [total]
done with UBTa for K = 32.00-38.05 Q = 861.08-1024.00 after 11049.8 sec [total]
done with UBTb for K = 32.00-38.05 Q = 861.08-1024.00 after 11049.9 sec [total]
done with UBTbA for K = 32.00-38.05 Q = 861.08-1024.00 after 11050.1 sec [total]
done with UBTbC for K = 32.00-38.05 Q = 861.08-1024.00 after 11050.5 sec [total]
done with H for K = 32.00-38.05 Q = 861.08-1024.00 after 11051.4 sec [total]
done with H++ for K = 32.00-38.05 Q = 861.08-1024.00 after 11054.5 sec [total]
done with H+- for K = 32.00-38.05 Q = 861.08-1024.00 after 11055.7 sec [total]
done with H-+ for K = 32.00-38.05 Q = 861.08-1024.00 after 11057.0 sec [total]
done with H-- for K = 32.00-38.05 Q = 861.08-1024.00 after 11057.3 sec [total]
done with UU for K = 38.05-45.25 Q = 861.08-1024.00 after 11058.2 sec [total]
done with BB for K = 38.05-45.25 Q = 861.08-1024.00 after 11059.2 sec [total]
done with UBTa for K = 38.05-45.25 Q = 861.08-1024.00 after 11059.4 sec [total]
done with UBTb for K = 38.05-45.25 Q = 861.08-1024.00 after 11059.5 sec [total]
done with UBTbA for K = 38.05-45.25 Q = 861.08-1024.00 after 11059.7 sec [total]
done with UBTbC for K = 38.05-45.25 Q = 861.08-1024.00 after 11060.1 sec [total]
done with H for K = 38.05-45.25 Q = 861.08-1024.00 after 11060.9 sec [total]
done with H++ for K = 38.05-45.25 Q = 861.08-1024.00 after 11064.1 sec [total]
done with H+- for K = 38.05-45.25 Q = 861.08-1024.00 after 11065.3 sec [total]
done with H-+ for K = 38.05-45.25 Q = 861.08-1024.00 after 11066.5 sec [total]
done with H-- for K = 38.05-45.25 Q = 861.08-1024.00 after 11066.9 sec [total]
done with UU for K = 45.25-53.82 Q = 861.08-1024.00 after 11067.8 sec [total]
done with BB for K = 45.25-53.82 Q = 861.08-1024.00 after 11068.8 sec [total]
done with UBTa for K = 45.25-53.82 Q = 861.08-1024.00 after 11069.0 sec [total]
done with UBTb for K = 45.25-53.82 Q = 861.08-1024.00 after 11069.1 sec [total]
done with UBTbA for K = 45.25-53.82 Q = 861.08-1024.00 after 11069.3 sec [total]
done with UBTbC for K = 45.25-53.82 Q = 861.08-1024.00 after 11069.7 sec [total]
done with H for K = 45.25-53.82 Q = 861.08-1024.00 after 11070.5 sec [total]
done with H++ for K = 45.25-53.82 Q = 861.08-1024.00 after 11073.7 sec [total]
done with H+- for K = 45.25-53.82 Q = 861.08-1024.00 after 11074.8 sec [total]
done with H-+ for K = 45.25-53.82 Q = 861.08-1024.00 after 11076.1 sec [total]
done with H-- for K = 45.25-53.82 Q = 861.08-1024.00 after 11076.4 sec [total]
done with UU for K = 53.82-64.00 Q = 861.08-1024.00 after 11077.3 sec [total]
done with BB for K = 53.82-64.00 Q = 861.08-1024.00 after 11078.3 sec [total]
done with UBTa for K = 53.82-64.00 Q = 861.08-1024.00 after 11078.5 sec [total]
done with UBTb for K = 53.82-64.00 Q = 861.08-1024.00 after 11078.7 sec [total]
done with UBTbA for K = 53.82-64.00 Q = 861.08-1024.00 after 11078.9 sec [total]
done with UBTbC for K = 53.82-64.00 Q = 861.08-1024.00 after 11079.2 sec [total]
done with H for K = 53.82-64.00 Q = 861.08-1024.00 after 11080.0 sec [total]
done with H++ for K = 53.82-64.00 Q = 861.08-1024.00 after 11083.2 sec [total]
done with H+- for K = 53.82-64.00 Q = 861.08-1024.00 after 11084.4 sec [total]
done with H-+ for K = 53.82-64.00 Q = 861.08-1024.00 after 11085.5 sec [total]
done with H-- for K = 53.82-64.00 Q = 861.08-1024.00 after 11086.0 sec [total]
done with UU for K = 64.00-76.11 Q = 861.08-1024.00 after 11086.9 sec [total]
done with BB for K = 64.00-76.11 Q = 861.08-1024.00 after 11087.8 sec [total]
done with UBTa for K = 64.00-76.11 Q = 861.08-1024.00 after 11088.0 sec [total]
done with UBTb for K = 64.00-76.11 Q = 861.08-1024.00 after 11088.2 sec [total]
done with UBTbA for K = 64.00-76.11 Q = 861.08-1024.00 after 11088.4 sec [total]
done with UBTbC for K = 64.00-76.11 Q = 861.08-1024.00 after 11088.7 sec [total]
done with H for K = 64.00-76.11 Q = 861.08-1024.00 after 11089.6 sec [total]
done with H++ for K = 64.00-76.11 Q = 861.08-1024.00 after 11092.7 sec [total]
done with H+- for K = 64.00-76.11 Q = 861.08-1024.00 after 11094.0 sec [total]
done with H-+ for K = 64.00-76.11 Q = 861.08-1024.00 after 11095.2 sec [total]
done with H-- for K = 64.00-76.11 Q = 861.08-1024.00 after 11095.5 sec [total]
done with UU for K = 76.11-90.51 Q = 861.08-1024.00 after 11096.4 sec [total]
done with BB for K = 76.11-90.51 Q = 861.08-1024.00 after 11097.4 sec [total]
done with UBTa for K = 76.11-90.51 Q = 861.08-1024.00 after 11097.5 sec [total]
done with UBTb for K = 76.11-90.51 Q = 861.08-1024.00 after 11097.7 sec [total]
done with UBTbA for K = 76.11-90.51 Q = 861.08-1024.00 after 11097.9 sec [total]
done with UBTbC for K = 76.11-90.51 Q = 861.08-1024.00 after 11098.2 sec [total]
done with H for K = 76.11-90.51 Q = 861.08-1024.00 after 11099.1 sec [total]
done with H++ for K = 76.11-90.51 Q = 861.08-1024.00 after 11102.3 sec [total]
done with H+- for K = 76.11-90.51 Q = 861.08-1024.00 after 11103.4 sec [total]
done with H-+ for K = 76.11-90.51 Q = 861.08-1024.00 after 11104.6 sec [total]
done with H-- for K = 76.11-90.51 Q = 861.08-1024.00 after 11105.0 sec [total]
done with UU for K = 90.51-107.63 Q = 861.08-1024.00 after 11105.9 sec [total]
done with BB for K = 90.51-107.63 Q = 861.08-1024.00 after 11106.9 sec [total]
done with UBTa for K = 90.51-107.63 Q = 861.08-1024.00 after 11107.1 sec [total]
done with UBTb for K = 90.51-107.63 Q = 861.08-1024.00 after 11107.3 sec [total]
done with UBTbA for K = 90.51-107.63 Q = 861.08-1024.00 after 11107.5 sec [total]
done with UBTbC for K = 90.51-107.63 Q = 861.08-1024.00 after 11107.8 sec [total]
done with H for K = 90.51-107.63 Q = 861.08-1024.00 after 11108.7 sec [total]
done with H++ for K = 90.51-107.63 Q = 861.08-1024.00 after 11111.9 sec [total]
done with H+- for K = 90.51-107.63 Q = 861.08-1024.00 after 11113.1 sec [total]
done with H-+ for K = 90.51-107.63 Q = 861.08-1024.00 after 11114.3 sec [total]
done with H-- for K = 90.51-107.63 Q = 861.08-1024.00 after 11114.6 sec [total]
done with UU for K = 107.63-128.00 Q = 861.08-1024.00 after 11115.5 sec [total]
done with BB for K = 107.63-128.00 Q = 861.08-1024.00 after 11116.5 sec [total]
done with UBTa for K = 107.63-128.00 Q = 861.08-1024.00 after 11116.7 sec [total]
done with UBTb for K = 107.63-128.00 Q = 861.08-1024.00 after 11116.9 sec [total]
done with UBTbA for K = 107.63-128.00 Q = 861.08-1024.00 after 11117.0 sec [total]
done with UBTbC for K = 107.63-128.00 Q = 861.08-1024.00 after 11117.4 sec [total]
done with H for K = 107.63-128.00 Q = 861.08-1024.00 after 11118.2 sec [total]
done with H++ for K = 107.63-128.00 Q = 861.08-1024.00 after 11121.4 sec [total]
done with H+- for K = 107.63-128.00 Q = 861.08-1024.00 after 11122.4 sec [total]
done with H-+ for K = 107.63-128.00 Q = 861.08-1024.00 after 11123.6 sec [total]
done with H-- for K = 107.63-128.00 Q = 861.08-1024.00 after 11124.1 sec [total]
done with UU for K = 128.00-152.22 Q = 861.08-1024.00 after 11125.0 sec [total]
done with BB for K = 128.00-152.22 Q = 861.08-1024.00 after 11126.1 sec [total]
done with UBTa for K = 128.00-152.22 Q = 861.08-1024.00 after 11126.2 sec [total]
done with UBTb for K = 128.00-152.22 Q = 861.08-1024.00 after 11126.4 sec [total]
done with UBTbA for K = 128.00-152.22 Q = 861.08-1024.00 after 11126.6 sec [total]
done with UBTbC for K = 128.00-152.22 Q = 861.08-1024.00 after 11126.9 sec [total]
done with H for K = 128.00-152.22 Q = 861.08-1024.00 after 11127.7 sec [total]
done with H++ for K = 128.00-152.22 Q = 861.08-1024.00 after 11131.0 sec [total]
done with H+- for K = 128.00-152.22 Q = 861.08-1024.00 after 11132.2 sec [total]
done with H-+ for K = 128.00-152.22 Q = 861.08-1024.00 after 11133.5 sec [total]
done with H-- for K = 128.00-152.22 Q = 861.08-1024.00 after 11133.7 sec [total]
done with UU for K = 152.22-181.02 Q = 861.08-1024.00 after 11134.6 sec [total]
done with BB for K = 152.22-181.02 Q = 861.08-1024.00 after 11135.6 sec [total]
done with UBTa for K = 152.22-181.02 Q = 861.08-1024.00 after 11135.8 sec [total]
done with UBTb for K = 152.22-181.02 Q = 861.08-1024.00 after 11136.0 sec [total]
done with UBTbA for K = 152.22-181.02 Q = 861.08-1024.00 after 11136.2 sec [total]
done with UBTbC for K = 152.22-181.02 Q = 861.08-1024.00 after 11136.5 sec [total]
done with H for K = 152.22-181.02 Q = 861.08-1024.00 after 11137.3 sec [total]
done with H++ for K = 152.22-181.02 Q = 861.08-1024.00 after 11140.5 sec [total]
done with H+- for K = 152.22-181.02 Q = 861.08-1024.00 after 11141.7 sec [total]
done with H-+ for K = 152.22-181.02 Q = 861.08-1024.00 after 11142.7 sec [total]
done with H-- for K = 152.22-181.02 Q = 861.08-1024.00 after 11143.2 sec [total]
done with UU for K = 181.02-215.27 Q = 861.08-1024.00 after 11144.1 sec [total]
done with BB for K = 181.02-215.27 Q = 861.08-1024.00 after 11145.1 sec [total]
done with UBTa for K = 181.02-215.27 Q = 861.08-1024.00 after 11145.3 sec [total]
done with UBTb for K = 181.02-215.27 Q = 861.08-1024.00 after 11145.5 sec [total]
done with UBTbA for K = 181.02-215.27 Q = 861.08-1024.00 after 11145.7 sec [total]
done with UBTbC for K = 181.02-215.27 Q = 861.08-1024.00 after 11146.0 sec [total]
done with H for K = 181.02-215.27 Q = 861.08-1024.00 after 11146.9 sec [total]
done with H++ for K = 181.02-215.27 Q = 861.08-1024.00 after 11150.0 sec [total]
done with H+- for K = 181.02-215.27 Q = 861.08-1024.00 after 11151.3 sec [total]
done with H-+ for K = 181.02-215.27 Q = 861.08-1024.00 after 11152.5 sec [total]
done with H-- for K = 181.02-215.27 Q = 861.08-1024.00 after 11152.8 sec [total]
done with UU for K = 215.27-256.00 Q = 861.08-1024.00 after 11153.7 sec [total]
done with BB for K = 215.27-256.00 Q = 861.08-1024.00 after 11154.7 sec [total]
done with UBTa for K = 215.27-256.00 Q = 861.08-1024.00 after 11154.9 sec [total]
done with UBTb for K = 215.27-256.00 Q = 861.08-1024.00 after 11155.0 sec [total]
done with UBTbA for K = 215.27-256.00 Q = 861.08-1024.00 after 11155.2 sec [total]
done with UBTbC for K = 215.27-256.00 Q = 861.08-1024.00 after 11155.6 sec [total]
done with H for K = 215.27-256.00 Q = 861.08-1024.00 after 11156.4 sec [total]
done with H++ for K = 215.27-256.00 Q = 861.08-1024.00 after 11159.6 sec [total]
done with H+- for K = 215.27-256.00 Q = 861.08-1024.00 after 11160.7 sec [total]
done with H-+ for K = 215.27-256.00 Q = 861.08-1024.00 after 11161.8 sec [total]
done with H-- for K = 215.27-256.00 Q = 861.08-1024.00 after 11162.3 sec [total]
done with UU for K = 256.00-304.44 Q = 861.08-1024.00 after 11163.2 sec [total]
done with BB for K = 256.00-304.44 Q = 861.08-1024.00 after 11164.2 sec [total]
done with UBTa for K = 256.00-304.44 Q = 861.08-1024.00 after 11164.4 sec [total]
done with UBTb for K = 256.00-304.44 Q = 861.08-1024.00 after 11164.6 sec [total]
done with UBTbA for K = 256.00-304.44 Q = 861.08-1024.00 after 11164.8 sec [total]
done with UBTbC for K = 256.00-304.44 Q = 861.08-1024.00 after 11165.1 sec [total]
done with H for K = 256.00-304.44 Q = 861.08-1024.00 after 11166.0 sec [total]
done with H++ for K = 256.00-304.44 Q = 861.08-1024.00 after 11169.1 sec [total]
done with H+- for K = 256.00-304.44 Q = 861.08-1024.00 after 11170.3 sec [total]
done with H-+ for K = 256.00-304.44 Q = 861.08-1024.00 after 11171.4 sec [total]
done with H-- for K = 256.00-304.44 Q = 861.08-1024.00 after 11171.9 sec [total]
done with UU for K = 304.44-362.04 Q = 861.08-1024.00 after 11172.8 sec [total]
done with BB for K = 304.44-362.04 Q = 861.08-1024.00 after 11173.8 sec [total]
done with UBTa for K = 304.44-362.04 Q = 861.08-1024.00 after 11173.9 sec [total]
done with UBTb for K = 304.44-362.04 Q = 861.08-1024.00 after 11174.1 sec [total]
done with UBTbA for K = 304.44-362.04 Q = 861.08-1024.00 after 11174.3 sec [total]
done with UBTbC for K = 304.44-362.04 Q = 861.08-1024.00 after 11174.7 sec [total]
done with H for K = 304.44-362.04 Q = 861.08-1024.00 after 11175.5 sec [total]
done with H++ for K = 304.44-362.04 Q = 861.08-1024.00 after 11178.7 sec [total]
done with H+- for K = 304.44-362.04 Q = 861.08-1024.00 after 11179.9 sec [total]
done with H-+ for K = 304.44-362.04 Q = 861.08-1024.00 after 11181.2 sec [total]
done with H-- for K = 304.44-362.04 Q = 861.08-1024.00 after 11181.5 sec [total]
done with UU for K = 362.04-430.54 Q = 861.08-1024.00 after 11182.4 sec [total]
done with BB for K = 362.04-430.54 Q = 861.08-1024.00 after 11183.4 sec [total]
done with UBTa for K = 362.04-430.54 Q = 861.08-1024.00 after 11183.5 sec [total]
done with UBTb for K = 362.04-430.54 Q = 861.08-1024.00 after 11183.7 sec [total]
done with UBTbA for K = 362.04-430.54 Q = 861.08-1024.00 after 11183.9 sec [total]
done with UBTbC for K = 362.04-430.54 Q = 861.08-1024.00 after 11184.3 sec [total]
done with H for K = 362.04-430.54 Q = 861.08-1024.00 after 11185.1 sec [total]
done with H++ for K = 362.04-430.54 Q = 861.08-1024.00 after 11188.3 sec [total]
done with H+- for K = 362.04-430.54 Q = 861.08-1024.00 after 11189.5 sec [total]
done with H-+ for K = 362.04-430.54 Q = 861.08-1024.00 after 11190.8 sec [total]
done with H-- for K = 362.04-430.54 Q = 861.08-1024.00 after 11191.0 sec [total]
done with UU for K = 430.54-512.00 Q = 861.08-1024.00 after 11191.9 sec [total]
done with BB for K = 430.54-512.00 Q = 861.08-1024.00 after 11192.9 sec [total]
done with UBTa for K = 430.54-512.00 Q = 861.08-1024.00 after 11193.1 sec [total]
done with UBTb for K = 430.54-512.00 Q = 861.08-1024.00 after 11193.3 sec [total]
done with UBTbA for K = 430.54-512.00 Q = 861.08-1024.00 after 11193.5 sec [total]
done with UBTbC for K = 430.54-512.00 Q = 861.08-1024.00 after 11193.8 sec [total]
done with H for K = 430.54-512.00 Q = 861.08-1024.00 after 11194.7 sec [total]
done with H++ for K = 430.54-512.00 Q = 861.08-1024.00 after 11197.8 sec [total]
done with H+- for K = 430.54-512.00 Q = 861.08-1024.00 after 11199.0 sec [total]
done with H-+ for K = 430.54-512.00 Q = 861.08-1024.00 after 11200.2 sec [total]
done with H-- for K = 430.54-512.00 Q = 861.08-1024.00 after 11200.6 sec [total]
done with UU for K = 512.00-608.87 Q = 861.08-1024.00 after 11201.5 sec [total]
done with BB for K = 512.00-608.87 Q = 861.08-1024.00 after 11202.5 sec [total]
done with UBTa for K = 512.00-608.87 Q = 861.08-1024.00 after 11202.7 sec [total]
done with UBTb for K = 512.00-608.87 Q = 861.08-1024.00 after 11202.8 sec [total]
done with UBTbA for K = 512.00-608.87 Q = 861.08-1024.00 after 11203.0 sec [total]
done with UBTbC for K = 512.00-608.87 Q = 861.08-1024.00 after 11203.4 sec [total]
done with H for K = 512.00-608.87 Q = 861.08-1024.00 after 11204.2 sec [total]
done with H++ for K = 512.00-608.87 Q = 861.08-1024.00 after 11207.4 sec [total]
done with H+- for K = 512.00-608.87 Q = 861.08-1024.00 after 11208.6 sec [total]
done with H-+ for K = 512.00-608.87 Q = 861.08-1024.00 after 11209.7 sec [total]
done with H-- for K = 512.00-608.87 Q = 861.08-1024.00 after 11210.2 sec [total]
done with UU for K = 608.87-724.08 Q = 861.08-1024.00 after 11211.1 sec [total]
done with BB for K = 608.87-724.08 Q = 861.08-1024.00 after 11212.1 sec [total]
done with UBTa for K = 608.87-724.08 Q = 861.08-1024.00 after 11212.3 sec [total]
done with UBTb for K = 608.87-724.08 Q = 861.08-1024.00 after 11212.4 sec [total]
done with UBTbA for K = 608.87-724.08 Q = 861.08-1024.00 after 11212.6 sec [total]
done with UBTbC for K = 608.87-724.08 Q = 861.08-1024.00 after 11212.9 sec [total]
done with H for K = 608.87-724.08 Q = 861.08-1024.00 after 11213.8 sec [total]
done with H++ for K = 608.87-724.08 Q = 861.08-1024.00 after 11216.9 sec [total]
done with H+- for K = 608.87-724.08 Q = 861.08-1024.00 after 11218.1 sec [total]
done with H-+ for K = 608.87-724.08 Q = 861.08-1024.00 after 11219.2 sec [total]
done with H-- for K = 608.87-724.08 Q = 861.08-1024.00 after 11219.7 sec [total]
done with UU for K = 724.08-861.08 Q = 861.08-1024.00 after 11220.6 sec [total]
done with BB for K = 724.08-861.08 Q = 861.08-1024.00 after 11221.7 sec [total]
done with UBTa for K = 724.08-861.08 Q = 861.08-1024.00 after 11221.8 sec [total]
done with UBTb for K = 724.08-861.08 Q = 861.08-1024.00 after 11222.0 sec [total]
done with UBTbA for K = 724.08-861.08 Q = 861.08-1024.00 after 11222.2 sec [total]
done with UBTbC for K = 724.08-861.08 Q = 861.08-1024.00 after 11222.6 sec [total]
done with H for K = 724.08-861.08 Q = 861.08-1024.00 after 11223.4 sec [total]
done with H++ for K = 724.08-861.08 Q = 861.08-1024.00 after 11226.6 sec [total]
done with H+- for K = 724.08-861.08 Q = 861.08-1024.00 after 11227.8 sec [total]
done with H-+ for K = 724.08-861.08 Q = 861.08-1024.00 after 11228.9 sec [total]
done with H-- for K = 724.08-861.08 Q = 861.08-1024.00 after 11229.4 sec [total]
done with UU for K = 861.08-1024.00 Q = 861.08-1024.00 after 11230.3 sec [total]
done with BB for K = 861.08-1024.00 Q = 861.08-1024.00 after 11231.3 sec [total]
done with UBTa for K = 861.08-1024.00 Q = 861.08-1024.00 after 11231.5 sec [total]
done with UBTb for K = 861.08-1024.00 Q = 861.08-1024.00 after 11231.6 sec [total]
done with UBTbA for K = 861.08-1024.00 Q = 861.08-1024.00 after 11231.8 sec [total]
done with UBTbC for K = 861.08-1024.00 Q = 861.08-1024.00 after 11232.1 sec [total]
done with H for K = 861.08-1024.00 Q = 861.08-1024.00 after 11233.0 sec [total]
done with H++ for K = 861.08-1024.00 Q = 861.08-1024.00 after 11236.2 sec [total]
done with H+- for K = 861.08-1024.00 Q = 861.08-1024.00 after 11237.5 sec [total]
done with H-+ for K = 861.08-1024.00 Q = 861.08-1024.00 after 11238.8 sec [total]
done with H-- for K = 861.08-1024.00 Q = 861.08-1024.00 after 11238.8 sec [total]
