Die folgenden Module wurden nicht entladen:
  (Benutzen Sie "module --force purge" um alle Module zu entladen):

  1) Stages/2026

  [01;33mThis stage is deprecated. Please consider moving to a new stage (2026
or newer)[0m


Die folgenden Module wurden in einer anderen Version erneut geladen:
  1) Stages/2026 => Stages/2025

Total MPI processes: 4096
!!! WARNING - CURRENT PITFALLS !!!
        - data units are ignored
        - data is assumed to live on a 3d uniform grid with L = 1
        - for the FFT L = 2 pi is implicitly assumed to work with integer wavenumbers
        
Setting up FFT and wavenumbers...
Setup up FFT and wavenumbers done in 3.39 +/- 2.34
Loading /e/scratch/jureap19/lenard/envelope_test_for_larger_inertial_range_2k/parthenon.restart.00002.rhdf
Chunk dimensions =  (32, 32, 2048)
WARNING: assuming isothermal EOS with c_s = 1, i.e. P = rho
Loading /e/scratch/jureap19/lenard/envelope_test_for_larger_inertial_range_2k/parthenon.restart.00002.rhdf
Chunk dimensions =  (32, 32, 2048)
WARNING: assuming isothermal EOS with c_s = 1, i.e. P = rho
Reading data done in 9.42 +/- 2.47
done with UU for K = 0.00-3.36 Q = 0.00-3.36 after 3.5 sec [total]
done with BB for K = 0.00-3.36 Q = 0.00-3.36 after 6.7 sec [total]
done with UBTa for K = 0.00-3.36 Q = 0.00-3.36 after 8.5 sec [total]
done with UBTb for K = 0.00-3.36 Q = 0.00-3.36 after 10.3 sec [total]
done with UBTbA for K = 0.00-3.36 Q = 0.00-3.36 after 12.0 sec [total]
done with UBTbC for K = 0.00-3.36 Q = 0.00-3.36 after 12.7 sec [total]
done with H for K = 0.00-3.36 Q = 0.00-3.36 after 13.8 sec [total]
done with H++ for K = 0.00-3.36 Q = 0.00-3.36 after 17.1 sec [total]
done with H+- for K = 0.00-3.36 Q = 0.00-3.36 after 18.2 sec [total]
done with H-+ for K = 0.00-3.36 Q = 0.00-3.36 after 19.3 sec [total]
done with H-- for K = 0.00-3.36 Q = 0.00-3.36 after 20.4 sec [total]
done with UU for K = 3.36-4.00 Q = 0.00-3.36 after 21.5 sec [total]
done with BB for K = 3.36-4.00 Q = 0.00-3.36 after 22.6 sec [total]
done with UBTa for K = 3.36-4.00 Q = 0.00-3.36 after 22.7 sec [total]
done with UBTb for K = 3.36-4.00 Q = 0.00-3.36 after 22.9 sec [total]
done with UBTbA for K = 3.36-4.00 Q = 0.00-3.36 after 23.1 sec [total]
done with UBTbC for K = 3.36-4.00 Q = 0.00-3.36 after 23.5 sec [total]
done with H for K = 3.36-4.00 Q = 0.00-3.36 after 24.5 sec [total]
done with H++ for K = 3.36-4.00 Q = 0.00-3.36 after 27.8 sec [total]
done with H+- for K = 3.36-4.00 Q = 0.00-3.36 after 28.8 sec [total]
done with H-+ for K = 3.36-4.00 Q = 0.00-3.36 after 30.0 sec [total]
done with H-- for K = 3.36-4.00 Q = 0.00-3.36 after 31.0 sec [total]
done with UU for K = 4.00-4.76 Q = 0.00-3.36 after 32.1 sec [total]
done with BB for K = 4.00-4.76 Q = 0.00-3.36 after 33.2 sec [total]
done with UBTa for K = 4.00-4.76 Q = 0.00-3.36 after 33.4 sec [total]
done with UBTb for K = 4.00-4.76 Q = 0.00-3.36 after 33.6 sec [total]
done with UBTbA for K = 4.00-4.76 Q = 0.00-3.36 after 33.8 sec [total]
done with UBTbC for K = 4.00-4.76 Q = 0.00-3.36 after 34.2 sec [total]
done with H for K = 4.00-4.76 Q = 0.00-3.36 after 35.2 sec [total]
done with H++ for K = 4.00-4.76 Q = 0.00-3.36 after 38.5 sec [total]
done with H+- for K = 4.00-4.76 Q = 0.00-3.36 after 39.6 sec [total]
done with H-+ for K = 4.00-4.76 Q = 0.00-3.36 after 40.7 sec [total]
done with H-- for K = 4.00-4.76 Q = 0.00-3.36 after 41.7 sec [total]
done with UU for K = 4.76-5.66 Q = 0.00-3.36 after 42.7 sec [total]
done with BB for K = 4.76-5.66 Q = 0.00-3.36 after 43.9 sec [total]
done with UBTa for K = 4.76-5.66 Q = 0.00-3.36 after 44.1 sec [total]
done with UBTb for K = 4.76-5.66 Q = 0.00-3.36 after 44.3 sec [total]
done with UBTbA for K = 4.76-5.66 Q = 0.00-3.36 after 44.5 sec [total]
done with UBTbC for K = 4.76-5.66 Q = 0.00-3.36 after 44.8 sec [total]
done with H for K = 4.76-5.66 Q = 0.00-3.36 after 45.8 sec [total]
done with H++ for K = 4.76-5.66 Q = 0.00-3.36 after 49.1 sec [total]
done with H+- for K = 4.76-5.66 Q = 0.00-3.36 after 50.1 sec [total]
done with H-+ for K = 4.76-5.66 Q = 0.00-3.36 after 51.2 sec [total]
done with H-- for K = 4.76-5.66 Q = 0.00-3.36 after 52.3 sec [total]
done with UU for K = 5.66-6.73 Q = 0.00-3.36 after 53.3 sec [total]
done with BB for K = 5.66-6.73 Q = 0.00-3.36 after 54.4 sec [total]
done with UBTa for K = 5.66-6.73 Q = 0.00-3.36 after 54.7 sec [total]
done with UBTb for K = 5.66-6.73 Q = 0.00-3.36 after 54.9 sec [total]
done with UBTbA for K = 5.66-6.73 Q = 0.00-3.36 after 55.1 sec [total]
done with UBTbC for K = 5.66-6.73 Q = 0.00-3.36 after 55.4 sec [total]
done with H for K = 5.66-6.73 Q = 0.00-3.36 after 56.4 sec [total]
done with H++ for K = 5.66-6.73 Q = 0.00-3.36 after 59.6 sec [total]
done with H+- for K = 5.66-6.73 Q = 0.00-3.36 after 60.7 sec [total]
done with H-+ for K = 5.66-6.73 Q = 0.00-3.36 after 61.8 sec [total]
done with H-- for K = 5.66-6.73 Q = 0.00-3.36 after 62.8 sec [total]
done with UU for K = 6.73-8.00 Q = 0.00-3.36 after 63.9 sec [total]
done with BB for K = 6.73-8.00 Q = 0.00-3.36 after 65.1 sec [total]
done with UBTa for K = 6.73-8.00 Q = 0.00-3.36 after 65.2 sec [total]
done with UBTb for K = 6.73-8.00 Q = 0.00-3.36 after 65.4 sec [total]
done with UBTbA for K = 6.73-8.00 Q = 0.00-3.36 after 65.7 sec [total]
done with UBTbC for K = 6.73-8.00 Q = 0.00-3.36 after 66.0 sec [total]
done with H for K = 6.73-8.00 Q = 0.00-3.36 after 67.0 sec [total]
done with H++ for K = 6.73-8.00 Q = 0.00-3.36 after 70.2 sec [total]
done with H+- for K = 6.73-8.00 Q = 0.00-3.36 after 71.3 sec [total]
done with H-+ for K = 6.73-8.00 Q = 0.00-3.36 after 72.4 sec [total]
done with H-- for K = 6.73-8.00 Q = 0.00-3.36 after 73.5 sec [total]
done with UU for K = 8.00-9.51 Q = 0.00-3.36 after 74.6 sec [total]
done with BB for K = 8.00-9.51 Q = 0.00-3.36 after 75.6 sec [total]
done with UBTa for K = 8.00-9.51 Q = 0.00-3.36 after 75.8 sec [total]
done with UBTb for K = 8.00-9.51 Q = 0.00-3.36 after 76.0 sec [total]
done with UBTbA for K = 8.00-9.51 Q = 0.00-3.36 after 76.2 sec [total]
done with UBTbC for K = 8.00-9.51 Q = 0.00-3.36 after 76.6 sec [total]
done with H for K = 8.00-9.51 Q = 0.00-3.36 after 77.6 sec [total]
done with H++ for K = 8.00-9.51 Q = 0.00-3.36 after 80.9 sec [total]
done with H+- for K = 8.00-9.51 Q = 0.00-3.36 after 82.0 sec [total]
done with H-+ for K = 8.00-9.51 Q = 0.00-3.36 after 83.1 sec [total]
done with H-- for K = 8.00-9.51 Q = 0.00-3.36 after 84.1 sec [total]
done with UU for K = 9.51-11.31 Q = 0.00-3.36 after 85.2 sec [total]
done with BB for K = 9.51-11.31 Q = 0.00-3.36 after 86.3 sec [total]
done with UBTa for K = 9.51-11.31 Q = 0.00-3.36 after 86.4 sec [total]
done with UBTb for K = 9.51-11.31 Q = 0.00-3.36 after 86.6 sec [total]
done with UBTbA for K = 9.51-11.31 Q = 0.00-3.36 after 86.8 sec [total]
done with UBTbC for K = 9.51-11.31 Q = 0.00-3.36 after 87.2 sec [total]
done with H for K = 9.51-11.31 Q = 0.00-3.36 after 88.3 sec [total]
done with H++ for K = 9.51-11.31 Q = 0.00-3.36 after 91.4 sec [total]
done with H+- for K = 9.51-11.31 Q = 0.00-3.36 after 92.6 sec [total]
done with H-+ for K = 9.51-11.31 Q = 0.00-3.36 after 93.7 sec [total]
done with H-- for K = 9.51-11.31 Q = 0.00-3.36 after 94.7 sec [total]
done with UU for K = 11.31-13.45 Q = 0.00-3.36 after 95.9 sec [total]
done with BB for K = 11.31-13.45 Q = 0.00-3.36 after 96.9 sec [total]
done with UBTa for K = 11.31-13.45 Q = 0.00-3.36 after 97.1 sec [total]
done with UBTb for K = 11.31-13.45 Q = 0.00-3.36 after 97.3 sec [total]
done with UBTbA for K = 11.31-13.45 Q = 0.00-3.36 after 97.5 sec [total]
done with UBTbC for K = 11.31-13.45 Q = 0.00-3.36 after 97.9 sec [total]
done with H for K = 11.31-13.45 Q = 0.00-3.36 after 98.9 sec [total]
done with H++ for K = 11.31-13.45 Q = 0.00-3.36 after 102.1 sec [total]
done with H+- for K = 11.31-13.45 Q = 0.00-3.36 after 103.2 sec [total]
done with H-+ for K = 11.31-13.45 Q = 0.00-3.36 after 104.3 sec [total]
done with H-- for K = 11.31-13.45 Q = 0.00-3.36 after 105.4 sec [total]
done with UU for K = 13.45-16.00 Q = 0.00-3.36 after 106.4 sec [total]
done with BB for K = 13.45-16.00 Q = 0.00-3.36 after 107.5 sec [total]
done with UBTa for K = 13.45-16.00 Q = 0.00-3.36 after 107.7 sec [total]
done with UBTb for K = 13.45-16.00 Q = 0.00-3.36 after 107.9 sec [total]
done with UBTbA for K = 13.45-16.00 Q = 0.00-3.36 after 108.1 sec [total]
done with UBTbC for K = 13.45-16.00 Q = 0.00-3.36 after 108.5 sec [total]
done with H for K = 13.45-16.00 Q = 0.00-3.36 after 109.5 sec [total]
done with H++ for K = 13.45-16.00 Q = 0.00-3.36 after 112.8 sec [total]
done with H+- for K = 13.45-16.00 Q = 0.00-3.36 after 113.8 sec [total]
done with H-+ for K = 13.45-16.00 Q = 0.00-3.36 after 114.9 sec [total]
done with H-- for K = 13.45-16.00 Q = 0.00-3.36 after 116.0 sec [total]
done with UU for K = 16.00-19.03 Q = 0.00-3.36 after 117.1 sec [total]
done with BB for K = 16.00-19.03 Q = 0.00-3.36 after 118.1 sec [total]
done with UBTa for K = 16.00-19.03 Q = 0.00-3.36 after 118.3 sec [total]
done with UBTb for K = 16.00-19.03 Q = 0.00-3.36 after 118.5 sec [total]
done with UBTbA for K = 16.00-19.03 Q = 0.00-3.36 after 118.7 sec [total]
done with UBTbC for K = 16.00-19.03 Q = 0.00-3.36 after 119.0 sec [total]
done with H for K = 16.00-19.03 Q = 0.00-3.36 after 120.1 sec [total]
done with H++ for K = 16.00-19.03 Q = 0.00-3.36 after 123.3 sec [total]
done with H+- for K = 16.00-19.03 Q = 0.00-3.36 after 124.4 sec [total]
done with H-+ for K = 16.00-19.03 Q = 0.00-3.36 after 125.5 sec [total]
done with H-- for K = 16.00-19.03 Q = 0.00-3.36 after 126.5 sec [total]
done with UU for K = 19.03-22.63 Q = 0.00-3.36 after 127.6 sec [total]
done with BB for K = 19.03-22.63 Q = 0.00-3.36 after 128.7 sec [total]
done with UBTa for K = 19.03-22.63 Q = 0.00-3.36 after 128.9 sec [total]
done with UBTb for K = 19.03-22.63 Q = 0.00-3.36 after 129.1 sec [total]
done with UBTbA for K = 19.03-22.63 Q = 0.00-3.36 after 129.3 sec [total]
done with UBTbC for K = 19.03-22.63 Q = 0.00-3.36 after 129.6 sec [total]
done with H for K = 19.03-22.63 Q = 0.00-3.36 after 130.7 sec [total]
done with H++ for K = 19.03-22.63 Q = 0.00-3.36 after 133.9 sec [total]
done with H+- for K = 19.03-22.63 Q = 0.00-3.36 after 135.0 sec [total]
done with H-+ for K = 19.03-22.63 Q = 0.00-3.36 after 136.1 sec [total]
done with H-- for K = 19.03-22.63 Q = 0.00-3.36 after 137.1 sec [total]
done with UU for K = 22.63-26.91 Q = 0.00-3.36 after 138.3 sec [total]
done with BB for K = 22.63-26.91 Q = 0.00-3.36 after 139.4 sec [total]
done with UBTa for K = 22.63-26.91 Q = 0.00-3.36 after 139.6 sec [total]
done with UBTb for K = 22.63-26.91 Q = 0.00-3.36 after 139.8 sec [total]
done with UBTbA for K = 22.63-26.91 Q = 0.00-3.36 after 140.0 sec [total]
done with UBTbC for K = 22.63-26.91 Q = 0.00-3.36 after 140.3 sec [total]
done with H for K = 22.63-26.91 Q = 0.00-3.36 after 141.4 sec [total]
done with H++ for K = 22.63-26.91 Q = 0.00-3.36 after 144.5 sec [total]
done with H+- for K = 22.63-26.91 Q = 0.00-3.36 after 145.7 sec [total]
done with H-+ for K = 22.63-26.91 Q = 0.00-3.36 after 146.7 sec [total]
done with H-- for K = 22.63-26.91 Q = 0.00-3.36 after 147.8 sec [total]
done with UU for K = 26.91-32.00 Q = 0.00-3.36 after 148.9 sec [total]
done with BB for K = 26.91-32.00 Q = 0.00-3.36 after 150.0 sec [total]
done with UBTa for K = 26.91-32.00 Q = 0.00-3.36 after 150.2 sec [total]
done with UBTb for K = 26.91-32.00 Q = 0.00-3.36 after 150.4 sec [total]
done with UBTbA for K = 26.91-32.00 Q = 0.00-3.36 after 150.6 sec [total]
done with UBTbC for K = 26.91-32.00 Q = 0.00-3.36 after 151.0 sec [total]
done with H for K = 26.91-32.00 Q = 0.00-3.36 after 152.0 sec [total]
done with H++ for K = 26.91-32.00 Q = 0.00-3.36 after 155.2 sec [total]
done with H+- for K = 26.91-32.00 Q = 0.00-3.36 after 156.3 sec [total]
done with H-+ for K = 26.91-32.00 Q = 0.00-3.36 after 157.4 sec [total]
done with H-- for K = 26.91-32.00 Q = 0.00-3.36 after 158.5 sec [total]
done with UU for K = 32.00-38.05 Q = 0.00-3.36 after 159.5 sec [total]
done with BB for K = 32.00-38.05 Q = 0.00-3.36 after 160.6 sec [total]
done with UBTa for K = 32.00-38.05 Q = 0.00-3.36 after 160.8 sec [total]
done with UBTb for K = 32.00-38.05 Q = 0.00-3.36 after 161.0 sec [total]
done with UBTbA for K = 32.00-38.05 Q = 0.00-3.36 after 161.3 sec [total]
done with UBTbC for K = 32.00-38.05 Q = 0.00-3.36 after 161.6 sec [total]
done with H for K = 32.00-38.05 Q = 0.00-3.36 after 162.6 sec [total]
done with H++ for K = 32.00-38.05 Q = 0.00-3.36 after 165.8 sec [total]
done with H+- for K = 32.00-38.05 Q = 0.00-3.36 after 166.9 sec [total]
done with H-+ for K = 32.00-38.05 Q = 0.00-3.36 after 168.0 sec [total]
done with H-- for K = 32.00-38.05 Q = 0.00-3.36 after 169.1 sec [total]
done with UU for K = 38.05-45.25 Q = 0.00-3.36 after 170.2 sec [total]
done with BB for K = 38.05-45.25 Q = 0.00-3.36 after 171.3 sec [total]
done with UBTa for K = 38.05-45.25 Q = 0.00-3.36 after 171.5 sec [total]
done with UBTb for K = 38.05-45.25 Q = 0.00-3.36 after 171.7 sec [total]
done with UBTbA for K = 38.05-45.25 Q = 0.00-3.36 after 171.9 sec [total]
done with UBTbC for K = 38.05-45.25 Q = 0.00-3.36 after 172.3 sec [total]
done with H for K = 38.05-45.25 Q = 0.00-3.36 after 173.3 sec [total]
done with H++ for K = 38.05-45.25 Q = 0.00-3.36 after 176.5 sec [total]
done with H+- for K = 38.05-45.25 Q = 0.00-3.36 after 177.5 sec [total]
done with H-+ for K = 38.05-45.25 Q = 0.00-3.36 after 178.6 sec [total]
done with H-- for K = 38.05-45.25 Q = 0.00-3.36 after 179.7 sec [total]
done with UU for K = 45.25-53.82 Q = 0.00-3.36 after 180.8 sec [total]
done with BB for K = 45.25-53.82 Q = 0.00-3.36 after 181.9 sec [total]
done with UBTa for K = 45.25-53.82 Q = 0.00-3.36 after 182.1 sec [total]
done with UBTb for K = 45.25-53.82 Q = 0.00-3.36 after 182.3 sec [total]
done with UBTbA for K = 45.25-53.82 Q = 0.00-3.36 after 182.5 sec [total]
done with UBTbC for K = 45.25-53.82 Q = 0.00-3.36 after 182.8 sec [total]
done with H for K = 45.25-53.82 Q = 0.00-3.36 after 183.9 sec [total]
done with H++ for K = 45.25-53.82 Q = 0.00-3.36 after 187.1 sec [total]
done with H+- for K = 45.25-53.82 Q = 0.00-3.36 after 188.2 sec [total]
done with H-+ for K = 45.25-53.82 Q = 0.00-3.36 after 189.3 sec [total]
done with H-- for K = 45.25-53.82 Q = 0.00-3.36 after 190.3 sec [total]
done with UU for K = 53.82-64.00 Q = 0.00-3.36 after 191.4 sec [total]
done with BB for K = 53.82-64.00 Q = 0.00-3.36 after 192.5 sec [total]
done with UBTa for K = 53.82-64.00 Q = 0.00-3.36 after 192.7 sec [total]
done with UBTb for K = 53.82-64.00 Q = 0.00-3.36 after 192.9 sec [total]
done with UBTbA for K = 53.82-64.00 Q = 0.00-3.36 after 193.1 sec [total]
done with UBTbC for K = 53.82-64.00 Q = 0.00-3.36 after 193.5 sec [total]
done with H for K = 53.82-64.00 Q = 0.00-3.36 after 194.5 sec [total]
done with H++ for K = 53.82-64.00 Q = 0.00-3.36 after 197.7 sec [total]
done with H+- for K = 53.82-64.00 Q = 0.00-3.36 after 198.8 sec [total]
done with H-+ for K = 53.82-64.00 Q = 0.00-3.36 after 199.9 sec [total]
done with H-- for K = 53.82-64.00 Q = 0.00-3.36 after 200.9 sec [total]
done with UU for K = 64.00-76.11 Q = 0.00-3.36 after 202.0 sec [total]
done with BB for K = 64.00-76.11 Q = 0.00-3.36 after 203.1 sec [total]
done with UBTa for K = 64.00-76.11 Q = 0.00-3.36 after 203.3 sec [total]
done with UBTb for K = 64.00-76.11 Q = 0.00-3.36 after 203.4 sec [total]
done with UBTbA for K = 64.00-76.11 Q = 0.00-3.36 after 203.6 sec [total]
done with UBTbC for K = 64.00-76.11 Q = 0.00-3.36 after 204.0 sec [total]
done with H for K = 64.00-76.11 Q = 0.00-3.36 after 205.1 sec [total]
done with H++ for K = 64.00-76.11 Q = 0.00-3.36 after 208.3 sec [total]
done with H+- for K = 64.00-76.11 Q = 0.00-3.36 after 209.4 sec [total]
done with H-+ for K = 64.00-76.11 Q = 0.00-3.36 after 210.4 sec [total]
done with H-- for K = 64.00-76.11 Q = 0.00-3.36 after 211.5 sec [total]
done with UU for K = 76.11-90.51 Q = 0.00-3.36 after 212.7 sec [total]
done with BB for K = 76.11-90.51 Q = 0.00-3.36 after 213.8 sec [total]
done with UBTa for K = 76.11-90.51 Q = 0.00-3.36 after 213.9 sec [total]
done with UBTb for K = 76.11-90.51 Q = 0.00-3.36 after 214.2 sec [total]
done with UBTbA for K = 76.11-90.51 Q = 0.00-3.36 after 214.4 sec [total]
done with UBTbC for K = 76.11-90.51 Q = 0.00-3.36 after 214.7 sec [total]
done with H for K = 76.11-90.51 Q = 0.00-3.36 after 215.8 sec [total]
done with H++ for K = 76.11-90.51 Q = 0.00-3.36 after 219.0 sec [total]
done with H+- for K = 76.11-90.51 Q = 0.00-3.36 after 220.1 sec [total]
done with H-+ for K = 76.11-90.51 Q = 0.00-3.36 after 221.2 sec [total]
done with H-- for K = 76.11-90.51 Q = 0.00-3.36 after 222.2 sec [total]
done with UU for K = 90.51-107.63 Q = 0.00-3.36 after 223.3 sec [total]
done with BB for K = 90.51-107.63 Q = 0.00-3.36 after 224.4 sec [total]
done with UBTa for K = 90.51-107.63 Q = 0.00-3.36 after 224.5 sec [total]
done with UBTb for K = 90.51-107.63 Q = 0.00-3.36 after 224.7 sec [total]
done with UBTbA for K = 90.51-107.63 Q = 0.00-3.36 after 224.9 sec [total]
done with UBTbC for K = 90.51-107.63 Q = 0.00-3.36 after 225.3 sec [total]
done with H for K = 90.51-107.63 Q = 0.00-3.36 after 226.4 sec [total]
done with H++ for K = 90.51-107.63 Q = 0.00-3.36 after 229.6 sec [total]
done with H+- for K = 90.51-107.63 Q = 0.00-3.36 after 230.6 sec [total]
done with H-+ for K = 90.51-107.63 Q = 0.00-3.36 after 231.7 sec [total]
done with H-- for K = 90.51-107.63 Q = 0.00-3.36 after 232.8 sec [total]
done with UU for K = 107.63-128.00 Q = 0.00-3.36 after 233.9 sec [total]
done with BB for K = 107.63-128.00 Q = 0.00-3.36 after 235.0 sec [total]
done with UBTa for K = 107.63-128.00 Q = 0.00-3.36 after 235.2 sec [total]
done with UBTb for K = 107.63-128.00 Q = 0.00-3.36 after 235.4 sec [total]
done with UBTbA for K = 107.63-128.00 Q = 0.00-3.36 after 235.6 sec [total]
done with UBTbC for K = 107.63-128.00 Q = 0.00-3.36 after 235.9 sec [total]
done with H for K = 107.63-128.00 Q = 0.00-3.36 after 237.0 sec [total]
done with H++ for K = 107.63-128.00 Q = 0.00-3.36 after 240.3 sec [total]
done with H+- for K = 107.63-128.00 Q = 0.00-3.36 after 241.2 sec [total]
done with H-+ for K = 107.63-128.00 Q = 0.00-3.36 after 242.3 sec [total]
done with H-- for K = 107.63-128.00 Q = 0.00-3.36 after 243.4 sec [total]
done with UU for K = 128.00-152.22 Q = 0.00-3.36 after 244.5 sec [total]
done with BB for K = 128.00-152.22 Q = 0.00-3.36 after 245.6 sec [total]
done with UBTa for K = 128.00-152.22 Q = 0.00-3.36 after 245.8 sec [total]
done with UBTb for K = 128.00-152.22 Q = 0.00-3.36 after 246.0 sec [total]
done with UBTbA for K = 128.00-152.22 Q = 0.00-3.36 after 246.2 sec [total]
done with UBTbC for K = 128.00-152.22 Q = 0.00-3.36 after 246.5 sec [total]
done with H for K = 128.00-152.22 Q = 0.00-3.36 after 247.6 sec [total]
done with H++ for K = 128.00-152.22 Q = 0.00-3.36 after 250.8 sec [total]
done with H+- for K = 128.00-152.22 Q = 0.00-3.36 after 251.9 sec [total]
done with H-+ for K = 128.00-152.22 Q = 0.00-3.36 after 253.0 sec [total]
done with H-- for K = 128.00-152.22 Q = 0.00-3.36 after 254.0 sec [total]
done with UU for K = 152.22-181.02 Q = 0.00-3.36 after 255.2 sec [total]
done with BB for K = 152.22-181.02 Q = 0.00-3.36 after 256.2 sec [total]
done with UBTa for K = 152.22-181.02 Q = 0.00-3.36 after 256.5 sec [total]
done with UBTb for K = 152.22-181.02 Q = 0.00-3.36 after 256.7 sec [total]
done with UBTbA for K = 152.22-181.02 Q = 0.00-3.36 after 256.9 sec [total]
done with UBTbC for K = 152.22-181.02 Q = 0.00-3.36 after 257.2 sec [total]
done with H for K = 152.22-181.02 Q = 0.00-3.36 after 258.2 sec [total]
done with H++ for K = 152.22-181.02 Q = 0.00-3.36 after 261.4 sec [total]
done with H+- for K = 152.22-181.02 Q = 0.00-3.36 after 262.5 sec [total]
done with H-+ for K = 152.22-181.02 Q = 0.00-3.36 after 263.6 sec [total]
done with H-- for K = 152.22-181.02 Q = 0.00-3.36 after 264.7 sec [total]
done with UU for K = 181.02-215.27 Q = 0.00-3.36 after 265.7 sec [total]
done with BB for K = 181.02-215.27 Q = 0.00-3.36 after 266.8 sec [total]
done with UBTa for K = 181.02-215.27 Q = 0.00-3.36 after 267.0 sec [total]
done with UBTb for K = 181.02-215.27 Q = 0.00-3.36 after 267.2 sec [total]
done with UBTbA for K = 181.02-215.27 Q = 0.00-3.36 after 267.4 sec [total]
done with UBTbC for K = 181.02-215.27 Q = 0.00-3.36 after 267.8 sec [total]
done with H for K = 181.02-215.27 Q = 0.00-3.36 after 268.8 sec [total]
done with H++ for K = 181.02-215.27 Q = 0.00-3.36 after 272.1 sec [total]
done with H+- for K = 181.02-215.27 Q = 0.00-3.36 after 273.1 sec [total]
done with H-+ for K = 181.02-215.27 Q = 0.00-3.36 after 274.2 sec [total]
done with H-- for K = 181.02-215.27 Q = 0.00-3.36 after 275.3 sec [total]
done with UU for K = 215.27-256.00 Q = 0.00-3.36 after 276.4 sec [total]
done with BB for K = 215.27-256.00 Q = 0.00-3.36 after 277.5 sec [total]
done with UBTa for K = 215.27-256.00 Q = 0.00-3.36 after 277.6 sec [total]
done with UBTb for K = 215.27-256.00 Q = 0.00-3.36 after 277.8 sec [total]
done with UBTbA for K = 215.27-256.00 Q = 0.00-3.36 after 278.0 sec [total]
done with UBTbC for K = 215.27-256.00 Q = 0.00-3.36 after 278.4 sec [total]
done with H for K = 215.27-256.00 Q = 0.00-3.36 after 279.5 sec [total]
done with H++ for K = 215.27-256.00 Q = 0.00-3.36 after 282.7 sec [total]
done with H+- for K = 215.27-256.00 Q = 0.00-3.36 after 283.7 sec [total]
done with H-+ for K = 215.27-256.00 Q = 0.00-3.36 after 284.8 sec [total]
done with H-- for K = 215.27-256.00 Q = 0.00-3.36 after 285.9 sec [total]
done with UU for K = 256.00-304.44 Q = 0.00-3.36 after 287.0 sec [total]
done with BB for K = 256.00-304.44 Q = 0.00-3.36 after 288.1 sec [total]
done with UBTa for K = 256.00-304.44 Q = 0.00-3.36 after 288.3 sec [total]
done with UBTb for K = 256.00-304.44 Q = 0.00-3.36 after 288.5 sec [total]
done with UBTbA for K = 256.00-304.44 Q = 0.00-3.36 after 288.7 sec [total]
done with UBTbC for K = 256.00-304.44 Q = 0.00-3.36 after 289.0 sec [total]
done with H for K = 256.00-304.44 Q = 0.00-3.36 after 290.1 sec [total]
done with H++ for K = 256.00-304.44 Q = 0.00-3.36 after 293.4 sec [total]
done with H+- for K = 256.00-304.44 Q = 0.00-3.36 after 294.4 sec [total]
done with H-+ for K = 256.00-304.44 Q = 0.00-3.36 after 295.5 sec [total]
done with H-- for K = 256.00-304.44 Q = 0.00-3.36 after 296.5 sec [total]
done with UU for K = 304.44-362.04 Q = 0.00-3.36 after 297.6 sec [total]
done with BB for K = 304.44-362.04 Q = 0.00-3.36 after 298.7 sec [total]
done with UBTa for K = 304.44-362.04 Q = 0.00-3.36 after 298.9 sec [total]
done with UBTb for K = 304.44-362.04 Q = 0.00-3.36 after 299.1 sec [total]
done with UBTbA for K = 304.44-362.04 Q = 0.00-3.36 after 299.3 sec [total]
done with UBTbC for K = 304.44-362.04 Q = 0.00-3.36 after 299.7 sec [total]
done with H for K = 304.44-362.04 Q = 0.00-3.36 after 300.7 sec [total]
done with H++ for K = 304.44-362.04 Q = 0.00-3.36 after 303.9 sec [total]
done with H+- for K = 304.44-362.04 Q = 0.00-3.36 after 305.1 sec [total]
done with H-+ for K = 304.44-362.04 Q = 0.00-3.36 after 306.2 sec [total]
done with H-- for K = 304.44-362.04 Q = 0.00-3.36 after 307.2 sec [total]
done with UU for K = 362.04-430.54 Q = 0.00-3.36 after 308.2 sec [total]
done with BB for K = 362.04-430.54 Q = 0.00-3.36 after 309.3 sec [total]
done with UBTa for K = 362.04-430.54 Q = 0.00-3.36 after 309.5 sec [total]
done with UBTb for K = 362.04-430.54 Q = 0.00-3.36 after 309.7 sec [total]
done with UBTbA for K = 362.04-430.54 Q = 0.00-3.36 after 309.9 sec [total]
done with UBTbC for K = 362.04-430.54 Q = 0.00-3.36 after 310.3 sec [total]
done with H for K = 362.04-430.54 Q = 0.00-3.36 after 311.3 sec [total]
done with H++ for K = 362.04-430.54 Q = 0.00-3.36 after 314.6 sec [total]
done with H+- for K = 362.04-430.54 Q = 0.00-3.36 after 315.6 sec [total]
done with H-+ for K = 362.04-430.54 Q = 0.00-3.36 after 316.7 sec [total]
done with H-- for K = 362.04-430.54 Q = 0.00-3.36 after 317.8 sec [total]
done with UU for K = 430.54-512.00 Q = 0.00-3.36 after 318.9 sec [total]
done with BB for K = 430.54-512.00 Q = 0.00-3.36 after 320.0 sec [total]
done with UBTa for K = 430.54-512.00 Q = 0.00-3.36 after 320.2 sec [total]
done with UBTb for K = 430.54-512.00 Q = 0.00-3.36 after 320.4 sec [total]
done with UBTbA for K = 430.54-512.00 Q = 0.00-3.36 after 320.6 sec [total]
done with UBTbC for K = 430.54-512.00 Q = 0.00-3.36 after 320.9 sec [total]
done with H for K = 430.54-512.00 Q = 0.00-3.36 after 321.9 sec [total]
done with H++ for K = 430.54-512.00 Q = 0.00-3.36 after 325.1 sec [total]
done with H+- for K = 430.54-512.00 Q = 0.00-3.36 after 326.2 sec [total]
done with H-+ for K = 430.54-512.00 Q = 0.00-3.36 after 327.3 sec [total]
done with H-- for K = 430.54-512.00 Q = 0.00-3.36 after 328.4 sec [total]
done with UU for K = 512.00-608.87 Q = 0.00-3.36 after 329.5 sec [total]
done with BB for K = 512.00-608.87 Q = 0.00-3.36 after 330.6 sec [total]
done with UBTa for K = 512.00-608.87 Q = 0.00-3.36 after 330.8 sec [total]
done with UBTb for K = 512.00-608.87 Q = 0.00-3.36 after 331.0 sec [total]
done with UBTbA for K = 512.00-608.87 Q = 0.00-3.36 after 331.2 sec [total]
done with UBTbC for K = 512.00-608.87 Q = 0.00-3.36 after 331.5 sec [total]
done with H for K = 512.00-608.87 Q = 0.00-3.36 after 332.6 sec [total]
done with H++ for K = 512.00-608.87 Q = 0.00-3.36 after 335.8 sec [total]
done with H+- for K = 512.00-608.87 Q = 0.00-3.36 after 336.8 sec [total]
done with H-+ for K = 512.00-608.87 Q = 0.00-3.36 after 338.0 sec [total]
done with H-- for K = 512.00-608.87 Q = 0.00-3.36 after 339.0 sec [total]
done with UU for K = 608.87-724.08 Q = 0.00-3.36 after 340.1 sec [total]
done with BB for K = 608.87-724.08 Q = 0.00-3.36 after 341.2 sec [total]
done with UBTa for K = 608.87-724.08 Q = 0.00-3.36 after 341.3 sec [total]
done with UBTb for K = 608.87-724.08 Q = 0.00-3.36 after 341.5 sec [total]
done with UBTbA for K = 608.87-724.08 Q = 0.00-3.36 after 341.7 sec [total]
done with UBTbC for K = 608.87-724.08 Q = 0.00-3.36 after 342.1 sec [total]
done with H for K = 608.87-724.08 Q = 0.00-3.36 after 343.2 sec [total]
done with H++ for K = 608.87-724.08 Q = 0.00-3.36 after 346.4 sec [total]
done with H+- for K = 608.87-724.08 Q = 0.00-3.36 after 347.4 sec [total]
done with H-+ for K = 608.87-724.08 Q = 0.00-3.36 after 348.6 sec [total]
done with H-- for K = 608.87-724.08 Q = 0.00-3.36 after 349.6 sec [total]
done with UU for K = 724.08-861.08 Q = 0.00-3.36 after 350.7 sec [total]
done with BB for K = 724.08-861.08 Q = 0.00-3.36 after 351.8 sec [total]
done with UBTa for K = 724.08-861.08 Q = 0.00-3.36 after 352.0 sec [total]
done with UBTb for K = 724.08-861.08 Q = 0.00-3.36 after 352.2 sec [total]
done with UBTbA for K = 724.08-861.08 Q = 0.00-3.36 after 352.4 sec [total]
done with UBTbC for K = 724.08-861.08 Q = 0.00-3.36 after 352.8 sec [total]
done with H for K = 724.08-861.08 Q = 0.00-3.36 after 353.9 sec [total]
done with H++ for K = 724.08-861.08 Q = 0.00-3.36 after 357.0 sec [total]
done with H+- for K = 724.08-861.08 Q = 0.00-3.36 after 358.2 sec [total]
done with H-+ for K = 724.08-861.08 Q = 0.00-3.36 after 359.2 sec [total]
done with H-- for K = 724.08-861.08 Q = 0.00-3.36 after 360.3 sec [total]
done with UU for K = 861.08-1024.00 Q = 0.00-3.36 after 361.4 sec [total]
done with BB for K = 861.08-1024.00 Q = 0.00-3.36 after 362.5 sec [total]
done with UBTa for K = 861.08-1024.00 Q = 0.00-3.36 after 362.7 sec [total]
done with UBTb for K = 861.08-1024.00 Q = 0.00-3.36 after 362.9 sec [total]
done with UBTbA for K = 861.08-1024.00 Q = 0.00-3.36 after 363.1 sec [total]
done with UBTbC for K = 861.08-1024.00 Q = 0.00-3.36 after 363.4 sec [total]
done with H for K = 861.08-1024.00 Q = 0.00-3.36 after 364.4 sec [total]
done with H++ for K = 861.08-1024.00 Q = 0.00-3.36 after 367.7 sec [total]
done with H+- for K = 861.08-1024.00 Q = 0.00-3.36 after 368.7 sec [total]
done with H-+ for K = 861.08-1024.00 Q = 0.00-3.36 after 369.8 sec [total]
done with H-- for K = 861.08-1024.00 Q = 0.00-3.36 after 370.8 sec [total]
done with UU for K = 0.00-3.36 Q = 3.36-4.00 after 374.1 sec [total]
done with BB for K = 0.00-3.36 Q = 3.36-4.00 after 377.3 sec [total]
done with UBTa for K = 0.00-3.36 Q = 3.36-4.00 after 379.1 sec [total]
done with UBTb for K = 0.00-3.36 Q = 3.36-4.00 after 380.9 sec [total]
done with UBTbA for K = 0.00-3.36 Q = 3.36-4.00 after 382.6 sec [total]
done with UBTbC for K = 0.00-3.36 Q = 3.36-4.00 after 382.9 sec [total]
done with H for K = 0.00-3.36 Q = 3.36-4.00 after 384.0 sec [total]
done with H++ for K = 0.00-3.36 Q = 3.36-4.00 after 387.3 sec [total]
done with H+- for K = 0.00-3.36 Q = 3.36-4.00 after 388.4 sec [total]
done with H-+ for K = 0.00-3.36 Q = 3.36-4.00 after 389.4 sec [total]
done with H-- for K = 0.00-3.36 Q = 3.36-4.00 after 390.5 sec [total]
done with UU for K = 3.36-4.00 Q = 3.36-4.00 after 391.7 sec [total]
done with BB for K = 3.36-4.00 Q = 3.36-4.00 after 392.8 sec [total]
done with UBTa for K = 3.36-4.00 Q = 3.36-4.00 after 393.0 sec [total]
done with UBTb for K = 3.36-4.00 Q = 3.36-4.00 after 393.1 sec [total]
done with UBTbA for K = 3.36-4.00 Q = 3.36-4.00 after 393.3 sec [total]
done with UBTbC for K = 3.36-4.00 Q = 3.36-4.00 after 393.7 sec [total]
done with H for K = 3.36-4.00 Q = 3.36-4.00 after 394.8 sec [total]
done with H++ for K = 3.36-4.00 Q = 3.36-4.00 after 398.0 sec [total]
done with H+- for K = 3.36-4.00 Q = 3.36-4.00 after 399.1 sec [total]
done with H-+ for K = 3.36-4.00 Q = 3.36-4.00 after 400.2 sec [total]
done with H-- for K = 3.36-4.00 Q = 3.36-4.00 after 401.2 sec [total]
done with UU for K = 4.00-4.76 Q = 3.36-4.00 after 402.3 sec [total]
done with BB for K = 4.00-4.76 Q = 3.36-4.00 after 403.4 sec [total]
done with UBTa for K = 4.00-4.76 Q = 3.36-4.00 after 403.6 sec [total]
done with UBTb for K = 4.00-4.76 Q = 3.36-4.00 after 403.8 sec [total]
done with UBTbA for K = 4.00-4.76 Q = 3.36-4.00 after 404.0 sec [total]
done with UBTbC for K = 4.00-4.76 Q = 3.36-4.00 after 404.4 sec [total]
done with H for K = 4.00-4.76 Q = 3.36-4.00 after 405.4 sec [total]
done with H++ for K = 4.00-4.76 Q = 3.36-4.00 after 408.6 sec [total]
done with H+- for K = 4.00-4.76 Q = 3.36-4.00 after 409.7 sec [total]
done with H-+ for K = 4.00-4.76 Q = 3.36-4.00 after 410.8 sec [total]
done with H-- for K = 4.00-4.76 Q = 3.36-4.00 after 411.8 sec [total]
done with UU for K = 4.76-5.66 Q = 3.36-4.00 after 412.9 sec [total]
done with BB for K = 4.76-5.66 Q = 3.36-4.00 after 414.0 sec [total]
done with UBTa for K = 4.76-5.66 Q = 3.36-4.00 after 414.2 sec [total]
done with UBTb for K = 4.76-5.66 Q = 3.36-4.00 after 414.4 sec [total]
done with UBTbA for K = 4.76-5.66 Q = 3.36-4.00 after 414.6 sec [total]
done with UBTbC for K = 4.76-5.66 Q = 3.36-4.00 after 415.0 sec [total]
done with H for K = 4.76-5.66 Q = 3.36-4.00 after 416.0 sec [total]
done with H++ for K = 4.76-5.66 Q = 3.36-4.00 after 419.2 sec [total]
done with H+- for K = 4.76-5.66 Q = 3.36-4.00 after 420.3 sec [total]
done with H-+ for K = 4.76-5.66 Q = 3.36-4.00 after 421.4 sec [total]
done with H-- for K = 4.76-5.66 Q = 3.36-4.00 after 422.4 sec [total]
done with UU for K = 5.66-6.73 Q = 3.36-4.00 after 423.5 sec [total]
done with BB for K = 5.66-6.73 Q = 3.36-4.00 after 424.6 sec [total]
done with UBTa for K = 5.66-6.73 Q = 3.36-4.00 after 424.8 sec [total]
done with UBTb for K = 5.66-6.73 Q = 3.36-4.00 after 425.0 sec [total]
done with UBTbA for K = 5.66-6.73 Q = 3.36-4.00 after 425.2 sec [total]
done with UBTbC for K = 5.66-6.73 Q = 3.36-4.00 after 425.5 sec [total]
done with H for K = 5.66-6.73 Q = 3.36-4.00 after 426.6 sec [total]
done with H++ for K = 5.66-6.73 Q = 3.36-4.00 after 429.9 sec [total]
done with H+- for K = 5.66-6.73 Q = 3.36-4.00 after 430.9 sec [total]
done with H-+ for K = 5.66-6.73 Q = 3.36-4.00 after 432.0 sec [total]
done with H-- for K = 5.66-6.73 Q = 3.36-4.00 after 433.1 sec [total]
done with UU for K = 6.73-8.00 Q = 3.36-4.00 after 434.2 sec [total]
done with BB for K = 6.73-8.00 Q = 3.36-4.00 after 435.3 sec [total]
done with UBTa for K = 6.73-8.00 Q = 3.36-4.00 after 435.5 sec [total]
done with UBTb for K = 6.73-8.00 Q = 3.36-4.00 after 435.6 sec [total]
done with UBTbA for K = 6.73-8.00 Q = 3.36-4.00 after 435.8 sec [total]
done with UBTbC for K = 6.73-8.00 Q = 3.36-4.00 after 436.2 sec [total]
done with H for K = 6.73-8.00 Q = 3.36-4.00 after 437.3 sec [total]
done with H++ for K = 6.73-8.00 Q = 3.36-4.00 after 440.5 sec [total]
done with H+- for K = 6.73-8.00 Q = 3.36-4.00 after 441.6 sec [total]
done with H-+ for K = 6.73-8.00 Q = 3.36-4.00 after 442.7 sec [total]
done with H-- for K = 6.73-8.00 Q = 3.36-4.00 after 443.7 sec [total]
done with UU for K = 8.00-9.51 Q = 3.36-4.00 after 444.8 sec [total]
done with BB for K = 8.00-9.51 Q = 3.36-4.00 after 445.9 sec [total]
done with UBTa for K = 8.00-9.51 Q = 3.36-4.00 after 446.1 sec [total]
done with UBTb for K = 8.00-9.51 Q = 3.36-4.00 after 446.3 sec [total]
done with UBTbA for K = 8.00-9.51 Q = 3.36-4.00 after 446.5 sec [total]
done with UBTbC for K = 8.00-9.51 Q = 3.36-4.00 after 446.8 sec [total]
done with H for K = 8.00-9.51 Q = 3.36-4.00 after 447.9 sec [total]
done with H++ for K = 8.00-9.51 Q = 3.36-4.00 after 451.1 sec [total]
done with H+- for K = 8.00-9.51 Q = 3.36-4.00 after 452.2 sec [total]
done with H-+ for K = 8.00-9.51 Q = 3.36-4.00 after 453.3 sec [total]
done with H-- for K = 8.00-9.51 Q = 3.36-4.00 after 454.4 sec [total]
done with UU for K = 9.51-11.31 Q = 3.36-4.00 after 455.4 sec [total]
done with BB for K = 9.51-11.31 Q = 3.36-4.00 after 456.5 sec [total]
done with UBTa for K = 9.51-11.31 Q = 3.36-4.00 after 456.7 sec [total]
done with UBTb for K = 9.51-11.31 Q = 3.36-4.00 after 456.9 sec [total]
done with UBTbA for K = 9.51-11.31 Q = 3.36-4.00 after 457.1 sec [total]
done with UBTbC for K = 9.51-11.31 Q = 3.36-4.00 after 457.4 sec [total]
done with H for K = 9.51-11.31 Q = 3.36-4.00 after 458.5 sec [total]
done with H++ for K = 9.51-11.31 Q = 3.36-4.00 after 461.7 sec [total]
done with H+- for K = 9.51-11.31 Q = 3.36-4.00 after 462.8 sec [total]
done with H-+ for K = 9.51-11.31 Q = 3.36-4.00 after 463.9 sec [total]
done with H-- for K = 9.51-11.31 Q = 3.36-4.00 after 465.0 sec [total]
done with UU for K = 11.31-13.45 Q = 3.36-4.00 after 466.1 sec [total]
done with BB for K = 11.31-13.45 Q = 3.36-4.00 after 467.1 sec [total]
done with UBTa for K = 11.31-13.45 Q = 3.36-4.00 after 467.3 sec [total]
done with UBTb for K = 11.31-13.45 Q = 3.36-4.00 after 467.5 sec [total]
done with UBTbA for K = 11.31-13.45 Q = 3.36-4.00 after 467.7 sec [total]
done with UBTbC for K = 11.31-13.45 Q = 3.36-4.00 after 468.0 sec [total]
done with H for K = 11.31-13.45 Q = 3.36-4.00 after 469.1 sec [total]
done with H++ for K = 11.31-13.45 Q = 3.36-4.00 after 472.3 sec [total]
done with H+- for K = 11.31-13.45 Q = 3.36-4.00 after 473.4 sec [total]
done with H-+ for K = 11.31-13.45 Q = 3.36-4.00 after 474.5 sec [total]
done with H-- for K = 11.31-13.45 Q = 3.36-4.00 after 475.6 sec [total]
done with UU for K = 13.45-16.00 Q = 3.36-4.00 after 476.6 sec [total]
done with BB for K = 13.45-16.00 Q = 3.36-4.00 after 477.7 sec [total]
done with UBTa for K = 13.45-16.00 Q = 3.36-4.00 after 477.9 sec [total]
done with UBTb for K = 13.45-16.00 Q = 3.36-4.00 after 478.1 sec [total]
done with UBTbA for K = 13.45-16.00 Q = 3.36-4.00 after 478.3 sec [total]
done with UBTbC for K = 13.45-16.00 Q = 3.36-4.00 after 478.7 sec [total]
done with H for K = 13.45-16.00 Q = 3.36-4.00 after 479.7 sec [total]
done with H++ for K = 13.45-16.00 Q = 3.36-4.00 after 483.0 sec [total]
done with H+- for K = 13.45-16.00 Q = 3.36-4.00 after 484.0 sec [total]
done with H-+ for K = 13.45-16.00 Q = 3.36-4.00 after 485.1 sec [total]
done with H-- for K = 13.45-16.00 Q = 3.36-4.00 after 486.2 sec [total]
done with UU for K = 16.00-19.03 Q = 3.36-4.00 after 487.2 sec [total]
done with BB for K = 16.00-19.03 Q = 3.36-4.00 after 488.4 sec [total]
done with UBTa for K = 16.00-19.03 Q = 3.36-4.00 after 488.6 sec [total]
done with UBTb for K = 16.00-19.03 Q = 3.36-4.00 after 488.7 sec [total]
done with UBTbA for K = 16.00-19.03 Q = 3.36-4.00 after 488.9 sec [total]
done with UBTbC for K = 16.00-19.03 Q = 3.36-4.00 after 489.3 sec [total]
done with H for K = 16.00-19.03 Q = 3.36-4.00 after 490.4 sec [total]
done with H++ for K = 16.00-19.03 Q = 3.36-4.00 after 493.5 sec [total]
done with H+- for K = 16.00-19.03 Q = 3.36-4.00 after 494.6 sec [total]
done with H-+ for K = 16.00-19.03 Q = 3.36-4.00 after 495.8 sec [total]
done with H-- for K = 16.00-19.03 Q = 3.36-4.00 after 496.8 sec [total]
done with UU for K = 19.03-22.63 Q = 3.36-4.00 after 497.9 sec [total]
done with BB for K = 19.03-22.63 Q = 3.36-4.00 after 499.0 sec [total]
done with UBTa for K = 19.03-22.63 Q = 3.36-4.00 after 499.2 sec [total]
done with UBTb for K = 19.03-22.63 Q = 3.36-4.00 after 499.4 sec [total]
done with UBTbA for K = 19.03-22.63 Q = 3.36-4.00 after 499.5 sec [total]
done with UBTbC for K = 19.03-22.63 Q = 3.36-4.00 after 499.9 sec [total]
done with H for K = 19.03-22.63 Q = 3.36-4.00 after 501.0 sec [total]
done with H++ for K = 19.03-22.63 Q = 3.36-4.00 after 504.2 sec [total]
done with H+- for K = 19.03-22.63 Q = 3.36-4.00 after 505.3 sec [total]
done with H-+ for K = 19.03-22.63 Q = 3.36-4.00 after 506.4 sec [total]
done with H-- for K = 19.03-22.63 Q = 3.36-4.00 after 507.4 sec [total]
done with UU for K = 22.63-26.91 Q = 3.36-4.00 after 508.5 sec [total]
done with BB for K = 22.63-26.91 Q = 3.36-4.00 after 509.7 sec [total]
done with UBTa for K = 22.63-26.91 Q = 3.36-4.00 after 509.9 sec [total]
done with UBTb for K = 22.63-26.91 Q = 3.36-4.00 after 510.0 sec [total]
done with UBTbA for K = 22.63-26.91 Q = 3.36-4.00 after 510.3 sec [total]
done with UBTbC for K = 22.63-26.91 Q = 3.36-4.00 after 510.6 sec [total]
done with H for K = 22.63-26.91 Q = 3.36-4.00 after 511.7 sec [total]
done with H++ for K = 22.63-26.91 Q = 3.36-4.00 after 514.9 sec [total]
done with H+- for K = 22.63-26.91 Q = 3.36-4.00 after 515.9 sec [total]
done with H-+ for K = 22.63-26.91 Q = 3.36-4.00 after 517.0 sec [total]
done with H-- for K = 22.63-26.91 Q = 3.36-4.00 after 518.1 sec [total]
done with UU for K = 26.91-32.00 Q = 3.36-4.00 after 519.2 sec [total]
done with BB for K = 26.91-32.00 Q = 3.36-4.00 after 520.3 sec [total]
done with UBTa for K = 26.91-32.00 Q = 3.36-4.00 after 520.5 sec [total]
done with UBTb for K = 26.91-32.00 Q = 3.36-4.00 after 520.7 sec [total]
done with UBTbA for K = 26.91-32.00 Q = 3.36-4.00 after 521.0 sec [total]
done with UBTbC for K = 26.91-32.00 Q = 3.36-4.00 after 521.3 sec [total]
done with H for K = 26.91-32.00 Q = 3.36-4.00 after 522.3 sec [total]
done with H++ for K = 26.91-32.00 Q = 3.36-4.00 after 525.5 sec [total]
done with H+- for K = 26.91-32.00 Q = 3.36-4.00 after 526.6 sec [total]
done with H-+ for K = 26.91-32.00 Q = 3.36-4.00 after 527.7 sec [total]
done with H-- for K = 26.91-32.00 Q = 3.36-4.00 after 528.7 sec [total]
done with UU for K = 32.00-38.05 Q = 3.36-4.00 after 529.9 sec [total]
done with BB for K = 32.00-38.05 Q = 3.36-4.00 after 531.0 sec [total]
done with UBTa for K = 32.00-38.05 Q = 3.36-4.00 after 531.1 sec [total]
done with UBTb for K = 32.00-38.05 Q = 3.36-4.00 after 531.3 sec [total]
done with UBTbA for K = 32.00-38.05 Q = 3.36-4.00 after 531.5 sec [total]
done with UBTbC for K = 32.00-38.05 Q = 3.36-4.00 after 531.9 sec [total]
done with H for K = 32.00-38.05 Q = 3.36-4.00 after 533.0 sec [total]
done with H++ for K = 32.00-38.05 Q = 3.36-4.00 after 536.1 sec [total]
done with H+- for K = 32.00-38.05 Q = 3.36-4.00 after 537.2 sec [total]
done with H-+ for K = 32.00-38.05 Q = 3.36-4.00 after 538.4 sec [total]
done with H-- for K = 32.00-38.05 Q = 3.36-4.00 after 539.4 sec [total]
done with UU for K = 38.05-45.25 Q = 3.36-4.00 after 540.5 sec [total]
done with BB for K = 38.05-45.25 Q = 3.36-4.00 after 541.6 sec [total]
done with UBTa for K = 38.05-45.25 Q = 3.36-4.00 after 541.8 sec [total]
done with UBTb for K = 38.05-45.25 Q = 3.36-4.00 after 542.0 sec [total]
done with UBTbA for K = 38.05-45.25 Q = 3.36-4.00 after 542.2 sec [total]
done with UBTbC for K = 38.05-45.25 Q = 3.36-4.00 after 542.5 sec [total]
done with H for K = 38.05-45.25 Q = 3.36-4.00 after 543.6 sec [total]
done with H++ for K = 38.05-45.25 Q = 3.36-4.00 after 546.8 sec [total]
done with H+- for K = 38.05-45.25 Q = 3.36-4.00 after 547.9 sec [total]
done with H-+ for K = 38.05-45.25 Q = 3.36-4.00 after 549.0 sec [total]
done with H-- for K = 38.05-45.25 Q = 3.36-4.00 after 550.0 sec [total]
done with UU for K = 45.25-53.82 Q = 3.36-4.00 after 551.2 sec [total]
done with BB for K = 45.25-53.82 Q = 3.36-4.00 after 552.3 sec [total]
done with UBTa for K = 45.25-53.82 Q = 3.36-4.00 after 552.4 sec [total]
done with UBTb for K = 45.25-53.82 Q = 3.36-4.00 after 552.6 sec [total]
done with UBTbA for K = 45.25-53.82 Q = 3.36-4.00 after 552.8 sec [total]
done with UBTbC for K = 45.25-53.82 Q = 3.36-4.00 after 553.2 sec [total]
done with H for K = 45.25-53.82 Q = 3.36-4.00 after 554.3 sec [total]
done with H++ for K = 45.25-53.82 Q = 3.36-4.00 after 557.4 sec [total]
done with H+- for K = 45.25-53.82 Q = 3.36-4.00 after 558.5 sec [total]
done with H-+ for K = 45.25-53.82 Q = 3.36-4.00 after 559.6 sec [total]
done with H-- for K = 45.25-53.82 Q = 3.36-4.00 after 560.7 sec [total]
done with UU for K = 53.82-64.00 Q = 3.36-4.00 after 561.8 sec [total]
done with BB for K = 53.82-64.00 Q = 3.36-4.00 after 562.9 sec [total]
done with UBTa for K = 53.82-64.00 Q = 3.36-4.00 after 563.1 sec [total]
done with UBTb for K = 53.82-64.00 Q = 3.36-4.00 after 563.2 sec [total]
done with UBTbA for K = 53.82-64.00 Q = 3.36-4.00 after 563.4 sec [total]
done with UBTbC for K = 53.82-64.00 Q = 3.36-4.00 after 563.8 sec [total]
done with H for K = 53.82-64.00 Q = 3.36-4.00 after 564.9 sec [total]
done with H++ for K = 53.82-64.00 Q = 3.36-4.00 after 568.2 sec [total]
done with H+- for K = 53.82-64.00 Q = 3.36-4.00 after 569.2 sec [total]
done with H-+ for K = 53.82-64.00 Q = 3.36-4.00 after 570.2 sec [total]
done with H-- for K = 53.82-64.00 Q = 3.36-4.00 after 571.3 sec [total]
done with UU for K = 64.00-76.11 Q = 3.36-4.00 after 572.4 sec [total]
done with BB for K = 64.00-76.11 Q = 3.36-4.00 after 573.5 sec [total]
done with UBTa for K = 64.00-76.11 Q = 3.36-4.00 after 573.7 sec [total]
done with UBTb for K = 64.00-76.11 Q = 3.36-4.00 after 573.9 sec [total]
done with UBTbA for K = 64.00-76.11 Q = 3.36-4.00 after 574.1 sec [total]
done with UBTbC for K = 64.00-76.11 Q = 3.36-4.00 after 574.5 sec [total]
done with H for K = 64.00-76.11 Q = 3.36-4.00 after 575.5 sec [total]
done with H++ for K = 64.00-76.11 Q = 3.36-4.00 after 578.7 sec [total]
done with H+- for K = 64.00-76.11 Q = 3.36-4.00 after 579.8 sec [total]
done with H-+ for K = 64.00-76.11 Q = 3.36-4.00 after 580.9 sec [total]
done with H-- for K = 64.00-76.11 Q = 3.36-4.00 after 582.0 sec [total]
done with UU for K = 76.11-90.51 Q = 3.36-4.00 after 583.1 sec [total]
done with BB for K = 76.11-90.51 Q = 3.36-4.00 after 584.1 sec [total]
done with UBTa for K = 76.11-90.51 Q = 3.36-4.00 after 584.3 sec [total]
done with UBTb for K = 76.11-90.51 Q = 3.36-4.00 after 584.5 sec [total]
done with UBTbA for K = 76.11-90.51 Q = 3.36-4.00 after 584.7 sec [total]
done with UBTbC for K = 76.11-90.51 Q = 3.36-4.00 after 585.1 sec [total]
done with H for K = 76.11-90.51 Q = 3.36-4.00 after 586.1 sec [total]
done with H++ for K = 76.11-90.51 Q = 3.36-4.00 after 589.4 sec [total]
done with H+- for K = 76.11-90.51 Q = 3.36-4.00 after 590.5 sec [total]
done with H-+ for K = 76.11-90.51 Q = 3.36-4.00 after 591.6 sec [total]
done with H-- for K = 76.11-90.51 Q = 3.36-4.00 after 592.6 sec [total]
done with UU for K = 90.51-107.63 Q = 3.36-4.00 after 593.7 sec [total]
done with BB for K = 90.51-107.63 Q = 3.36-4.00 after 594.7 sec [total]
done with UBTa for K = 90.51-107.63 Q = 3.36-4.00 after 594.9 sec [total]
done with UBTb for K = 90.51-107.63 Q = 3.36-4.00 after 595.1 sec [total]
done with UBTbA for K = 90.51-107.63 Q = 3.36-4.00 after 595.3 sec [total]
done with UBTbC for K = 90.51-107.63 Q = 3.36-4.00 after 595.6 sec [total]
done with H for K = 90.51-107.63 Q = 3.36-4.00 after 596.7 sec [total]
done with H++ for K = 90.51-107.63 Q = 3.36-4.00 after 600.0 sec [total]
done with H+- for K = 90.51-107.63 Q = 3.36-4.00 after 601.0 sec [total]
done with H-+ for K = 90.51-107.63 Q = 3.36-4.00 after 602.2 sec [total]
done with H-- for K = 90.51-107.63 Q = 3.36-4.00 after 603.2 sec [total]
done with UU for K = 107.63-128.00 Q = 3.36-4.00 after 604.3 sec [total]
done with BB for K = 107.63-128.00 Q = 3.36-4.00 after 605.3 sec [total]
done with UBTa for K = 107.63-128.00 Q = 3.36-4.00 after 605.5 sec [total]
done with UBTb for K = 107.63-128.00 Q = 3.36-4.00 after 605.7 sec [total]
done with UBTbA for K = 107.63-128.00 Q = 3.36-4.00 after 605.9 sec [total]
done with UBTbC for K = 107.63-128.00 Q = 3.36-4.00 after 606.3 sec [total]
done with H for K = 107.63-128.00 Q = 3.36-4.00 after 607.3 sec [total]
done with H++ for K = 107.63-128.00 Q = 3.36-4.00 after 610.5 sec [total]
done with H+- for K = 107.63-128.00 Q = 3.36-4.00 after 611.6 sec [total]
done with H-+ for K = 107.63-128.00 Q = 3.36-4.00 after 612.7 sec [total]
done with H-- for K = 107.63-128.00 Q = 3.36-4.00 after 613.8 sec [total]
done with UU for K = 128.00-152.22 Q = 3.36-4.00 after 614.9 sec [total]
done with BB for K = 128.00-152.22 Q = 3.36-4.00 after 615.9 sec [total]
done with UBTa for K = 128.00-152.22 Q = 3.36-4.00 after 616.1 sec [total]
done with UBTb for K = 128.00-152.22 Q = 3.36-4.00 after 616.3 sec [total]
done with UBTbA for K = 128.00-152.22 Q = 3.36-4.00 after 616.5 sec [total]
done with UBTbC for K = 128.00-152.22 Q = 3.36-4.00 after 616.9 sec [total]
done with H for K = 128.00-152.22 Q = 3.36-4.00 after 617.9 sec [total]
done with H++ for K = 128.00-152.22 Q = 3.36-4.00 after 621.1 sec [total]
done with H+- for K = 128.00-152.22 Q = 3.36-4.00 after 622.2 sec [total]
done with H-+ for K = 128.00-152.22 Q = 3.36-4.00 after 623.4 sec [total]
done with H-- for K = 128.00-152.22 Q = 3.36-4.00 after 624.4 sec [total]
done with UU for K = 152.22-181.02 Q = 3.36-4.00 after 625.6 sec [total]
done with BB for K = 152.22-181.02 Q = 3.36-4.00 after 626.6 sec [total]
done with UBTa for K = 152.22-181.02 Q = 3.36-4.00 after 626.8 sec [total]
done with UBTb for K = 152.22-181.02 Q = 3.36-4.00 after 627.0 sec [total]
done with UBTbA for K = 152.22-181.02 Q = 3.36-4.00 after 627.2 sec [total]
done with UBTbC for K = 152.22-181.02 Q = 3.36-4.00 after 627.5 sec [total]
done with H for K = 152.22-181.02 Q = 3.36-4.00 after 628.6 sec [total]
done with H++ for K = 152.22-181.02 Q = 3.36-4.00 after 631.8 sec [total]
done with H+- for K = 152.22-181.02 Q = 3.36-4.00 after 632.9 sec [total]
done with H-+ for K = 152.22-181.02 Q = 3.36-4.00 after 634.0 sec [total]
done with H-- for K = 152.22-181.02 Q = 3.36-4.00 after 635.0 sec [total]
done with UU for K = 181.02-215.27 Q = 3.36-4.00 after 636.1 sec [total]
done with BB for K = 181.02-215.27 Q = 3.36-4.00 after 637.2 sec [total]
done with UBTa for K = 181.02-215.27 Q = 3.36-4.00 after 637.4 sec [total]
done with UBTb for K = 181.02-215.27 Q = 3.36-4.00 after 637.6 sec [total]
done with UBTbA for K = 181.02-215.27 Q = 3.36-4.00 after 637.8 sec [total]
done with UBTbC for K = 181.02-215.27 Q = 3.36-4.00 after 638.1 sec [total]
done with H for K = 181.02-215.27 Q = 3.36-4.00 after 639.2 sec [total]
done with H++ for K = 181.02-215.27 Q = 3.36-4.00 after 642.4 sec [total]
done with H+- for K = 181.02-215.27 Q = 3.36-4.00 after 643.5 sec [total]
done with H-+ for K = 181.02-215.27 Q = 3.36-4.00 after 644.6 sec [total]
done with H-- for K = 181.02-215.27 Q = 3.36-4.00 after 645.6 sec [total]
done with UU for K = 215.27-256.00 Q = 3.36-4.00 after 646.7 sec [total]
done with BB for K = 215.27-256.00 Q = 3.36-4.00 after 647.8 sec [total]
done with UBTa for K = 215.27-256.00 Q = 3.36-4.00 after 648.0 sec [total]
done with UBTb for K = 215.27-256.00 Q = 3.36-4.00 after 648.2 sec [total]
done with UBTbA for K = 215.27-256.00 Q = 3.36-4.00 after 648.4 sec [total]
done with UBTbC for K = 215.27-256.00 Q = 3.36-4.00 after 648.8 sec [total]
done with H for K = 215.27-256.00 Q = 3.36-4.00 after 649.8 sec [total]
done with H++ for K = 215.27-256.00 Q = 3.36-4.00 after 653.0 sec [total]
done with H+- for K = 215.27-256.00 Q = 3.36-4.00 after 654.1 sec [total]
done with H-+ for K = 215.27-256.00 Q = 3.36-4.00 after 655.2 sec [total]
done with H-- for K = 215.27-256.00 Q = 3.36-4.00 after 656.3 sec [total]
done with UU for K = 256.00-304.44 Q = 3.36-4.00 after 657.4 sec [total]
done with BB for K = 256.00-304.44 Q = 3.36-4.00 after 658.4 sec [total]
done with UBTa for K = 256.00-304.44 Q = 3.36-4.00 after 658.6 sec [total]
done with UBTb for K = 256.00-304.44 Q = 3.36-4.00 after 658.8 sec [total]
done with UBTbA for K = 256.00-304.44 Q = 3.36-4.00 after 659.0 sec [total]
done with UBTbC for K = 256.00-304.44 Q = 3.36-4.00 after 659.4 sec [total]
done with H for K = 256.00-304.44 Q = 3.36-4.00 after 660.5 sec [total]
done with H++ for K = 256.00-304.44 Q = 3.36-4.00 after 663.8 sec [total]
done with H+- for K = 256.00-304.44 Q = 3.36-4.00 after 664.7 sec [total]
done with H-+ for K = 256.00-304.44 Q = 3.36-4.00 after 665.9 sec [total]
done with H-- for K = 256.00-304.44 Q = 3.36-4.00 after 666.9 sec [total]
done with UU for K = 304.44-362.04 Q = 3.36-4.00 after 668.0 sec [total]
done with BB for K = 304.44-362.04 Q = 3.36-4.00 after 669.1 sec [total]
done with UBTa for K = 304.44-362.04 Q = 3.36-4.00 after 669.2 sec [total]
done with UBTb for K = 304.44-362.04 Q = 3.36-4.00 after 669.4 sec [total]
done with UBTbA for K = 304.44-362.04 Q = 3.36-4.00 after 669.6 sec [total]
done with UBTbC for K = 304.44-362.04 Q = 3.36-4.00 after 670.0 sec [total]
done with H for K = 304.44-362.04 Q = 3.36-4.00 after 671.1 sec [total]
done with H++ for K = 304.44-362.04 Q = 3.36-4.00 after 674.3 sec [total]
done with H+- for K = 304.44-362.04 Q = 3.36-4.00 after 675.3 sec [total]
done with H-+ for K = 304.44-362.04 Q = 3.36-4.00 after 676.5 sec [total]
done with H-- for K = 304.44-362.04 Q = 3.36-4.00 after 677.5 sec [total]
done with UU for K = 362.04-430.54 Q = 3.36-4.00 after 678.6 sec [total]
done with BB for K = 362.04-430.54 Q = 3.36-4.00 after 679.7 sec [total]
done with UBTa for K = 362.04-430.54 Q = 3.36-4.00 after 679.9 sec [total]
done with UBTb for K = 362.04-430.54 Q = 3.36-4.00 after 680.1 sec [total]
done with UBTbA for K = 362.04-430.54 Q = 3.36-4.00 after 680.3 sec [total]
done with UBTbC for K = 362.04-430.54 Q = 3.36-4.00 after 680.6 sec [total]
done with H for K = 362.04-430.54 Q = 3.36-4.00 after 681.7 sec [total]
done with H++ for K = 362.04-430.54 Q = 3.36-4.00 after 685.0 sec [total]
done with H+- for K = 362.04-430.54 Q = 3.36-4.00 after 686.0 sec [total]
done with H-+ for K = 362.04-430.54 Q = 3.36-4.00 after 687.1 sec [total]
done with H-- for K = 362.04-430.54 Q = 3.36-4.00 after 688.1 sec [total]
done with UU for K = 430.54-512.00 Q = 3.36-4.00 after 689.2 sec [total]
done with BB for K = 430.54-512.00 Q = 3.36-4.00 after 690.3 sec [total]
done with UBTa for K = 430.54-512.00 Q = 3.36-4.00 after 690.5 sec [total]
done with UBTb for K = 430.54-512.00 Q = 3.36-4.00 after 690.7 sec [total]
done with UBTbA for K = 430.54-512.00 Q = 3.36-4.00 after 690.9 sec [total]
done with UBTbC for K = 430.54-512.00 Q = 3.36-4.00 after 691.2 sec [total]
done with H for K = 430.54-512.00 Q = 3.36-4.00 after 692.3 sec [total]
done with H++ for K = 430.54-512.00 Q = 3.36-4.00 after 695.5 sec [total]
done with H+- for K = 430.54-512.00 Q = 3.36-4.00 after 696.6 sec [total]
done with H-+ for K = 430.54-512.00 Q = 3.36-4.00 after 697.7 sec [total]
done with H-- for K = 430.54-512.00 Q = 3.36-4.00 after 698.7 sec [total]
done with UU for K = 512.00-608.87 Q = 3.36-4.00 after 699.9 sec [total]
done with BB for K = 512.00-608.87 Q = 3.36-4.00 after 701.0 sec [total]
done with UBTa for K = 512.00-608.87 Q = 3.36-4.00 after 701.2 sec [total]
done with UBTb for K = 512.00-608.87 Q = 3.36-4.00 after 701.4 sec [total]
done with UBTbA for K = 512.00-608.87 Q = 3.36-4.00 after 701.6 sec [total]
done with UBTbC for K = 512.00-608.87 Q = 3.36-4.00 after 701.9 sec [total]
done with H for K = 512.00-608.87 Q = 3.36-4.00 after 703.0 sec [total]
done with H++ for K = 512.00-608.87 Q = 3.36-4.00 after 706.2 sec [total]
done with H+- for K = 512.00-608.87 Q = 3.36-4.00 after 707.3 sec [total]
done with H-+ for K = 512.00-608.87 Q = 3.36-4.00 after 708.4 sec [total]
done with H-- for K = 512.00-608.87 Q = 3.36-4.00 after 709.4 sec [total]
done with UU for K = 608.87-724.08 Q = 3.36-4.00 after 710.5 sec [total]
done with BB for K = 608.87-724.08 Q = 3.36-4.00 after 711.6 sec [total]
done with UBTa for K = 608.87-724.08 Q = 3.36-4.00 after 711.8 sec [total]
done with UBTb for K = 608.87-724.08 Q = 3.36-4.00 after 712.0 sec [total]
done with UBTbA for K = 608.87-724.08 Q = 3.36-4.00 after 712.2 sec [total]
done with UBTbC for K = 608.87-724.08 Q = 3.36-4.00 after 712.5 sec [total]
done with H for K = 608.87-724.08 Q = 3.36-4.00 after 713.6 sec [total]
done with H++ for K = 608.87-724.08 Q = 3.36-4.00 after 716.7 sec [total]
done with H+- for K = 608.87-724.08 Q = 3.36-4.00 after 717.8 sec [total]
done with H-+ for K = 608.87-724.08 Q = 3.36-4.00 after 719.0 sec [total]
done with H-- for K = 608.87-724.08 Q = 3.36-4.00 after 720.1 sec [total]
done with UU for K = 724.08-861.08 Q = 3.36-4.00 after 721.1 sec [total]
done with BB for K = 724.08-861.08 Q = 3.36-4.00 after 722.2 sec [total]
done with UBTa for K = 724.08-861.08 Q = 3.36-4.00 after 722.4 sec [total]
done with UBTb for K = 724.08-861.08 Q = 3.36-4.00 after 722.6 sec [total]
done with UBTbA for K = 724.08-861.08 Q = 3.36-4.00 after 722.8 sec [total]
done with UBTbC for K = 724.08-861.08 Q = 3.36-4.00 after 723.1 sec [total]
done with H for K = 724.08-861.08 Q = 3.36-4.00 after 724.2 sec [total]
done with H++ for K = 724.08-861.08 Q = 3.36-4.00 after 727.4 sec [total]
done with H+- for K = 724.08-861.08 Q = 3.36-4.00 after 728.5 sec [total]
done with H-+ for K = 724.08-861.08 Q = 3.36-4.00 after 729.6 sec [total]
done with H-- for K = 724.08-861.08 Q = 3.36-4.00 after 730.6 sec [total]
done with UU for K = 861.08-1024.00 Q = 3.36-4.00 after 731.8 sec [total]
done with BB for K = 861.08-1024.00 Q = 3.36-4.00 after 732.8 sec [total]
done with UBTa for K = 861.08-1024.00 Q = 3.36-4.00 after 733.0 sec [total]
done with UBTb for K = 861.08-1024.00 Q = 3.36-4.00 after 733.3 sec [total]
done with UBTbA for K = 861.08-1024.00 Q = 3.36-4.00 after 733.5 sec [total]
done with UBTbC for K = 861.08-1024.00 Q = 3.36-4.00 after 733.8 sec [total]
done with H for K = 861.08-1024.00 Q = 3.36-4.00 after 734.8 sec [total]
done with H++ for K = 861.08-1024.00 Q = 3.36-4.00 after 738.0 sec [total]
done with H+- for K = 861.08-1024.00 Q = 3.36-4.00 after 739.1 sec [total]
done with H-+ for K = 861.08-1024.00 Q = 3.36-4.00 after 740.3 sec [total]
done with H-- for K = 861.08-1024.00 Q = 3.36-4.00 after 741.2 sec [total]
done with UU for K = 0.00-3.36 Q = 4.00-4.76 after 744.4 sec [total]
done with BB for K = 0.00-3.36 Q = 4.00-4.76 after 747.6 sec [total]
done with UBTa for K = 0.00-3.36 Q = 4.00-4.76 after 749.3 sec [total]
done with UBTb for K = 0.00-3.36 Q = 4.00-4.76 after 751.1 sec [total]
done with UBTbA for K = 0.00-3.36 Q = 4.00-4.76 after 752.8 sec [total]
done with UBTbC for K = 0.00-3.36 Q = 4.00-4.76 after 753.2 sec [total]
done with H for K = 0.00-3.36 Q = 4.00-4.76 after 754.3 sec [total]
done with H++ for K = 0.00-3.36 Q = 4.00-4.76 after 757.5 sec [total]
done with H+- for K = 0.00-3.36 Q = 4.00-4.76 after 758.6 sec [total]
done with H-+ for K = 0.00-3.36 Q = 4.00-4.76 after 759.7 sec [total]
done with H-- for K = 0.00-3.36 Q = 4.00-4.76 after 760.9 sec [total]
done with UU for K = 3.36-4.00 Q = 4.00-4.76 after 761.9 sec [total]
done with BB for K = 3.36-4.00 Q = 4.00-4.76 after 763.0 sec [total]
done with UBTa for K = 3.36-4.00 Q = 4.00-4.76 after 763.2 sec [total]
done with UBTb for K = 3.36-4.00 Q = 4.00-4.76 after 763.4 sec [total]
done with UBTbA for K = 3.36-4.00 Q = 4.00-4.76 after 763.6 sec [total]
done with UBTbC for K = 3.36-4.00 Q = 4.00-4.76 after 763.9 sec [total]
done with H for K = 3.36-4.00 Q = 4.00-4.76 after 765.0 sec [total]
done with H++ for K = 3.36-4.00 Q = 4.00-4.76 after 768.2 sec [total]
done with H+- for K = 3.36-4.00 Q = 4.00-4.76 after 769.3 sec [total]
done with H-+ for K = 3.36-4.00 Q = 4.00-4.76 after 770.4 sec [total]
done with H-- for K = 3.36-4.00 Q = 4.00-4.76 after 771.5 sec [total]
done with UU for K = 4.00-4.76 Q = 4.00-4.76 after 772.6 sec [total]
done with BB for K = 4.00-4.76 Q = 4.00-4.76 after 773.6 sec [total]
done with UBTa for K = 4.00-4.76 Q = 4.00-4.76 after 773.8 sec [total]
done with UBTb for K = 4.00-4.76 Q = 4.00-4.76 after 774.0 sec [total]
done with UBTbA for K = 4.00-4.76 Q = 4.00-4.76 after 774.2 sec [total]
done with UBTbC for K = 4.00-4.76 Q = 4.00-4.76 after 774.5 sec [total]
done with H for K = 4.00-4.76 Q = 4.00-4.76 after 775.6 sec [total]
done with H++ for K = 4.00-4.76 Q = 4.00-4.76 after 778.9 sec [total]
done with H+- for K = 4.00-4.76 Q = 4.00-4.76 after 779.9 sec [total]
done with H-+ for K = 4.00-4.76 Q = 4.00-4.76 after 781.1 sec [total]
done with H-- for K = 4.00-4.76 Q = 4.00-4.76 after 782.1 sec [total]
done with UU for K = 4.76-5.66 Q = 4.00-4.76 after 783.2 sec [total]
done with BB for K = 4.76-5.66 Q = 4.00-4.76 after 784.3 sec [total]
done with UBTa for K = 4.76-5.66 Q = 4.00-4.76 after 784.5 sec [total]
done with UBTb for K = 4.76-5.66 Q = 4.00-4.76 after 784.7 sec [total]
done with UBTbA for K = 4.76-5.66 Q = 4.00-4.76 after 784.9 sec [total]
done with UBTbC for K = 4.76-5.66 Q = 4.00-4.76 after 785.3 sec [total]
done with H for K = 4.76-5.66 Q = 4.00-4.76 after 786.3 sec [total]
done with H++ for K = 4.76-5.66 Q = 4.00-4.76 after 789.6 sec [total]
done with H+- for K = 4.76-5.66 Q = 4.00-4.76 after 790.6 sec [total]
done with H-+ for K = 4.76-5.66 Q = 4.00-4.76 after 791.7 sec [total]
done with H-- for K = 4.76-5.66 Q = 4.00-4.76 after 792.8 sec [total]
done with UU for K = 5.66-6.73 Q = 4.00-4.76 after 793.9 sec [total]
done with BB for K = 5.66-6.73 Q = 4.00-4.76 after 794.9 sec [total]
done with UBTa for K = 5.66-6.73 Q = 4.00-4.76 after 795.1 sec [total]
done with UBTb for K = 5.66-6.73 Q = 4.00-4.76 after 795.3 sec [total]
done with UBTbA for K = 5.66-6.73 Q = 4.00-4.76 after 795.5 sec [total]
done with UBTbC for K = 5.66-6.73 Q = 4.00-4.76 after 795.9 sec [total]
done with H for K = 5.66-6.73 Q = 4.00-4.76 after 796.9 sec [total]
done with H++ for K = 5.66-6.73 Q = 4.00-4.76 after 800.1 sec [total]
done with H+- for K = 5.66-6.73 Q = 4.00-4.76 after 801.2 sec [total]
done with H-+ for K = 5.66-6.73 Q = 4.00-4.76 after 802.3 sec [total]
done with H-- for K = 5.66-6.73 Q = 4.00-4.76 after 803.3 sec [total]
done with UU for K = 6.73-8.00 Q = 4.00-4.76 after 804.5 sec [total]
done with BB for K = 6.73-8.00 Q = 4.00-4.76 after 805.5 sec [total]
done with UBTa for K = 6.73-8.00 Q = 4.00-4.76 after 805.7 sec [total]
done with UBTb for K = 6.73-8.00 Q = 4.00-4.76 after 805.9 sec [total]
done with UBTbA for K = 6.73-8.00 Q = 4.00-4.76 after 806.1 sec [total]
done with UBTbC for K = 6.73-8.00 Q = 4.00-4.76 after 806.5 sec [total]
done with H for K = 6.73-8.00 Q = 4.00-4.76 after 807.6 sec [total]
done with H++ for K = 6.73-8.00 Q = 4.00-4.76 after 810.9 sec [total]
done with H+- for K = 6.73-8.00 Q = 4.00-4.76 after 811.9 sec [total]
done with H-+ for K = 6.73-8.00 Q = 4.00-4.76 after 813.0 sec [total]
done with H-- for K = 6.73-8.00 Q = 4.00-4.76 after 814.0 sec [total]
done with UU for K = 8.00-9.51 Q = 4.00-4.76 after 815.1 sec [total]
done with BB for K = 8.00-9.51 Q = 4.00-4.76 after 816.2 sec [total]
done with UBTa for K = 8.00-9.51 Q = 4.00-4.76 after 816.3 sec [total]
done with UBTb for K = 8.00-9.51 Q = 4.00-4.76 after 816.6 sec [total]
done with UBTbA for K = 8.00-9.51 Q = 4.00-4.76 after 816.8 sec [total]
done with UBTbC for K = 8.00-9.51 Q = 4.00-4.76 after 817.1 sec [total]
done with H for K = 8.00-9.51 Q = 4.00-4.76 after 818.2 sec [total]
done with H++ for K = 8.00-9.51 Q = 4.00-4.76 after 821.4 sec [total]
done with H+- for K = 8.00-9.51 Q = 4.00-4.76 after 822.5 sec [total]
done with H-+ for K = 8.00-9.51 Q = 4.00-4.76 after 823.7 sec [total]
done with H-- for K = 8.00-9.51 Q = 4.00-4.76 after 824.6 sec [total]
done with UU for K = 9.51-11.31 Q = 4.00-4.76 after 825.7 sec [total]
done with BB for K = 9.51-11.31 Q = 4.00-4.76 after 826.8 sec [total]
done with UBTa for K = 9.51-11.31 Q = 4.00-4.76 after 827.0 sec [total]
done with UBTb for K = 9.51-11.31 Q = 4.00-4.76 after 827.2 sec [total]
done with UBTbA for K = 9.51-11.31 Q = 4.00-4.76 after 827.4 sec [total]
done with UBTbC for K = 9.51-11.31 Q = 4.00-4.76 after 827.7 sec [total]
done with H for K = 9.51-11.31 Q = 4.00-4.76 after 828.8 sec [total]
done with H++ for K = 9.51-11.31 Q = 4.00-4.76 after 832.0 sec [total]
done with H+- for K = 9.51-11.31 Q = 4.00-4.76 after 833.0 sec [total]
done with H-+ for K = 9.51-11.31 Q = 4.00-4.76 after 834.1 sec [total]
done with H-- for K = 9.51-11.31 Q = 4.00-4.76 after 835.2 sec [total]
done with UU for K = 11.31-13.45 Q = 4.00-4.76 after 836.3 sec [total]
done with BB for K = 11.31-13.45 Q = 4.00-4.76 after 837.4 sec [total]
done with UBTa for K = 11.31-13.45 Q = 4.00-4.76 after 837.6 sec [total]
done with UBTb for K = 11.31-13.45 Q = 4.00-4.76 after 837.8 sec [total]
done with UBTbA for K = 11.31-13.45 Q = 4.00-4.76 after 838.0 sec [total]
done with UBTbC for K = 11.31-13.45 Q = 4.00-4.76 after 838.4 sec [total]
done with H for K = 11.31-13.45 Q = 4.00-4.76 after 839.4 sec [total]
done with H++ for K = 11.31-13.45 Q = 4.00-4.76 after 842.7 sec [total]
done with H+- for K = 11.31-13.45 Q = 4.00-4.76 after 843.7 sec [total]
done with H-+ for K = 11.31-13.45 Q = 4.00-4.76 after 844.8 sec [total]
done with H-- for K = 11.31-13.45 Q = 4.00-4.76 after 845.9 sec [total]
done with UU for K = 13.45-16.00 Q = 4.00-4.76 after 847.0 sec [total]
done with BB for K = 13.45-16.00 Q = 4.00-4.76 after 848.1 sec [total]
done with UBTa for K = 13.45-16.00 Q = 4.00-4.76 after 848.2 sec [total]
done with UBTb for K = 13.45-16.00 Q = 4.00-4.76 after 848.4 sec [total]
done with UBTbA for K = 13.45-16.00 Q = 4.00-4.76 after 848.7 sec [total]
done with UBTbC for K = 13.45-16.00 Q = 4.00-4.76 after 849.0 sec [total]
done with H for K = 13.45-16.00 Q = 4.00-4.76 after 850.1 sec [total]
done with H++ for K = 13.45-16.00 Q = 4.00-4.76 after 853.3 sec [total]
done with H+- for K = 13.45-16.00 Q = 4.00-4.76 after 854.3 sec [total]
done with H-+ for K = 13.45-16.00 Q = 4.00-4.76 after 855.5 sec [total]
done with H-- for K = 13.45-16.00 Q = 4.00-4.76 after 856.5 sec [total]
done with UU for K = 16.00-19.03 Q = 4.00-4.76 after 857.6 sec [total]
done with BB for K = 16.00-19.03 Q = 4.00-4.76 after 858.7 sec [total]
done with UBTa for K = 16.00-19.03 Q = 4.00-4.76 after 858.8 sec [total]
done with UBTb for K = 16.00-19.03 Q = 4.00-4.76 after 859.0 sec [total]
done with UBTbA for K = 16.00-19.03 Q = 4.00-4.76 after 859.2 sec [total]
done with UBTbC for K = 16.00-19.03 Q = 4.00-4.76 after 859.6 sec [total]
done with H for K = 16.00-19.03 Q = 4.00-4.76 after 860.7 sec [total]
done with H++ for K = 16.00-19.03 Q = 4.00-4.76 after 863.8 sec [total]
done with H+- for K = 16.00-19.03 Q = 4.00-4.76 after 865.0 sec [total]
done with H-+ for K = 16.00-19.03 Q = 4.00-4.76 after 866.0 sec [total]
done with H-- for K = 16.00-19.03 Q = 4.00-4.76 after 867.1 sec [total]
done with UU for K = 19.03-22.63 Q = 4.00-4.76 after 868.2 sec [total]
done with BB for K = 19.03-22.63 Q = 4.00-4.76 after 869.3 sec [total]
done with UBTa for K = 19.03-22.63 Q = 4.00-4.76 after 869.5 sec [total]
done with UBTb for K = 19.03-22.63 Q = 4.00-4.76 after 869.7 sec [total]
done with UBTbA for K = 19.03-22.63 Q = 4.00-4.76 after 869.9 sec [total]
done with UBTbC for K = 19.03-22.63 Q = 4.00-4.76 after 870.2 sec [total]
done with H for K = 19.03-22.63 Q = 4.00-4.76 after 871.3 sec [total]
done with H++ for K = 19.03-22.63 Q = 4.00-4.76 after 874.5 sec [total]
done with H+- for K = 19.03-22.63 Q = 4.00-4.76 after 875.6 sec [total]
done with H-+ for K = 19.03-22.63 Q = 4.00-4.76 after 876.7 sec [total]
done with H-- for K = 19.03-22.63 Q = 4.00-4.76 after 877.7 sec [total]
done with UU for K = 22.63-26.91 Q = 4.00-4.76 after 878.8 sec [total]
done with BB for K = 22.63-26.91 Q = 4.00-4.76 after 879.9 sec [total]
done with UBTa for K = 22.63-26.91 Q = 4.00-4.76 after 880.1 sec [total]
done with UBTb for K = 22.63-26.91 Q = 4.00-4.76 after 880.3 sec [total]
done with UBTbA for K = 22.63-26.91 Q = 4.00-4.76 after 880.5 sec [total]
done with UBTbC for K = 22.63-26.91 Q = 4.00-4.76 after 880.8 sec [total]
done with H for K = 22.63-26.91 Q = 4.00-4.76 after 881.9 sec [total]
done with H++ for K = 22.63-26.91 Q = 4.00-4.76 after 885.1 sec [total]
done with H+- for K = 22.63-26.91 Q = 4.00-4.76 after 886.2 sec [total]
done with H-+ for K = 22.63-26.91 Q = 4.00-4.76 after 887.3 sec [total]
done with H-- for K = 22.63-26.91 Q = 4.00-4.76 after 888.4 sec [total]
done with UU for K = 26.91-32.00 Q = 4.00-4.76 after 889.4 sec [total]
done with BB for K = 26.91-32.00 Q = 4.00-4.76 after 890.5 sec [total]
done with UBTa for K = 26.91-32.00 Q = 4.00-4.76 after 890.7 sec [total]
done with UBTb for K = 26.91-32.00 Q = 4.00-4.76 after 890.9 sec [total]
done with UBTbA for K = 26.91-32.00 Q = 4.00-4.76 after 891.1 sec [total]
done with UBTbC for K = 26.91-32.00 Q = 4.00-4.76 after 891.5 sec [total]
done with H for K = 26.91-32.00 Q = 4.00-4.76 after 892.6 sec [total]
done with H++ for K = 26.91-32.00 Q = 4.00-4.76 after 895.8 sec [total]
done with H+- for K = 26.91-32.00 Q = 4.00-4.76 after 896.8 sec [total]
done with H-+ for K = 26.91-32.00 Q = 4.00-4.76 after 897.9 sec [total]
done with H-- for K = 26.91-32.00 Q = 4.00-4.76 after 899.0 sec [total]
done with UU for K = 32.00-38.05 Q = 4.00-4.76 after 900.1 sec [total]
done with BB for K = 32.00-38.05 Q = 4.00-4.76 after 901.2 sec [total]
done with UBTa for K = 32.00-38.05 Q = 4.00-4.76 after 901.4 sec [total]
done with UBTb for K = 32.00-38.05 Q = 4.00-4.76 after 901.6 sec [total]
done with UBTbA for K = 32.00-38.05 Q = 4.00-4.76 after 901.8 sec [total]
done with UBTbC for K = 32.00-38.05 Q = 4.00-4.76 after 902.1 sec [total]
done with H for K = 32.00-38.05 Q = 4.00-4.76 after 903.2 sec [total]
done with H++ for K = 32.00-38.05 Q = 4.00-4.76 after 906.4 sec [total]
done with H+- for K = 32.00-38.05 Q = 4.00-4.76 after 907.5 sec [total]
done with H-+ for K = 32.00-38.05 Q = 4.00-4.76 after 908.7 sec [total]
done with H-- for K = 32.00-38.05 Q = 4.00-4.76 after 909.6 sec [total]
done with UU for K = 38.05-45.25 Q = 4.00-4.76 after 910.7 sec [total]
done with BB for K = 38.05-45.25 Q = 4.00-4.76 after 911.8 sec [total]
done with UBTa for K = 38.05-45.25 Q = 4.00-4.76 after 912.0 sec [total]
done with UBTb for K = 38.05-45.25 Q = 4.00-4.76 after 912.2 sec [total]
done with UBTbA for K = 38.05-45.25 Q = 4.00-4.76 after 912.4 sec [total]
done with UBTbC for K = 38.05-45.25 Q = 4.00-4.76 after 912.7 sec [total]
done with H for K = 38.05-45.25 Q = 4.00-4.76 after 913.8 sec [total]
done with H++ for K = 38.05-45.25 Q = 4.00-4.76 after 917.0 sec [total]
done with H+- for K = 38.05-45.25 Q = 4.00-4.76 after 918.2 sec [total]
done with H-+ for K = 38.05-45.25 Q = 4.00-4.76 after 919.2 sec [total]
done with H-- for K = 38.05-45.25 Q = 4.00-4.76 after 920.2 sec [total]
done with UU for K = 45.25-53.82 Q = 4.00-4.76 after 921.3 sec [total]
done with BB for K = 45.25-53.82 Q = 4.00-4.76 after 922.4 sec [total]
done with UBTa for K = 45.25-53.82 Q = 4.00-4.76 after 922.5 sec [total]
done with UBTb for K = 45.25-53.82 Q = 4.00-4.76 after 922.7 sec [total]
done with UBTbA for K = 45.25-53.82 Q = 4.00-4.76 after 922.9 sec [total]
done with UBTbC for K = 45.25-53.82 Q = 4.00-4.76 after 923.3 sec [total]
done with H for K = 45.25-53.82 Q = 4.00-4.76 after 924.4 sec [total]
done with H++ for K = 45.25-53.82 Q = 4.00-4.76 after 927.6 sec [total]
done with H+- for K = 45.25-53.82 Q = 4.00-4.76 after 928.8 sec [total]
done with H-+ for K = 45.25-53.82 Q = 4.00-4.76 after 929.8 sec [total]
done with H-- for K = 45.25-53.82 Q = 4.00-4.76 after 930.8 sec [total]
done with UU for K = 53.82-64.00 Q = 4.00-4.76 after 931.9 sec [total]
done with BB for K = 53.82-64.00 Q = 4.00-4.76 after 933.0 sec [total]
done with UBTa for K = 53.82-64.00 Q = 4.00-4.76 after 933.2 sec [total]
done with UBTb for K = 53.82-64.00 Q = 4.00-4.76 after 933.4 sec [total]
done with UBTbA for K = 53.82-64.00 Q = 4.00-4.76 after 933.6 sec [total]
done with UBTbC for K = 53.82-64.00 Q = 4.00-4.76 after 933.9 sec [total]
done with H for K = 53.82-64.00 Q = 4.00-4.76 after 935.0 sec [total]
done with H++ for K = 53.82-64.00 Q = 4.00-4.76 after 938.3 sec [total]
done with H+- for K = 53.82-64.00 Q = 4.00-4.76 after 939.3 sec [total]
done with H-+ for K = 53.82-64.00 Q = 4.00-4.76 after 940.3 sec [total]
done with H-- for K = 53.82-64.00 Q = 4.00-4.76 after 941.4 sec [total]
done with UU for K = 64.00-76.11 Q = 4.00-4.76 after 942.6 sec [total]
done with BB for K = 64.00-76.11 Q = 4.00-4.76 after 943.6 sec [total]
done with UBTa for K = 64.00-76.11 Q = 4.00-4.76 after 943.8 sec [total]
done with UBTb for K = 64.00-76.11 Q = 4.00-4.76 after 944.0 sec [total]
done with UBTbA for K = 64.00-76.11 Q = 4.00-4.76 after 944.2 sec [total]
done with UBTbC for K = 64.00-76.11 Q = 4.00-4.76 after 944.6 sec [total]
done with H for K = 64.00-76.11 Q = 4.00-4.76 after 945.6 sec [total]
done with H++ for K = 64.00-76.11 Q = 4.00-4.76 after 948.8 sec [total]
done with H+- for K = 64.00-76.11 Q = 4.00-4.76 after 949.9 sec [total]
done with H-+ for K = 64.00-76.11 Q = 4.00-4.76 after 951.0 sec [total]
done with H-- for K = 64.00-76.11 Q = 4.00-4.76 after 952.1 sec [total]
done with UU for K = 76.11-90.51 Q = 4.00-4.76 after 953.1 sec [total]
done with BB for K = 76.11-90.51 Q = 4.00-4.76 after 954.2 sec [total]
done with UBTa for K = 76.11-90.51 Q = 4.00-4.76 after 954.4 sec [total]
done with UBTb for K = 76.11-90.51 Q = 4.00-4.76 after 954.6 sec [total]
done with UBTbA for K = 76.11-90.51 Q = 4.00-4.76 after 954.8 sec [total]
done with UBTbC for K = 76.11-90.51 Q = 4.00-4.76 after 955.2 sec [total]
done with H for K = 76.11-90.51 Q = 4.00-4.76 after 956.2 sec [total]
done with H++ for K = 76.11-90.51 Q = 4.00-4.76 after 959.4 sec [total]
done with H+- for K = 76.11-90.51 Q = 4.00-4.76 after 960.5 sec [total]
done with H-+ for K = 76.11-90.51 Q = 4.00-4.76 after 961.7 sec [total]
done with H-- for K = 76.11-90.51 Q = 4.00-4.76 after 962.7 sec [total]
done with UU for K = 90.51-107.63 Q = 4.00-4.76 after 963.8 sec [total]
done with BB for K = 90.51-107.63 Q = 4.00-4.76 after 964.8 sec [total]
done with UBTa for K = 90.51-107.63 Q = 4.00-4.76 after 965.0 sec [total]
done with UBTb for K = 90.51-107.63 Q = 4.00-4.76 after 965.3 sec [total]
done with UBTbA for K = 90.51-107.63 Q = 4.00-4.76 after 965.5 sec [total]
done with UBTbC for K = 90.51-107.63 Q = 4.00-4.76 after 965.8 sec [total]
done with H for K = 90.51-107.63 Q = 4.00-4.76 after 966.8 sec [total]
done with H++ for K = 90.51-107.63 Q = 4.00-4.76 after 970.1 sec [total]
done with H+- for K = 90.51-107.63 Q = 4.00-4.76 after 971.1 sec [total]
done with H-+ for K = 90.51-107.63 Q = 4.00-4.76 after 972.3 sec [total]
done with H-- for K = 90.51-107.63 Q = 4.00-4.76 after 973.3 sec [total]
done with UU for K = 107.63-128.00 Q = 4.00-4.76 after 974.3 sec [total]
done with BB for K = 107.63-128.00 Q = 4.00-4.76 after 975.4 sec [total]
done with UBTa for K = 107.63-128.00 Q = 4.00-4.76 after 975.6 sec [total]
done with UBTb for K = 107.63-128.00 Q = 4.00-4.76 after 975.8 sec [total]
done with UBTbA for K = 107.63-128.00 Q = 4.00-4.76 after 976.0 sec [total]
done with UBTbC for K = 107.63-128.00 Q = 4.00-4.76 after 976.4 sec [total]
done with H for K = 107.63-128.00 Q = 4.00-4.76 after 977.5 sec [total]
done with H++ for K = 107.63-128.00 Q = 4.00-4.76 after 980.7 sec [total]
done with H+- for K = 107.63-128.00 Q = 4.00-4.76 after 981.7 sec [total]
done with H-+ for K = 107.63-128.00 Q = 4.00-4.76 after 982.9 sec [total]
done with H-- for K = 107.63-128.00 Q = 4.00-4.76 after 983.9 sec [total]
done with UU for K = 128.00-152.22 Q = 4.00-4.76 after 985.0 sec [total]
done with BB for K = 128.00-152.22 Q = 4.00-4.76 after 986.0 sec [total]
done with UBTa for K = 128.00-152.22 Q = 4.00-4.76 after 986.2 sec [total]
done with UBTb for K = 128.00-152.22 Q = 4.00-4.76 after 986.4 sec [total]
done with UBTbA for K = 128.00-152.22 Q = 4.00-4.76 after 986.6 sec [total]
done with UBTbC for K = 128.00-152.22 Q = 4.00-4.76 after 987.0 sec [total]
done with H for K = 128.00-152.22 Q = 4.00-4.76 after 988.0 sec [total]
done with H++ for K = 128.00-152.22 Q = 4.00-4.76 after 991.2 sec [total]
done with H+- for K = 128.00-152.22 Q = 4.00-4.76 after 992.3 sec [total]
done with H-+ for K = 128.00-152.22 Q = 4.00-4.76 after 993.4 sec [total]
done with H-- for K = 128.00-152.22 Q = 4.00-4.76 after 994.5 sec [total]
done with UU for K = 152.22-181.02 Q = 4.00-4.76 after 995.6 sec [total]
done with BB for K = 152.22-181.02 Q = 4.00-4.76 after 996.6 sec [total]
done with UBTa for K = 152.22-181.02 Q = 4.00-4.76 after 996.8 sec [total]
done with UBTb for K = 152.22-181.02 Q = 4.00-4.76 after 997.0 sec [total]
done with UBTbA for K = 152.22-181.02 Q = 4.00-4.76 after 997.2 sec [total]
done with UBTbC for K = 152.22-181.02 Q = 4.00-4.76 after 997.6 sec [total]
done with H for K = 152.22-181.02 Q = 4.00-4.76 after 998.7 sec [total]
done with H++ for K = 152.22-181.02 Q = 4.00-4.76 after 1001.9 sec [total]
done with H+- for K = 152.22-181.02 Q = 4.00-4.76 after 1003.0 sec [total]
done with H-+ for K = 152.22-181.02 Q = 4.00-4.76 after 1004.1 sec [total]
done with H-- for K = 152.22-181.02 Q = 4.00-4.76 after 1005.1 sec [total]
done with UU for K = 181.02-215.27 Q = 4.00-4.76 after 1006.2 sec [total]
done with BB for K = 181.02-215.27 Q = 4.00-4.76 after 1007.2 sec [total]
done with UBTa for K = 181.02-215.27 Q = 4.00-4.76 after 1007.4 sec [total]
done with UBTb for K = 181.02-215.27 Q = 4.00-4.76 after 1007.6 sec [total]
done with UBTbA for K = 181.02-215.27 Q = 4.00-4.76 after 1007.8 sec [total]
done with UBTbC for K = 181.02-215.27 Q = 4.00-4.76 after 1008.2 sec [total]
done with H for K = 181.02-215.27 Q = 4.00-4.76 after 1009.3 sec [total]
done with H++ for K = 181.02-215.27 Q = 4.00-4.76 after 1012.4 sec [total]
done with H+- for K = 181.02-215.27 Q = 4.00-4.76 after 1013.6 sec [total]
done with H-+ for K = 181.02-215.27 Q = 4.00-4.76 after 1014.7 sec [total]
done with H-- for K = 181.02-215.27 Q = 4.00-4.76 after 1015.7 sec [total]
done with UU for K = 215.27-256.00 Q = 4.00-4.76 after 1016.8 sec [total]
done with BB for K = 215.27-256.00 Q = 4.00-4.76 after 1017.9 sec [total]
done with UBTa for K = 215.27-256.00 Q = 4.00-4.76 after 1018.1 sec [total]
done with UBTb for K = 215.27-256.00 Q = 4.00-4.76 after 1018.3 sec [total]
done with UBTbA for K = 215.27-256.00 Q = 4.00-4.76 after 1018.5 sec [total]
done with UBTbC for K = 215.27-256.00 Q = 4.00-4.76 after 1018.8 sec [total]
done with H for K = 215.27-256.00 Q = 4.00-4.76 after 1019.9 sec [total]
done with H++ for K = 215.27-256.00 Q = 4.00-4.76 after 1023.1 sec [total]
done with H+- for K = 215.27-256.00 Q = 4.00-4.76 after 1024.1 sec [total]
done with H-+ for K = 215.27-256.00 Q = 4.00-4.76 after 1025.3 sec [total]
done with H-- for K = 215.27-256.00 Q = 4.00-4.76 after 1026.3 sec [total]
done with UU for K = 256.00-304.44 Q = 4.00-4.76 after 1027.5 sec [total]
done with BB for K = 256.00-304.44 Q = 4.00-4.76 after 1028.5 sec [total]
done with UBTa for K = 256.00-304.44 Q = 4.00-4.76 after 1028.7 sec [total]
done with UBTb for K = 256.00-304.44 Q = 4.00-4.76 after 1028.9 sec [total]
done with UBTbA for K = 256.00-304.44 Q = 4.00-4.76 after 1029.1 sec [total]
done with UBTbC for K = 256.00-304.44 Q = 4.00-4.76 after 1029.5 sec [total]
done with H for K = 256.00-304.44 Q = 4.00-4.76 after 1030.5 sec [total]
done with H++ for K = 256.00-304.44 Q = 4.00-4.76 after 1033.8 sec [total]
done with H+- for K = 256.00-304.44 Q = 4.00-4.76 after 1034.8 sec [total]
done with H-+ for K = 256.00-304.44 Q = 4.00-4.76 after 1035.9 sec [total]
done with H-- for K = 256.00-304.44 Q = 4.00-4.76 after 1037.0 sec [total]
done with UU for K = 304.44-362.04 Q = 4.00-4.76 after 1038.1 sec [total]
done with BB for K = 304.44-362.04 Q = 4.00-4.76 after 1039.1 sec [total]
done with UBTa for K = 304.44-362.04 Q = 4.00-4.76 after 1039.3 sec [total]
done with UBTb for K = 304.44-362.04 Q = 4.00-4.76 after 1039.5 sec [total]
done with UBTbA for K = 304.44-362.04 Q = 4.00-4.76 after 1039.7 sec [total]
done with UBTbC for K = 304.44-362.04 Q = 4.00-4.76 after 1040.1 sec [total]
done with H for K = 304.44-362.04 Q = 4.00-4.76 after 1041.1 sec [total]
done with H++ for K = 304.44-362.04 Q = 4.00-4.76 after 1044.4 sec [total]
done with H+- for K = 304.44-362.04 Q = 4.00-4.76 after 1045.7 sec [total]
done with H-+ for K = 304.44-362.04 Q = 4.00-4.76 after 1046.6 sec [total]
done with H-- for K = 304.44-362.04 Q = 4.00-4.76 after 1047.6 sec [total]
done with UU for K = 362.04-430.54 Q = 4.00-4.76 after 1048.6 sec [total]
done with BB for K = 362.04-430.54 Q = 4.00-4.76 after 1049.8 sec [total]
done with UBTa for K = 362.04-430.54 Q = 4.00-4.76 after 1049.9 sec [total]
done with UBTb for K = 362.04-430.54 Q = 4.00-4.76 after 1050.1 sec [total]
done with UBTbA for K = 362.04-430.54 Q = 4.00-4.76 after 1050.3 sec [total]
done with UBTbC for K = 362.04-430.54 Q = 4.00-4.76 after 1050.7 sec [total]
done with H for K = 362.04-430.54 Q = 4.00-4.76 after 1051.8 sec [total]
done with H++ for K = 362.04-430.54 Q = 4.00-4.76 after 1055.0 sec [total]
done with H+- for K = 362.04-430.54 Q = 4.00-4.76 after 1056.0 sec [total]
done with H-+ for K = 362.04-430.54 Q = 4.00-4.76 after 1057.1 sec [total]
done with H-- for K = 362.04-430.54 Q = 4.00-4.76 after 1058.2 sec [total]
done with UU for K = 430.54-512.00 Q = 4.00-4.76 after 1059.3 sec [total]
done with BB for K = 430.54-512.00 Q = 4.00-4.76 after 1060.4 sec [total]
done with UBTa for K = 430.54-512.00 Q = 4.00-4.76 after 1060.6 sec [total]
done with UBTb for K = 430.54-512.00 Q = 4.00-4.76 after 1060.8 sec [total]
done with UBTbA for K = 430.54-512.00 Q = 4.00-4.76 after 1061.0 sec [total]
done with UBTbC for K = 430.54-512.00 Q = 4.00-4.76 after 1061.4 sec [total]
done with H for K = 430.54-512.00 Q = 4.00-4.76 after 1062.4 sec [total]
done with H++ for K = 430.54-512.00 Q = 4.00-4.76 after 1065.6 sec [total]
done with H+- for K = 430.54-512.00 Q = 4.00-4.76 after 1066.7 sec [total]
done with H-+ for K = 430.54-512.00 Q = 4.00-4.76 after 1067.8 sec [total]
done with H-- for K = 430.54-512.00 Q = 4.00-4.76 after 1068.9 sec [total]
done with UU for K = 512.00-608.87 Q = 4.00-4.76 after 1069.9 sec [total]
done with BB for K = 512.00-608.87 Q = 4.00-4.76 after 1071.0 sec [total]
done with UBTa for K = 512.00-608.87 Q = 4.00-4.76 after 1071.2 sec [total]
done with UBTb for K = 512.00-608.87 Q = 4.00-4.76 after 1071.4 sec [total]
done with UBTbA for K = 512.00-608.87 Q = 4.00-4.76 after 1071.6 sec [total]
done with UBTbC for K = 512.00-608.87 Q = 4.00-4.76 after 1072.0 sec [total]
done with H for K = 512.00-608.87 Q = 4.00-4.76 after 1073.0 sec [total]
done with H++ for K = 512.00-608.87 Q = 4.00-4.76 after 1076.3 sec [total]
done with H+- for K = 512.00-608.87 Q = 4.00-4.76 after 1077.3 sec [total]
done with H-+ for K = 512.00-608.87 Q = 4.00-4.76 after 1078.4 sec [total]
done with H-- for K = 512.00-608.87 Q = 4.00-4.76 after 1079.5 sec [total]
done with UU for K = 608.87-724.08 Q = 4.00-4.76 after 1080.5 sec [total]
done with BB for K = 608.87-724.08 Q = 4.00-4.76 after 1081.6 sec [total]
done with UBTa for K = 608.87-724.08 Q = 4.00-4.76 after 1081.8 sec [total]
done with UBTb for K = 608.87-724.08 Q = 4.00-4.76 after 1082.0 sec [total]
done with UBTbA for K = 608.87-724.08 Q = 4.00-4.76 after 1082.2 sec [total]
done with UBTbC for K = 608.87-724.08 Q = 4.00-4.76 after 1082.6 sec [total]
done with H for K = 608.87-724.08 Q = 4.00-4.76 after 1083.7 sec [total]
done with H++ for K = 608.87-724.08 Q = 4.00-4.76 after 1087.0 sec [total]
done with H+- for K = 608.87-724.08 Q = 4.00-4.76 after 1088.1 sec [total]
done with H-+ for K = 608.87-724.08 Q = 4.00-4.76 after 1089.0 sec [total]
done with H-- for K = 608.87-724.08 Q = 4.00-4.76 after 1090.1 sec [total]
done with UU for K = 724.08-861.08 Q = 4.00-4.76 after 1091.2 sec [total]
done with BB for K = 724.08-861.08 Q = 4.00-4.76 after 1092.2 sec [total]
done with UBTa for K = 724.08-861.08 Q = 4.00-4.76 after 1092.4 sec [total]
done with UBTb for K = 724.08-861.08 Q = 4.00-4.76 after 1092.6 sec [total]
done with UBTbA for K = 724.08-861.08 Q = 4.00-4.76 after 1092.8 sec [total]
done with UBTbC for K = 724.08-861.08 Q = 4.00-4.76 after 1093.2 sec [total]
done with H for K = 724.08-861.08 Q = 4.00-4.76 after 1094.2 sec [total]
done with H++ for K = 724.08-861.08 Q = 4.00-4.76 after 1097.4 sec [total]
done with H+- for K = 724.08-861.08 Q = 4.00-4.76 after 1098.6 sec [total]
done with H-+ for K = 724.08-861.08 Q = 4.00-4.76 after 1099.7 sec [total]
done with H-- for K = 724.08-861.08 Q = 4.00-4.76 after 1100.7 sec [total]
done with UU for K = 861.08-1024.00 Q = 4.00-4.76 after 1101.8 sec [total]
done with BB for K = 861.08-1024.00 Q = 4.00-4.76 after 1102.9 sec [total]
done with UBTa for K = 861.08-1024.00 Q = 4.00-4.76 after 1103.0 sec [total]
done with UBTb for K = 861.08-1024.00 Q = 4.00-4.76 after 1103.2 sec [total]
done with UBTbA for K = 861.08-1024.00 Q = 4.00-4.76 after 1103.4 sec [total]
done with UBTbC for K = 861.08-1024.00 Q = 4.00-4.76 after 1103.8 sec [total]
done with H for K = 861.08-1024.00 Q = 4.00-4.76 after 1104.9 sec [total]
done with H++ for K = 861.08-1024.00 Q = 4.00-4.76 after 1108.3 sec [total]
done with H+- for K = 861.08-1024.00 Q = 4.00-4.76 after 1109.7 sec [total]
done with H-+ for K = 861.08-1024.00 Q = 4.00-4.76 after 1110.9 sec [total]
done with H-- for K = 861.08-1024.00 Q = 4.00-4.76 after 1111.3 sec [total]
done with UU for K = 0.00-3.36 Q = 4.76-5.66 after 1114.5 sec [total]
done with BB for K = 0.00-3.36 Q = 4.76-5.66 after 1117.7 sec [total]
done with UBTa for K = 0.00-3.36 Q = 4.76-5.66 after 1119.5 sec [total]
done with UBTb for K = 0.00-3.36 Q = 4.76-5.66 after 1121.2 sec [total]
done with UBTbA for K = 0.00-3.36 Q = 4.76-5.66 after 1123.0 sec [total]
done with UBTbC for K = 0.00-3.36 Q = 4.76-5.66 after 1123.3 sec [total]
done with H for K = 0.00-3.36 Q = 4.76-5.66 after 1124.5 sec [total]
done with H++ for K = 0.00-3.36 Q = 4.76-5.66 after 1127.7 sec [total]
done with H+- for K = 0.00-3.36 Q = 4.76-5.66 after 1128.7 sec [total]
done with H-+ for K = 0.00-3.36 Q = 4.76-5.66 after 1129.9 sec [total]
done with H-- for K = 0.00-3.36 Q = 4.76-5.66 after 1130.9 sec [total]
done with UU for K = 3.36-4.00 Q = 4.76-5.66 after 1132.0 sec [total]
done with BB for K = 3.36-4.00 Q = 4.76-5.66 after 1133.1 sec [total]
done with UBTa for K = 3.36-4.00 Q = 4.76-5.66 after 1133.2 sec [total]
done with UBTb for K = 3.36-4.00 Q = 4.76-5.66 after 1133.4 sec [total]
done with UBTbA for K = 3.36-4.00 Q = 4.76-5.66 after 1133.6 sec [total]
done with UBTbC for K = 3.36-4.00 Q = 4.76-5.66 after 1134.0 sec [total]
done with H for K = 3.36-4.00 Q = 4.76-5.66 after 1135.1 sec [total]
done with H++ for K = 3.36-4.00 Q = 4.76-5.66 after 1138.4 sec [total]
done with H+- for K = 3.36-4.00 Q = 4.76-5.66 after 1139.3 sec [total]
done with H-+ for K = 3.36-4.00 Q = 4.76-5.66 after 1140.5 sec [total]
done with H-- for K = 3.36-4.00 Q = 4.76-5.66 after 1141.5 sec [total]
done with UU for K = 4.00-4.76 Q = 4.76-5.66 after 1142.6 sec [total]
done with BB for K = 4.00-4.76 Q = 4.76-5.66 after 1143.8 sec [total]
done with UBTa for K = 4.00-4.76 Q = 4.76-5.66 after 1144.0 sec [total]
done with UBTb for K = 4.00-4.76 Q = 4.76-5.66 after 1144.1 sec [total]
done with UBTbA for K = 4.00-4.76 Q = 4.76-5.66 after 1144.3 sec [total]
done with UBTbC for K = 4.00-4.76 Q = 4.76-5.66 after 1144.6 sec [total]
done with H for K = 4.00-4.76 Q = 4.76-5.66 after 1145.7 sec [total]
done with H++ for K = 4.00-4.76 Q = 4.76-5.66 after 1149.0 sec [total]
done with H+- for K = 4.00-4.76 Q = 4.76-5.66 after 1150.0 sec [total]
done with H-+ for K = 4.00-4.76 Q = 4.76-5.66 after 1151.1 sec [total]
done with H-- for K = 4.00-4.76 Q = 4.76-5.66 after 1152.1 sec [total]
done with UU for K = 4.76-5.66 Q = 4.76-5.66 after 1153.3 sec [total]
done with BB for K = 4.76-5.66 Q = 4.76-5.66 after 1154.3 sec [total]
done with UBTa for K = 4.76-5.66 Q = 4.76-5.66 after 1154.5 sec [total]
done with UBTb for K = 4.76-5.66 Q = 4.76-5.66 after 1154.7 sec [total]
done with UBTbA for K = 4.76-5.66 Q = 4.76-5.66 after 1154.9 sec [total]
done with UBTbC for K = 4.76-5.66 Q = 4.76-5.66 after 1155.2 sec [total]
done with H for K = 4.76-5.66 Q = 4.76-5.66 after 1156.3 sec [total]
done with H++ for K = 4.76-5.66 Q = 4.76-5.66 after 1159.5 sec [total]
done with H+- for K = 4.76-5.66 Q = 4.76-5.66 after 1160.6 sec [total]
done with H-+ for K = 4.76-5.66 Q = 4.76-5.66 after 1161.8 sec [total]
done with H-- for K = 4.76-5.66 Q = 4.76-5.66 after 1162.8 sec [total]
done with UU for K = 5.66-6.73 Q = 4.76-5.66 after 1163.8 sec [total]
done with BB for K = 5.66-6.73 Q = 4.76-5.66 after 1164.9 sec [total]
done with UBTa for K = 5.66-6.73 Q = 4.76-5.66 after 1165.1 sec [total]
done with UBTb for K = 5.66-6.73 Q = 4.76-5.66 after 1165.3 sec [total]
done with UBTbA for K = 5.66-6.73 Q = 4.76-5.66 after 1165.5 sec [total]
done with UBTbC for K = 5.66-6.73 Q = 4.76-5.66 after 1165.8 sec [total]
done with H for K = 5.66-6.73 Q = 4.76-5.66 after 1166.9 sec [total]
done with H++ for K = 5.66-6.73 Q = 4.76-5.66 after 1170.1 sec [total]
done with H+- for K = 5.66-6.73 Q = 4.76-5.66 after 1171.2 sec [total]
done with H-+ for K = 5.66-6.73 Q = 4.76-5.66 after 1172.3 sec [total]
done with H-- for K = 5.66-6.73 Q = 4.76-5.66 after 1173.3 sec [total]
done with UU for K = 6.73-8.00 Q = 4.76-5.66 after 1174.5 sec [total]
done with BB for K = 6.73-8.00 Q = 4.76-5.66 after 1175.5 sec [total]
done with UBTa for K = 6.73-8.00 Q = 4.76-5.66 after 1175.7 sec [total]
done with UBTb for K = 6.73-8.00 Q = 4.76-5.66 after 1175.9 sec [total]
done with UBTbA for K = 6.73-8.00 Q = 4.76-5.66 after 1176.1 sec [total]
done with UBTbC for K = 6.73-8.00 Q = 4.76-5.66 after 1176.5 sec [total]
done with H for K = 6.73-8.00 Q = 4.76-5.66 after 1177.5 sec [total]
done with H++ for K = 6.73-8.00 Q = 4.76-5.66 after 1180.7 sec [total]
done with H+- for K = 6.73-8.00 Q = 4.76-5.66 after 1181.8 sec [total]
done with H-+ for K = 6.73-8.00 Q = 4.76-5.66 after 1182.9 sec [total]
done with H-- for K = 6.73-8.00 Q = 4.76-5.66 after 1184.0 sec [total]
done with UU for K = 8.00-9.51 Q = 4.76-5.66 after 1185.0 sec [total]
done with BB for K = 8.00-9.51 Q = 4.76-5.66 after 1186.1 sec [total]
done with UBTa for K = 8.00-9.51 Q = 4.76-5.66 after 1186.4 sec [total]
done with UBTb for K = 8.00-9.51 Q = 4.76-5.66 after 1186.6 sec [total]
done with UBTbA for K = 8.00-9.51 Q = 4.76-5.66 after 1186.8 sec [total]
done with UBTbC for K = 8.00-9.51 Q = 4.76-5.66 after 1187.1 sec [total]
done with H for K = 8.00-9.51 Q = 4.76-5.66 after 1188.2 sec [total]
done with H++ for K = 8.00-9.51 Q = 4.76-5.66 after 1191.3 sec [total]
done with H+- for K = 8.00-9.51 Q = 4.76-5.66 after 1192.4 sec [total]
done with H-+ for K = 8.00-9.51 Q = 4.76-5.66 after 1193.5 sec [total]
done with H-- for K = 8.00-9.51 Q = 4.76-5.66 after 1194.6 sec [total]
done with UU for K = 9.51-11.31 Q = 4.76-5.66 after 1195.7 sec [total]
done with BB for K = 9.51-11.31 Q = 4.76-5.66 after 1196.8 sec [total]
done with UBTa for K = 9.51-11.31 Q = 4.76-5.66 after 1197.0 sec [total]
done with UBTb for K = 9.51-11.31 Q = 4.76-5.66 after 1197.2 sec [total]
done with UBTbA for K = 9.51-11.31 Q = 4.76-5.66 after 1197.4 sec [total]
done with UBTbC for K = 9.51-11.31 Q = 4.76-5.66 after 1197.8 sec [total]
done with H for K = 9.51-11.31 Q = 4.76-5.66 after 1198.8 sec [total]
done with H++ for K = 9.51-11.31 Q = 4.76-5.66 after 1202.1 sec [total]
done with H+- for K = 9.51-11.31 Q = 4.76-5.66 after 1203.1 sec [total]
done with H-+ for K = 9.51-11.31 Q = 4.76-5.66 after 1204.2 sec [total]
done with H-- for K = 9.51-11.31 Q = 4.76-5.66 after 1205.3 sec [total]
done with UU for K = 11.31-13.45 Q = 4.76-5.66 after 1206.4 sec [total]
done with BB for K = 11.31-13.45 Q = 4.76-5.66 after 1207.4 sec [total]
done with UBTa for K = 11.31-13.45 Q = 4.76-5.66 after 1207.6 sec [total]
done with UBTb for K = 11.31-13.45 Q = 4.76-5.66 after 1207.8 sec [total]
done with UBTbA for K = 11.31-13.45 Q = 4.76-5.66 after 1208.0 sec [total]
done with UBTbC for K = 11.31-13.45 Q = 4.76-5.66 after 1208.4 sec [total]
done with H for K = 11.31-13.45 Q = 4.76-5.66 after 1209.4 sec [total]
done with H++ for K = 11.31-13.45 Q = 4.76-5.66 after 1212.6 sec [total]
done with H+- for K = 11.31-13.45 Q = 4.76-5.66 after 1213.7 sec [total]
done with H-+ for K = 11.31-13.45 Q = 4.76-5.66 after 1214.8 sec [total]
done with H-- for K = 11.31-13.45 Q = 4.76-5.66 after 1215.9 sec [total]
done with UU for K = 13.45-16.00 Q = 4.76-5.66 after 1217.0 sec [total]
done with BB for K = 13.45-16.00 Q = 4.76-5.66 after 1218.0 sec [total]
done with UBTa for K = 13.45-16.00 Q = 4.76-5.66 after 1218.2 sec [total]
done with UBTb for K = 13.45-16.00 Q = 4.76-5.66 after 1218.4 sec [total]
done with UBTbA for K = 13.45-16.00 Q = 4.76-5.66 after 1218.6 sec [total]
done with UBTbC for K = 13.45-16.00 Q = 4.76-5.66 after 1218.9 sec [total]
done with H for K = 13.45-16.00 Q = 4.76-5.66 after 1220.0 sec [total]
done with H++ for K = 13.45-16.00 Q = 4.76-5.66 after 1223.2 sec [total]
done with H+- for K = 13.45-16.00 Q = 4.76-5.66 after 1224.3 sec [total]
done with H-+ for K = 13.45-16.00 Q = 4.76-5.66 after 1225.4 sec [total]
done with H-- for K = 13.45-16.00 Q = 4.76-5.66 after 1226.4 sec [total]
done with UU for K = 16.00-19.03 Q = 4.76-5.66 after 1227.5 sec [total]
done with BB for K = 16.00-19.03 Q = 4.76-5.66 after 1228.6 sec [total]
done with UBTa for K = 16.00-19.03 Q = 4.76-5.66 after 1228.8 sec [total]
done with UBTb for K = 16.00-19.03 Q = 4.76-5.66 after 1229.0 sec [total]
done with UBTbA for K = 16.00-19.03 Q = 4.76-5.66 after 1229.2 sec [total]
done with UBTbC for K = 16.00-19.03 Q = 4.76-5.66 after 1229.6 sec [total]
done with H for K = 16.00-19.03 Q = 4.76-5.66 after 1230.6 sec [total]
done with H++ for K = 16.00-19.03 Q = 4.76-5.66 after 1233.8 sec [total]
done with H+- for K = 16.00-19.03 Q = 4.76-5.66 after 1234.9 sec [total]
done with H-+ for K = 16.00-19.03 Q = 4.76-5.66 after 1236.1 sec [total]
done with H-- for K = 16.00-19.03 Q = 4.76-5.66 after 1237.1 sec [total]
done with UU for K = 19.03-22.63 Q = 4.76-5.66 after 1238.2 sec [total]
done with BB for K = 19.03-22.63 Q = 4.76-5.66 after 1239.2 sec [total]
done with UBTa for K = 19.03-22.63 Q = 4.76-5.66 after 1239.4 sec [total]
done with UBTb for K = 19.03-22.63 Q = 4.76-5.66 after 1239.6 sec [total]
done with UBTbA for K = 19.03-22.63 Q = 4.76-5.66 after 1239.9 sec [total]
done with UBTbC for K = 19.03-22.63 Q = 4.76-5.66 after 1240.2 sec [total]
done with H for K = 19.03-22.63 Q = 4.76-5.66 after 1241.2 sec [total]
done with H++ for K = 19.03-22.63 Q = 4.76-5.66 after 1244.4 sec [total]
done with H+- for K = 19.03-22.63 Q = 4.76-5.66 after 1245.5 sec [total]
done with H-+ for K = 19.03-22.63 Q = 4.76-5.66 after 1246.6 sec [total]
done with H-- for K = 19.03-22.63 Q = 4.76-5.66 after 1247.7 sec [total]
done with UU for K = 22.63-26.91 Q = 4.76-5.66 after 1248.8 sec [total]
done with BB for K = 22.63-26.91 Q = 4.76-5.66 after 1249.8 sec [total]
done with UBTa for K = 22.63-26.91 Q = 4.76-5.66 after 1250.0 sec [total]
done with UBTb for K = 22.63-26.91 Q = 4.76-5.66 after 1250.3 sec [total]
done with UBTbA for K = 22.63-26.91 Q = 4.76-5.66 after 1250.5 sec [total]
done with UBTbC for K = 22.63-26.91 Q = 4.76-5.66 after 1250.8 sec [total]
done with H for K = 22.63-26.91 Q = 4.76-5.66 after 1251.8 sec [total]
done with H++ for K = 22.63-26.91 Q = 4.76-5.66 after 1255.0 sec [total]
done with H+- for K = 22.63-26.91 Q = 4.76-5.66 after 1256.2 sec [total]
done with H-+ for K = 22.63-26.91 Q = 4.76-5.66 after 1257.3 sec [total]
done with H-- for K = 22.63-26.91 Q = 4.76-5.66 after 1258.3 sec [total]
done with UU for K = 26.91-32.00 Q = 4.76-5.66 after 1259.4 sec [total]
done with BB for K = 26.91-32.00 Q = 4.76-5.66 after 1260.4 sec [total]
done with UBTa for K = 26.91-32.00 Q = 4.76-5.66 after 1260.6 sec [total]
done with UBTb for K = 26.91-32.00 Q = 4.76-5.66 after 1260.8 sec [total]
done with UBTbA for K = 26.91-32.00 Q = 4.76-5.66 after 1261.0 sec [total]
done with UBTbC for K = 26.91-32.00 Q = 4.76-5.66 after 1261.3 sec [total]
done with H for K = 26.91-32.00 Q = 4.76-5.66 after 1262.4 sec [total]
done with H++ for K = 26.91-32.00 Q = 4.76-5.66 after 1265.7 sec [total]
done with H+- for K = 26.91-32.00 Q = 4.76-5.66 after 1266.7 sec [total]
done with H-+ for K = 26.91-32.00 Q = 4.76-5.66 after 1267.9 sec [total]
done with H-- for K = 26.91-32.00 Q = 4.76-5.66 after 1268.9 sec [total]
done with UU for K = 32.00-38.05 Q = 4.76-5.66 after 1270.0 sec [total]
done with BB for K = 32.00-38.05 Q = 4.76-5.66 after 1271.0 sec [total]
done with UBTa for K = 32.00-38.05 Q = 4.76-5.66 after 1271.2 sec [total]
done with UBTb for K = 32.00-38.05 Q = 4.76-5.66 after 1271.4 sec [total]
done with UBTbA for K = 32.00-38.05 Q = 4.76-5.66 after 1271.7 sec [total]
done with UBTbC for K = 32.00-38.05 Q = 4.76-5.66 after 1272.0 sec [total]
done with H for K = 32.00-38.05 Q = 4.76-5.66 after 1273.1 sec [total]
done with H++ for K = 32.00-38.05 Q = 4.76-5.66 after 1276.2 sec [total]
done with H+- for K = 32.00-38.05 Q = 4.76-5.66 after 1277.3 sec [total]
done with H-+ for K = 32.00-38.05 Q = 4.76-5.66 after 1278.4 sec [total]
done with H-- for K = 32.00-38.05 Q = 4.76-5.66 after 1279.5 sec [total]
done with UU for K = 38.05-45.25 Q = 4.76-5.66 after 1280.6 sec [total]
done with BB for K = 38.05-45.25 Q = 4.76-5.66 after 1281.7 sec [total]
done with UBTa for K = 38.05-45.25 Q = 4.76-5.66 after 1281.9 sec [total]
done with UBTb for K = 38.05-45.25 Q = 4.76-5.66 after 1282.1 sec [total]
done with UBTbA for K = 38.05-45.25 Q = 4.76-5.66 after 1282.3 sec [total]
done with UBTbC for K = 38.05-45.25 Q = 4.76-5.66 after 1282.6 sec [total]
done with H for K = 38.05-45.25 Q = 4.76-5.66 after 1283.7 sec [total]
done with H++ for K = 38.05-45.25 Q = 4.76-5.66 after 1286.9 sec [total]
done with H+- for K = 38.05-45.25 Q = 4.76-5.66 after 1288.0 sec [total]
done with H-+ for K = 38.05-45.25 Q = 4.76-5.66 after 1289.1 sec [total]
done with H-- for K = 38.05-45.25 Q = 4.76-5.66 after 1290.1 sec [total]
done with UU for K = 45.25-53.82 Q = 4.76-5.66 after 1291.2 sec [total]
done with BB for K = 45.25-53.82 Q = 4.76-5.66 after 1292.3 sec [total]
done with UBTa for K = 45.25-53.82 Q = 4.76-5.66 after 1292.5 sec [total]
done with UBTb for K = 45.25-53.82 Q = 4.76-5.66 after 1292.7 sec [total]
done with UBTbA for K = 45.25-53.82 Q = 4.76-5.66 after 1292.9 sec [total]
done with UBTbC for K = 45.25-53.82 Q = 4.76-5.66 after 1293.3 sec [total]
done with H for K = 45.25-53.82 Q = 4.76-5.66 after 1294.3 sec [total]
done with H++ for K = 45.25-53.82 Q = 4.76-5.66 after 1297.6 sec [total]
done with H+- for K = 45.25-53.82 Q = 4.76-5.66 after 1298.6 sec [total]
done with H-+ for K = 45.25-53.82 Q = 4.76-5.66 after 1299.8 sec [total]
done with H-- for K = 45.25-53.82 Q = 4.76-5.66 after 1300.8 sec [total]
done with UU for K = 53.82-64.00 Q = 4.76-5.66 after 1301.9 sec [total]
done with BB for K = 53.82-64.00 Q = 4.76-5.66 after 1302.9 sec [total]
done with UBTa for K = 53.82-64.00 Q = 4.76-5.66 after 1303.1 sec [total]
done with UBTb for K = 53.82-64.00 Q = 4.76-5.66 after 1303.3 sec [total]
done with UBTbA for K = 53.82-64.00 Q = 4.76-5.66 after 1303.5 sec [total]
done with UBTbC for K = 53.82-64.00 Q = 4.76-5.66 after 1303.9 sec [total]
done with H for K = 53.82-64.00 Q = 4.76-5.66 after 1304.9 sec [total]
done with H++ for K = 53.82-64.00 Q = 4.76-5.66 after 1308.2 sec [total]
done with H+- for K = 53.82-64.00 Q = 4.76-5.66 after 1309.2 sec [total]
done with H-+ for K = 53.82-64.00 Q = 4.76-5.66 after 1310.3 sec [total]
done with H-- for K = 53.82-64.00 Q = 4.76-5.66 after 1311.4 sec [total]
done with UU for K = 64.00-76.11 Q = 4.76-5.66 after 1312.5 sec [total]
done with BB for K = 64.00-76.11 Q = 4.76-5.66 after 1313.6 sec [total]
done with UBTa for K = 64.00-76.11 Q = 4.76-5.66 after 1313.8 sec [total]
done with UBTb for K = 64.00-76.11 Q = 4.76-5.66 after 1314.0 sec [total]
done with UBTbA for K = 64.00-76.11 Q = 4.76-5.66 after 1314.2 sec [total]
done with UBTbC for K = 64.00-76.11 Q = 4.76-5.66 after 1314.5 sec [total]
done with H for K = 64.00-76.11 Q = 4.76-5.66 after 1315.6 sec [total]
done with H++ for K = 64.00-76.11 Q = 4.76-5.66 after 1318.8 sec [total]
done with H+- for K = 64.00-76.11 Q = 4.76-5.66 after 1319.8 sec [total]
done with H-+ for K = 64.00-76.11 Q = 4.76-5.66 after 1320.9 sec [total]
done with H-- for K = 64.00-76.11 Q = 4.76-5.66 after 1322.0 sec [total]
done with UU for K = 76.11-90.51 Q = 4.76-5.66 after 1323.2 sec [total]
done with BB for K = 76.11-90.51 Q = 4.76-5.66 after 1324.2 sec [total]
done with UBTa for K = 76.11-90.51 Q = 4.76-5.66 after 1324.4 sec [total]
done with UBTb for K = 76.11-90.51 Q = 4.76-5.66 after 1324.7 sec [total]
done with UBTbA for K = 76.11-90.51 Q = 4.76-5.66 after 1324.9 sec [total]
done with UBTbC for K = 76.11-90.51 Q = 4.76-5.66 after 1325.2 sec [total]
done with H for K = 76.11-90.51 Q = 4.76-5.66 after 1326.2 sec [total]
done with H++ for K = 76.11-90.51 Q = 4.76-5.66 after 1329.4 sec [total]
done with H+- for K = 76.11-90.51 Q = 4.76-5.66 after 1330.5 sec [total]
done with H-+ for K = 76.11-90.51 Q = 4.76-5.66 after 1331.6 sec [total]
done with H-- for K = 76.11-90.51 Q = 4.76-5.66 after 1332.6 sec [total]
done with UU for K = 90.51-107.63 Q = 4.76-5.66 after 1333.8 sec [total]
done with BB for K = 90.51-107.63 Q = 4.76-5.66 after 1334.8 sec [total]
done with UBTa for K = 90.51-107.63 Q = 4.76-5.66 after 1335.0 sec [total]
done with UBTb for K = 90.51-107.63 Q = 4.76-5.66 after 1335.2 sec [total]
done with UBTbA for K = 90.51-107.63 Q = 4.76-5.66 after 1335.5 sec [total]
done with UBTbC for K = 90.51-107.63 Q = 4.76-5.66 after 1335.8 sec [total]
done with H for K = 90.51-107.63 Q = 4.76-5.66 after 1336.9 sec [total]
done with H++ for K = 90.51-107.63 Q = 4.76-5.66 after 1340.1 sec [total]
done with H+- for K = 90.51-107.63 Q = 4.76-5.66 after 1341.1 sec [total]
done with H-+ for K = 90.51-107.63 Q = 4.76-5.66 after 1342.2 sec [total]
done with H-- for K = 90.51-107.63 Q = 4.76-5.66 after 1343.3 sec [total]
done with UU for K = 107.63-128.00 Q = 4.76-5.66 after 1344.4 sec [total]
done with BB for K = 107.63-128.00 Q = 4.76-5.66 after 1345.5 sec [total]
done with UBTa for K = 107.63-128.00 Q = 4.76-5.66 after 1345.6 sec [total]
done with UBTb for K = 107.63-128.00 Q = 4.76-5.66 after 1345.8 sec [total]
done with UBTbA for K = 107.63-128.00 Q = 4.76-5.66 after 1346.0 sec [total]
done with UBTbC for K = 107.63-128.00 Q = 4.76-5.66 after 1346.4 sec [total]
done with H for K = 107.63-128.00 Q = 4.76-5.66 after 1347.4 sec [total]
done with H++ for K = 107.63-128.00 Q = 4.76-5.66 after 1350.7 sec [total]
done with H+- for K = 107.63-128.00 Q = 4.76-5.66 after 1351.7 sec [total]
done with H-+ for K = 107.63-128.00 Q = 4.76-5.66 after 1352.8 sec [total]
done with H-- for K = 107.63-128.00 Q = 4.76-5.66 after 1353.9 sec [total]
done with UU for K = 128.00-152.22 Q = 4.76-5.66 after 1355.0 sec [total]
done with BB for K = 128.00-152.22 Q = 4.76-5.66 after 1356.1 sec [total]
done with UBTa for K = 128.00-152.22 Q = 4.76-5.66 after 1356.2 sec [total]
done with UBTb for K = 128.00-152.22 Q = 4.76-5.66 after 1356.4 sec [total]
done with UBTbA for K = 128.00-152.22 Q = 4.76-5.66 after 1356.6 sec [total]
done with UBTbC for K = 128.00-152.22 Q = 4.76-5.66 after 1357.0 sec [total]
done with H for K = 128.00-152.22 Q = 4.76-5.66 after 1358.1 sec [total]
done with H++ for K = 128.00-152.22 Q = 4.76-5.66 after 1361.2 sec [total]
done with H+- for K = 128.00-152.22 Q = 4.76-5.66 after 1362.3 sec [total]
done with H-+ for K = 128.00-152.22 Q = 4.76-5.66 after 1363.5 sec [total]
done with H-- for K = 128.00-152.22 Q = 4.76-5.66 after 1364.5 sec [total]
done with UU for K = 152.22-181.02 Q = 4.76-5.66 after 1365.6 sec [total]
done with BB for K = 152.22-181.02 Q = 4.76-5.66 after 1366.7 sec [total]
done with UBTa for K = 152.22-181.02 Q = 4.76-5.66 after 1366.9 sec [total]
done with UBTb for K = 152.22-181.02 Q = 4.76-5.66 after 1367.1 sec [total]
done with UBTbA for K = 152.22-181.02 Q = 4.76-5.66 after 1367.3 sec [total]
done with UBTbC for K = 152.22-181.02 Q = 4.76-5.66 after 1367.7 sec [total]
done with H for K = 152.22-181.02 Q = 4.76-5.66 after 1368.7 sec [total]
done with H++ for K = 152.22-181.02 Q = 4.76-5.66 after 1371.9 sec [total]
done with H+- for K = 152.22-181.02 Q = 4.76-5.66 after 1373.0 sec [total]
done with H-+ for K = 152.22-181.02 Q = 4.76-5.66 after 1374.1 sec [total]
done with H-- for K = 152.22-181.02 Q = 4.76-5.66 after 1375.2 sec [total]
done with UU for K = 181.02-215.27 Q = 4.76-5.66 after 1376.2 sec [total]
done with BB for K = 181.02-215.27 Q = 4.76-5.66 after 1377.3 sec [total]
done with UBTa for K = 181.02-215.27 Q = 4.76-5.66 after 1377.5 sec [total]
done with UBTb for K = 181.02-215.27 Q = 4.76-5.66 after 1377.7 sec [total]
done with UBTbA for K = 181.02-215.27 Q = 4.76-5.66 after 1377.9 sec [total]
done with UBTbC for K = 181.02-215.27 Q = 4.76-5.66 after 1378.3 sec [total]
done with H for K = 181.02-215.27 Q = 4.76-5.66 after 1379.3 sec [total]
done with H++ for K = 181.02-215.27 Q = 4.76-5.66 after 1382.5 sec [total]
done with H+- for K = 181.02-215.27 Q = 4.76-5.66 after 1383.6 sec [total]
done with H-+ for K = 181.02-215.27 Q = 4.76-5.66 after 1384.7 sec [total]
done with H-- for K = 181.02-215.27 Q = 4.76-5.66 after 1385.7 sec [total]
done with UU for K = 215.27-256.00 Q = 4.76-5.66 after 1386.9 sec [total]
done with BB for K = 215.27-256.00 Q = 4.76-5.66 after 1387.9 sec [total]
done with UBTa for K = 215.27-256.00 Q = 4.76-5.66 after 1388.1 sec [total]
done with UBTb for K = 215.27-256.00 Q = 4.76-5.66 after 1388.3 sec [total]
done with UBTbA for K = 215.27-256.00 Q = 4.76-5.66 after 1388.6 sec [total]
done with UBTbC for K = 215.27-256.00 Q = 4.76-5.66 after 1388.9 sec [total]
done with H for K = 215.27-256.00 Q = 4.76-5.66 after 1389.9 sec [total]
done with H++ for K = 215.27-256.00 Q = 4.76-5.66 after 1393.2 sec [total]
done with H+- for K = 215.27-256.00 Q = 4.76-5.66 after 1394.2 sec [total]
done with H-+ for K = 215.27-256.00 Q = 4.76-5.66 after 1395.3 sec [total]
done with H-- for K = 215.27-256.00 Q = 4.76-5.66 after 1396.4 sec [total]
done with UU for K = 256.00-304.44 Q = 4.76-5.66 after 1397.5 sec [total]
done with BB for K = 256.00-304.44 Q = 4.76-5.66 after 1398.6 sec [total]
done with UBTa for K = 256.00-304.44 Q = 4.76-5.66 after 1398.8 sec [total]
done with UBTb for K = 256.00-304.44 Q = 4.76-5.66 after 1399.0 sec [total]
done with UBTbA for K = 256.00-304.44 Q = 4.76-5.66 after 1399.2 sec [total]
done with UBTbC for K = 256.00-304.44 Q = 4.76-5.66 after 1399.6 sec [total]
done with H for K = 256.00-304.44 Q = 4.76-5.66 after 1400.6 sec [total]
done with H++ for K = 256.00-304.44 Q = 4.76-5.66 after 1403.8 sec [total]
done with H+- for K = 256.00-304.44 Q = 4.76-5.66 after 1404.9 sec [total]
done with H-+ for K = 256.00-304.44 Q = 4.76-5.66 after 1406.0 sec [total]
done with H-- for K = 256.00-304.44 Q = 4.76-5.66 after 1407.0 sec [total]
done with UU for K = 304.44-362.04 Q = 4.76-5.66 after 1408.1 sec [total]
done with BB for K = 304.44-362.04 Q = 4.76-5.66 after 1409.2 sec [total]
done with UBTa for K = 304.44-362.04 Q = 4.76-5.66 after 1409.4 sec [total]
done with UBTb for K = 304.44-362.04 Q = 4.76-5.66 after 1409.6 sec [total]
done with UBTbA for K = 304.44-362.04 Q = 4.76-5.66 after 1409.8 sec [total]
done with UBTbC for K = 304.44-362.04 Q = 4.76-5.66 after 1410.1 sec [total]
done with H for K = 304.44-362.04 Q = 4.76-5.66 after 1411.2 sec [total]
done with H++ for K = 304.44-362.04 Q = 4.76-5.66 after 1414.4 sec [total]
done with H+- for K = 304.44-362.04 Q = 4.76-5.66 after 1415.4 sec [total]
done with H-+ for K = 304.44-362.04 Q = 4.76-5.66 after 1416.5 sec [total]
done with H-- for K = 304.44-362.04 Q = 4.76-5.66 after 1417.6 sec [total]
done with UU for K = 362.04-430.54 Q = 4.76-5.66 after 1418.7 sec [total]
done with BB for K = 362.04-430.54 Q = 4.76-5.66 after 1419.8 sec [total]
done with UBTa for K = 362.04-430.54 Q = 4.76-5.66 after 1420.0 sec [total]
done with UBTb for K = 362.04-430.54 Q = 4.76-5.66 after 1420.2 sec [total]
done with UBTbA for K = 362.04-430.54 Q = 4.76-5.66 after 1420.4 sec [total]
done with UBTbC for K = 362.04-430.54 Q = 4.76-5.66 after 1420.7 sec [total]
done with H for K = 362.04-430.54 Q = 4.76-5.66 after 1421.8 sec [total]
done with H++ for K = 362.04-430.54 Q = 4.76-5.66 after 1425.0 sec [total]
done with H+- for K = 362.04-430.54 Q = 4.76-5.66 after 1426.0 sec [total]
done with H-+ for K = 362.04-430.54 Q = 4.76-5.66 after 1427.1 sec [total]
done with H-- for K = 362.04-430.54 Q = 4.76-5.66 after 1428.2 sec [total]
done with UU for K = 430.54-512.00 Q = 4.76-5.66 after 1429.3 sec [total]
done with BB for K = 430.54-512.00 Q = 4.76-5.66 after 1430.4 sec [total]
done with UBTa for K = 430.54-512.00 Q = 4.76-5.66 after 1430.6 sec [total]
done with UBTb for K = 430.54-512.00 Q = 4.76-5.66 after 1430.8 sec [total]
done with UBTbA for K = 430.54-512.00 Q = 4.76-5.66 after 1431.0 sec [total]
done with UBTbC for K = 430.54-512.00 Q = 4.76-5.66 after 1431.4 sec [total]
done with H for K = 430.54-512.00 Q = 4.76-5.66 after 1432.4 sec [total]
done with H++ for K = 430.54-512.00 Q = 4.76-5.66 after 1435.6 sec [total]
done with H+- for K = 430.54-512.00 Q = 4.76-5.66 after 1436.7 sec [total]
done with H-+ for K = 430.54-512.00 Q = 4.76-5.66 after 1437.8 sec [total]
done with H-- for K = 430.54-512.00 Q = 4.76-5.66 after 1438.9 sec [total]
done with UU for K = 512.00-608.87 Q = 4.76-5.66 after 1440.0 sec [total]
done with BB for K = 512.00-608.87 Q = 4.76-5.66 after 1441.1 sec [total]
done with UBTa for K = 512.00-608.87 Q = 4.76-5.66 after 1441.2 sec [total]
done with UBTb for K = 512.00-608.87 Q = 4.76-5.66 after 1441.4 sec [total]
done with UBTbA for K = 512.00-608.87 Q = 4.76-5.66 after 1441.6 sec [total]
done with UBTbC for K = 512.00-608.87 Q = 4.76-5.66 after 1442.0 sec [total]
done with H for K = 512.00-608.87 Q = 4.76-5.66 after 1443.1 sec [total]
done with H++ for K = 512.00-608.87 Q = 4.76-5.66 after 1446.3 sec [total]
done with H+- for K = 512.00-608.87 Q = 4.76-5.66 after 1447.4 sec [total]
done with H-+ for K = 512.00-608.87 Q = 4.76-5.66 after 1448.5 sec [total]
done with H-- for K = 512.00-608.87 Q = 4.76-5.66 after 1449.5 sec [total]
done with UU for K = 608.87-724.08 Q = 4.76-5.66 after 1450.6 sec [total]
done with BB for K = 608.87-724.08 Q = 4.76-5.66 after 1451.6 sec [total]
done with UBTa for K = 608.87-724.08 Q = 4.76-5.66 after 1451.8 sec [total]
done with UBTb for K = 608.87-724.08 Q = 4.76-5.66 after 1452.0 sec [total]
done with UBTbA for K = 608.87-724.08 Q = 4.76-5.66 after 1452.2 sec [total]
done with UBTbC for K = 608.87-724.08 Q = 4.76-5.66 after 1452.6 sec [total]
done with H for K = 608.87-724.08 Q = 4.76-5.66 after 1453.6 sec [total]
done with H++ for K = 608.87-724.08 Q = 4.76-5.66 after 1456.9 sec [total]
done with H+- for K = 608.87-724.08 Q = 4.76-5.66 after 1457.9 sec [total]
done with H-+ for K = 608.87-724.08 Q = 4.76-5.66 after 1459.0 sec [total]
done with H-- for K = 608.87-724.08 Q = 4.76-5.66 after 1460.1 sec [total]
done with UU for K = 724.08-861.08 Q = 4.76-5.66 after 1461.2 sec [total]
done with BB for K = 724.08-861.08 Q = 4.76-5.66 after 1462.3 sec [total]
done with UBTa for K = 724.08-861.08 Q = 4.76-5.66 after 1462.4 sec [total]
done with UBTb for K = 724.08-861.08 Q = 4.76-5.66 after 1462.6 sec [total]
done with UBTbA for K = 724.08-861.08 Q = 4.76-5.66 after 1462.9 sec [total]
done with UBTbC for K = 724.08-861.08 Q = 4.76-5.66 after 1463.2 sec [total]
done with H for K = 724.08-861.08 Q = 4.76-5.66 after 1464.2 sec [total]
done with H++ for K = 724.08-861.08 Q = 4.76-5.66 after 1467.5 sec [total]
done with H+- for K = 724.08-861.08 Q = 4.76-5.66 after 1468.5 sec [total]
done with H-+ for K = 724.08-861.08 Q = 4.76-5.66 after 1469.6 sec [total]
done with H-- for K = 724.08-861.08 Q = 4.76-5.66 after 1470.7 sec [total]
done with UU for K = 861.08-1024.00 Q = 4.76-5.66 after 1471.8 sec [total]
done with BB for K = 861.08-1024.00 Q = 4.76-5.66 after 1472.9 sec [total]
done with UBTa for K = 861.08-1024.00 Q = 4.76-5.66 after 1473.1 sec [total]
done with UBTb for K = 861.08-1024.00 Q = 4.76-5.66 after 1473.2 sec [total]
done with UBTbA for K = 861.08-1024.00 Q = 4.76-5.66 after 1473.4 sec [total]
done with UBTbC for K = 861.08-1024.00 Q = 4.76-5.66 after 1473.8 sec [total]
done with H for K = 861.08-1024.00 Q = 4.76-5.66 after 1474.9 sec [total]
done with H++ for K = 861.08-1024.00 Q = 4.76-5.66 after 1478.1 sec [total]
done with H+- for K = 861.08-1024.00 Q = 4.76-5.66 after 1479.1 sec [total]
done with H-+ for K = 861.08-1024.00 Q = 4.76-5.66 after 1480.2 sec [total]
done with H-- for K = 861.08-1024.00 Q = 4.76-5.66 after 1481.3 sec [total]
done with UU for K = 0.00-3.36 Q = 5.66-6.73 after 1484.6 sec [total]
done with BB for K = 0.00-3.36 Q = 5.66-6.73 after 1487.7 sec [total]
done with UBTa for K = 0.00-3.36 Q = 5.66-6.73 after 1489.4 sec [total]
done with UBTb for K = 0.00-3.36 Q = 5.66-6.73 after 1491.2 sec [total]
done with UBTbA for K = 0.00-3.36 Q = 5.66-6.73 after 1493.0 sec [total]
done with UBTbC for K = 0.00-3.36 Q = 5.66-6.73 after 1493.4 sec [total]
done with H for K = 0.00-3.36 Q = 5.66-6.73 after 1494.4 sec [total]
done with H++ for K = 0.00-3.36 Q = 5.66-6.73 after 1497.6 sec [total]
done with H+- for K = 0.00-3.36 Q = 5.66-6.73 after 1498.7 sec [total]
done with H-+ for K = 0.00-3.36 Q = 5.66-6.73 after 1499.8 sec [total]
done with H-- for K = 0.00-3.36 Q = 5.66-6.73 after 1501.0 sec [total]
done with UU for K = 3.36-4.00 Q = 5.66-6.73 after 1502.0 sec [total]
done with BB for K = 3.36-4.00 Q = 5.66-6.73 after 1503.1 sec [total]
done with UBTa for K = 3.36-4.00 Q = 5.66-6.73 after 1503.4 sec [total]
done with UBTb for K = 3.36-4.00 Q = 5.66-6.73 after 1503.6 sec [total]
done with UBTbA for K = 3.36-4.00 Q = 5.66-6.73 after 1503.8 sec [total]
done with UBTbC for K = 3.36-4.00 Q = 5.66-6.73 after 1504.1 sec [total]
done with H for K = 3.36-4.00 Q = 5.66-6.73 after 1505.1 sec [total]
done with H++ for K = 3.36-4.00 Q = 5.66-6.73 after 1508.4 sec [total]
done with H+- for K = 3.36-4.00 Q = 5.66-6.73 after 1509.4 sec [total]
done with H-+ for K = 3.36-4.00 Q = 5.66-6.73 after 1510.5 sec [total]
done with H-- for K = 3.36-4.00 Q = 5.66-6.73 after 1511.5 sec [total]
done with UU for K = 4.00-4.76 Q = 5.66-6.73 after 1512.7 sec [total]
done with BB for K = 4.00-4.76 Q = 5.66-6.73 after 1513.8 sec [total]
done with UBTa for K = 4.00-4.76 Q = 5.66-6.73 after 1514.0 sec [total]
done with UBTb for K = 4.00-4.76 Q = 5.66-6.73 after 1514.1 sec [total]
done with UBTbA for K = 4.00-4.76 Q = 5.66-6.73 after 1514.4 sec [total]
done with UBTbC for K = 4.00-4.76 Q = 5.66-6.73 after 1514.7 sec [total]
done with H for K = 4.00-4.76 Q = 5.66-6.73 after 1515.8 sec [total]
done with H++ for K = 4.00-4.76 Q = 5.66-6.73 after 1519.1 sec [total]
done with H+- for K = 4.00-4.76 Q = 5.66-6.73 after 1520.3 sec [total]
done with H-+ for K = 4.00-4.76 Q = 5.66-6.73 after 1521.4 sec [total]
done with H-- for K = 4.00-4.76 Q = 5.66-6.73 after 1522.2 sec [total]
done with UU for K = 4.76-5.66 Q = 5.66-6.73 after 1523.4 sec [total]
done with BB for K = 4.76-5.66 Q = 5.66-6.73 after 1524.4 sec [total]
done with UBTa for K = 4.76-5.66 Q = 5.66-6.73 after 1524.6 sec [total]
done with UBTb for K = 4.76-5.66 Q = 5.66-6.73 after 1524.8 sec [total]
done with UBTbA for K = 4.76-5.66 Q = 5.66-6.73 after 1525.0 sec [total]
done with UBTbC for K = 4.76-5.66 Q = 5.66-6.73 after 1525.4 sec [total]
done with H for K = 4.76-5.66 Q = 5.66-6.73 after 1526.4 sec [total]
done with H++ for K = 4.76-5.66 Q = 5.66-6.73 after 1529.6 sec [total]
done with H+- for K = 4.76-5.66 Q = 5.66-6.73 after 1530.7 sec [total]
done with H-+ for K = 4.76-5.66 Q = 5.66-6.73 after 1531.8 sec [total]
done with H-- for K = 4.76-5.66 Q = 5.66-6.73 after 1532.9 sec [total]
done with UU for K = 5.66-6.73 Q = 5.66-6.73 after 1534.0 sec [total]
done with BB for K = 5.66-6.73 Q = 5.66-6.73 after 1535.0 sec [total]
done with UBTa for K = 5.66-6.73 Q = 5.66-6.73 after 1535.2 sec [total]
done with UBTb for K = 5.66-6.73 Q = 5.66-6.73 after 1535.4 sec [total]
done with UBTbA for K = 5.66-6.73 Q = 5.66-6.73 after 1535.6 sec [total]
done with UBTbC for K = 5.66-6.73 Q = 5.66-6.73 after 1536.0 sec [total]
done with H for K = 5.66-6.73 Q = 5.66-6.73 after 1537.0 sec [total]
done with H++ for K = 5.66-6.73 Q = 5.66-6.73 after 1540.2 sec [total]
done with H+- for K = 5.66-6.73 Q = 5.66-6.73 after 1541.3 sec [total]
done with H-+ for K = 5.66-6.73 Q = 5.66-6.73 after 1542.4 sec [total]
done with H-- for K = 5.66-6.73 Q = 5.66-6.73 after 1543.5 sec [total]
done with UU for K = 6.73-8.00 Q = 5.66-6.73 after 1544.6 sec [total]
done with BB for K = 6.73-8.00 Q = 5.66-6.73 after 1545.6 sec [total]
done with UBTa for K = 6.73-8.00 Q = 5.66-6.73 after 1545.8 sec [total]
done with UBTb for K = 6.73-8.00 Q = 5.66-6.73 after 1546.0 sec [total]
done with UBTbA for K = 6.73-8.00 Q = 5.66-6.73 after 1546.2 sec [total]
done with UBTbC for K = 6.73-8.00 Q = 5.66-6.73 after 1546.6 sec [total]
done with H for K = 6.73-8.00 Q = 5.66-6.73 after 1547.7 sec [total]
done with H++ for K = 6.73-8.00 Q = 5.66-6.73 after 1550.8 sec [total]
done with H+- for K = 6.73-8.00 Q = 5.66-6.73 after 1552.0 sec [total]
done with H-+ for K = 6.73-8.00 Q = 5.66-6.73 after 1553.1 sec [total]
done with H-- for K = 6.73-8.00 Q = 5.66-6.73 after 1554.1 sec [total]
done with UU for K = 8.00-9.51 Q = 5.66-6.73 after 1555.2 sec [total]
done with BB for K = 8.00-9.51 Q = 5.66-6.73 after 1556.3 sec [total]
done with UBTa for K = 8.00-9.51 Q = 5.66-6.73 after 1556.5 sec [total]
done with UBTb for K = 8.00-9.51 Q = 5.66-6.73 after 1556.7 sec [total]
done with UBTbA for K = 8.00-9.51 Q = 5.66-6.73 after 1556.9 sec [total]
done with UBTbC for K = 8.00-9.51 Q = 5.66-6.73 after 1557.2 sec [total]
done with H for K = 8.00-9.51 Q = 5.66-6.73 after 1558.3 sec [total]
done with H++ for K = 8.00-9.51 Q = 5.66-6.73 after 1561.5 sec [total]
done with H+- for K = 8.00-9.51 Q = 5.66-6.73 after 1562.5 sec [total]
done with H-+ for K = 8.00-9.51 Q = 5.66-6.73 after 1563.7 sec [total]
done with H-- for K = 8.00-9.51 Q = 5.66-6.73 after 1564.7 sec [total]
done with UU for K = 9.51-11.31 Q = 5.66-6.73 after 1565.9 sec [total]
done with BB for K = 9.51-11.31 Q = 5.66-6.73 after 1566.9 sec [total]
done with UBTa for K = 9.51-11.31 Q = 5.66-6.73 after 1567.1 sec [total]
done with UBTb for K = 9.51-11.31 Q = 5.66-6.73 after 1567.3 sec [total]
done with UBTbA for K = 9.51-11.31 Q = 5.66-6.73 after 1567.5 sec [total]
done with UBTbC for K = 9.51-11.31 Q = 5.66-6.73 after 1567.9 sec [total]
done with H for K = 9.51-11.31 Q = 5.66-6.73 after 1568.9 sec [total]
done with H++ for K = 9.51-11.31 Q = 5.66-6.73 after 1572.1 sec [total]
done with H+- for K = 9.51-11.31 Q = 5.66-6.73 after 1573.3 sec [total]
done with H-+ for K = 9.51-11.31 Q = 5.66-6.73 after 1574.4 sec [total]
done with H-- for K = 9.51-11.31 Q = 5.66-6.73 after 1575.4 sec [total]
done with UU for K = 11.31-13.45 Q = 5.66-6.73 after 1576.5 sec [total]
done with BB for K = 11.31-13.45 Q = 5.66-6.73 after 1577.6 sec [total]
done with UBTa for K = 11.31-13.45 Q = 5.66-6.73 after 1577.7 sec [total]
done with UBTb for K = 11.31-13.45 Q = 5.66-6.73 after 1577.9 sec [total]
done with UBTbA for K = 11.31-13.45 Q = 5.66-6.73 after 1578.2 sec [total]
done with UBTbC for K = 11.31-13.45 Q = 5.66-6.73 after 1578.5 sec [total]
done with H for K = 11.31-13.45 Q = 5.66-6.73 after 1579.5 sec [total]
done with H++ for K = 11.31-13.45 Q = 5.66-6.73 after 1582.7 sec [total]
done with H+- for K = 11.31-13.45 Q = 5.66-6.73 after 1583.8 sec [total]
done with H-+ for K = 11.31-13.45 Q = 5.66-6.73 after 1584.9 sec [total]
done with H-- for K = 11.31-13.45 Q = 5.66-6.73 after 1586.0 sec [total]
done with UU for K = 13.45-16.00 Q = 5.66-6.73 after 1587.1 sec [total]
done with BB for K = 13.45-16.00 Q = 5.66-6.73 after 1588.2 sec [total]
done with UBTa for K = 13.45-16.00 Q = 5.66-6.73 after 1588.3 sec [total]
done with UBTb for K = 13.45-16.00 Q = 5.66-6.73 after 1588.5 sec [total]
done with UBTbA for K = 13.45-16.00 Q = 5.66-6.73 after 1588.7 sec [total]
done with UBTbC for K = 13.45-16.00 Q = 5.66-6.73 after 1589.1 sec [total]
done with H for K = 13.45-16.00 Q = 5.66-6.73 after 1590.2 sec [total]
done with H++ for K = 13.45-16.00 Q = 5.66-6.73 after 1593.3 sec [total]
done with H+- for K = 13.45-16.00 Q = 5.66-6.73 after 1594.4 sec [total]
done with H-+ for K = 13.45-16.00 Q = 5.66-6.73 after 1595.6 sec [total]
done with H-- for K = 13.45-16.00 Q = 5.66-6.73 after 1596.6 sec [total]
done with UU for K = 16.00-19.03 Q = 5.66-6.73 after 1597.8 sec [total]
done with BB for K = 16.00-19.03 Q = 5.66-6.73 after 1598.8 sec [total]
done with UBTa for K = 16.00-19.03 Q = 5.66-6.73 after 1599.0 sec [total]
done with UBTb for K = 16.00-19.03 Q = 5.66-6.73 after 1599.2 sec [total]
done with UBTbA for K = 16.00-19.03 Q = 5.66-6.73 after 1599.4 sec [total]
done with UBTbC for K = 16.00-19.03 Q = 5.66-6.73 after 1599.7 sec [total]
done with H for K = 16.00-19.03 Q = 5.66-6.73 after 1600.8 sec [total]
done with H++ for K = 16.00-19.03 Q = 5.66-6.73 after 1604.0 sec [total]
done with H+- for K = 16.00-19.03 Q = 5.66-6.73 after 1605.1 sec [total]
done with H-+ for K = 16.00-19.03 Q = 5.66-6.73 after 1606.2 sec [total]
done with H-- for K = 16.00-19.03 Q = 5.66-6.73 after 1607.2 sec [total]
done with UU for K = 19.03-22.63 Q = 5.66-6.73 after 1608.4 sec [total]
done with BB for K = 19.03-22.63 Q = 5.66-6.73 after 1609.4 sec [total]
done with UBTa for K = 19.03-22.63 Q = 5.66-6.73 after 1609.6 sec [total]
done with UBTb for K = 19.03-22.63 Q = 5.66-6.73 after 1609.8 sec [total]
done with UBTbA for K = 19.03-22.63 Q = 5.66-6.73 after 1610.0 sec [total]
done with UBTbC for K = 19.03-22.63 Q = 5.66-6.73 after 1610.4 sec [total]
done with H for K = 19.03-22.63 Q = 5.66-6.73 after 1611.5 sec [total]
done with H++ for K = 19.03-22.63 Q = 5.66-6.73 after 1614.7 sec [total]
done with H+- for K = 19.03-22.63 Q = 5.66-6.73 after 1615.8 sec [total]
done with H-+ for K = 19.03-22.63 Q = 5.66-6.73 after 1616.9 sec [total]
done with H-- for K = 19.03-22.63 Q = 5.66-6.73 after 1617.9 sec [total]
done with UU for K = 22.63-26.91 Q = 5.66-6.73 after 1619.0 sec [total]
done with BB for K = 22.63-26.91 Q = 5.66-6.73 after 1620.1 sec [total]
done with UBTa for K = 22.63-26.91 Q = 5.66-6.73 after 1620.3 sec [total]
done with UBTb for K = 22.63-26.91 Q = 5.66-6.73 after 1620.5 sec [total]
done with UBTbA for K = 22.63-26.91 Q = 5.66-6.73 after 1620.7 sec [total]
done with UBTbC for K = 22.63-26.91 Q = 5.66-6.73 after 1621.0 sec [total]
done with H for K = 22.63-26.91 Q = 5.66-6.73 after 1622.1 sec [total]
done with H++ for K = 22.63-26.91 Q = 5.66-6.73 after 1625.3 sec [total]
done with H+- for K = 22.63-26.91 Q = 5.66-6.73 after 1626.4 sec [total]
done with H-+ for K = 22.63-26.91 Q = 5.66-6.73 after 1627.5 sec [total]
done with H-- for K = 22.63-26.91 Q = 5.66-6.73 after 1628.6 sec [total]
done with UU for K = 26.91-32.00 Q = 5.66-6.73 after 1629.7 sec [total]
done with BB for K = 26.91-32.00 Q = 5.66-6.73 after 1630.7 sec [total]
done with UBTa for K = 26.91-32.00 Q = 5.66-6.73 after 1630.9 sec [total]
done with UBTb for K = 26.91-32.00 Q = 5.66-6.73 after 1631.1 sec [total]
done with UBTbA for K = 26.91-32.00 Q = 5.66-6.73 after 1631.3 sec [total]
done with UBTbC for K = 26.91-32.00 Q = 5.66-6.73 after 1631.7 sec [total]
done with H for K = 26.91-32.00 Q = 5.66-6.73 after 1632.7 sec [total]
done with H++ for K = 26.91-32.00 Q = 5.66-6.73 after 1635.9 sec [total]
done with H+- for K = 26.91-32.00 Q = 5.66-6.73 after 1637.0 sec [total]
done with H-+ for K = 26.91-32.00 Q = 5.66-6.73 after 1638.1 sec [total]
done with H-- for K = 26.91-32.00 Q = 5.66-6.73 after 1639.2 sec [total]
done with UU for K = 32.00-38.05 Q = 5.66-6.73 after 1640.3 sec [total]
done with BB for K = 32.00-38.05 Q = 5.66-6.73 after 1641.3 sec [total]
done with UBTa for K = 32.00-38.05 Q = 5.66-6.73 after 1641.5 sec [total]
done with UBTb for K = 32.00-38.05 Q = 5.66-6.73 after 1641.7 sec [total]
done with UBTbA for K = 32.00-38.05 Q = 5.66-6.73 after 1641.9 sec [total]
done with UBTbC for K = 32.00-38.05 Q = 5.66-6.73 after 1642.3 sec [total]
done with H for K = 32.00-38.05 Q = 5.66-6.73 after 1643.3 sec [total]
done with H++ for K = 32.00-38.05 Q = 5.66-6.73 after 1646.5 sec [total]
done with H+- for K = 32.00-38.05 Q = 5.66-6.73 after 1647.6 sec [total]
done with H-+ for K = 32.00-38.05 Q = 5.66-6.73 after 1648.8 sec [total]
done with H-- for K = 32.00-38.05 Q = 5.66-6.73 after 1649.8 sec [total]
done with UU for K = 38.05-45.25 Q = 5.66-6.73 after 1650.9 sec [total]
done with BB for K = 38.05-45.25 Q = 5.66-6.73 after 1652.0 sec [total]
done with UBTa for K = 38.05-45.25 Q = 5.66-6.73 after 1652.2 sec [total]
done with UBTb for K = 38.05-45.25 Q = 5.66-6.73 after 1652.4 sec [total]
done with UBTbA for K = 38.05-45.25 Q = 5.66-6.73 after 1652.6 sec [total]
done with UBTbC for K = 38.05-45.25 Q = 5.66-6.73 after 1652.9 sec [total]
done with H for K = 38.05-45.25 Q = 5.66-6.73 after 1654.0 sec [total]
done with H++ for K = 38.05-45.25 Q = 5.66-6.73 after 1657.2 sec [total]
done with H+- for K = 38.05-45.25 Q = 5.66-6.73 after 1658.3 sec [total]
done with H-+ for K = 38.05-45.25 Q = 5.66-6.73 after 1659.4 sec [total]
done with H-- for K = 38.05-45.25 Q = 5.66-6.73 after 1660.4 sec [total]
done with UU for K = 45.25-53.82 Q = 5.66-6.73 after 1661.6 sec [total]
done with BB for K = 45.25-53.82 Q = 5.66-6.73 after 1662.6 sec [total]
done with UBTa for K = 45.25-53.82 Q = 5.66-6.73 after 1662.8 sec [total]
done with UBTb for K = 45.25-53.82 Q = 5.66-6.73 after 1663.0 sec [total]
done with UBTbA for K = 45.25-53.82 Q = 5.66-6.73 after 1663.2 sec [total]
done with UBTbC for K = 45.25-53.82 Q = 5.66-6.73 after 1663.5 sec [total]
done with H for K = 45.25-53.82 Q = 5.66-6.73 after 1664.6 sec [total]
done with H++ for K = 45.25-53.82 Q = 5.66-6.73 after 1667.8 sec [total]
done with H+- for K = 45.25-53.82 Q = 5.66-6.73 after 1668.9 sec [total]
done with H-+ for K = 45.25-53.82 Q = 5.66-6.73 after 1670.0 sec [total]
done with H-- for K = 45.25-53.82 Q = 5.66-6.73 after 1671.0 sec [total]
done with UU for K = 53.82-64.00 Q = 5.66-6.73 after 1672.2 sec [total]
done with BB for K = 53.82-64.00 Q = 5.66-6.73 after 1673.2 sec [total]
done with UBTa for K = 53.82-64.00 Q = 5.66-6.73 after 1673.4 sec [total]
done with UBTb for K = 53.82-64.00 Q = 5.66-6.73 after 1673.6 sec [total]
done with UBTbA for K = 53.82-64.00 Q = 5.66-6.73 after 1673.8 sec [total]
done with UBTbC for K = 53.82-64.00 Q = 5.66-6.73 after 1674.2 sec [total]
done with H for K = 53.82-64.00 Q = 5.66-6.73 after 1675.2 sec [total]
done with H++ for K = 53.82-64.00 Q = 5.66-6.73 after 1678.5 sec [total]
done with H+- for K = 53.82-64.00 Q = 5.66-6.73 after 1679.5 sec [total]
done with H-+ for K = 53.82-64.00 Q = 5.66-6.73 after 1680.6 sec [total]
done with H-- for K = 53.82-64.00 Q = 5.66-6.73 after 1681.6 sec [total]
done with UU for K = 64.00-76.11 Q = 5.66-6.73 after 1682.8 sec [total]
done with BB for K = 64.00-76.11 Q = 5.66-6.73 after 1683.8 sec [total]
done with UBTa for K = 64.00-76.11 Q = 5.66-6.73 after 1684.0 sec [total]
done with UBTb for K = 64.00-76.11 Q = 5.66-6.73 after 1684.2 sec [total]
done with UBTbA for K = 64.00-76.11 Q = 5.66-6.73 after 1684.4 sec [total]
done with UBTbC for K = 64.00-76.11 Q = 5.66-6.73 after 1684.8 sec [total]
done with H for K = 64.00-76.11 Q = 5.66-6.73 after 1685.9 sec [total]
done with H++ for K = 64.00-76.11 Q = 5.66-6.73 after 1689.1 sec [total]
done with H+- for K = 64.00-76.11 Q = 5.66-6.73 after 1690.2 sec [total]
done with H-+ for K = 64.00-76.11 Q = 5.66-6.73 after 1691.3 sec [total]
done with H-- for K = 64.00-76.11 Q = 5.66-6.73 after 1692.3 sec [total]
done with UU for K = 76.11-90.51 Q = 5.66-6.73 after 1693.4 sec [total]
done with BB for K = 76.11-90.51 Q = 5.66-6.73 after 1694.4 sec [total]
done with UBTa for K = 76.11-90.51 Q = 5.66-6.73 after 1694.6 sec [total]
done with UBTb for K = 76.11-90.51 Q = 5.66-6.73 after 1694.8 sec [total]
done with UBTbA for K = 76.11-90.51 Q = 5.66-6.73 after 1695.0 sec [total]
done with UBTbC for K = 76.11-90.51 Q = 5.66-6.73 after 1695.4 sec [total]
done with H for K = 76.11-90.51 Q = 5.66-6.73 after 1696.4 sec [total]
done with H++ for K = 76.11-90.51 Q = 5.66-6.73 after 1699.7 sec [total]
done with H+- for K = 76.11-90.51 Q = 5.66-6.73 after 1700.7 sec [total]
done with H-+ for K = 76.11-90.51 Q = 5.66-6.73 after 1701.9 sec [total]
done with H-- for K = 76.11-90.51 Q = 5.66-6.73 after 1702.9 sec [total]
done with UU for K = 90.51-107.63 Q = 5.66-6.73 after 1704.0 sec [total]
done with BB for K = 90.51-107.63 Q = 5.66-6.73 after 1705.0 sec [total]
done with UBTa for K = 90.51-107.63 Q = 5.66-6.73 after 1705.2 sec [total]
done with UBTb for K = 90.51-107.63 Q = 5.66-6.73 after 1705.4 sec [total]
done with UBTbA for K = 90.51-107.63 Q = 5.66-6.73 after 1705.6 sec [total]
done with UBTbC for K = 90.51-107.63 Q = 5.66-6.73 after 1705.9 sec [total]
done with H for K = 90.51-107.63 Q = 5.66-6.73 after 1707.0 sec [total]
done with H++ for K = 90.51-107.63 Q = 5.66-6.73 after 1710.2 sec [total]
done with H+- for K = 90.51-107.63 Q = 5.66-6.73 after 1711.4 sec [total]
done with H-+ for K = 90.51-107.63 Q = 5.66-6.73 after 1712.4 sec [total]
done with H-- for K = 90.51-107.63 Q = 5.66-6.73 after 1713.5 sec [total]
done with UU for K = 107.63-128.00 Q = 5.66-6.73 after 1714.7 sec [total]
done with BB for K = 107.63-128.00 Q = 5.66-6.73 after 1715.7 sec [total]
done with UBTa for K = 107.63-128.00 Q = 5.66-6.73 after 1715.9 sec [total]
done with UBTb for K = 107.63-128.00 Q = 5.66-6.73 after 1716.1 sec [total]
done with UBTbA for K = 107.63-128.00 Q = 5.66-6.73 after 1716.3 sec [total]
done with UBTbC for K = 107.63-128.00 Q = 5.66-6.73 after 1716.7 sec [total]
done with H for K = 107.63-128.00 Q = 5.66-6.73 after 1717.7 sec [total]
done with H++ for K = 107.63-128.00 Q = 5.66-6.73 after 1720.9 sec [total]
done with H+- for K = 107.63-128.00 Q = 5.66-6.73 after 1722.0 sec [total]
done with H-+ for K = 107.63-128.00 Q = 5.66-6.73 after 1723.1 sec [total]
done with H-- for K = 107.63-128.00 Q = 5.66-6.73 after 1724.2 sec [total]
done with UU for K = 128.00-152.22 Q = 5.66-6.73 after 1725.3 sec [total]
done with BB for K = 128.00-152.22 Q = 5.66-6.73 after 1726.4 sec [total]
done with UBTa for K = 128.00-152.22 Q = 5.66-6.73 after 1726.6 sec [total]
done with UBTb for K = 128.00-152.22 Q = 5.66-6.73 after 1726.7 sec [total]
done with UBTbA for K = 128.00-152.22 Q = 5.66-6.73 after 1726.9 sec [total]
done with UBTbC for K = 128.00-152.22 Q = 5.66-6.73 after 1727.3 sec [total]
done with H for K = 128.00-152.22 Q = 5.66-6.73 after 1728.4 sec [total]
done with H++ for K = 128.00-152.22 Q = 5.66-6.73 after 1731.5 sec [total]
done with H+- for K = 128.00-152.22 Q = 5.66-6.73 after 1732.6 sec [total]
done with H-+ for K = 128.00-152.22 Q = 5.66-6.73 after 1733.8 sec [total]
done with H-- for K = 128.00-152.22 Q = 5.66-6.73 after 1734.8 sec [total]
done with UU for K = 152.22-181.02 Q = 5.66-6.73 after 1735.9 sec [total]
done with BB for K = 152.22-181.02 Q = 5.66-6.73 after 1737.0 sec [total]
done with UBTa for K = 152.22-181.02 Q = 5.66-6.73 after 1737.2 sec [total]
done with UBTb for K = 152.22-181.02 Q = 5.66-6.73 after 1737.4 sec [total]
done with UBTbA for K = 152.22-181.02 Q = 5.66-6.73 after 1737.6 sec [total]
done with UBTbC for K = 152.22-181.02 Q = 5.66-6.73 after 1738.0 sec [total]
done with H for K = 152.22-181.02 Q = 5.66-6.73 after 1739.0 sec [total]
done with H++ for K = 152.22-181.02 Q = 5.66-6.73 after 1742.2 sec [total]
done with H+- for K = 152.22-181.02 Q = 5.66-6.73 after 1743.3 sec [total]
done with H-+ for K = 152.22-181.02 Q = 5.66-6.73 after 1744.4 sec [total]
done with H-- for K = 152.22-181.02 Q = 5.66-6.73 after 1745.4 sec [total]
done with UU for K = 181.02-215.27 Q = 5.66-6.73 after 1746.5 sec [total]
done with BB for K = 181.02-215.27 Q = 5.66-6.73 after 1747.6 sec [total]
done with UBTa for K = 181.02-215.27 Q = 5.66-6.73 after 1747.8 sec [total]
done with UBTb for K = 181.02-215.27 Q = 5.66-6.73 after 1748.0 sec [total]
done with UBTbA for K = 181.02-215.27 Q = 5.66-6.73 after 1748.2 sec [total]
done with UBTbC for K = 181.02-215.27 Q = 5.66-6.73 after 1748.5 sec [total]
done with H for K = 181.02-215.27 Q = 5.66-6.73 after 1749.6 sec [total]
done with H++ for K = 181.02-215.27 Q = 5.66-6.73 after 1752.7 sec [total]
done with H+- for K = 181.02-215.27 Q = 5.66-6.73 after 1753.9 sec [total]
done with H-+ for K = 181.02-215.27 Q = 5.66-6.73 after 1754.9 sec [total]
done with H-- for K = 181.02-215.27 Q = 5.66-6.73 after 1756.0 sec [total]
done with UU for K = 215.27-256.00 Q = 5.66-6.73 after 1757.2 sec [total]
done with BB for K = 215.27-256.00 Q = 5.66-6.73 after 1758.3 sec [total]
done with UBTa for K = 215.27-256.00 Q = 5.66-6.73 after 1758.4 sec [total]
done with UBTb for K = 215.27-256.00 Q = 5.66-6.73 after 1758.6 sec [total]
done with UBTbA for K = 215.27-256.00 Q = 5.66-6.73 after 1758.8 sec [total]
done with UBTbC for K = 215.27-256.00 Q = 5.66-6.73 after 1759.2 sec [total]
done with H for K = 215.27-256.00 Q = 5.66-6.73 after 1760.3 sec [total]
done with H++ for K = 215.27-256.00 Q = 5.66-6.73 after 1763.5 sec [total]
done with H+- for K = 215.27-256.00 Q = 5.66-6.73 after 1764.5 sec [total]
done with H-+ for K = 215.27-256.00 Q = 5.66-6.73 after 1765.7 sec [total]
done with H-- for K = 215.27-256.00 Q = 5.66-6.73 after 1766.7 sec [total]
done with UU for K = 256.00-304.44 Q = 5.66-6.73 after 1767.8 sec [total]
done with BB for K = 256.00-304.44 Q = 5.66-6.73 after 1768.9 sec [total]
done with UBTa for K = 256.00-304.44 Q = 5.66-6.73 after 1769.1 sec [total]
done with UBTb for K = 256.00-304.44 Q = 5.66-6.73 after 1769.3 sec [total]
done with UBTbA for K = 256.00-304.44 Q = 5.66-6.73 after 1769.5 sec [total]
done with UBTbC for K = 256.00-304.44 Q = 5.66-6.73 after 1769.8 sec [total]
done with H for K = 256.00-304.44 Q = 5.66-6.73 after 1770.9 sec [total]
done with H++ for K = 256.00-304.44 Q = 5.66-6.73 after 1774.0 sec [total]
done with H+- for K = 256.00-304.44 Q = 5.66-6.73 after 1775.2 sec [total]
done with H-+ for K = 256.00-304.44 Q = 5.66-6.73 after 1776.2 sec [total]
done with H-- for K = 256.00-304.44 Q = 5.66-6.73 after 1777.3 sec [total]
done with UU for K = 304.44-362.04 Q = 5.66-6.73 after 1778.5 sec [total]
done with BB for K = 304.44-362.04 Q = 5.66-6.73 after 1779.5 sec [total]
done with UBTa for K = 304.44-362.04 Q = 5.66-6.73 after 1779.7 sec [total]
done with UBTb for K = 304.44-362.04 Q = 5.66-6.73 after 1779.9 sec [total]
done with UBTbA for K = 304.44-362.04 Q = 5.66-6.73 after 1780.1 sec [total]
done with UBTbC for K = 304.44-362.04 Q = 5.66-6.73 after 1780.5 sec [total]
done with H for K = 304.44-362.04 Q = 5.66-6.73 after 1781.5 sec [total]
done with H++ for K = 304.44-362.04 Q = 5.66-6.73 after 1784.7 sec [total]
done with H+- for K = 304.44-362.04 Q = 5.66-6.73 after 1785.8 sec [total]
done with H-+ for K = 304.44-362.04 Q = 5.66-6.73 after 1786.9 sec [total]
done with H-- for K = 304.44-362.04 Q = 5.66-6.73 after 1788.0 sec [total]
done with UU for K = 362.04-430.54 Q = 5.66-6.73 after 1789.1 sec [total]
done with BB for K = 362.04-430.54 Q = 5.66-6.73 after 1790.2 sec [total]
done with UBTa for K = 362.04-430.54 Q = 5.66-6.73 after 1790.3 sec [total]
done with UBTb for K = 362.04-430.54 Q = 5.66-6.73 after 1790.5 sec [total]
done with UBTbA for K = 362.04-430.54 Q = 5.66-6.73 after 1790.7 sec [total]
done with UBTbC for K = 362.04-430.54 Q = 5.66-6.73 after 1791.1 sec [total]
done with H for K = 362.04-430.54 Q = 5.66-6.73 after 1792.2 sec [total]
done with H++ for K = 362.04-430.54 Q = 5.66-6.73 after 1795.3 sec [total]
done with H+- for K = 362.04-430.54 Q = 5.66-6.73 after 1796.5 sec [total]
done with H-+ for K = 362.04-430.54 Q = 5.66-6.73 after 1797.6 sec [total]
done with H-- for K = 362.04-430.54 Q = 5.66-6.73 after 1798.6 sec [total]
done with UU for K = 430.54-512.00 Q = 5.66-6.73 after 1799.7 sec [total]
done with BB for K = 430.54-512.00 Q = 5.66-6.73 after 1800.8 sec [total]
done with UBTa for K = 430.54-512.00 Q = 5.66-6.73 after 1801.0 sec [total]
done with UBTb for K = 430.54-512.00 Q = 5.66-6.73 after 1801.2 sec [total]
done with UBTbA for K = 430.54-512.00 Q = 5.66-6.73 after 1801.4 sec [total]
done with UBTbC for K = 430.54-512.00 Q = 5.66-6.73 after 1801.7 sec [total]
done with H for K = 430.54-512.00 Q = 5.66-6.73 after 1802.8 sec [total]
done with H++ for K = 430.54-512.00 Q = 5.66-6.73 after 1806.0 sec [total]
done with H+- for K = 430.54-512.00 Q = 5.66-6.73 after 1807.0 sec [total]
done with H-+ for K = 430.54-512.00 Q = 5.66-6.73 after 1808.2 sec [total]
done with H-- for K = 430.54-512.00 Q = 5.66-6.73 after 1809.2 sec [total]
done with UU for K = 512.00-608.87 Q = 5.66-6.73 after 1810.3 sec [total]
done with BB for K = 512.00-608.87 Q = 5.66-6.73 after 1811.4 sec [total]
done with UBTa for K = 512.00-608.87 Q = 5.66-6.73 after 1811.5 sec [total]
done with UBTb for K = 512.00-608.87 Q = 5.66-6.73 after 1811.7 sec [total]
done with UBTbA for K = 512.00-608.87 Q = 5.66-6.73 after 1812.0 sec [total]
done with UBTbC for K = 512.00-608.87 Q = 5.66-6.73 after 1812.3 sec [total]
done with H for K = 512.00-608.87 Q = 5.66-6.73 after 1813.4 sec [total]
done with H++ for K = 512.00-608.87 Q = 5.66-6.73 after 1816.6 sec [total]
done with H+- for K = 512.00-608.87 Q = 5.66-6.73 after 1817.6 sec [total]
done with H-+ for K = 512.00-608.87 Q = 5.66-6.73 after 1818.7 sec [total]
done with H-- for K = 512.00-608.87 Q = 5.66-6.73 after 1819.8 sec [total]
done with UU for K = 608.87-724.08 Q = 5.66-6.73 after 1820.9 sec [total]
done with BB for K = 608.87-724.08 Q = 5.66-6.73 after 1822.0 sec [total]
done with UBTa for K = 608.87-724.08 Q = 5.66-6.73 after 1822.2 sec [total]
done with UBTb for K = 608.87-724.08 Q = 5.66-6.73 after 1822.3 sec [total]
done with UBTbA for K = 608.87-724.08 Q = 5.66-6.73 after 1822.5 sec [total]
done with UBTbC for K = 608.87-724.08 Q = 5.66-6.73 after 1822.9 sec [total]
done with H for K = 608.87-724.08 Q = 5.66-6.73 after 1824.0 sec [total]
done with H++ for K = 608.87-724.08 Q = 5.66-6.73 after 1827.2 sec [total]
done with H+- for K = 608.87-724.08 Q = 5.66-6.73 after 1828.3 sec [total]
done with H-+ for K = 608.87-724.08 Q = 5.66-6.73 after 1829.4 sec [total]
done with H-- for K = 608.87-724.08 Q = 5.66-6.73 after 1830.4 sec [total]
done with UU for K = 724.08-861.08 Q = 5.66-6.73 after 1831.6 sec [total]
done with BB for K = 724.08-861.08 Q = 5.66-6.73 after 1832.6 sec [total]
done with UBTa for K = 724.08-861.08 Q = 5.66-6.73 after 1832.8 sec [total]
done with UBTb for K = 724.08-861.08 Q = 5.66-6.73 after 1833.0 sec [total]
done with UBTbA for K = 724.08-861.08 Q = 5.66-6.73 after 1833.2 sec [total]
done with UBTbC for K = 724.08-861.08 Q = 5.66-6.73 after 1833.6 sec [total]
done with H for K = 724.08-861.08 Q = 5.66-6.73 after 1834.6 sec [total]
done with H++ for K = 724.08-861.08 Q = 5.66-6.73 after 1837.9 sec [total]
done with H+- for K = 724.08-861.08 Q = 5.66-6.73 after 1838.9 sec [total]
done with H-+ for K = 724.08-861.08 Q = 5.66-6.73 after 1840.0 sec [total]
done with H-- for K = 724.08-861.08 Q = 5.66-6.73 after 1841.1 sec [total]
done with UU for K = 861.08-1024.00 Q = 5.66-6.73 after 1842.2 sec [total]
done with BB for K = 861.08-1024.00 Q = 5.66-6.73 after 1843.3 sec [total]
done with UBTa for K = 861.08-1024.00 Q = 5.66-6.73 after 1843.4 sec [total]
done with UBTb for K = 861.08-1024.00 Q = 5.66-6.73 after 1843.6 sec [total]
done with UBTbA for K = 861.08-1024.00 Q = 5.66-6.73 after 1843.8 sec [total]
done with UBTbC for K = 861.08-1024.00 Q = 5.66-6.73 after 1844.2 sec [total]
done with H for K = 861.08-1024.00 Q = 5.66-6.73 after 1845.3 sec [total]
done with H++ for K = 861.08-1024.00 Q = 5.66-6.73 after 1848.4 sec [total]
done with H+- for K = 861.08-1024.00 Q = 5.66-6.73 after 1849.5 sec [total]
done with H-+ for K = 861.08-1024.00 Q = 5.66-6.73 after 1850.6 sec [total]
done with H-- for K = 861.08-1024.00 Q = 5.66-6.73 after 1851.6 sec [total]
done with UU for K = 0.00-3.36 Q = 6.73-8.00 after 1854.8 sec [total]
done with BB for K = 0.00-3.36 Q = 6.73-8.00 after 1857.9 sec [total]
done with UBTa for K = 0.00-3.36 Q = 6.73-8.00 after 1859.7 sec [total]
done with UBTb for K = 0.00-3.36 Q = 6.73-8.00 after 1861.4 sec [total]
done with UBTbA for K = 0.00-3.36 Q = 6.73-8.00 after 1863.2 sec [total]
done with UBTbC for K = 0.00-3.36 Q = 6.73-8.00 after 1863.6 sec [total]
done with H for K = 0.00-3.36 Q = 6.73-8.00 after 1864.7 sec [total]
done with H++ for K = 0.00-3.36 Q = 6.73-8.00 after 1867.8 sec [total]
done with H+- for K = 0.00-3.36 Q = 6.73-8.00 after 1868.9 sec [total]
done with H-+ for K = 0.00-3.36 Q = 6.73-8.00 after 1870.1 sec [total]
done with H-- for K = 0.00-3.36 Q = 6.73-8.00 after 1871.1 sec [total]
done with UU for K = 3.36-4.00 Q = 6.73-8.00 after 1872.3 sec [total]
done with BB for K = 3.36-4.00 Q = 6.73-8.00 after 1873.3 sec [total]
done with UBTa for K = 3.36-4.00 Q = 6.73-8.00 after 1873.5 sec [total]
done with UBTb for K = 3.36-4.00 Q = 6.73-8.00 after 1873.7 sec [total]
done with UBTbA for K = 3.36-4.00 Q = 6.73-8.00 after 1873.9 sec [total]
done with UBTbC for K = 3.36-4.00 Q = 6.73-8.00 after 1874.2 sec [total]
done with H for K = 3.36-4.00 Q = 6.73-8.00 after 1875.3 sec [total]
done with H++ for K = 3.36-4.00 Q = 6.73-8.00 after 1878.5 sec [total]
done with H+- for K = 3.36-4.00 Q = 6.73-8.00 after 1879.6 sec [total]
done with H-+ for K = 3.36-4.00 Q = 6.73-8.00 after 1880.7 sec [total]
done with H-- for K = 3.36-4.00 Q = 6.73-8.00 after 1881.7 sec [total]
done with UU for K = 4.00-4.76 Q = 6.73-8.00 after 1882.8 sec [total]
done with BB for K = 4.00-4.76 Q = 6.73-8.00 after 1883.8 sec [total]
done with UBTa for K = 4.00-4.76 Q = 6.73-8.00 after 1884.0 sec [total]
done with UBTb for K = 4.00-4.76 Q = 6.73-8.00 after 1884.2 sec [total]
done with UBTbA for K = 4.00-4.76 Q = 6.73-8.00 after 1884.5 sec [total]
done with UBTbC for K = 4.00-4.76 Q = 6.73-8.00 after 1884.8 sec [total]
done with H for K = 4.00-4.76 Q = 6.73-8.00 after 1885.9 sec [total]
done with H++ for K = 4.00-4.76 Q = 6.73-8.00 after 1889.0 sec [total]
done with H+- for K = 4.00-4.76 Q = 6.73-8.00 after 1890.1 sec [total]
done with H-+ for K = 4.00-4.76 Q = 6.73-8.00 after 1891.2 sec [total]
done with H-- for K = 4.00-4.76 Q = 6.73-8.00 after 1892.3 sec [total]
done with UU for K = 4.76-5.66 Q = 6.73-8.00 after 1893.4 sec [total]
done with BB for K = 4.76-5.66 Q = 6.73-8.00 after 1894.5 sec [total]
done with UBTa for K = 4.76-5.66 Q = 6.73-8.00 after 1894.7 sec [total]
done with UBTb for K = 4.76-5.66 Q = 6.73-8.00 after 1894.9 sec [total]
done with UBTbA for K = 4.76-5.66 Q = 6.73-8.00 after 1895.1 sec [total]
done with UBTbC for K = 4.76-5.66 Q = 6.73-8.00 after 1895.4 sec [total]
done with H for K = 4.76-5.66 Q = 6.73-8.00 after 1896.4 sec [total]
done with H++ for K = 4.76-5.66 Q = 6.73-8.00 after 1899.6 sec [total]
done with H+- for K = 4.76-5.66 Q = 6.73-8.00 after 1900.7 sec [total]
done with H-+ for K = 4.76-5.66 Q = 6.73-8.00 after 1901.8 sec [total]
done with H-- for K = 4.76-5.66 Q = 6.73-8.00 after 1902.9 sec [total]
done with UU for K = 5.66-6.73 Q = 6.73-8.00 after 1904.0 sec [total]
done with BB for K = 5.66-6.73 Q = 6.73-8.00 after 1905.1 sec [total]
done with UBTa for K = 5.66-6.73 Q = 6.73-8.00 after 1905.3 sec [total]
done with UBTb for K = 5.66-6.73 Q = 6.73-8.00 after 1905.5 sec [total]
done with UBTbA for K = 5.66-6.73 Q = 6.73-8.00 after 1905.6 sec [total]
done with UBTbC for K = 5.66-6.73 Q = 6.73-8.00 after 1906.1 sec [total]
done with H for K = 5.66-6.73 Q = 6.73-8.00 after 1907.1 sec [total]
done with H++ for K = 5.66-6.73 Q = 6.73-8.00 after 1910.3 sec [total]
done with H+- for K = 5.66-6.73 Q = 6.73-8.00 after 1911.4 sec [total]
done with H-+ for K = 5.66-6.73 Q = 6.73-8.00 after 1912.5 sec [total]
done with H-- for K = 5.66-6.73 Q = 6.73-8.00 after 1913.5 sec [total]
done with UU for K = 6.73-8.00 Q = 6.73-8.00 after 1914.7 sec [total]
done with BB for K = 6.73-8.00 Q = 6.73-8.00 after 1915.7 sec [total]
done with UBTa for K = 6.73-8.00 Q = 6.73-8.00 after 1915.9 sec [total]
done with UBTb for K = 6.73-8.00 Q = 6.73-8.00 after 1916.1 sec [total]
done with UBTbA for K = 6.73-8.00 Q = 6.73-8.00 after 1916.3 sec [total]
done with UBTbC for K = 6.73-8.00 Q = 6.73-8.00 after 1916.7 sec [total]
done with H for K = 6.73-8.00 Q = 6.73-8.00 after 1917.7 sec [total]
done with H++ for K = 6.73-8.00 Q = 6.73-8.00 after 1921.0 sec [total]
done with H+- for K = 6.73-8.00 Q = 6.73-8.00 after 1922.0 sec [total]
done with H-+ for K = 6.73-8.00 Q = 6.73-8.00 after 1923.1 sec [total]
done with H-- for K = 6.73-8.00 Q = 6.73-8.00 after 1924.2 sec [total]
done with UU for K = 8.00-9.51 Q = 6.73-8.00 after 1925.2 sec [total]
done with BB for K = 8.00-9.51 Q = 6.73-8.00 after 1926.3 sec [total]
done with UBTa for K = 8.00-9.51 Q = 6.73-8.00 after 1926.5 sec [total]
done with UBTb for K = 8.00-9.51 Q = 6.73-8.00 after 1926.7 sec [total]
done with UBTbA for K = 8.00-9.51 Q = 6.73-8.00 after 1926.9 sec [total]
done with UBTbC for K = 8.00-9.51 Q = 6.73-8.00 after 1927.3 sec [total]
done with H for K = 8.00-9.51 Q = 6.73-8.00 after 1928.3 sec [total]
done with H++ for K = 8.00-9.51 Q = 6.73-8.00 after 1931.6 sec [total]
done with H+- for K = 8.00-9.51 Q = 6.73-8.00 after 1932.6 sec [total]
done with H-+ for K = 8.00-9.51 Q = 6.73-8.00 after 1933.7 sec [total]
done with H-- for K = 8.00-9.51 Q = 6.73-8.00 after 1934.7 sec [total]
done with UU for K = 9.51-11.31 Q = 6.73-8.00 after 1935.9 sec [total]
done with BB for K = 9.51-11.31 Q = 6.73-8.00 after 1937.0 sec [total]
done with UBTa for K = 9.51-11.31 Q = 6.73-8.00 after 1937.1 sec [total]
done with UBTb for K = 9.51-11.31 Q = 6.73-8.00 after 1937.3 sec [total]
done with UBTbA for K = 9.51-11.31 Q = 6.73-8.00 after 1937.5 sec [total]
done with UBTbC for K = 9.51-11.31 Q = 6.73-8.00 after 1937.9 sec [total]
done with H for K = 9.51-11.31 Q = 6.73-8.00 after 1939.0 sec [total]
done with H++ for K = 9.51-11.31 Q = 6.73-8.00 after 1942.2 sec [total]
done with H+- for K = 9.51-11.31 Q = 6.73-8.00 after 1943.3 sec [total]
done with H-+ for K = 9.51-11.31 Q = 6.73-8.00 after 1944.3 sec [total]
done with H-- for K = 9.51-11.31 Q = 6.73-8.00 after 1945.4 sec [total]
done with UU for K = 11.31-13.45 Q = 6.73-8.00 after 1946.6 sec [total]
done with BB for K = 11.31-13.45 Q = 6.73-8.00 after 1947.6 sec [total]
done with UBTa for K = 11.31-13.45 Q = 6.73-8.00 after 1947.8 sec [total]
done with UBTb for K = 11.31-13.45 Q = 6.73-8.00 after 1948.0 sec [total]
done with UBTbA for K = 11.31-13.45 Q = 6.73-8.00 after 1948.2 sec [total]
done with UBTbC for K = 11.31-13.45 Q = 6.73-8.00 after 1948.6 sec [total]
done with H for K = 11.31-13.45 Q = 6.73-8.00 after 1949.6 sec [total]
done with H++ for K = 11.31-13.45 Q = 6.73-8.00 after 1952.8 sec [total]
done with H+- for K = 11.31-13.45 Q = 6.73-8.00 after 1953.9 sec [total]
done with H-+ for K = 11.31-13.45 Q = 6.73-8.00 after 1955.0 sec [total]
done with H-- for K = 11.31-13.45 Q = 6.73-8.00 after 1956.1 sec [total]
done with UU for K = 13.45-16.00 Q = 6.73-8.00 after 1957.2 sec [total]
done with BB for K = 13.45-16.00 Q = 6.73-8.00 after 1958.2 sec [total]
done with UBTa for K = 13.45-16.00 Q = 6.73-8.00 after 1958.4 sec [total]
done with UBTb for K = 13.45-16.00 Q = 6.73-8.00 after 1958.6 sec [total]
done with UBTbA for K = 13.45-16.00 Q = 6.73-8.00 after 1958.8 sec [total]
done with UBTbC for K = 13.45-16.00 Q = 6.73-8.00 after 1959.1 sec [total]
done with H for K = 13.45-16.00 Q = 6.73-8.00 after 1960.2 sec [total]
done with H++ for K = 13.45-16.00 Q = 6.73-8.00 after 1963.4 sec [total]
done with H+- for K = 13.45-16.00 Q = 6.73-8.00 after 1964.5 sec [total]
done with H-+ for K = 13.45-16.00 Q = 6.73-8.00 after 1965.6 sec [total]
done with H-- for K = 13.45-16.00 Q = 6.73-8.00 after 1966.6 sec [total]
done with UU for K = 16.00-19.03 Q = 6.73-8.00 after 1967.8 sec [total]
done with BB for K = 16.00-19.03 Q = 6.73-8.00 after 1968.9 sec [total]
done with UBTa for K = 16.00-19.03 Q = 6.73-8.00 after 1969.0 sec [total]
done with UBTb for K = 16.00-19.03 Q = 6.73-8.00 after 1969.2 sec [total]
done with UBTbA for K = 16.00-19.03 Q = 6.73-8.00 after 1969.5 sec [total]
done with UBTbC for K = 16.00-19.03 Q = 6.73-8.00 after 1969.8 sec [total]
done with H for K = 16.00-19.03 Q = 6.73-8.00 after 1970.9 sec [total]
done with H++ for K = 16.00-19.03 Q = 6.73-8.00 after 1974.1 sec [total]
done with H+- for K = 16.00-19.03 Q = 6.73-8.00 after 1975.1 sec [total]
done with H-+ for K = 16.00-19.03 Q = 6.73-8.00 after 1976.2 sec [total]
done with H-- for K = 16.00-19.03 Q = 6.73-8.00 after 1977.3 sec [total]
done with UU for K = 19.03-22.63 Q = 6.73-8.00 after 1978.5 sec [total]
done with BB for K = 19.03-22.63 Q = 6.73-8.00 after 1979.5 sec [total]
done with UBTa for K = 19.03-22.63 Q = 6.73-8.00 after 1979.7 sec [total]
done with UBTb for K = 19.03-22.63 Q = 6.73-8.00 after 1979.9 sec [total]
done with UBTbA for K = 19.03-22.63 Q = 6.73-8.00 after 1980.1 sec [total]
done with UBTbC for K = 19.03-22.63 Q = 6.73-8.00 after 1980.5 sec [total]
done with H for K = 19.03-22.63 Q = 6.73-8.00 after 1981.5 sec [total]
done with H++ for K = 19.03-22.63 Q = 6.73-8.00 after 1984.7 sec [total]
done with H+- for K = 19.03-22.63 Q = 6.73-8.00 after 1985.8 sec [total]
done with H-+ for K = 19.03-22.63 Q = 6.73-8.00 after 1986.9 sec [total]
done with H-- for K = 19.03-22.63 Q = 6.73-8.00 after 1988.0 sec [total]
done with UU for K = 22.63-26.91 Q = 6.73-8.00 after 1989.1 sec [total]
done with BB for K = 22.63-26.91 Q = 6.73-8.00 after 1990.2 sec [total]
done with UBTa for K = 22.63-26.91 Q = 6.73-8.00 after 1990.4 sec [total]
done with UBTb for K = 22.63-26.91 Q = 6.73-8.00 after 1990.6 sec [total]
done with UBTbA for K = 22.63-26.91 Q = 6.73-8.00 after 1990.8 sec [total]
done with UBTbC for K = 22.63-26.91 Q = 6.73-8.00 after 1991.1 sec [total]
done with H for K = 22.63-26.91 Q = 6.73-8.00 after 1992.2 sec [total]
done with H++ for K = 22.63-26.91 Q = 6.73-8.00 after 1995.3 sec [total]
done with H+- for K = 22.63-26.91 Q = 6.73-8.00 after 1996.4 sec [total]
done with H-+ for K = 22.63-26.91 Q = 6.73-8.00 after 1997.5 sec [total]
done with H-- for K = 22.63-26.91 Q = 6.73-8.00 after 1998.6 sec [total]
done with UU for K = 26.91-32.00 Q = 6.73-8.00 after 1999.7 sec [total]
done with BB for K = 26.91-32.00 Q = 6.73-8.00 after 2000.8 sec [total]
done with UBTa for K = 26.91-32.00 Q = 6.73-8.00 after 2001.0 sec [total]
done with UBTb for K = 26.91-32.00 Q = 6.73-8.00 after 2001.2 sec [total]
done with UBTbA for K = 26.91-32.00 Q = 6.73-8.00 after 2001.4 sec [total]
done with UBTbC for K = 26.91-32.00 Q = 6.73-8.00 after 2001.8 sec [total]
done with H for K = 26.91-32.00 Q = 6.73-8.00 after 2002.8 sec [total]
done with H++ for K = 26.91-32.00 Q = 6.73-8.00 after 2005.9 sec [total]
done with H+- for K = 26.91-32.00 Q = 6.73-8.00 after 2007.1 sec [total]
done with H-+ for K = 26.91-32.00 Q = 6.73-8.00 after 2008.2 sec [total]
done with H-- for K = 26.91-32.00 Q = 6.73-8.00 after 2009.3 sec [total]
done with UU for K = 32.00-38.05 Q = 6.73-8.00 after 2010.3 sec [total]
done with BB for K = 32.00-38.05 Q = 6.73-8.00 after 2011.4 sec [total]
done with UBTa for K = 32.00-38.05 Q = 6.73-8.00 after 2011.6 sec [total]
done with UBTb for K = 32.00-38.05 Q = 6.73-8.00 after 2011.8 sec [total]
done with UBTbA for K = 32.00-38.05 Q = 6.73-8.00 after 2012.0 sec [total]
done with UBTbC for K = 32.00-38.05 Q = 6.73-8.00 after 2012.4 sec [total]
done with H for K = 32.00-38.05 Q = 6.73-8.00 after 2013.4 sec [total]
done with H++ for K = 32.00-38.05 Q = 6.73-8.00 after 2016.6 sec [total]
done with H+- for K = 32.00-38.05 Q = 6.73-8.00 after 2017.7 sec [total]
done with H-+ for K = 32.00-38.05 Q = 6.73-8.00 after 2018.8 sec [total]
done with H-- for K = 32.00-38.05 Q = 6.73-8.00 after 2019.8 sec [total]
done with UU for K = 38.05-45.25 Q = 6.73-8.00 after 2021.0 sec [total]
done with BB for K = 38.05-45.25 Q = 6.73-8.00 after 2022.1 sec [total]
done with UBTa for K = 38.05-45.25 Q = 6.73-8.00 after 2022.3 sec [total]
done with UBTb for K = 38.05-45.25 Q = 6.73-8.00 after 2022.4 sec [total]
done with UBTbA for K = 38.05-45.25 Q = 6.73-8.00 after 2022.6 sec [total]
done with UBTbC for K = 38.05-45.25 Q = 6.73-8.00 after 2023.0 sec [total]
done with H for K = 38.05-45.25 Q = 6.73-8.00 after 2024.1 sec [total]
done with H++ for K = 38.05-45.25 Q = 6.73-8.00 after 2027.3 sec [total]
done with H+- for K = 38.05-45.25 Q = 6.73-8.00 after 2028.4 sec [total]
done with H-+ for K = 38.05-45.25 Q = 6.73-8.00 after 2029.5 sec [total]
done with H-- for K = 38.05-45.25 Q = 6.73-8.00 after 2030.5 sec [total]
done with UU for K = 45.25-53.82 Q = 6.73-8.00 after 2031.6 sec [total]
done with BB for K = 45.25-53.82 Q = 6.73-8.00 after 2032.7 sec [total]
done with UBTa for K = 45.25-53.82 Q = 6.73-8.00 after 2032.9 sec [total]
done with UBTb for K = 45.25-53.82 Q = 6.73-8.00 after 2033.1 sec [total]
done with UBTbA for K = 45.25-53.82 Q = 6.73-8.00 after 2033.3 sec [total]
done with UBTbC for K = 45.25-53.82 Q = 6.73-8.00 after 2033.7 sec [total]
done with H for K = 45.25-53.82 Q = 6.73-8.00 after 2034.7 sec [total]
done with H++ for K = 45.25-53.82 Q = 6.73-8.00 after 2037.9 sec [total]
done with H+- for K = 45.25-53.82 Q = 6.73-8.00 after 2039.0 sec [total]
done with H-+ for K = 45.25-53.82 Q = 6.73-8.00 after 2040.1 sec [total]
done with H-- for K = 45.25-53.82 Q = 6.73-8.00 after 2041.2 sec [total]
done with UU for K = 53.82-64.00 Q = 6.73-8.00 after 2042.3 sec [total]
done with BB for K = 53.82-64.00 Q = 6.73-8.00 after 2043.3 sec [total]
done with UBTa for K = 53.82-64.00 Q = 6.73-8.00 after 2043.5 sec [total]
done with UBTb for K = 53.82-64.00 Q = 6.73-8.00 after 2043.7 sec [total]
done with UBTbA for K = 53.82-64.00 Q = 6.73-8.00 after 2043.9 sec [total]
done with UBTbC for K = 53.82-64.00 Q = 6.73-8.00 after 2044.3 sec [total]
done with H for K = 53.82-64.00 Q = 6.73-8.00 after 2045.3 sec [total]
done with H++ for K = 53.82-64.00 Q = 6.73-8.00 after 2048.5 sec [total]
done with H+- for K = 53.82-64.00 Q = 6.73-8.00 after 2049.7 sec [total]
done with H-+ for K = 53.82-64.00 Q = 6.73-8.00 after 2050.7 sec [total]
done with H-- for K = 53.82-64.00 Q = 6.73-8.00 after 2051.8 sec [total]
done with UU for K = 64.00-76.11 Q = 6.73-8.00 after 2052.9 sec [total]
done with BB for K = 64.00-76.11 Q = 6.73-8.00 after 2054.0 sec [total]
done with UBTa for K = 64.00-76.11 Q = 6.73-8.00 after 2054.2 sec [total]
done with UBTb for K = 64.00-76.11 Q = 6.73-8.00 after 2054.4 sec [total]
done with UBTbA for K = 64.00-76.11 Q = 6.73-8.00 after 2054.6 sec [total]
done with UBTbC for K = 64.00-76.11 Q = 6.73-8.00 after 2054.9 sec [total]
done with H for K = 64.00-76.11 Q = 6.73-8.00 after 2056.0 sec [total]
done with H++ for K = 64.00-76.11 Q = 6.73-8.00 after 2059.2 sec [total]
done with H+- for K = 64.00-76.11 Q = 6.73-8.00 after 2060.3 sec [total]
done with H-+ for K = 64.00-76.11 Q = 6.73-8.00 after 2061.5 sec [total]
done with H-- for K = 64.00-76.11 Q = 6.73-8.00 after 2062.4 sec [total]
done with UU for K = 76.11-90.51 Q = 6.73-8.00 after 2063.5 sec [total]
done with BB for K = 76.11-90.51 Q = 6.73-8.00 after 2064.6 sec [total]
done with UBTa for K = 76.11-90.51 Q = 6.73-8.00 after 2064.8 sec [total]
done with UBTb for K = 76.11-90.51 Q = 6.73-8.00 after 2065.0 sec [total]
done with UBTbA for K = 76.11-90.51 Q = 6.73-8.00 after 2065.2 sec [total]
done with UBTbC for K = 76.11-90.51 Q = 6.73-8.00 after 2065.6 sec [total]
done with H for K = 76.11-90.51 Q = 6.73-8.00 after 2066.6 sec [total]
done with H++ for K = 76.11-90.51 Q = 6.73-8.00 after 2069.8 sec [total]
done with H+- for K = 76.11-90.51 Q = 6.73-8.00 after 2070.9 sec [total]
done with H-+ for K = 76.11-90.51 Q = 6.73-8.00 after 2071.9 sec [total]
done with H-- for K = 76.11-90.51 Q = 6.73-8.00 after 2073.0 sec [total]
done with UU for K = 90.51-107.63 Q = 6.73-8.00 after 2074.2 sec [total]
done with BB for K = 90.51-107.63 Q = 6.73-8.00 after 2075.2 sec [total]
done with UBTa for K = 90.51-107.63 Q = 6.73-8.00 after 2075.4 sec [total]
done with UBTb for K = 90.51-107.63 Q = 6.73-8.00 after 2075.6 sec [total]
done with UBTbA for K = 90.51-107.63 Q = 6.73-8.00 after 2075.8 sec [total]
done with UBTbC for K = 90.51-107.63 Q = 6.73-8.00 after 2076.2 sec [total]
done with H for K = 90.51-107.63 Q = 6.73-8.00 after 2077.2 sec [total]
done with H++ for K = 90.51-107.63 Q = 6.73-8.00 after 2080.5 sec [total]
done with H+- for K = 90.51-107.63 Q = 6.73-8.00 after 2081.5 sec [total]
done with H-+ for K = 90.51-107.63 Q = 6.73-8.00 after 2082.7 sec [total]
done with H-- for K = 90.51-107.63 Q = 6.73-8.00 after 2083.7 sec [total]
done with UU for K = 107.63-128.00 Q = 6.73-8.00 after 2084.7 sec [total]
done with BB for K = 107.63-128.00 Q = 6.73-8.00 after 2085.8 sec [total]
done with UBTa for K = 107.63-128.00 Q = 6.73-8.00 after 2086.0 sec [total]
done with UBTb for K = 107.63-128.00 Q = 6.73-8.00 after 2086.2 sec [total]
done with UBTbA for K = 107.63-128.00 Q = 6.73-8.00 after 2086.4 sec [total]
done with UBTbC for K = 107.63-128.00 Q = 6.73-8.00 after 2086.8 sec [total]
done with H for K = 107.63-128.00 Q = 6.73-8.00 after 2087.9 sec [total]
done with H++ for K = 107.63-128.00 Q = 6.73-8.00 after 2091.0 sec [total]
done with H+- for K = 107.63-128.00 Q = 6.73-8.00 after 2092.1 sec [total]
done with H-+ for K = 107.63-128.00 Q = 6.73-8.00 after 2093.2 sec [total]
done with H-- for K = 107.63-128.00 Q = 6.73-8.00 after 2094.3 sec [total]
done with UU for K = 128.00-152.22 Q = 6.73-8.00 after 2095.4 sec [total]
done with BB for K = 128.00-152.22 Q = 6.73-8.00 after 2096.5 sec [total]
done with UBTa for K = 128.00-152.22 Q = 6.73-8.00 after 2096.7 sec [total]
done with UBTb for K = 128.00-152.22 Q = 6.73-8.00 after 2096.9 sec [total]
done with UBTbA for K = 128.00-152.22 Q = 6.73-8.00 after 2097.1 sec [total]
done with UBTbC for K = 128.00-152.22 Q = 6.73-8.00 after 2097.4 sec [total]
done with H for K = 128.00-152.22 Q = 6.73-8.00 after 2098.5 sec [total]
done with H++ for K = 128.00-152.22 Q = 6.73-8.00 after 2101.7 sec [total]
done with H+- for K = 128.00-152.22 Q = 6.73-8.00 after 2102.8 sec [total]
done with H-+ for K = 128.00-152.22 Q = 6.73-8.00 after 2103.9 sec [total]
done with H-- for K = 128.00-152.22 Q = 6.73-8.00 after 2105.0 sec [total]
done with UU for K = 152.22-181.02 Q = 6.73-8.00 after 2106.1 sec [total]
done with BB for K = 152.22-181.02 Q = 6.73-8.00 after 2107.1 sec [total]
done with UBTa for K = 152.22-181.02 Q = 6.73-8.00 after 2107.3 sec [total]
done with UBTb for K = 152.22-181.02 Q = 6.73-8.00 after 2107.5 sec [total]
done with UBTbA for K = 152.22-181.02 Q = 6.73-8.00 after 2107.7 sec [total]
done with UBTbC for K = 152.22-181.02 Q = 6.73-8.00 after 2108.0 sec [total]
done with H for K = 152.22-181.02 Q = 6.73-8.00 after 2109.1 sec [total]
done with H++ for K = 152.22-181.02 Q = 6.73-8.00 after 2112.4 sec [total]
done with H+- for K = 152.22-181.02 Q = 6.73-8.00 after 2113.4 sec [total]
done with H-+ for K = 152.22-181.02 Q = 6.73-8.00 after 2114.5 sec [total]
done with H-- for K = 152.22-181.02 Q = 6.73-8.00 after 2115.5 sec [total]
done with UU for K = 181.02-215.27 Q = 6.73-8.00 after 2116.7 sec [total]
done with BB for K = 181.02-215.27 Q = 6.73-8.00 after 2117.8 sec [total]
done with UBTa for K = 181.02-215.27 Q = 6.73-8.00 after 2118.0 sec [total]
done with UBTb for K = 181.02-215.27 Q = 6.73-8.00 after 2118.2 sec [total]
done with UBTbA for K = 181.02-215.27 Q = 6.73-8.00 after 2118.3 sec [total]
done with UBTbC for K = 181.02-215.27 Q = 6.73-8.00 after 2118.7 sec [total]
done with H for K = 181.02-215.27 Q = 6.73-8.00 after 2119.8 sec [total]
done with H++ for K = 181.02-215.27 Q = 6.73-8.00 after 2123.0 sec [total]
done with H+- for K = 181.02-215.27 Q = 6.73-8.00 after 2124.1 sec [total]
done with H-+ for K = 181.02-215.27 Q = 6.73-8.00 after 2125.2 sec [total]
done with H-- for K = 181.02-215.27 Q = 6.73-8.00 after 2126.2 sec [total]
done with UU for K = 215.27-256.00 Q = 6.73-8.00 after 2127.3 sec [total]
done with BB for K = 215.27-256.00 Q = 6.73-8.00 after 2128.4 sec [total]
done with UBTa for K = 215.27-256.00 Q = 6.73-8.00 after 2128.5 sec [total]
done with UBTb for K = 215.27-256.00 Q = 6.73-8.00 after 2128.7 sec [total]
done with UBTbA for K = 215.27-256.00 Q = 6.73-8.00 after 2128.9 sec [total]
done with UBTbC for K = 215.27-256.00 Q = 6.73-8.00 after 2129.3 sec [total]
done with H for K = 215.27-256.00 Q = 6.73-8.00 after 2130.4 sec [total]
done with H++ for K = 215.27-256.00 Q = 6.73-8.00 after 2133.6 sec [total]
done with H+- for K = 215.27-256.00 Q = 6.73-8.00 after 2134.7 sec [total]
done with H-+ for K = 215.27-256.00 Q = 6.73-8.00 after 2135.8 sec [total]
done with H-- for K = 215.27-256.00 Q = 6.73-8.00 after 2136.8 sec [total]
done with UU for K = 256.00-304.44 Q = 6.73-8.00 after 2138.0 sec [total]
done with BB for K = 256.00-304.44 Q = 6.73-8.00 after 2139.0 sec [total]
done with UBTa for K = 256.00-304.44 Q = 6.73-8.00 after 2139.2 sec [total]
done with UBTb for K = 256.00-304.44 Q = 6.73-8.00 after 2139.4 sec [total]
done with UBTbA for K = 256.00-304.44 Q = 6.73-8.00 after 2139.6 sec [total]
done with UBTbC for K = 256.00-304.44 Q = 6.73-8.00 after 2140.0 sec [total]
done with H for K = 256.00-304.44 Q = 6.73-8.00 after 2141.0 sec [total]
done with H++ for K = 256.00-304.44 Q = 6.73-8.00 after 2144.2 sec [total]
done with H+- for K = 256.00-304.44 Q = 6.73-8.00 after 2145.4 sec [total]
done with H-+ for K = 256.00-304.44 Q = 6.73-8.00 after 2146.5 sec [total]
done with H-- for K = 256.00-304.44 Q = 6.73-8.00 after 2147.5 sec [total]
done with UU for K = 304.44-362.04 Q = 6.73-8.00 after 2148.6 sec [total]
done with BB for K = 304.44-362.04 Q = 6.73-8.00 after 2149.6 sec [total]
done with UBTa for K = 304.44-362.04 Q = 6.73-8.00 after 2149.8 sec [total]
done with UBTb for K = 304.44-362.04 Q = 6.73-8.00 after 2150.0 sec [total]
done with UBTbA for K = 304.44-362.04 Q = 6.73-8.00 after 2150.3 sec [total]
done with UBTbC for K = 304.44-362.04 Q = 6.73-8.00 after 2150.6 sec [total]
done with H for K = 304.44-362.04 Q = 6.73-8.00 after 2151.6 sec [total]
done with H++ for K = 304.44-362.04 Q = 6.73-8.00 after 2154.9 sec [total]
done with H+- for K = 304.44-362.04 Q = 6.73-8.00 after 2155.9 sec [total]
done with H-+ for K = 304.44-362.04 Q = 6.73-8.00 after 2157.1 sec [total]
done with H-- for K = 304.44-362.04 Q = 6.73-8.00 after 2158.1 sec [total]
done with UU for K = 362.04-430.54 Q = 6.73-8.00 after 2159.1 sec [total]
done with BB for K = 362.04-430.54 Q = 6.73-8.00 after 2160.2 sec [total]
done with UBTa for K = 362.04-430.54 Q = 6.73-8.00 after 2160.4 sec [total]
done with UBTb for K = 362.04-430.54 Q = 6.73-8.00 after 2160.6 sec [total]
done with UBTbA for K = 362.04-430.54 Q = 6.73-8.00 after 2160.8 sec [total]
done with UBTbC for K = 362.04-430.54 Q = 6.73-8.00 after 2161.2 sec [total]
done with H for K = 362.04-430.54 Q = 6.73-8.00 after 2162.3 sec [total]
done with H++ for K = 362.04-430.54 Q = 6.73-8.00 after 2165.5 sec [total]
done with H+- for K = 362.04-430.54 Q = 6.73-8.00 after 2166.6 sec [total]
done with H-+ for K = 362.04-430.54 Q = 6.73-8.00 after 2167.7 sec [total]
done with H-- for K = 362.04-430.54 Q = 6.73-8.00 after 2168.7 sec [total]
done with UU for K = 430.54-512.00 Q = 6.73-8.00 after 2169.8 sec [total]
done with BB for K = 430.54-512.00 Q = 6.73-8.00 after 2170.8 sec [total]
done with UBTa for K = 430.54-512.00 Q = 6.73-8.00 after 2171.0 sec [total]
done with UBTb for K = 430.54-512.00 Q = 6.73-8.00 after 2171.2 sec [total]
done with UBTbA for K = 430.54-512.00 Q = 6.73-8.00 after 2171.4 sec [total]
done with UBTbC for K = 430.54-512.00 Q = 6.73-8.00 after 2171.8 sec [total]
done with H for K = 430.54-512.00 Q = 6.73-8.00 after 2172.9 sec [total]
done with H++ for K = 430.54-512.00 Q = 6.73-8.00 after 2176.1 sec [total]
done with H+- for K = 430.54-512.00 Q = 6.73-8.00 after 2177.1 sec [total]
done with H-+ for K = 430.54-512.00 Q = 6.73-8.00 after 2178.2 sec [total]
done with H-- for K = 430.54-512.00 Q = 6.73-8.00 after 2179.3 sec [total]
done with UU for K = 512.00-608.87 Q = 6.73-8.00 after 2180.4 sec [total]
done with BB for K = 512.00-608.87 Q = 6.73-8.00 after 2181.5 sec [total]
done with UBTa for K = 512.00-608.87 Q = 6.73-8.00 after 2181.7 sec [total]
done with UBTb for K = 512.00-608.87 Q = 6.73-8.00 after 2181.9 sec [total]
done with UBTbA for K = 512.00-608.87 Q = 6.73-8.00 after 2182.1 sec [total]
done with UBTbC for K = 512.00-608.87 Q = 6.73-8.00 after 2182.4 sec [total]
done with H for K = 512.00-608.87 Q = 6.73-8.00 after 2183.5 sec [total]
done with H++ for K = 512.00-608.87 Q = 6.73-8.00 after 2186.7 sec [total]
done with H+- for K = 512.00-608.87 Q = 6.73-8.00 after 2187.8 sec [total]
done with H-+ for K = 512.00-608.87 Q = 6.73-8.00 after 2188.9 sec [total]
done with H-- for K = 512.00-608.87 Q = 6.73-8.00 after 2189.9 sec [total]
done with UU for K = 608.87-724.08 Q = 6.73-8.00 after 2191.1 sec [total]
done with BB for K = 608.87-724.08 Q = 6.73-8.00 after 2192.2 sec [total]
done with UBTa for K = 608.87-724.08 Q = 6.73-8.00 after 2192.4 sec [total]
done with UBTb for K = 608.87-724.08 Q = 6.73-8.00 after 2192.5 sec [total]
done with UBTbA for K = 608.87-724.08 Q = 6.73-8.00 after 2192.7 sec [total]
done with UBTbC for K = 608.87-724.08 Q = 6.73-8.00 after 2193.1 sec [total]
done with H for K = 608.87-724.08 Q = 6.73-8.00 after 2194.2 sec [total]
done with H++ for K = 608.87-724.08 Q = 6.73-8.00 after 2197.4 sec [total]
done with H+- for K = 608.87-724.08 Q = 6.73-8.00 after 2198.4 sec [total]
done with H-+ for K = 608.87-724.08 Q = 6.73-8.00 after 2199.5 sec [total]
done with H-- for K = 608.87-724.08 Q = 6.73-8.00 after 2200.6 sec [total]
done with UU for K = 724.08-861.08 Q = 6.73-8.00 after 2201.8 sec [total]
done with BB for K = 724.08-861.08 Q = 6.73-8.00 after 2202.8 sec [total]
done with UBTa for K = 724.08-861.08 Q = 6.73-8.00 after 2203.0 sec [total]
done with UBTb for K = 724.08-861.08 Q = 6.73-8.00 after 2203.2 sec [total]
done with UBTbA for K = 724.08-861.08 Q = 6.73-8.00 after 2203.4 sec [total]
done with UBTbC for K = 724.08-861.08 Q = 6.73-8.00 after 2203.8 sec [total]
done with H for K = 724.08-861.08 Q = 6.73-8.00 after 2204.8 sec [total]
done with H++ for K = 724.08-861.08 Q = 6.73-8.00 after 2208.0 sec [total]
done with H+- for K = 724.08-861.08 Q = 6.73-8.00 after 2209.1 sec [total]
done with H-+ for K = 724.08-861.08 Q = 6.73-8.00 after 2210.1 sec [total]
done with H-- for K = 724.08-861.08 Q = 6.73-8.00 after 2211.2 sec [total]
done with UU for K = 861.08-1024.00 Q = 6.73-8.00 after 2212.3 sec [total]
done with BB for K = 861.08-1024.00 Q = 6.73-8.00 after 2213.4 sec [total]
done with UBTa for K = 861.08-1024.00 Q = 6.73-8.00 after 2213.6 sec [total]
done with UBTb for K = 861.08-1024.00 Q = 6.73-8.00 after 2213.8 sec [total]
done with UBTbA for K = 861.08-1024.00 Q = 6.73-8.00 after 2214.0 sec [total]
done with UBTbC for K = 861.08-1024.00 Q = 6.73-8.00 after 2214.4 sec [total]
done with H for K = 861.08-1024.00 Q = 6.73-8.00 after 2215.4 sec [total]
done with H++ for K = 861.08-1024.00 Q = 6.73-8.00 after 2218.6 sec [total]
done with H+- for K = 861.08-1024.00 Q = 6.73-8.00 after 2219.7 sec [total]
done with H-+ for K = 861.08-1024.00 Q = 6.73-8.00 after 2220.8 sec [total]
done with H-- for K = 861.08-1024.00 Q = 6.73-8.00 after 2221.8 sec [total]
done with UU for K = 0.00-3.36 Q = 8.00-9.51 after 2225.0 sec [total]
done with BB for K = 0.00-3.36 Q = 8.00-9.51 after 2228.1 sec [total]
done with UBTa for K = 0.00-3.36 Q = 8.00-9.51 after 2229.9 sec [total]
done with UBTb for K = 0.00-3.36 Q = 8.00-9.51 after 2231.7 sec [total]
done with UBTbA for K = 0.00-3.36 Q = 8.00-9.51 after 2233.5 sec [total]
done with UBTbC for K = 0.00-3.36 Q = 8.00-9.51 after 2233.8 sec [total]
done with H for K = 0.00-3.36 Q = 8.00-9.51 after 2234.9 sec [total]
done with H++ for K = 0.00-3.36 Q = 8.00-9.51 after 2238.2 sec [total]
done with H+- for K = 0.00-3.36 Q = 8.00-9.51 after 2239.2 sec [total]
done with H-+ for K = 0.00-3.36 Q = 8.00-9.51 after 2240.3 sec [total]
done with H-- for K = 0.00-3.36 Q = 8.00-9.51 after 2241.4 sec [total]
done with UU for K = 3.36-4.00 Q = 8.00-9.51 after 2242.5 sec [total]
done with BB for K = 3.36-4.00 Q = 8.00-9.51 after 2243.6 sec [total]
done with UBTa for K = 3.36-4.00 Q = 8.00-9.51 after 2243.8 sec [total]
done with UBTb for K = 3.36-4.00 Q = 8.00-9.51 after 2244.0 sec [total]
done with UBTbA for K = 3.36-4.00 Q = 8.00-9.51 after 2244.1 sec [total]
done with UBTbC for K = 3.36-4.00 Q = 8.00-9.51 after 2244.5 sec [total]
done with H for K = 3.36-4.00 Q = 8.00-9.51 after 2245.6 sec [total]
done with H++ for K = 3.36-4.00 Q = 8.00-9.51 after 2248.8 sec [total]
done with H+- for K = 3.36-4.00 Q = 8.00-9.51 after 2249.9 sec [total]
done with H-+ for K = 3.36-4.00 Q = 8.00-9.51 after 2251.0 sec [total]
done with H-- for K = 3.36-4.00 Q = 8.00-9.51 after 2252.1 sec [total]
done with UU for K = 4.00-4.76 Q = 8.00-9.51 after 2253.2 sec [total]
done with BB for K = 4.00-4.76 Q = 8.00-9.51 after 2254.3 sec [total]
done with UBTa for K = 4.00-4.76 Q = 8.00-9.51 after 2254.5 sec [total]
done with UBTb for K = 4.00-4.76 Q = 8.00-9.51 after 2254.7 sec [total]
done with UBTbA for K = 4.00-4.76 Q = 8.00-9.51 after 2254.9 sec [total]
done with UBTbC for K = 4.00-4.76 Q = 8.00-9.51 after 2255.3 sec [total]
done with H for K = 4.00-4.76 Q = 8.00-9.51 after 2256.3 sec [total]
done with H++ for K = 4.00-4.76 Q = 8.00-9.51 after 2259.5 sec [total]
done with H+- for K = 4.00-4.76 Q = 8.00-9.51 after 2260.6 sec [total]
done with H-+ for K = 4.00-4.76 Q = 8.00-9.51 after 2261.7 sec [total]
done with H-- for K = 4.00-4.76 Q = 8.00-9.51 after 2262.7 sec [total]
done with UU for K = 4.76-5.66 Q = 8.00-9.51 after 2263.9 sec [total]
done with BB for K = 4.76-5.66 Q = 8.00-9.51 after 2264.9 sec [total]
done with UBTa for K = 4.76-5.66 Q = 8.00-9.51 after 2265.1 sec [total]
done with UBTb for K = 4.76-5.66 Q = 8.00-9.51 after 2265.3 sec [total]
done with UBTbA for K = 4.76-5.66 Q = 8.00-9.51 after 2265.5 sec [total]
done with UBTbC for K = 4.76-5.66 Q = 8.00-9.51 after 2265.8 sec [total]
done with H for K = 4.76-5.66 Q = 8.00-9.51 after 2266.9 sec [total]
done with H++ for K = 4.76-5.66 Q = 8.00-9.51 after 2270.1 sec [total]
done with H+- for K = 4.76-5.66 Q = 8.00-9.51 after 2271.2 sec [total]
done with H-+ for K = 4.76-5.66 Q = 8.00-9.51 after 2272.3 sec [total]
done with H-- for K = 4.76-5.66 Q = 8.00-9.51 after 2273.4 sec [total]
done with UU for K = 5.66-6.73 Q = 8.00-9.51 after 2274.5 sec [total]
done with BB for K = 5.66-6.73 Q = 8.00-9.51 after 2275.6 sec [total]
done with UBTa for K = 5.66-6.73 Q = 8.00-9.51 after 2275.8 sec [total]
done with UBTb for K = 5.66-6.73 Q = 8.00-9.51 after 2276.0 sec [total]
done with UBTbA for K = 5.66-6.73 Q = 8.00-9.51 after 2276.1 sec [total]
done with UBTbC for K = 5.66-6.73 Q = 8.00-9.51 after 2276.5 sec [total]
done with H for K = 5.66-6.73 Q = 8.00-9.51 after 2277.6 sec [total]
done with H++ for K = 5.66-6.73 Q = 8.00-9.51 after 2280.7 sec [total]
done with H+- for K = 5.66-6.73 Q = 8.00-9.51 after 2281.9 sec [total]
done with H-+ for K = 5.66-6.73 Q = 8.00-9.51 after 2283.0 sec [total]
done with H-- for K = 5.66-6.73 Q = 8.00-9.51 after 2284.0 sec [total]
done with UU for K = 6.73-8.00 Q = 8.00-9.51 after 2285.2 sec [total]
done with BB for K = 6.73-8.00 Q = 8.00-9.51 after 2286.2 sec [total]
done with UBTa for K = 6.73-8.00 Q = 8.00-9.51 after 2286.4 sec [total]
done with UBTb for K = 6.73-8.00 Q = 8.00-9.51 after 2286.6 sec [total]
done with UBTbA for K = 6.73-8.00 Q = 8.00-9.51 after 2286.8 sec [total]
done with UBTbC for K = 6.73-8.00 Q = 8.00-9.51 after 2287.2 sec [total]
done with H for K = 6.73-8.00 Q = 8.00-9.51 after 2288.2 sec [total]
done with H++ for K = 6.73-8.00 Q = 8.00-9.51 after 2291.4 sec [total]
done with H+- for K = 6.73-8.00 Q = 8.00-9.51 after 2292.5 sec [total]
done with H-+ for K = 6.73-8.00 Q = 8.00-9.51 after 2293.6 sec [total]
done with H-- for K = 6.73-8.00 Q = 8.00-9.51 after 2294.7 sec [total]
done with UU for K = 8.00-9.51 Q = 8.00-9.51 after 2295.7 sec [total]
done with BB for K = 8.00-9.51 Q = 8.00-9.51 after 2296.9 sec [total]
done with UBTa for K = 8.00-9.51 Q = 8.00-9.51 after 2297.1 sec [total]
done with UBTb for K = 8.00-9.51 Q = 8.00-9.51 after 2297.3 sec [total]
done with UBTbA for K = 8.00-9.51 Q = 8.00-9.51 after 2297.5 sec [total]
done with UBTbC for K = 8.00-9.51 Q = 8.00-9.51 after 2297.8 sec [total]
done with H for K = 8.00-9.51 Q = 8.00-9.51 after 2298.9 sec [total]
done with H++ for K = 8.00-9.51 Q = 8.00-9.51 after 2302.0 sec [total]
done with H+- for K = 8.00-9.51 Q = 8.00-9.51 after 2303.1 sec [total]
done with H-+ for K = 8.00-9.51 Q = 8.00-9.51 after 2304.2 sec [total]
done with H-- for K = 8.00-9.51 Q = 8.00-9.51 after 2305.2 sec [total]
done with UU for K = 9.51-11.31 Q = 8.00-9.51 after 2306.4 sec [total]
done with BB for K = 9.51-11.31 Q = 8.00-9.51 after 2307.5 sec [total]
done with UBTa for K = 9.51-11.31 Q = 8.00-9.51 after 2307.7 sec [total]
done with UBTb for K = 9.51-11.31 Q = 8.00-9.51 after 2307.8 sec [total]
done with UBTbA for K = 9.51-11.31 Q = 8.00-9.51 after 2308.1 sec [total]
done with UBTbC for K = 9.51-11.31 Q = 8.00-9.51 after 2308.4 sec [total]
done with H for K = 9.51-11.31 Q = 8.00-9.51 after 2309.5 sec [total]
done with H++ for K = 9.51-11.31 Q = 8.00-9.51 after 2312.8 sec [total]
done with H+- for K = 9.51-11.31 Q = 8.00-9.51 after 2313.8 sec [total]
done with H-+ for K = 9.51-11.31 Q = 8.00-9.51 after 2315.0 sec [total]
done with H-- for K = 9.51-11.31 Q = 8.00-9.51 after 2315.9 sec [total]
done with UU for K = 11.31-13.45 Q = 8.00-9.51 after 2317.0 sec [total]
done with BB for K = 11.31-13.45 Q = 8.00-9.51 after 2318.1 sec [total]
done with UBTa for K = 11.31-13.45 Q = 8.00-9.51 after 2318.3 sec [total]
done with UBTb for K = 11.31-13.45 Q = 8.00-9.51 after 2318.5 sec [total]
done with UBTbA for K = 11.31-13.45 Q = 8.00-9.51 after 2318.7 sec [total]
done with UBTbC for K = 11.31-13.45 Q = 8.00-9.51 after 2319.1 sec [total]
done with H for K = 11.31-13.45 Q = 8.00-9.51 after 2320.1 sec [total]
done with H++ for K = 11.31-13.45 Q = 8.00-9.51 after 2323.3 sec [total]
done with H+- for K = 11.31-13.45 Q = 8.00-9.51 after 2324.4 sec [total]
done with H-+ for K = 11.31-13.45 Q = 8.00-9.51 after 2325.5 sec [total]
done with H-- for K = 11.31-13.45 Q = 8.00-9.51 after 2326.5 sec [total]
done with UU for K = 13.45-16.00 Q = 8.00-9.51 after 2327.5 sec [total]
done with BB for K = 13.45-16.00 Q = 8.00-9.51 after 2328.7 sec [total]
done with UBTa for K = 13.45-16.00 Q = 8.00-9.51 after 2328.9 sec [total]
done with UBTb for K = 13.45-16.00 Q = 8.00-9.51 after 2329.1 sec [total]
done with UBTbA for K = 13.45-16.00 Q = 8.00-9.51 after 2329.3 sec [total]
done with UBTbC for K = 13.45-16.00 Q = 8.00-9.51 after 2329.6 sec [total]
done with H for K = 13.45-16.00 Q = 8.00-9.51 after 2330.7 sec [total]
done with H++ for K = 13.45-16.00 Q = 8.00-9.51 after 2334.0 sec [total]
done with H+- for K = 13.45-16.00 Q = 8.00-9.51 after 2334.9 sec [total]
done with H-+ for K = 13.45-16.00 Q = 8.00-9.51 after 2336.1 sec [total]
done with H-- for K = 13.45-16.00 Q = 8.00-9.51 after 2337.2 sec [total]
done with UU for K = 16.00-19.03 Q = 8.00-9.51 after 2338.3 sec [total]
done with BB for K = 16.00-19.03 Q = 8.00-9.51 after 2339.3 sec [total]
done with UBTa for K = 16.00-19.03 Q = 8.00-9.51 after 2339.5 sec [total]
done with UBTb for K = 16.00-19.03 Q = 8.00-9.51 after 2339.7 sec [total]
done with UBTbA for K = 16.00-19.03 Q = 8.00-9.51 after 2340.0 sec [total]
done with UBTbC for K = 16.00-19.03 Q = 8.00-9.51 after 2340.3 sec [total]
done with H for K = 16.00-19.03 Q = 8.00-9.51 after 2341.3 sec [total]
done with H++ for K = 16.00-19.03 Q = 8.00-9.51 after 2344.5 sec [total]
done with H+- for K = 16.00-19.03 Q = 8.00-9.51 after 2345.6 sec [total]
done with H-+ for K = 16.00-19.03 Q = 8.00-9.51 after 2346.7 sec [total]
done with H-- for K = 16.00-19.03 Q = 8.00-9.51 after 2347.8 sec [total]
done with UU for K = 19.03-22.63 Q = 8.00-9.51 after 2348.9 sec [total]
done with BB for K = 19.03-22.63 Q = 8.00-9.51 after 2350.0 sec [total]
done with UBTa for K = 19.03-22.63 Q = 8.00-9.51 after 2350.1 sec [total]
done with UBTb for K = 19.03-22.63 Q = 8.00-9.51 after 2350.3 sec [total]
done with UBTbA for K = 19.03-22.63 Q = 8.00-9.51 after 2350.5 sec [total]
done with UBTbC for K = 19.03-22.63 Q = 8.00-9.51 after 2350.9 sec [total]
done with H for K = 19.03-22.63 Q = 8.00-9.51 after 2351.9 sec [total]
done with H++ for K = 19.03-22.63 Q = 8.00-9.51 after 2355.1 sec [total]
done with H+- for K = 19.03-22.63 Q = 8.00-9.51 after 2356.2 sec [total]
done with H-+ for K = 19.03-22.63 Q = 8.00-9.51 after 2357.3 sec [total]
done with H-- for K = 19.03-22.63 Q = 8.00-9.51 after 2358.4 sec [total]
done with UU for K = 22.63-26.91 Q = 8.00-9.51 after 2359.5 sec [total]
done with BB for K = 22.63-26.91 Q = 8.00-9.51 after 2360.6 sec [total]
done with UBTa for K = 22.63-26.91 Q = 8.00-9.51 after 2360.8 sec [total]
done with UBTb for K = 22.63-26.91 Q = 8.00-9.51 after 2361.0 sec [total]
done with UBTbA for K = 22.63-26.91 Q = 8.00-9.51 after 2361.2 sec [total]
done with UBTbC for K = 22.63-26.91 Q = 8.00-9.51 after 2361.5 sec [total]
done with H for K = 22.63-26.91 Q = 8.00-9.51 after 2362.6 sec [total]
done with H++ for K = 22.63-26.91 Q = 8.00-9.51 after 2365.7 sec [total]
done with H+- for K = 22.63-26.91 Q = 8.00-9.51 after 2366.9 sec [total]
done with H-+ for K = 22.63-26.91 Q = 8.00-9.51 after 2368.0 sec [total]
done with H-- for K = 22.63-26.91 Q = 8.00-9.51 after 2369.1 sec [total]
done with UU for K = 26.91-32.00 Q = 8.00-9.51 after 2370.1 sec [total]
done with BB for K = 26.91-32.00 Q = 8.00-9.51 after 2371.2 sec [total]
done with UBTa for K = 26.91-32.00 Q = 8.00-9.51 after 2371.4 sec [total]
done with UBTb for K = 26.91-32.00 Q = 8.00-9.51 after 2371.6 sec [total]
done with UBTbA for K = 26.91-32.00 Q = 8.00-9.51 after 2371.8 sec [total]
done with UBTbC for K = 26.91-32.00 Q = 8.00-9.51 after 2372.2 sec [total]
done with H for K = 26.91-32.00 Q = 8.00-9.51 after 2373.2 sec [total]
done with H++ for K = 26.91-32.00 Q = 8.00-9.51 after 2376.5 sec [total]
done with H+- for K = 26.91-32.00 Q = 8.00-9.51 after 2377.5 sec [total]
done with H-+ for K = 26.91-32.00 Q = 8.00-9.51 after 2378.6 sec [total]
done with H-- for K = 26.91-32.00 Q = 8.00-9.51 after 2379.7 sec [total]
done with UU for K = 32.00-38.05 Q = 8.00-9.51 after 2380.7 sec [total]
done with BB for K = 32.00-38.05 Q = 8.00-9.51 after 2381.9 sec [total]
done with UBTa for K = 32.00-38.05 Q = 8.00-9.51 after 2382.1 sec [total]
done with UBTb for K = 32.00-38.05 Q = 8.00-9.51 after 2382.3 sec [total]
done with UBTbA for K = 32.00-38.05 Q = 8.00-9.51 after 2382.5 sec [total]
done with UBTbC for K = 32.00-38.05 Q = 8.00-9.51 after 2382.8 sec [total]
done with H for K = 32.00-38.05 Q = 8.00-9.51 after 2383.9 sec [total]
done with H++ for K = 32.00-38.05 Q = 8.00-9.51 after 2387.0 sec [total]
done with H+- for K = 32.00-38.05 Q = 8.00-9.51 after 2388.1 sec [total]
done with H-+ for K = 32.00-38.05 Q = 8.00-9.51 after 2389.2 sec [total]
done with H-- for K = 32.00-38.05 Q = 8.00-9.51 after 2390.3 sec [total]
done with UU for K = 38.05-45.25 Q = 8.00-9.51 after 2391.4 sec [total]
done with BB for K = 38.05-45.25 Q = 8.00-9.51 after 2392.4 sec [total]
done with UBTa for K = 38.05-45.25 Q = 8.00-9.51 after 2392.6 sec [total]
done with UBTb for K = 38.05-45.25 Q = 8.00-9.51 after 2392.8 sec [total]
done with UBTbA for K = 38.05-45.25 Q = 8.00-9.51 after 2393.0 sec [total]
done with UBTbC for K = 38.05-45.25 Q = 8.00-9.51 after 2393.4 sec [total]
done with H for K = 38.05-45.25 Q = 8.00-9.51 after 2394.5 sec [total]
done with H++ for K = 38.05-45.25 Q = 8.00-9.51 after 2397.6 sec [total]
done with H+- for K = 38.05-45.25 Q = 8.00-9.51 after 2398.7 sec [total]
done with H-+ for K = 38.05-45.25 Q = 8.00-9.51 after 2399.8 sec [total]
done with H-- for K = 38.05-45.25 Q = 8.00-9.51 after 2400.9 sec [total]
done with UU for K = 45.25-53.82 Q = 8.00-9.51 after 2402.1 sec [total]
done with BB for K = 45.25-53.82 Q = 8.00-9.51 after 2403.1 sec [total]
done with UBTa for K = 45.25-53.82 Q = 8.00-9.51 after 2403.3 sec [total]
done with UBTb for K = 45.25-53.82 Q = 8.00-9.51 after 2403.5 sec [total]
done with UBTbA for K = 45.25-53.82 Q = 8.00-9.51 after 2403.7 sec [total]
done with UBTbC for K = 45.25-53.82 Q = 8.00-9.51 after 2404.1 sec [total]
done with H for K = 45.25-53.82 Q = 8.00-9.51 after 2405.1 sec [total]
done with H++ for K = 45.25-53.82 Q = 8.00-9.51 after 2408.4 sec [total]
done with H+- for K = 45.25-53.82 Q = 8.00-9.51 after 2409.4 sec [total]
done with H-+ for K = 45.25-53.82 Q = 8.00-9.51 after 2410.5 sec [total]
done with H-- for K = 45.25-53.82 Q = 8.00-9.51 after 2411.5 sec [total]
done with UU for K = 53.82-64.00 Q = 8.00-9.51 after 2412.7 sec [total]
done with BB for K = 53.82-64.00 Q = 8.00-9.51 after 2413.7 sec [total]
done with UBTa for K = 53.82-64.00 Q = 8.00-9.51 after 2413.9 sec [total]
done with UBTb for K = 53.82-64.00 Q = 8.00-9.51 after 2414.1 sec [total]
done with UBTbA for K = 53.82-64.00 Q = 8.00-9.51 after 2414.3 sec [total]
done with UBTbC for K = 53.82-64.00 Q = 8.00-9.51 after 2414.7 sec [total]
done with H for K = 53.82-64.00 Q = 8.00-9.51 after 2415.8 sec [total]
done with H++ for K = 53.82-64.00 Q = 8.00-9.51 after 2419.0 sec [total]
done with H+- for K = 53.82-64.00 Q = 8.00-9.51 after 2420.0 sec [total]
done with H-+ for K = 53.82-64.00 Q = 8.00-9.51 after 2421.2 sec [total]
done with H-- for K = 53.82-64.00 Q = 8.00-9.51 after 2422.2 sec [total]
done with UU for K = 64.00-76.11 Q = 8.00-9.51 after 2423.3 sec [total]
done with BB for K = 64.00-76.11 Q = 8.00-9.51 after 2424.4 sec [total]
done with UBTa for K = 64.00-76.11 Q = 8.00-9.51 after 2424.6 sec [total]
done with UBTb for K = 64.00-76.11 Q = 8.00-9.51 after 2424.8 sec [total]
done with UBTbA for K = 64.00-76.11 Q = 8.00-9.51 after 2425.0 sec [total]
done with UBTbC for K = 64.00-76.11 Q = 8.00-9.51 after 2425.4 sec [total]
done with H for K = 64.00-76.11 Q = 8.00-9.51 after 2426.4 sec [total]
done with H++ for K = 64.00-76.11 Q = 8.00-9.51 after 2429.6 sec [total]
done with H+- for K = 64.00-76.11 Q = 8.00-9.51 after 2430.7 sec [total]
done with H-+ for K = 64.00-76.11 Q = 8.00-9.51 after 2431.8 sec [total]
done with H-- for K = 64.00-76.11 Q = 8.00-9.51 after 2432.8 sec [total]
done with UU for K = 76.11-90.51 Q = 8.00-9.51 after 2433.9 sec [total]
done with BB for K = 76.11-90.51 Q = 8.00-9.51 after 2435.0 sec [total]
done with UBTa for K = 76.11-90.51 Q = 8.00-9.51 after 2435.2 sec [total]
done with UBTb for K = 76.11-90.51 Q = 8.00-9.51 after 2435.3 sec [total]
done with UBTbA for K = 76.11-90.51 Q = 8.00-9.51 after 2435.5 sec [total]
done with UBTbC for K = 76.11-90.51 Q = 8.00-9.51 after 2435.9 sec [total]
done with H for K = 76.11-90.51 Q = 8.00-9.51 after 2437.0 sec [total]
done with H++ for K = 76.11-90.51 Q = 8.00-9.51 after 2440.3 sec [total]
done with H+- for K = 76.11-90.51 Q = 8.00-9.51 after 2441.3 sec [total]
done with H-+ for K = 76.11-90.51 Q = 8.00-9.51 after 2442.4 sec [total]
done with H-- for K = 76.11-90.51 Q = 8.00-9.51 after 2443.4 sec [total]
done with UU for K = 90.51-107.63 Q = 8.00-9.51 after 2444.5 sec [total]
done with BB for K = 90.51-107.63 Q = 8.00-9.51 after 2445.6 sec [total]
done with UBTa for K = 90.51-107.63 Q = 8.00-9.51 after 2445.8 sec [total]
done with UBTb for K = 90.51-107.63 Q = 8.00-9.51 after 2446.0 sec [total]
done with UBTbA for K = 90.51-107.63 Q = 8.00-9.51 after 2446.2 sec [total]
done with UBTbC for K = 90.51-107.63 Q = 8.00-9.51 after 2446.6 sec [total]
done with H for K = 90.51-107.63 Q = 8.00-9.51 after 2447.6 sec [total]
done with H++ for K = 90.51-107.63 Q = 8.00-9.51 after 2450.8 sec [total]
done with H+- for K = 90.51-107.63 Q = 8.00-9.51 after 2451.9 sec [total]
done with H-+ for K = 90.51-107.63 Q = 8.00-9.51 after 2453.0 sec [total]
done with H-- for K = 90.51-107.63 Q = 8.00-9.51 after 2454.1 sec [total]
done with UU for K = 107.63-128.00 Q = 8.00-9.51 after 2455.2 sec [total]
done with BB for K = 107.63-128.00 Q = 8.00-9.51 after 2456.3 sec [total]
done with UBTa for K = 107.63-128.00 Q = 8.00-9.51 after 2456.4 sec [total]
done with UBTb for K = 107.63-128.00 Q = 8.00-9.51 after 2456.6 sec [total]
done with UBTbA for K = 107.63-128.00 Q = 8.00-9.51 after 2456.8 sec [total]
done with UBTbC for K = 107.63-128.00 Q = 8.00-9.51 after 2457.2 sec [total]
done with H for K = 107.63-128.00 Q = 8.00-9.51 after 2458.3 sec [total]
done with H++ for K = 107.63-128.00 Q = 8.00-9.51 after 2461.5 sec [total]
done with H+- for K = 107.63-128.00 Q = 8.00-9.51 after 2462.5 sec [total]
done with H-+ for K = 107.63-128.00 Q = 8.00-9.51 after 2463.6 sec [total]
done with H-- for K = 107.63-128.00 Q = 8.00-9.51 after 2464.7 sec [total]
done with UU for K = 128.00-152.22 Q = 8.00-9.51 after 2465.8 sec [total]
done with BB for K = 128.00-152.22 Q = 8.00-9.51 after 2466.9 sec [total]
done with UBTa for K = 128.00-152.22 Q = 8.00-9.51 after 2467.1 sec [total]
done with UBTb for K = 128.00-152.22 Q = 8.00-9.51 after 2467.3 sec [total]
done with UBTbA for K = 128.00-152.22 Q = 8.00-9.51 after 2467.5 sec [total]
done with UBTbC for K = 128.00-152.22 Q = 8.00-9.51 after 2467.9 sec [total]
done with H for K = 128.00-152.22 Q = 8.00-9.51 after 2468.9 sec [total]
done with H++ for K = 128.00-152.22 Q = 8.00-9.51 after 2472.2 sec [total]
done with H+- for K = 128.00-152.22 Q = 8.00-9.51 after 2473.3 sec [total]
done with H-+ for K = 128.00-152.22 Q = 8.00-9.51 after 2474.4 sec [total]
done with H-- for K = 128.00-152.22 Q = 8.00-9.51 after 2475.4 sec [total]
done with UU for K = 152.22-181.02 Q = 8.00-9.51 after 2476.5 sec [total]
done with BB for K = 152.22-181.02 Q = 8.00-9.51 after 2477.5 sec [total]
done with UBTa for K = 152.22-181.02 Q = 8.00-9.51 after 2477.7 sec [total]
done with UBTb for K = 152.22-181.02 Q = 8.00-9.51 after 2477.9 sec [total]
done with UBTbA for K = 152.22-181.02 Q = 8.00-9.51 after 2478.1 sec [total]
done with UBTbC for K = 152.22-181.02 Q = 8.00-9.51 after 2478.5 sec [total]
done with H for K = 152.22-181.02 Q = 8.00-9.51 after 2479.5 sec [total]
done with H++ for K = 152.22-181.02 Q = 8.00-9.51 after 2482.7 sec [total]
done with H+- for K = 152.22-181.02 Q = 8.00-9.51 after 2483.8 sec [total]
done with H-+ for K = 152.22-181.02 Q = 8.00-9.51 after 2484.9 sec [total]
done with H-- for K = 152.22-181.02 Q = 8.00-9.51 after 2486.0 sec [total]
done with UU for K = 181.02-215.27 Q = 8.00-9.51 after 2487.1 sec [total]
done with BB for K = 181.02-215.27 Q = 8.00-9.51 after 2488.2 sec [total]
done with UBTa for K = 181.02-215.27 Q = 8.00-9.51 after 2488.4 sec [total]
done with UBTb for K = 181.02-215.27 Q = 8.00-9.51 after 2488.5 sec [total]
done with UBTbA for K = 181.02-215.27 Q = 8.00-9.51 after 2488.7 sec [total]
done with UBTbC for K = 181.02-215.27 Q = 8.00-9.51 after 2489.1 sec [total]
done with H for K = 181.02-215.27 Q = 8.00-9.51 after 2490.2 sec [total]
done with H++ for K = 181.02-215.27 Q = 8.00-9.51 after 2493.4 sec [total]
done with H+- for K = 181.02-215.27 Q = 8.00-9.51 after 2494.5 sec [total]
done with H-+ for K = 181.02-215.27 Q = 8.00-9.51 after 2495.6 sec [total]
done with H-- for K = 181.02-215.27 Q = 8.00-9.51 after 2496.6 sec [total]
done with UU for K = 215.27-256.00 Q = 8.00-9.51 after 2497.8 sec [total]
done with BB for K = 215.27-256.00 Q = 8.00-9.51 after 2498.9 sec [total]
done with UBTa for K = 215.27-256.00 Q = 8.00-9.51 after 2499.0 sec [total]
done with UBTb for K = 215.27-256.00 Q = 8.00-9.51 after 2499.2 sec [total]
done with UBTbA for K = 215.27-256.00 Q = 8.00-9.51 after 2499.4 sec [total]
done with UBTbC for K = 215.27-256.00 Q = 8.00-9.51 after 2499.8 sec [total]
done with H for K = 215.27-256.00 Q = 8.00-9.51 after 2500.8 sec [total]
done with H++ for K = 215.27-256.00 Q = 8.00-9.51 after 2504.1 sec [total]
done with H+- for K = 215.27-256.00 Q = 8.00-9.51 after 2505.2 sec [total]
done with H-+ for K = 215.27-256.00 Q = 8.00-9.51 after 2506.2 sec [total]
done with H-- for K = 215.27-256.00 Q = 8.00-9.51 after 2507.3 sec [total]
done with UU for K = 256.00-304.44 Q = 8.00-9.51 after 2508.4 sec [total]
done with BB for K = 256.00-304.44 Q = 8.00-9.51 after 2509.5 sec [total]
done with UBTa for K = 256.00-304.44 Q = 8.00-9.51 after 2509.6 sec [total]
done with UBTb for K = 256.00-304.44 Q = 8.00-9.51 after 2509.8 sec [total]
done with UBTbA for K = 256.00-304.44 Q = 8.00-9.51 after 2510.0 sec [total]
done with UBTbC for K = 256.00-304.44 Q = 8.00-9.51 after 2510.5 sec [total]
done with H for K = 256.00-304.44 Q = 8.00-9.51 after 2511.5 sec [total]
done with H++ for K = 256.00-304.44 Q = 8.00-9.51 after 2514.7 sec [total]
done with H+- for K = 256.00-304.44 Q = 8.00-9.51 after 2515.8 sec [total]
done with H-+ for K = 256.00-304.44 Q = 8.00-9.51 after 2516.9 sec [total]
done with H-- for K = 256.00-304.44 Q = 8.00-9.51 after 2517.9 sec [total]
done with UU for K = 304.44-362.04 Q = 8.00-9.51 after 2519.0 sec [total]
done with BB for K = 304.44-362.04 Q = 8.00-9.51 after 2520.1 sec [total]
done with UBTa for K = 304.44-362.04 Q = 8.00-9.51 after 2520.2 sec [total]
done with UBTb for K = 304.44-362.04 Q = 8.00-9.51 after 2520.4 sec [total]
done with UBTbA for K = 304.44-362.04 Q = 8.00-9.51 after 2520.6 sec [total]
done with UBTbC for K = 304.44-362.04 Q = 8.00-9.51 after 2521.0 sec [total]
done with H for K = 304.44-362.04 Q = 8.00-9.51 after 2522.1 sec [total]
done with H++ for K = 304.44-362.04 Q = 8.00-9.51 after 2525.3 sec [total]
done with H+- for K = 304.44-362.04 Q = 8.00-9.51 after 2526.4 sec [total]
done with H-+ for K = 304.44-362.04 Q = 8.00-9.51 after 2527.5 sec [total]
done with H-- for K = 304.44-362.04 Q = 8.00-9.51 after 2528.5 sec [total]
done with UU for K = 362.04-430.54 Q = 8.00-9.51 after 2529.6 sec [total]
done with BB for K = 362.04-430.54 Q = 8.00-9.51 after 2530.7 sec [total]
done with UBTa for K = 362.04-430.54 Q = 8.00-9.51 after 2530.9 sec [total]
done with UBTb for K = 362.04-430.54 Q = 8.00-9.51 after 2531.1 sec [total]
done with UBTbA for K = 362.04-430.54 Q = 8.00-9.51 after 2531.2 sec [total]
done with UBTbC for K = 362.04-430.54 Q = 8.00-9.51 after 2531.6 sec [total]
done with H for K = 362.04-430.54 Q = 8.00-9.51 after 2532.7 sec [total]
done with H++ for K = 362.04-430.54 Q = 8.00-9.51 after 2535.9 sec [total]
done with H+- for K = 362.04-430.54 Q = 8.00-9.51 after 2536.9 sec [total]
done with H-+ for K = 362.04-430.54 Q = 8.00-9.51 after 2538.1 sec [total]
done with H-- for K = 362.04-430.54 Q = 8.00-9.51 after 2539.1 sec [total]
done with UU for K = 430.54-512.00 Q = 8.00-9.51 after 2540.3 sec [total]
done with BB for K = 430.54-512.00 Q = 8.00-9.51 after 2541.3 sec [total]
done with UBTa for K = 430.54-512.00 Q = 8.00-9.51 after 2541.5 sec [total]
done with UBTb for K = 430.54-512.00 Q = 8.00-9.51 after 2541.7 sec [total]
done with UBTbA for K = 430.54-512.00 Q = 8.00-9.51 after 2541.9 sec [total]
done with UBTbC for K = 430.54-512.00 Q = 8.00-9.51 after 2542.3 sec [total]
done with H for K = 430.54-512.00 Q = 8.00-9.51 after 2543.3 sec [total]
done with H++ for K = 430.54-512.00 Q = 8.00-9.51 after 2546.5 sec [total]
done with H+- for K = 430.54-512.00 Q = 8.00-9.51 after 2547.6 sec [total]
done with H-+ for K = 430.54-512.00 Q = 8.00-9.51 after 2548.7 sec [total]
done with H-- for K = 430.54-512.00 Q = 8.00-9.51 after 2549.8 sec [total]
done with UU for K = 512.00-608.87 Q = 8.00-9.51 after 2550.8 sec [total]
done with BB for K = 512.00-608.87 Q = 8.00-9.51 after 2552.0 sec [total]
done with UBTa for K = 512.00-608.87 Q = 8.00-9.51 after 2552.1 sec [total]
done with UBTb for K = 512.00-608.87 Q = 8.00-9.51 after 2552.3 sec [total]
done with UBTbA for K = 512.00-608.87 Q = 8.00-9.51 after 2552.5 sec [total]
done with UBTbC for K = 512.00-608.87 Q = 8.00-9.51 after 2552.9 sec [total]
done with H for K = 512.00-608.87 Q = 8.00-9.51 after 2553.9 sec [total]
done with H++ for K = 512.00-608.87 Q = 8.00-9.51 after 2557.1 sec [total]
done with H+- for K = 512.00-608.87 Q = 8.00-9.51 after 2558.2 sec [total]
done with H-+ for K = 512.00-608.87 Q = 8.00-9.51 after 2559.3 sec [total]
done with H-- for K = 512.00-608.87 Q = 8.00-9.51 after 2560.4 sec [total]
done with UU for K = 608.87-724.08 Q = 8.00-9.51 after 2561.5 sec [total]
done with BB for K = 608.87-724.08 Q = 8.00-9.51 after 2562.6 sec [total]
done with UBTa for K = 608.87-724.08 Q = 8.00-9.51 after 2562.8 sec [total]
done with UBTb for K = 608.87-724.08 Q = 8.00-9.51 after 2563.0 sec [total]
done with UBTbA for K = 608.87-724.08 Q = 8.00-9.51 after 2563.2 sec [total]
done with UBTbC for K = 608.87-724.08 Q = 8.00-9.51 after 2563.5 sec [total]
done with H for K = 608.87-724.08 Q = 8.00-9.51 after 2564.6 sec [total]
done with H++ for K = 608.87-724.08 Q = 8.00-9.51 after 2567.8 sec [total]
done with H+- for K = 608.87-724.08 Q = 8.00-9.51 after 2568.9 sec [total]
done with H-+ for K = 608.87-724.08 Q = 8.00-9.51 after 2570.0 sec [total]
done with H-- for K = 608.87-724.08 Q = 8.00-9.51 after 2571.0 sec [total]
done with UU for K = 724.08-861.08 Q = 8.00-9.51 after 2572.1 sec [total]
done with BB for K = 724.08-861.08 Q = 8.00-9.51 after 2573.2 sec [total]
done with UBTa for K = 724.08-861.08 Q = 8.00-9.51 after 2573.4 sec [total]
done with UBTb for K = 724.08-861.08 Q = 8.00-9.51 after 2573.6 sec [total]
done with UBTbA for K = 724.08-861.08 Q = 8.00-9.51 after 2573.8 sec [total]
done with UBTbC for K = 724.08-861.08 Q = 8.00-9.51 after 2574.1 sec [total]
done with H for K = 724.08-861.08 Q = 8.00-9.51 after 2575.2 sec [total]
done with H++ for K = 724.08-861.08 Q = 8.00-9.51 after 2578.3 sec [total]
done with H+- for K = 724.08-861.08 Q = 8.00-9.51 after 2579.5 sec [total]
done with H-+ for K = 724.08-861.08 Q = 8.00-9.51 after 2580.6 sec [total]
done with H-- for K = 724.08-861.08 Q = 8.00-9.51 after 2581.6 sec [total]
done with UU for K = 861.08-1024.00 Q = 8.00-9.51 after 2582.8 sec [total]
done with BB for K = 861.08-1024.00 Q = 8.00-9.51 after 2583.9 sec [total]
done with UBTa for K = 861.08-1024.00 Q = 8.00-9.51 after 2584.0 sec [total]
done with UBTb for K = 861.08-1024.00 Q = 8.00-9.51 after 2584.2 sec [total]
done with UBTbA for K = 861.08-1024.00 Q = 8.00-9.51 after 2584.4 sec [total]
done with UBTbC for K = 861.08-1024.00 Q = 8.00-9.51 after 2584.8 sec [total]
done with H for K = 861.08-1024.00 Q = 8.00-9.51 after 2585.8 sec [total]
done with H++ for K = 861.08-1024.00 Q = 8.00-9.51 after 2589.1 sec [total]
done with H+- for K = 861.08-1024.00 Q = 8.00-9.51 after 2590.1 sec [total]
done with H-+ for K = 861.08-1024.00 Q = 8.00-9.51 after 2591.3 sec [total]
done with H-- for K = 861.08-1024.00 Q = 8.00-9.51 after 2592.3 sec [total]
done with UU for K = 0.00-3.36 Q = 9.51-11.31 after 2595.5 sec [total]
done with BB for K = 0.00-3.36 Q = 9.51-11.31 after 2598.7 sec [total]
done with UBTa for K = 0.00-3.36 Q = 9.51-11.31 after 2600.4 sec [total]
done with UBTb for K = 0.00-3.36 Q = 9.51-11.31 after 2602.2 sec [total]
done with UBTbA for K = 0.00-3.36 Q = 9.51-11.31 after 2604.0 sec [total]
done with UBTbC for K = 0.00-3.36 Q = 9.51-11.31 after 2604.3 sec [total]
done with H for K = 0.00-3.36 Q = 9.51-11.31 after 2605.4 sec [total]
done with H++ for K = 0.00-3.36 Q = 9.51-11.31 after 2608.7 sec [total]
done with H+- for K = 0.00-3.36 Q = 9.51-11.31 after 2609.7 sec [total]
done with H-+ for K = 0.00-3.36 Q = 9.51-11.31 after 2610.9 sec [total]
done with H-- for K = 0.00-3.36 Q = 9.51-11.31 after 2611.9 sec [total]
done with UU for K = 3.36-4.00 Q = 9.51-11.31 after 2613.0 sec [total]
done with BB for K = 3.36-4.00 Q = 9.51-11.31 after 2614.0 sec [total]
done with UBTa for K = 3.36-4.00 Q = 9.51-11.31 after 2614.2 sec [total]
done with UBTb for K = 3.36-4.00 Q = 9.51-11.31 after 2614.4 sec [total]
done with UBTbA for K = 3.36-4.00 Q = 9.51-11.31 after 2614.6 sec [total]
done with UBTbC for K = 3.36-4.00 Q = 9.51-11.31 after 2614.9 sec [total]
done with H for K = 3.36-4.00 Q = 9.51-11.31 after 2616.0 sec [total]
done with H++ for K = 3.36-4.00 Q = 9.51-11.31 after 2619.2 sec [total]
done with H+- for K = 3.36-4.00 Q = 9.51-11.31 after 2620.3 sec [total]
done with H-+ for K = 3.36-4.00 Q = 9.51-11.31 after 2621.5 sec [total]
done with H-- for K = 3.36-4.00 Q = 9.51-11.31 after 2622.5 sec [total]
done with UU for K = 4.00-4.76 Q = 9.51-11.31 after 2623.6 sec [total]
done with BB for K = 4.00-4.76 Q = 9.51-11.31 after 2624.6 sec [total]
done with UBTa for K = 4.00-4.76 Q = 9.51-11.31 after 2624.8 sec [total]
done with UBTb for K = 4.00-4.76 Q = 9.51-11.31 after 2625.0 sec [total]
done with UBTbA for K = 4.00-4.76 Q = 9.51-11.31 after 2625.2 sec [total]
done with UBTbC for K = 4.00-4.76 Q = 9.51-11.31 after 2625.6 sec [total]
done with H for K = 4.00-4.76 Q = 9.51-11.31 after 2626.6 sec [total]
done with H++ for K = 4.00-4.76 Q = 9.51-11.31 after 2629.8 sec [total]
done with H+- for K = 4.00-4.76 Q = 9.51-11.31 after 2630.9 sec [total]
done with H-+ for K = 4.00-4.76 Q = 9.51-11.31 after 2632.0 sec [total]
done with H-- for K = 4.00-4.76 Q = 9.51-11.31 after 2633.1 sec [total]
done with UU for K = 4.76-5.66 Q = 9.51-11.31 after 2634.2 sec [total]
done with BB for K = 4.76-5.66 Q = 9.51-11.31 after 2635.2 sec [total]
done with UBTa for K = 4.76-5.66 Q = 9.51-11.31 after 2635.4 sec [total]
done with UBTb for K = 4.76-5.66 Q = 9.51-11.31 after 2635.6 sec [total]
done with UBTbA for K = 4.76-5.66 Q = 9.51-11.31 after 2635.8 sec [total]
done with UBTbC for K = 4.76-5.66 Q = 9.51-11.31 after 2636.2 sec [total]
done with H for K = 4.76-5.66 Q = 9.51-11.31 after 2637.3 sec [total]
done with H++ for K = 4.76-5.66 Q = 9.51-11.31 after 2640.4 sec [total]
done with H+- for K = 4.76-5.66 Q = 9.51-11.31 after 2641.5 sec [total]
done with H-+ for K = 4.76-5.66 Q = 9.51-11.31 after 2642.7 sec [total]
done with H-- for K = 4.76-5.66 Q = 9.51-11.31 after 2643.7 sec [total]
done with UU for K = 5.66-6.73 Q = 9.51-11.31 after 2644.8 sec [total]
done with BB for K = 5.66-6.73 Q = 9.51-11.31 after 2645.8 sec [total]
done with UBTa for K = 5.66-6.73 Q = 9.51-11.31 after 2646.0 sec [total]
done with UBTb for K = 5.66-6.73 Q = 9.51-11.31 after 2646.2 sec [total]
done with UBTbA for K = 5.66-6.73 Q = 9.51-11.31 after 2646.5 sec [total]
done with UBTbC for K = 5.66-6.73 Q = 9.51-11.31 after 2646.8 sec [total]
done with H for K = 5.66-6.73 Q = 9.51-11.31 after 2647.8 sec [total]
done with H++ for K = 5.66-6.73 Q = 9.51-11.31 after 2651.0 sec [total]
done with H+- for K = 5.66-6.73 Q = 9.51-11.31 after 2652.1 sec [total]
done with H-+ for K = 5.66-6.73 Q = 9.51-11.31 after 2653.2 sec [total]
done with H-- for K = 5.66-6.73 Q = 9.51-11.31 after 2654.2 sec [total]
done with UU for K = 6.73-8.00 Q = 9.51-11.31 after 2655.4 sec [total]
done with BB for K = 6.73-8.00 Q = 9.51-11.31 after 2656.4 sec [total]
done with UBTa for K = 6.73-8.00 Q = 9.51-11.31 after 2656.6 sec [total]
done with UBTb for K = 6.73-8.00 Q = 9.51-11.31 after 2656.8 sec [total]
done with UBTbA for K = 6.73-8.00 Q = 9.51-11.31 after 2657.0 sec [total]
done with UBTbC for K = 6.73-8.00 Q = 9.51-11.31 after 2657.4 sec [total]
done with H for K = 6.73-8.00 Q = 9.51-11.31 after 2658.5 sec [total]
done with H++ for K = 6.73-8.00 Q = 9.51-11.31 after 2661.7 sec [total]
done with H+- for K = 6.73-8.00 Q = 9.51-11.31 after 2662.8 sec [total]
done with H-+ for K = 6.73-8.00 Q = 9.51-11.31 after 2663.9 sec [total]
done with H-- for K = 6.73-8.00 Q = 9.51-11.31 after 2664.9 sec [total]
done with UU for K = 8.00-9.51 Q = 9.51-11.31 after 2666.0 sec [total]
done with BB for K = 8.00-9.51 Q = 9.51-11.31 after 2667.0 sec [total]
done with UBTa for K = 8.00-9.51 Q = 9.51-11.31 after 2667.2 sec [total]
done with UBTb for K = 8.00-9.51 Q = 9.51-11.31 after 2667.4 sec [total]
done with UBTbA for K = 8.00-9.51 Q = 9.51-11.31 after 2667.6 sec [total]
done with UBTbC for K = 8.00-9.51 Q = 9.51-11.31 after 2668.0 sec [total]
done with H for K = 8.00-9.51 Q = 9.51-11.31 after 2669.1 sec [total]
done with H++ for K = 8.00-9.51 Q = 9.51-11.31 after 2672.3 sec [total]
done with H+- for K = 8.00-9.51 Q = 9.51-11.31 after 2673.4 sec [total]
done with H-+ for K = 8.00-9.51 Q = 9.51-11.31 after 2674.4 sec [total]
done with H-- for K = 8.00-9.51 Q = 9.51-11.31 after 2675.5 sec [total]
done with UU for K = 9.51-11.31 Q = 9.51-11.31 after 2676.7 sec [total]
done with BB for K = 9.51-11.31 Q = 9.51-11.31 after 2677.7 sec [total]
done with UBTa for K = 9.51-11.31 Q = 9.51-11.31 after 2677.9 sec [total]
done with UBTb for K = 9.51-11.31 Q = 9.51-11.31 after 2678.1 sec [total]
done with UBTbA for K = 9.51-11.31 Q = 9.51-11.31 after 2678.3 sec [total]
done with UBTbC for K = 9.51-11.31 Q = 9.51-11.31 after 2678.7 sec [total]
done with H for K = 9.51-11.31 Q = 9.51-11.31 after 2679.7 sec [total]
done with H++ for K = 9.51-11.31 Q = 9.51-11.31 after 2682.9 sec [total]
done with H+- for K = 9.51-11.31 Q = 9.51-11.31 after 2684.0 sec [total]
done with H-+ for K = 9.51-11.31 Q = 9.51-11.31 after 2685.1 sec [total]
done with H-- for K = 9.51-11.31 Q = 9.51-11.31 after 2686.2 sec [total]
done with UU for K = 11.31-13.45 Q = 9.51-11.31 after 2687.3 sec [total]
done with BB for K = 11.31-13.45 Q = 9.51-11.31 after 2688.3 sec [total]
done with UBTa for K = 11.31-13.45 Q = 9.51-11.31 after 2688.5 sec [total]
done with UBTb for K = 11.31-13.45 Q = 9.51-11.31 after 2688.6 sec [total]
done with UBTbA for K = 11.31-13.45 Q = 9.51-11.31 after 2688.8 sec [total]
done with UBTbC for K = 11.31-13.45 Q = 9.51-11.31 after 2689.2 sec [total]
done with H for K = 11.31-13.45 Q = 9.51-11.31 after 2690.3 sec [total]
done with H++ for K = 11.31-13.45 Q = 9.51-11.31 after 2693.4 sec [total]
done with H+- for K = 11.31-13.45 Q = 9.51-11.31 after 2694.6 sec [total]
done with H-+ for K = 11.31-13.45 Q = 9.51-11.31 after 2695.7 sec [total]
done with H-- for K = 11.31-13.45 Q = 9.51-11.31 after 2696.7 sec [total]
done with UU for K = 13.45-16.00 Q = 9.51-11.31 after 2697.9 sec [total]
done with BB for K = 13.45-16.00 Q = 9.51-11.31 after 2698.9 sec [total]
done with UBTa for K = 13.45-16.00 Q = 9.51-11.31 after 2699.1 sec [total]
done with UBTb for K = 13.45-16.00 Q = 9.51-11.31 after 2699.3 sec [total]
done with UBTbA for K = 13.45-16.00 Q = 9.51-11.31 after 2699.5 sec [total]
done with UBTbC for K = 13.45-16.00 Q = 9.51-11.31 after 2699.9 sec [total]
done with H for K = 13.45-16.00 Q = 9.51-11.31 after 2700.9 sec [total]
done with H++ for K = 13.45-16.00 Q = 9.51-11.31 after 2704.2 sec [total]
done with H+- for K = 13.45-16.00 Q = 9.51-11.31 after 2705.2 sec [total]
done with H-+ for K = 13.45-16.00 Q = 9.51-11.31 after 2706.3 sec [total]
done with H-- for K = 13.45-16.00 Q = 9.51-11.31 after 2707.4 sec [total]
done with UU for K = 16.00-19.03 Q = 9.51-11.31 after 2708.4 sec [total]
done with BB for K = 16.00-19.03 Q = 9.51-11.31 after 2709.5 sec [total]
done with UBTa for K = 16.00-19.03 Q = 9.51-11.31 after 2709.7 sec [total]
done with UBTb for K = 16.00-19.03 Q = 9.51-11.31 after 2709.9 sec [total]
done with UBTbA for K = 16.00-19.03 Q = 9.51-11.31 after 2710.1 sec [total]
done with UBTbC for K = 16.00-19.03 Q = 9.51-11.31 after 2710.5 sec [total]
done with H for K = 16.00-19.03 Q = 9.51-11.31 after 2711.6 sec [total]
done with H++ for K = 16.00-19.03 Q = 9.51-11.31 after 2714.8 sec [total]
done with H+- for K = 16.00-19.03 Q = 9.51-11.31 after 2715.8 sec [total]
done with H-+ for K = 16.00-19.03 Q = 9.51-11.31 after 2716.9 sec [total]
done with H-- for K = 16.00-19.03 Q = 9.51-11.31 after 2718.0 sec [total]
done with UU for K = 19.03-22.63 Q = 9.51-11.31 after 2719.1 sec [total]
done with BB for K = 19.03-22.63 Q = 9.51-11.31 after 2720.2 sec [total]
done with UBTa for K = 19.03-22.63 Q = 9.51-11.31 after 2720.3 sec [total]
done with UBTb for K = 19.03-22.63 Q = 9.51-11.31 after 2720.5 sec [total]
done with UBTbA for K = 19.03-22.63 Q = 9.51-11.31 after 2720.7 sec [total]
done with UBTbC for K = 19.03-22.63 Q = 9.51-11.31 after 2721.1 sec [total]
done with H for K = 19.03-22.63 Q = 9.51-11.31 after 2722.2 sec [total]
done with H++ for K = 19.03-22.63 Q = 9.51-11.31 after 2725.4 sec [total]
done with H+- for K = 19.03-22.63 Q = 9.51-11.31 after 2726.5 sec [total]
done with H-+ for K = 19.03-22.63 Q = 9.51-11.31 after 2727.6 sec [total]
done with H-- for K = 19.03-22.63 Q = 9.51-11.31 after 2728.7 sec [total]
done with UU for K = 22.63-26.91 Q = 9.51-11.31 after 2729.7 sec [total]
done with BB for K = 22.63-26.91 Q = 9.51-11.31 after 2730.8 sec [total]
done with UBTa for K = 22.63-26.91 Q = 9.51-11.31 after 2731.0 sec [total]
done with UBTb for K = 22.63-26.91 Q = 9.51-11.31 after 2731.2 sec [total]
done with UBTbA for K = 22.63-26.91 Q = 9.51-11.31 after 2731.4 sec [total]
done with UBTbC for K = 22.63-26.91 Q = 9.51-11.31 after 2731.7 sec [total]
done with H for K = 22.63-26.91 Q = 9.51-11.31 after 2732.8 sec [total]
done with H++ for K = 22.63-26.91 Q = 9.51-11.31 after 2736.1 sec [total]
done with H+- for K = 22.63-26.91 Q = 9.51-11.31 after 2737.2 sec [total]
done with H-+ for K = 22.63-26.91 Q = 9.51-11.31 after 2738.2 sec [total]
done with H-- for K = 22.63-26.91 Q = 9.51-11.31 after 2739.3 sec [total]
done with UU for K = 26.91-32.00 Q = 9.51-11.31 after 2740.3 sec [total]
done with BB for K = 26.91-32.00 Q = 9.51-11.31 after 2741.4 sec [total]
done with UBTa for K = 26.91-32.00 Q = 9.51-11.31 after 2741.6 sec [total]
done with UBTb for K = 26.91-32.00 Q = 9.51-11.31 after 2741.8 sec [total]
done with UBTbA for K = 26.91-32.00 Q = 9.51-11.31 after 2742.0 sec [total]
done with UBTbC for K = 26.91-32.00 Q = 9.51-11.31 after 2742.4 sec [total]
done with H for K = 26.91-32.00 Q = 9.51-11.31 after 2743.4 sec [total]
done with H++ for K = 26.91-32.00 Q = 9.51-11.31 after 2746.7 sec [total]
done with H+- for K = 26.91-32.00 Q = 9.51-11.31 after 2747.7 sec [total]
done with H-+ for K = 26.91-32.00 Q = 9.51-11.31 after 2748.8 sec [total]
done with H-- for K = 26.91-32.00 Q = 9.51-11.31 after 2749.9 sec [total]
done with UU for K = 32.00-38.05 Q = 9.51-11.31 after 2751.0 sec [total]
done with BB for K = 32.00-38.05 Q = 9.51-11.31 after 2752.1 sec [total]
done with UBTa for K = 32.00-38.05 Q = 9.51-11.31 after 2752.3 sec [total]
done with UBTb for K = 32.00-38.05 Q = 9.51-11.31 after 2752.5 sec [total]
done with UBTbA for K = 32.00-38.05 Q = 9.51-11.31 after 2752.7 sec [total]
done with UBTbC for K = 32.00-38.05 Q = 9.51-11.31 after 2753.0 sec [total]
done with H for K = 32.00-38.05 Q = 9.51-11.31 after 2754.1 sec [total]
done with H++ for K = 32.00-38.05 Q = 9.51-11.31 after 2757.2 sec [total]
done with H+- for K = 32.00-38.05 Q = 9.51-11.31 after 2758.4 sec [total]
done with H-+ for K = 32.00-38.05 Q = 9.51-11.31 after 2759.5 sec [total]
done with H-- for K = 32.00-38.05 Q = 9.51-11.31 after 2760.5 sec [total]
done with UU for K = 38.05-45.25 Q = 9.51-11.31 after 2761.6 sec [total]
done with BB for K = 38.05-45.25 Q = 9.51-11.31 after 2762.7 sec [total]
done with UBTa for K = 38.05-45.25 Q = 9.51-11.31 after 2762.8 sec [total]
done with UBTb for K = 38.05-45.25 Q = 9.51-11.31 after 2763.0 sec [total]
done with UBTbA for K = 38.05-45.25 Q = 9.51-11.31 after 2763.2 sec [total]
done with UBTbC for K = 38.05-45.25 Q = 9.51-11.31 after 2763.6 sec [total]
done with H for K = 38.05-45.25 Q = 9.51-11.31 after 2764.7 sec [total]
done with H++ for K = 38.05-45.25 Q = 9.51-11.31 after 2767.8 sec [total]
done with H+- for K = 38.05-45.25 Q = 9.51-11.31 after 2768.9 sec [total]
done with H-+ for K = 38.05-45.25 Q = 9.51-11.31 after 2770.0 sec [total]
done with H-- for K = 38.05-45.25 Q = 9.51-11.31 after 2771.1 sec [total]
done with UU for K = 45.25-53.82 Q = 9.51-11.31 after 2772.2 sec [total]
done with BB for K = 45.25-53.82 Q = 9.51-11.31 after 2773.3 sec [total]
done with UBTa for K = 45.25-53.82 Q = 9.51-11.31 after 2773.5 sec [total]
done with UBTb for K = 45.25-53.82 Q = 9.51-11.31 after 2773.7 sec [total]
done with UBTbA for K = 45.25-53.82 Q = 9.51-11.31 after 2773.9 sec [total]
done with UBTbC for K = 45.25-53.82 Q = 9.51-11.31 after 2774.3 sec [total]
done with H for K = 45.25-53.82 Q = 9.51-11.31 after 2775.4 sec [total]
done with H++ for K = 45.25-53.82 Q = 9.51-11.31 after 2778.6 sec [total]
done with H+- for K = 45.25-53.82 Q = 9.51-11.31 after 2779.7 sec [total]
done with H-+ for K = 45.25-53.82 Q = 9.51-11.31 after 2780.8 sec [total]
done with H-- for K = 45.25-53.82 Q = 9.51-11.31 after 2781.7 sec [total]
done with UU for K = 53.82-64.00 Q = 9.51-11.31 after 2782.9 sec [total]
done with BB for K = 53.82-64.00 Q = 9.51-11.31 after 2784.0 sec [total]
done with UBTa for K = 53.82-64.00 Q = 9.51-11.31 after 2784.2 sec [total]
done with UBTb for K = 53.82-64.00 Q = 9.51-11.31 after 2784.3 sec [total]
done with UBTbA for K = 53.82-64.00 Q = 9.51-11.31 after 2784.5 sec [total]
done with UBTbC for K = 53.82-64.00 Q = 9.51-11.31 after 2784.9 sec [total]
done with H for K = 53.82-64.00 Q = 9.51-11.31 after 2786.0 sec [total]
done with H++ for K = 53.82-64.00 Q = 9.51-11.31 after 2789.2 sec [total]
done with H+- for K = 53.82-64.00 Q = 9.51-11.31 after 2790.3 sec [total]
done with H-+ for K = 53.82-64.00 Q = 9.51-11.31 after 2791.4 sec [total]
done with H-- for K = 53.82-64.00 Q = 9.51-11.31 after 2792.4 sec [total]
done with UU for K = 64.00-76.11 Q = 9.51-11.31 after 2793.6 sec [total]
done with BB for K = 64.00-76.11 Q = 9.51-11.31 after 2794.6 sec [total]
done with UBTa for K = 64.00-76.11 Q = 9.51-11.31 after 2794.8 sec [total]
done with UBTb for K = 64.00-76.11 Q = 9.51-11.31 after 2795.0 sec [total]
done with UBTbA for K = 64.00-76.11 Q = 9.51-11.31 after 2795.2 sec [total]
done with UBTbC for K = 64.00-76.11 Q = 9.51-11.31 after 2795.6 sec [total]
done with H for K = 64.00-76.11 Q = 9.51-11.31 after 2796.6 sec [total]
done with H++ for K = 64.00-76.11 Q = 9.51-11.31 after 2799.8 sec [total]
done with H+- for K = 64.00-76.11 Q = 9.51-11.31 after 2800.9 sec [total]
done with H-+ for K = 64.00-76.11 Q = 9.51-11.31 after 2802.0 sec [total]
done with H-- for K = 64.00-76.11 Q = 9.51-11.31 after 2803.1 sec [total]
done with UU for K = 76.11-90.51 Q = 9.51-11.31 after 2804.1 sec [total]
done with BB for K = 76.11-90.51 Q = 9.51-11.31 after 2805.3 sec [total]
done with UBTa for K = 76.11-90.51 Q = 9.51-11.31 after 2805.4 sec [total]
done with UBTb for K = 76.11-90.51 Q = 9.51-11.31 after 2805.6 sec [total]
done with UBTbA for K = 76.11-90.51 Q = 9.51-11.31 after 2805.8 sec [total]
done with UBTbC for K = 76.11-90.51 Q = 9.51-11.31 after 2806.2 sec [total]
done with H for K = 76.11-90.51 Q = 9.51-11.31 after 2807.3 sec [total]
done with H++ for K = 76.11-90.51 Q = 9.51-11.31 after 2810.5 sec [total]
done with H+- for K = 76.11-90.51 Q = 9.51-11.31 after 2811.6 sec [total]
done with H-+ for K = 76.11-90.51 Q = 9.51-11.31 after 2812.7 sec [total]
done with H-- for K = 76.11-90.51 Q = 9.51-11.31 after 2813.7 sec [total]
done with UU for K = 90.51-107.63 Q = 9.51-11.31 after 2814.9 sec [total]
done with BB for K = 90.51-107.63 Q = 9.51-11.31 after 2815.9 sec [total]
done with UBTa for K = 90.51-107.63 Q = 9.51-11.31 after 2816.1 sec [total]
done with UBTb for K = 90.51-107.63 Q = 9.51-11.31 after 2816.3 sec [total]
done with UBTbA for K = 90.51-107.63 Q = 9.51-11.31 after 2816.5 sec [total]
done with UBTbC for K = 90.51-107.63 Q = 9.51-11.31 after 2816.9 sec [total]
done with H for K = 90.51-107.63 Q = 9.51-11.31 after 2817.9 sec [total]
done with H++ for K = 90.51-107.63 Q = 9.51-11.31 after 2821.1 sec [total]
done with H+- for K = 90.51-107.63 Q = 9.51-11.31 after 2822.2 sec [total]
done with H-+ for K = 90.51-107.63 Q = 9.51-11.31 after 2823.3 sec [total]
done with H-- for K = 90.51-107.63 Q = 9.51-11.31 after 2824.3 sec [total]
done with UU for K = 107.63-128.00 Q = 9.51-11.31 after 2825.5 sec [total]
done with BB for K = 107.63-128.00 Q = 9.51-11.31 after 2826.6 sec [total]
done with UBTa for K = 107.63-128.00 Q = 9.51-11.31 after 2826.8 sec [total]
done with UBTb for K = 107.63-128.00 Q = 9.51-11.31 after 2827.0 sec [total]
done with UBTbA for K = 107.63-128.00 Q = 9.51-11.31 after 2827.2 sec [total]
done with UBTbC for K = 107.63-128.00 Q = 9.51-11.31 after 2827.5 sec [total]
done with H for K = 107.63-128.00 Q = 9.51-11.31 after 2828.6 sec [total]
done with H++ for K = 107.63-128.00 Q = 9.51-11.31 after 2831.8 sec [total]
done with H+- for K = 107.63-128.00 Q = 9.51-11.31 after 2832.9 sec [total]
done with H-+ for K = 107.63-128.00 Q = 9.51-11.31 after 2834.0 sec [total]
done with H-- for K = 107.63-128.00 Q = 9.51-11.31 after 2835.0 sec [total]
done with UU for K = 128.00-152.22 Q = 9.51-11.31 after 2836.2 sec [total]
done with BB for K = 128.00-152.22 Q = 9.51-11.31 after 2837.2 sec [total]
done with UBTa for K = 128.00-152.22 Q = 9.51-11.31 after 2837.4 sec [total]
done with UBTb for K = 128.00-152.22 Q = 9.51-11.31 after 2837.6 sec [total]
done with UBTbA for K = 128.00-152.22 Q = 9.51-11.31 after 2837.8 sec [total]
done with UBTbC for K = 128.00-152.22 Q = 9.51-11.31 after 2838.2 sec [total]
done with H for K = 128.00-152.22 Q = 9.51-11.31 after 2839.2 sec [total]
done with H++ for K = 128.00-152.22 Q = 9.51-11.31 after 2842.4 sec [total]
done with H+- for K = 128.00-152.22 Q = 9.51-11.31 after 2843.5 sec [total]
done with H-+ for K = 128.00-152.22 Q = 9.51-11.31 after 2844.6 sec [total]
done with H-- for K = 128.00-152.22 Q = 9.51-11.31 after 2845.7 sec [total]
done with UU for K = 152.22-181.02 Q = 9.51-11.31 after 2846.8 sec [total]
done with BB for K = 152.22-181.02 Q = 9.51-11.31 after 2847.8 sec [total]
done with UBTa for K = 152.22-181.02 Q = 9.51-11.31 after 2848.0 sec [total]
done with UBTb for K = 152.22-181.02 Q = 9.51-11.31 after 2848.2 sec [total]
done with UBTbA for K = 152.22-181.02 Q = 9.51-11.31 after 2848.5 sec [total]
done with UBTbC for K = 152.22-181.02 Q = 9.51-11.31 after 2848.8 sec [total]
done with H for K = 152.22-181.02 Q = 9.51-11.31 after 2849.8 sec [total]
done with H++ for K = 152.22-181.02 Q = 9.51-11.31 after 2853.0 sec [total]
done with H+- for K = 152.22-181.02 Q = 9.51-11.31 after 2854.1 sec [total]
done with H-+ for K = 152.22-181.02 Q = 9.51-11.31 after 2855.2 sec [total]
done with H-- for K = 152.22-181.02 Q = 9.51-11.31 after 2856.3 sec [total]
done with UU for K = 181.02-215.27 Q = 9.51-11.31 after 2857.4 sec [total]
done with BB for K = 181.02-215.27 Q = 9.51-11.31 after 2858.4 sec [total]
done with UBTa for K = 181.02-215.27 Q = 9.51-11.31 after 2858.6 sec [total]
done with UBTb for K = 181.02-215.27 Q = 9.51-11.31 after 2858.8 sec [total]
done with UBTbA for K = 181.02-215.27 Q = 9.51-11.31 after 2859.0 sec [total]
done with UBTbC for K = 181.02-215.27 Q = 9.51-11.31 after 2859.4 sec [total]
done with H for K = 181.02-215.27 Q = 9.51-11.31 after 2860.4 sec [total]
done with H++ for K = 181.02-215.27 Q = 9.51-11.31 after 2863.8 sec [total]
done with H+- for K = 181.02-215.27 Q = 9.51-11.31 after 2865.1 sec [total]
done with H-+ for K = 181.02-215.27 Q = 9.51-11.31 after 2866.2 sec [total]
done with H-- for K = 181.02-215.27 Q = 9.51-11.31 after 2866.9 sec [total]
done with UU for K = 215.27-256.00 Q = 9.51-11.31 after 2868.0 sec [total]
done with BB for K = 215.27-256.00 Q = 9.51-11.31 after 2869.0 sec [total]
done with UBTa for K = 215.27-256.00 Q = 9.51-11.31 after 2869.2 sec [total]
done with UBTb for K = 215.27-256.00 Q = 9.51-11.31 after 2869.4 sec [total]
done with UBTbA for K = 215.27-256.00 Q = 9.51-11.31 after 2869.6 sec [total]
done with UBTbC for K = 215.27-256.00 Q = 9.51-11.31 after 2870.0 sec [total]
done with H for K = 215.27-256.00 Q = 9.51-11.31 after 2871.0 sec [total]
done with H++ for K = 215.27-256.00 Q = 9.51-11.31 after 2874.3 sec [total]
done with H+- for K = 215.27-256.00 Q = 9.51-11.31 after 2875.3 sec [total]
done with H-+ for K = 215.27-256.00 Q = 9.51-11.31 after 2876.5 sec [total]
done with H-- for K = 215.27-256.00 Q = 9.51-11.31 after 2877.5 sec [total]
done with UU for K = 256.00-304.44 Q = 9.51-11.31 after 2878.6 sec [total]
done with BB for K = 256.00-304.44 Q = 9.51-11.31 after 2879.7 sec [total]
done with UBTa for K = 256.00-304.44 Q = 9.51-11.31 after 2879.9 sec [total]
done with UBTb for K = 256.00-304.44 Q = 9.51-11.31 after 2880.0 sec [total]
done with UBTbA for K = 256.00-304.44 Q = 9.51-11.31 after 2880.2 sec [total]
done with UBTbC for K = 256.00-304.44 Q = 9.51-11.31 after 2880.6 sec [total]
done with H for K = 256.00-304.44 Q = 9.51-11.31 after 2881.7 sec [total]
done with H++ for K = 256.00-304.44 Q = 9.51-11.31 after 2884.9 sec [total]
done with H+- for K = 256.00-304.44 Q = 9.51-11.31 after 2886.0 sec [total]
done with H-+ for K = 256.00-304.44 Q = 9.51-11.31 after 2887.1 sec [total]
done with H-- for K = 256.00-304.44 Q = 9.51-11.31 after 2888.2 sec [total]
done with UU for K = 304.44-362.04 Q = 9.51-11.31 after 2889.2 sec [total]
done with BB for K = 304.44-362.04 Q = 9.51-11.31 after 2890.3 sec [total]
done with UBTa for K = 304.44-362.04 Q = 9.51-11.31 after 2890.5 sec [total]
done with UBTb for K = 304.44-362.04 Q = 9.51-11.31 after 2890.7 sec [total]
done with UBTbA for K = 304.44-362.04 Q = 9.51-11.31 after 2890.9 sec [total]
done with UBTbC for K = 304.44-362.04 Q = 9.51-11.31 after 2891.3 sec [total]
done with H for K = 304.44-362.04 Q = 9.51-11.31 after 2892.3 sec [total]
done with H++ for K = 304.44-362.04 Q = 9.51-11.31 after 2895.5 sec [total]
done with H+- for K = 304.44-362.04 Q = 9.51-11.31 after 2896.7 sec [total]
done with H-+ for K = 304.44-362.04 Q = 9.51-11.31 after 2897.7 sec [total]
done with H-- for K = 304.44-362.04 Q = 9.51-11.31 after 2898.8 sec [total]
done with UU for K = 362.04-430.54 Q = 9.51-11.31 after 2899.9 sec [total]
done with BB for K = 362.04-430.54 Q = 9.51-11.31 after 2900.9 sec [total]
done with UBTa for K = 362.04-430.54 Q = 9.51-11.31 after 2901.1 sec [total]
done with UBTb for K = 362.04-430.54 Q = 9.51-11.31 after 2901.3 sec [total]
done with UBTbA for K = 362.04-430.54 Q = 9.51-11.31 after 2901.5 sec [total]
done with UBTbC for K = 362.04-430.54 Q = 9.51-11.31 after 2901.9 sec [total]
done with H for K = 362.04-430.54 Q = 9.51-11.31 after 2903.0 sec [total]
done with H++ for K = 362.04-430.54 Q = 9.51-11.31 after 2906.2 sec [total]
done with H+- for K = 362.04-430.54 Q = 9.51-11.31 after 2907.2 sec [total]
done with H-+ for K = 362.04-430.54 Q = 9.51-11.31 after 2908.3 sec [total]
done with H-- for K = 362.04-430.54 Q = 9.51-11.31 after 2909.4 sec [total]
done with UU for K = 430.54-512.00 Q = 9.51-11.31 after 2910.5 sec [total]
done with BB for K = 430.54-512.00 Q = 9.51-11.31 after 2911.6 sec [total]
done with UBTa for K = 430.54-512.00 Q = 9.51-11.31 after 2911.8 sec [total]
done with UBTb for K = 430.54-512.00 Q = 9.51-11.31 after 2912.0 sec [total]
done with UBTbA for K = 430.54-512.00 Q = 9.51-11.31 after 2912.2 sec [total]
done with UBTbC for K = 430.54-512.00 Q = 9.51-11.31 after 2912.5 sec [total]
done with H for K = 430.54-512.00 Q = 9.51-11.31 after 2913.6 sec [total]
done with H++ for K = 430.54-512.00 Q = 9.51-11.31 after 2916.8 sec [total]
done with H+- for K = 430.54-512.00 Q = 9.51-11.31 after 2917.9 sec [total]
done with H-+ for K = 430.54-512.00 Q = 9.51-11.31 after 2919.0 sec [total]
done with H-- for K = 430.54-512.00 Q = 9.51-11.31 after 2920.0 sec [total]
done with UU for K = 512.00-608.87 Q = 9.51-11.31 after 2921.1 sec [total]
done with BB for K = 512.00-608.87 Q = 9.51-11.31 after 2922.2 sec [total]
done with UBTa for K = 512.00-608.87 Q = 9.51-11.31 after 2922.4 sec [total]
done with UBTb for K = 512.00-608.87 Q = 9.51-11.31 after 2922.6 sec [total]
done with UBTbA for K = 512.00-608.87 Q = 9.51-11.31 after 2922.8 sec [total]
done with UBTbC for K = 512.00-608.87 Q = 9.51-11.31 after 2923.1 sec [total]
done with H for K = 512.00-608.87 Q = 9.51-11.31 after 2924.2 sec [total]
done with H++ for K = 512.00-608.87 Q = 9.51-11.31 after 2927.3 sec [total]
done with H+- for K = 512.00-608.87 Q = 9.51-11.31 after 2928.5 sec [total]
done with H-+ for K = 512.00-608.87 Q = 9.51-11.31 after 2929.6 sec [total]
done with H-- for K = 512.00-608.87 Q = 9.51-11.31 after 2930.6 sec [total]
done with UU for K = 608.87-724.08 Q = 9.51-11.31 after 2931.8 sec [total]
done with BB for K = 608.87-724.08 Q = 9.51-11.31 after 2932.8 sec [total]
done with UBTa for K = 608.87-724.08 Q = 9.51-11.31 after 2933.0 sec [total]
done with UBTb for K = 608.87-724.08 Q = 9.51-11.31 after 2933.2 sec [total]
done with UBTbA for K = 608.87-724.08 Q = 9.51-11.31 after 2933.4 sec [total]
done with UBTbC for K = 608.87-724.08 Q = 9.51-11.31 after 2933.8 sec [total]
done with H for K = 608.87-724.08 Q = 9.51-11.31 after 2934.8 sec [total]
done with H++ for K = 608.87-724.08 Q = 9.51-11.31 after 2938.0 sec [total]
done with H+- for K = 608.87-724.08 Q = 9.51-11.31 after 2939.1 sec [total]
done with H-+ for K = 608.87-724.08 Q = 9.51-11.31 after 2940.2 sec [total]
done with H-- for K = 608.87-724.08 Q = 9.51-11.31 after 2941.2 sec [total]
done with UU for K = 724.08-861.08 Q = 9.51-11.31 after 2942.4 sec [total]
done with BB for K = 724.08-861.08 Q = 9.51-11.31 after 2943.5 sec [total]
done with UBTa for K = 724.08-861.08 Q = 9.51-11.31 after 2943.6 sec [total]
done with UBTb for K = 724.08-861.08 Q = 9.51-11.31 after 2943.8 sec [total]
done with UBTbA for K = 724.08-861.08 Q = 9.51-11.31 after 2944.0 sec [total]
done with UBTbC for K = 724.08-861.08 Q = 9.51-11.31 after 2944.4 sec [total]
done with H for K = 724.08-861.08 Q = 9.51-11.31 after 2945.5 sec [total]
done with H++ for K = 724.08-861.08 Q = 9.51-11.31 after 2948.6 sec [total]
done with H+- for K = 724.08-861.08 Q = 9.51-11.31 after 2949.7 sec [total]
done with H-+ for K = 724.08-861.08 Q = 9.51-11.31 after 2950.9 sec [total]
done with H-- for K = 724.08-861.08 Q = 9.51-11.31 after 2951.9 sec [total]
done with UU for K = 861.08-1024.00 Q = 9.51-11.31 after 2953.1 sec [total]
done with BB for K = 861.08-1024.00 Q = 9.51-11.31 after 2954.2 sec [total]
done with UBTa for K = 861.08-1024.00 Q = 9.51-11.31 after 2954.3 sec [total]
done with UBTb for K = 861.08-1024.00 Q = 9.51-11.31 after 2954.5 sec [total]
done with UBTbA for K = 861.08-1024.00 Q = 9.51-11.31 after 2954.7 sec [total]
done with UBTbC for K = 861.08-1024.00 Q = 9.51-11.31 after 2955.1 sec [total]
done with H for K = 861.08-1024.00 Q = 9.51-11.31 after 2956.1 sec [total]
done with H++ for K = 861.08-1024.00 Q = 9.51-11.31 after 2959.4 sec [total]
done with H+- for K = 861.08-1024.00 Q = 9.51-11.31 after 2960.5 sec [total]
done with H-+ for K = 861.08-1024.00 Q = 9.51-11.31 after 2961.5 sec [total]
done with H-- for K = 861.08-1024.00 Q = 9.51-11.31 after 2962.5 sec [total]
done with UU for K = 0.00-3.36 Q = 11.31-13.45 after 2965.7 sec [total]
done with BB for K = 0.00-3.36 Q = 11.31-13.45 after 2968.9 sec [total]
done with UBTa for K = 0.00-3.36 Q = 11.31-13.45 after 2970.6 sec [total]
done with UBTb for K = 0.00-3.36 Q = 11.31-13.45 after 2972.4 sec [total]
done with UBTbA for K = 0.00-3.36 Q = 11.31-13.45 after 2974.1 sec [total]
done with UBTbC for K = 0.00-3.36 Q = 11.31-13.45 after 2974.5 sec [total]
done with H for K = 0.00-3.36 Q = 11.31-13.45 after 2975.6 sec [total]
done with H++ for K = 0.00-3.36 Q = 11.31-13.45 after 2978.8 sec [total]
done with H+- for K = 0.00-3.36 Q = 11.31-13.45 after 2979.9 sec [total]
done with H-+ for K = 0.00-3.36 Q = 11.31-13.45 after 2981.0 sec [total]
done with H-- for K = 0.00-3.36 Q = 11.31-13.45 after 2982.0 sec [total]
done with UU for K = 3.36-4.00 Q = 11.31-13.45 after 2983.1 sec [total]
done with BB for K = 3.36-4.00 Q = 11.31-13.45 after 2984.2 sec [total]
done with UBTa for K = 3.36-4.00 Q = 11.31-13.45 after 2984.4 sec [total]
done with UBTb for K = 3.36-4.00 Q = 11.31-13.45 after 2984.6 sec [total]
done with UBTbA for K = 3.36-4.00 Q = 11.31-13.45 after 2984.8 sec [total]
done with UBTbC for K = 3.36-4.00 Q = 11.31-13.45 after 2985.1 sec [total]
done with H for K = 3.36-4.00 Q = 11.31-13.45 after 2986.2 sec [total]
done with H++ for K = 3.36-4.00 Q = 11.31-13.45 after 2989.4 sec [total]
done with H+- for K = 3.36-4.00 Q = 11.31-13.45 after 2990.5 sec [total]
done with H-+ for K = 3.36-4.00 Q = 11.31-13.45 after 2991.6 sec [total]
done with H-- for K = 3.36-4.00 Q = 11.31-13.45 after 2992.6 sec [total]
done with UU for K = 4.00-4.76 Q = 11.31-13.45 after 2993.7 sec [total]
done with BB for K = 4.00-4.76 Q = 11.31-13.45 after 2994.8 sec [total]
done with UBTa for K = 4.00-4.76 Q = 11.31-13.45 after 2995.0 sec [total]
done with UBTb for K = 4.00-4.76 Q = 11.31-13.45 after 2995.2 sec [total]
done with UBTbA for K = 4.00-4.76 Q = 11.31-13.45 after 2995.4 sec [total]
done with UBTbC for K = 4.00-4.76 Q = 11.31-13.45 after 2995.7 sec [total]
done with H for K = 4.00-4.76 Q = 11.31-13.45 after 2996.8 sec [total]
done with H++ for K = 4.00-4.76 Q = 11.31-13.45 after 3000.1 sec [total]
done with H+- for K = 4.00-4.76 Q = 11.31-13.45 after 3001.1 sec [total]
done with H-+ for K = 4.00-4.76 Q = 11.31-13.45 after 3002.2 sec [total]
done with H-- for K = 4.00-4.76 Q = 11.31-13.45 after 3003.2 sec [total]
done with UU for K = 4.76-5.66 Q = 11.31-13.45 after 3004.3 sec [total]
done with BB for K = 4.76-5.66 Q = 11.31-13.45 after 3005.4 sec [total]
done with UBTa for K = 4.76-5.66 Q = 11.31-13.45 after 3005.6 sec [total]
done with UBTb for K = 4.76-5.66 Q = 11.31-13.45 after 3005.8 sec [total]
done with UBTbA for K = 4.76-5.66 Q = 11.31-13.45 after 3005.9 sec [total]
done with UBTbC for K = 4.76-5.66 Q = 11.31-13.45 after 3006.3 sec [total]
done with H for K = 4.76-5.66 Q = 11.31-13.45 after 3007.4 sec [total]
done with H++ for K = 4.76-5.66 Q = 11.31-13.45 after 3010.5 sec [total]
done with H+- for K = 4.76-5.66 Q = 11.31-13.45 after 3011.7 sec [total]
done with H-+ for K = 4.76-5.66 Q = 11.31-13.45 after 3012.8 sec [total]
done with H-- for K = 4.76-5.66 Q = 11.31-13.45 after 3013.8 sec [total]
done with UU for K = 5.66-6.73 Q = 11.31-13.45 after 3014.9 sec [total]
done with BB for K = 5.66-6.73 Q = 11.31-13.45 after 3016.0 sec [total]
done with UBTa for K = 5.66-6.73 Q = 11.31-13.45 after 3016.2 sec [total]
done with UBTb for K = 5.66-6.73 Q = 11.31-13.45 after 3016.3 sec [total]
done with UBTbA for K = 5.66-6.73 Q = 11.31-13.45 after 3016.5 sec [total]
done with UBTbC for K = 5.66-6.73 Q = 11.31-13.45 after 3017.0 sec [total]
done with H for K = 5.66-6.73 Q = 11.31-13.45 after 3018.0 sec [total]
done with H++ for K = 5.66-6.73 Q = 11.31-13.45 after 3021.2 sec [total]
done with H+- for K = 5.66-6.73 Q = 11.31-13.45 after 3022.3 sec [total]
done with H-+ for K = 5.66-6.73 Q = 11.31-13.45 after 3023.4 sec [total]
done with H-- for K = 5.66-6.73 Q = 11.31-13.45 after 3024.4 sec [total]
done with UU for K = 6.73-8.00 Q = 11.31-13.45 after 3025.6 sec [total]
done with BB for K = 6.73-8.00 Q = 11.31-13.45 after 3026.6 sec [total]
done with UBTa for K = 6.73-8.00 Q = 11.31-13.45 after 3026.8 sec [total]
done with UBTb for K = 6.73-8.00 Q = 11.31-13.45 after 3027.0 sec [total]
done with UBTbA for K = 6.73-8.00 Q = 11.31-13.45 after 3027.2 sec [total]
done with UBTbC for K = 6.73-8.00 Q = 11.31-13.45 after 3027.5 sec [total]
done with H for K = 6.73-8.00 Q = 11.31-13.45 after 3028.6 sec [total]
done with H++ for K = 6.73-8.00 Q = 11.31-13.45 after 3031.9 sec [total]
done with H+- for K = 6.73-8.00 Q = 11.31-13.45 after 3032.9 sec [total]
done with H-+ for K = 6.73-8.00 Q = 11.31-13.45 after 3034.0 sec [total]
done with H-- for K = 6.73-8.00 Q = 11.31-13.45 after 3035.1 sec [total]
done with UU for K = 8.00-9.51 Q = 11.31-13.45 after 3036.3 sec [total]
done with BB for K = 8.00-9.51 Q = 11.31-13.45 after 3037.3 sec [total]
done with UBTa for K = 8.00-9.51 Q = 11.31-13.45 after 3037.5 sec [total]
done with UBTb for K = 8.00-9.51 Q = 11.31-13.45 after 3037.7 sec [total]
done with UBTbA for K = 8.00-9.51 Q = 11.31-13.45 after 3037.9 sec [total]
done with UBTbC for K = 8.00-9.51 Q = 11.31-13.45 after 3038.2 sec [total]
done with H for K = 8.00-9.51 Q = 11.31-13.45 after 3039.3 sec [total]
done with H++ for K = 8.00-9.51 Q = 11.31-13.45 after 3042.5 sec [total]
done with H+- for K = 8.00-9.51 Q = 11.31-13.45 after 3043.6 sec [total]
done with H-+ for K = 8.00-9.51 Q = 11.31-13.45 after 3044.7 sec [total]
done with H-- for K = 8.00-9.51 Q = 11.31-13.45 after 3045.8 sec [total]
done with UU for K = 9.51-11.31 Q = 11.31-13.45 after 3046.9 sec [total]
done with BB for K = 9.51-11.31 Q = 11.31-13.45 after 3047.9 sec [total]
done with UBTa for K = 9.51-11.31 Q = 11.31-13.45 after 3048.1 sec [total]
done with UBTb for K = 9.51-11.31 Q = 11.31-13.45 after 3048.3 sec [total]
done with UBTbA for K = 9.51-11.31 Q = 11.31-13.45 after 3048.5 sec [total]
done with UBTbC for K = 9.51-11.31 Q = 11.31-13.45 after 3048.9 sec [total]
done with H for K = 9.51-11.31 Q = 11.31-13.45 after 3049.9 sec [total]
done with H++ for K = 9.51-11.31 Q = 11.31-13.45 after 3053.2 sec [total]
done with H+- for K = 9.51-11.31 Q = 11.31-13.45 after 3054.3 sec [total]
done with H-+ for K = 9.51-11.31 Q = 11.31-13.45 after 3055.3 sec [total]
done with H-- for K = 9.51-11.31 Q = 11.31-13.45 after 3056.4 sec [total]
done with UU for K = 11.31-13.45 Q = 11.31-13.45 after 3057.4 sec [total]
done with BB for K = 11.31-13.45 Q = 11.31-13.45 after 3058.5 sec [total]
done with UBTa for K = 11.31-13.45 Q = 11.31-13.45 after 3058.7 sec [total]
done with UBTb for K = 11.31-13.45 Q = 11.31-13.45 after 3058.9 sec [total]
done with UBTbA for K = 11.31-13.45 Q = 11.31-13.45 after 3059.1 sec [total]
done with UBTbC for K = 11.31-13.45 Q = 11.31-13.45 after 3059.4 sec [total]
done with H for K = 11.31-13.45 Q = 11.31-13.45 after 3060.5 sec [total]
done with H++ for K = 11.31-13.45 Q = 11.31-13.45 after 3063.6 sec [total]
done with H+- for K = 11.31-13.45 Q = 11.31-13.45 after 3064.8 sec [total]
done with H-+ for K = 11.31-13.45 Q = 11.31-13.45 after 3065.9 sec [total]
done with H-- for K = 11.31-13.45 Q = 11.31-13.45 after 3066.9 sec [total]
done with UU for K = 13.45-16.00 Q = 11.31-13.45 after 3068.1 sec [total]
done with BB for K = 13.45-16.00 Q = 11.31-13.45 after 3069.1 sec [total]
done with UBTa for K = 13.45-16.00 Q = 11.31-13.45 after 3069.3 sec [total]
done with UBTb for K = 13.45-16.00 Q = 11.31-13.45 after 3069.5 sec [total]
done with UBTbA for K = 13.45-16.00 Q = 11.31-13.45 after 3069.7 sec [total]
done with UBTbC for K = 13.45-16.00 Q = 11.31-13.45 after 3070.0 sec [total]
done with H for K = 13.45-16.00 Q = 11.31-13.45 after 3071.1 sec [total]
done with H++ for K = 13.45-16.00 Q = 11.31-13.45 after 3074.3 sec [total]
done with H+- for K = 13.45-16.00 Q = 11.31-13.45 after 3075.4 sec [total]
done with H-+ for K = 13.45-16.00 Q = 11.31-13.45 after 3076.5 sec [total]
done with H-- for K = 13.45-16.00 Q = 11.31-13.45 after 3077.6 sec [total]
done with UU for K = 16.00-19.03 Q = 11.31-13.45 after 3078.7 sec [total]
done with BB for K = 16.00-19.03 Q = 11.31-13.45 after 3079.8 sec [total]
done with UBTa for K = 16.00-19.03 Q = 11.31-13.45 after 3079.9 sec [total]
done with UBTb for K = 16.00-19.03 Q = 11.31-13.45 after 3080.1 sec [total]
done with UBTbA for K = 16.00-19.03 Q = 11.31-13.45 after 3080.3 sec [total]
done with UBTbC for K = 16.00-19.03 Q = 11.31-13.45 after 3080.7 sec [total]
done with H for K = 16.00-19.03 Q = 11.31-13.45 after 3081.8 sec [total]
done with H++ for K = 16.00-19.03 Q = 11.31-13.45 after 3085.0 sec [total]
done with H+- for K = 16.00-19.03 Q = 11.31-13.45 after 3086.1 sec [total]
done with H-+ for K = 16.00-19.03 Q = 11.31-13.45 after 3087.1 sec [total]
done with H-- for K = 16.00-19.03 Q = 11.31-13.45 after 3088.2 sec [total]
done with UU for K = 19.03-22.63 Q = 11.31-13.45 after 3089.3 sec [total]
done with BB for K = 19.03-22.63 Q = 11.31-13.45 after 3090.4 sec [total]
done with UBTa for K = 19.03-22.63 Q = 11.31-13.45 after 3090.6 sec [total]
done with UBTb for K = 19.03-22.63 Q = 11.31-13.45 after 3090.8 sec [total]
done with UBTbA for K = 19.03-22.63 Q = 11.31-13.45 after 3091.0 sec [total]
done with UBTbC for K = 19.03-22.63 Q = 11.31-13.45 after 3091.3 sec [total]
done with H for K = 19.03-22.63 Q = 11.31-13.45 after 3092.4 sec [total]
done with H++ for K = 19.03-22.63 Q = 11.31-13.45 after 3095.5 sec [total]
done with H+- for K = 19.03-22.63 Q = 11.31-13.45 after 3096.6 sec [total]
done with H-+ for K = 19.03-22.63 Q = 11.31-13.45 after 3097.7 sec [total]
done with H-- for K = 19.03-22.63 Q = 11.31-13.45 after 3098.8 sec [total]
done with UU for K = 22.63-26.91 Q = 11.31-13.45 after 3099.9 sec [total]
done with BB for K = 22.63-26.91 Q = 11.31-13.45 after 3101.0 sec [total]
done with UBTa for K = 22.63-26.91 Q = 11.31-13.45 after 3101.1 sec [total]
done with UBTb for K = 22.63-26.91 Q = 11.31-13.45 after 3101.3 sec [total]
done with UBTbA for K = 22.63-26.91 Q = 11.31-13.45 after 3101.5 sec [total]
done with UBTbC for K = 22.63-26.91 Q = 11.31-13.45 after 3101.9 sec [total]
done with H for K = 22.63-26.91 Q = 11.31-13.45 after 3103.0 sec [total]
done with H++ for K = 22.63-26.91 Q = 11.31-13.45 after 3106.2 sec [total]
done with H+- for K = 22.63-26.91 Q = 11.31-13.45 after 3107.3 sec [total]
done with H-+ for K = 22.63-26.91 Q = 11.31-13.45 after 3108.4 sec [total]
done with H-- for K = 22.63-26.91 Q = 11.31-13.45 after 3109.4 sec [total]
done with UU for K = 26.91-32.00 Q = 11.31-13.45 after 3110.5 sec [total]
done with BB for K = 26.91-32.00 Q = 11.31-13.45 after 3111.6 sec [total]
done with UBTa for K = 26.91-32.00 Q = 11.31-13.45 after 3111.7 sec [total]
done with UBTb for K = 26.91-32.00 Q = 11.31-13.45 after 3111.9 sec [total]
done with UBTbA for K = 26.91-32.00 Q = 11.31-13.45 after 3112.1 sec [total]
done with UBTbC for K = 26.91-32.00 Q = 11.31-13.45 after 3112.5 sec [total]
done with H for K = 26.91-32.00 Q = 11.31-13.45 after 3113.6 sec [total]
done with H++ for K = 26.91-32.00 Q = 11.31-13.45 after 3116.8 sec [total]
done with H+- for K = 26.91-32.00 Q = 11.31-13.45 after 3117.9 sec [total]
done with H-+ for K = 26.91-32.00 Q = 11.31-13.45 after 3119.2 sec [total]
done with H-- for K = 26.91-32.00 Q = 11.31-13.45 after 3120.0 sec [total]
done with UU for K = 32.00-38.05 Q = 11.31-13.45 after 3121.1 sec [total]
done with BB for K = 32.00-38.05 Q = 11.31-13.45 after 3122.1 sec [total]
done with UBTa for K = 32.00-38.05 Q = 11.31-13.45 after 3122.3 sec [total]
done with UBTb for K = 32.00-38.05 Q = 11.31-13.45 after 3122.5 sec [total]
done with UBTbA for K = 32.00-38.05 Q = 11.31-13.45 after 3122.7 sec [total]
done with UBTbC for K = 32.00-38.05 Q = 11.31-13.45 after 3123.1 sec [total]
done with H for K = 32.00-38.05 Q = 11.31-13.45 after 3124.2 sec [total]
done with H++ for K = 32.00-38.05 Q = 11.31-13.45 after 3127.4 sec [total]
done with H+- for K = 32.00-38.05 Q = 11.31-13.45 after 3128.5 sec [total]
done with H-+ for K = 32.00-38.05 Q = 11.31-13.45 after 3129.6 sec [total]
done with H-- for K = 32.00-38.05 Q = 11.31-13.45 after 3130.6 sec [total]
done with UU for K = 38.05-45.25 Q = 11.31-13.45 after 3131.7 sec [total]
done with BB for K = 38.05-45.25 Q = 11.31-13.45 after 3132.7 sec [total]
done with UBTa for K = 38.05-45.25 Q = 11.31-13.45 after 3132.9 sec [total]
done with UBTb for K = 38.05-45.25 Q = 11.31-13.45 after 3133.1 sec [total]
done with UBTbA for K = 38.05-45.25 Q = 11.31-13.45 after 3133.3 sec [total]
done with UBTbC for K = 38.05-45.25 Q = 11.31-13.45 after 3133.7 sec [total]
done with H for K = 38.05-45.25 Q = 11.31-13.45 after 3134.8 sec [total]
done with H++ for K = 38.05-45.25 Q = 11.31-13.45 after 3138.0 sec [total]
done with H+- for K = 38.05-45.25 Q = 11.31-13.45 after 3139.0 sec [total]
done with H-+ for K = 38.05-45.25 Q = 11.31-13.45 after 3140.2 sec [total]
done with H-- for K = 38.05-45.25 Q = 11.31-13.45 after 3141.2 sec [total]
done with UU for K = 45.25-53.82 Q = 11.31-13.45 after 3142.3 sec [total]
done with BB for K = 45.25-53.82 Q = 11.31-13.45 after 3143.3 sec [total]
done with UBTa for K = 45.25-53.82 Q = 11.31-13.45 after 3143.6 sec [total]
done with UBTb for K = 45.25-53.82 Q = 11.31-13.45 after 3143.8 sec [total]
done with UBTbA for K = 45.25-53.82 Q = 11.31-13.45 after 3144.0 sec [total]
done with UBTbC for K = 45.25-53.82 Q = 11.31-13.45 after 3144.3 sec [total]
done with H for K = 45.25-53.82 Q = 11.31-13.45 after 3145.3 sec [total]
done with H++ for K = 45.25-53.82 Q = 11.31-13.45 after 3148.5 sec [total]
done with H+- for K = 45.25-53.82 Q = 11.31-13.45 after 3149.6 sec [total]
done with H-+ for K = 45.25-53.82 Q = 11.31-13.45 after 3150.7 sec [total]
done with H-- for K = 45.25-53.82 Q = 11.31-13.45 after 3151.8 sec [total]
done with UU for K = 53.82-64.00 Q = 11.31-13.45 after 3152.9 sec [total]
done with BB for K = 53.82-64.00 Q = 11.31-13.45 after 3153.9 sec [total]
done with UBTa for K = 53.82-64.00 Q = 11.31-13.45 after 3154.1 sec [total]
done with UBTb for K = 53.82-64.00 Q = 11.31-13.45 after 3154.3 sec [total]
done with UBTbA for K = 53.82-64.00 Q = 11.31-13.45 after 3154.5 sec [total]
done with UBTbC for K = 53.82-64.00 Q = 11.31-13.45 after 3154.9 sec [total]
done with H for K = 53.82-64.00 Q = 11.31-13.45 after 3156.0 sec [total]
done with H++ for K = 53.82-64.00 Q = 11.31-13.45 after 3159.2 sec [total]
done with H+- for K = 53.82-64.00 Q = 11.31-13.45 after 3160.2 sec [total]
done with H-+ for K = 53.82-64.00 Q = 11.31-13.45 after 3161.4 sec [total]
done with H-- for K = 53.82-64.00 Q = 11.31-13.45 after 3162.4 sec [total]
done with UU for K = 64.00-76.11 Q = 11.31-13.45 after 3163.5 sec [total]
done with BB for K = 64.00-76.11 Q = 11.31-13.45 after 3164.6 sec [total]
done with UBTa for K = 64.00-76.11 Q = 11.31-13.45 after 3164.8 sec [total]
done with UBTb for K = 64.00-76.11 Q = 11.31-13.45 after 3165.0 sec [total]
done with UBTbA for K = 64.00-76.11 Q = 11.31-13.45 after 3165.2 sec [total]
done with UBTbC for K = 64.00-76.11 Q = 11.31-13.45 after 3165.5 sec [total]
done with H for K = 64.00-76.11 Q = 11.31-13.45 after 3166.6 sec [total]
done with H++ for K = 64.00-76.11 Q = 11.31-13.45 after 3169.7 sec [total]
done with H+- for K = 64.00-76.11 Q = 11.31-13.45 after 3170.8 sec [total]
done with H-+ for K = 64.00-76.11 Q = 11.31-13.45 after 3171.9 sec [total]
done with H-- for K = 64.00-76.11 Q = 11.31-13.45 after 3173.0 sec [total]
done with UU for K = 76.11-90.51 Q = 11.31-13.45 after 3174.1 sec [total]
done with BB for K = 76.11-90.51 Q = 11.31-13.45 after 3175.2 sec [total]
done with UBTa for K = 76.11-90.51 Q = 11.31-13.45 after 3175.4 sec [total]
done with UBTb for K = 76.11-90.51 Q = 11.31-13.45 after 3175.6 sec [total]
done with UBTbA for K = 76.11-90.51 Q = 11.31-13.45 after 3175.8 sec [total]
done with UBTbC for K = 76.11-90.51 Q = 11.31-13.45 after 3176.1 sec [total]
done with H for K = 76.11-90.51 Q = 11.31-13.45 after 3177.2 sec [total]
done with H++ for K = 76.11-90.51 Q = 11.31-13.45 after 3180.4 sec [total]
done with H+- for K = 76.11-90.51 Q = 11.31-13.45 after 3181.5 sec [total]
done with H-+ for K = 76.11-90.51 Q = 11.31-13.45 after 3182.6 sec [total]
done with H-- for K = 76.11-90.51 Q = 11.31-13.45 after 3183.7 sec [total]
done with UU for K = 90.51-107.63 Q = 11.31-13.45 after 3184.8 sec [total]
done with BB for K = 90.51-107.63 Q = 11.31-13.45 after 3185.8 sec [total]
done with UBTa for K = 90.51-107.63 Q = 11.31-13.45 after 3186.0 sec [total]
done with UBTb for K = 90.51-107.63 Q = 11.31-13.45 after 3186.2 sec [total]
done with UBTbA for K = 90.51-107.63 Q = 11.31-13.45 after 3186.4 sec [total]
done with UBTbC for K = 90.51-107.63 Q = 11.31-13.45 after 3186.7 sec [total]
done with H for K = 90.51-107.63 Q = 11.31-13.45 after 3187.8 sec [total]
done with H++ for K = 90.51-107.63 Q = 11.31-13.45 after 3191.0 sec [total]
done with H+- for K = 90.51-107.63 Q = 11.31-13.45 after 3192.1 sec [total]
done with H-+ for K = 90.51-107.63 Q = 11.31-13.45 after 3193.2 sec [total]
done with H-- for K = 90.51-107.63 Q = 11.31-13.45 after 3194.3 sec [total]
done with UU for K = 107.63-128.00 Q = 11.31-13.45 after 3195.4 sec [total]
done with BB for K = 107.63-128.00 Q = 11.31-13.45 after 3196.5 sec [total]
done with UBTa for K = 107.63-128.00 Q = 11.31-13.45 after 3196.7 sec [total]
done with UBTb for K = 107.63-128.00 Q = 11.31-13.45 after 3196.9 sec [total]
done with UBTbA for K = 107.63-128.00 Q = 11.31-13.45 after 3197.1 sec [total]
done with UBTbC for K = 107.63-128.00 Q = 11.31-13.45 after 3197.4 sec [total]
done with H for K = 107.63-128.00 Q = 11.31-13.45 after 3198.5 sec [total]
done with H++ for K = 107.63-128.00 Q = 11.31-13.45 after 3201.6 sec [total]
done with H+- for K = 107.63-128.00 Q = 11.31-13.45 after 3202.7 sec [total]
done with H-+ for K = 107.63-128.00 Q = 11.31-13.45 after 3203.8 sec [total]
done with H-- for K = 107.63-128.00 Q = 11.31-13.45 after 3204.9 sec [total]
done with UU for K = 128.00-152.22 Q = 11.31-13.45 after 3206.0 sec [total]
done with BB for K = 128.00-152.22 Q = 11.31-13.45 after 3207.1 sec [total]
done with UBTa for K = 128.00-152.22 Q = 11.31-13.45 after 3207.3 sec [total]
done with UBTb for K = 128.00-152.22 Q = 11.31-13.45 after 3207.5 sec [total]
done with UBTbA for K = 128.00-152.22 Q = 11.31-13.45 after 3207.7 sec [total]
done with UBTbC for K = 128.00-152.22 Q = 11.31-13.45 after 3208.0 sec [total]
done with H for K = 128.00-152.22 Q = 11.31-13.45 after 3209.1 sec [total]
done with H++ for K = 128.00-152.22 Q = 11.31-13.45 after 3212.4 sec [total]
done with H+- for K = 128.00-152.22 Q = 11.31-13.45 after 3213.4 sec [total]
done with H-+ for K = 128.00-152.22 Q = 11.31-13.45 after 3214.5 sec [total]
done with H-- for K = 128.00-152.22 Q = 11.31-13.45 after 3215.6 sec [total]
done with UU for K = 152.22-181.02 Q = 11.31-13.45 after 3216.7 sec [total]
done with BB for K = 152.22-181.02 Q = 11.31-13.45 after 3217.8 sec [total]
done with UBTa for K = 152.22-181.02 Q = 11.31-13.45 after 3218.0 sec [total]
done with UBTb for K = 152.22-181.02 Q = 11.31-13.45 after 3218.2 sec [total]
done with UBTbA for K = 152.22-181.02 Q = 11.31-13.45 after 3218.4 sec [total]
done with UBTbC for K = 152.22-181.02 Q = 11.31-13.45 after 3218.7 sec [total]
done with H for K = 152.22-181.02 Q = 11.31-13.45 after 3219.7 sec [total]
done with H++ for K = 152.22-181.02 Q = 11.31-13.45 after 3222.9 sec [total]
done with H+- for K = 152.22-181.02 Q = 11.31-13.45 after 3224.0 sec [total]
done with H-+ for K = 152.22-181.02 Q = 11.31-13.45 after 3225.1 sec [total]
done with H-- for K = 152.22-181.02 Q = 11.31-13.45 after 3226.2 sec [total]
done with UU for K = 181.02-215.27 Q = 11.31-13.45 after 3227.3 sec [total]
done with BB for K = 181.02-215.27 Q = 11.31-13.45 after 3228.4 sec [total]
done with UBTa for K = 181.02-215.27 Q = 11.31-13.45 after 3228.6 sec [total]
done with UBTb for K = 181.02-215.27 Q = 11.31-13.45 after 3228.8 sec [total]
done with UBTbA for K = 181.02-215.27 Q = 11.31-13.45 after 3229.0 sec [total]
done with UBTbC for K = 181.02-215.27 Q = 11.31-13.45 after 3229.4 sec [total]
done with H for K = 181.02-215.27 Q = 11.31-13.45 after 3230.4 sec [total]
done with H++ for K = 181.02-215.27 Q = 11.31-13.45 after 3233.6 sec [total]
done with H+- for K = 181.02-215.27 Q = 11.31-13.45 after 3234.7 sec [total]
done with H-+ for K = 181.02-215.27 Q = 11.31-13.45 after 3235.8 sec [total]
done with H-- for K = 181.02-215.27 Q = 11.31-13.45 after 3236.8 sec [total]
done with UU for K = 215.27-256.00 Q = 11.31-13.45 after 3237.9 sec [total]
done with BB for K = 215.27-256.00 Q = 11.31-13.45 after 3239.0 sec [total]
done with UBTa for K = 215.27-256.00 Q = 11.31-13.45 after 3239.2 sec [total]
done with UBTb for K = 215.27-256.00 Q = 11.31-13.45 after 3239.4 sec [total]
done with UBTbA for K = 215.27-256.00 Q = 11.31-13.45 after 3239.6 sec [total]
done with UBTbC for K = 215.27-256.00 Q = 11.31-13.45 after 3239.9 sec [total]
done with H for K = 215.27-256.00 Q = 11.31-13.45 after 3241.0 sec [total]
done with H++ for K = 215.27-256.00 Q = 11.31-13.45 after 3244.2 sec [total]
done with H+- for K = 215.27-256.00 Q = 11.31-13.45 after 3245.2 sec [total]
done with H-+ for K = 215.27-256.00 Q = 11.31-13.45 after 3246.4 sec [total]
done with H-- for K = 215.27-256.00 Q = 11.31-13.45 after 3247.4 sec [total]
done with UU for K = 256.00-304.44 Q = 11.31-13.45 after 3248.6 sec [total]
done with BB for K = 256.00-304.44 Q = 11.31-13.45 after 3249.6 sec [total]
done with UBTa for K = 256.00-304.44 Q = 11.31-13.45 after 3249.8 sec [total]
done with UBTb for K = 256.00-304.44 Q = 11.31-13.45 after 3250.0 sec [total]
done with UBTbA for K = 256.00-304.44 Q = 11.31-13.45 after 3250.2 sec [total]
done with UBTbC for K = 256.00-304.44 Q = 11.31-13.45 after 3250.6 sec [total]
done with H for K = 256.00-304.44 Q = 11.31-13.45 after 3251.6 sec [total]
done with H++ for K = 256.00-304.44 Q = 11.31-13.45 after 3254.8 sec [total]
done with H+- for K = 256.00-304.44 Q = 11.31-13.45 after 3255.9 sec [total]
done with H-+ for K = 256.00-304.44 Q = 11.31-13.45 after 3257.0 sec [total]
done with H-- for K = 256.00-304.44 Q = 11.31-13.45 after 3258.1 sec [total]
done with UU for K = 304.44-362.04 Q = 11.31-13.45 after 3259.2 sec [total]
done with BB for K = 304.44-362.04 Q = 11.31-13.45 after 3260.2 sec [total]
done with UBTa for K = 304.44-362.04 Q = 11.31-13.45 after 3260.4 sec [total]
done with UBTb for K = 304.44-362.04 Q = 11.31-13.45 after 3260.6 sec [total]
done with UBTbA for K = 304.44-362.04 Q = 11.31-13.45 after 3260.8 sec [total]
done with UBTbC for K = 304.44-362.04 Q = 11.31-13.45 after 3261.2 sec [total]
done with H for K = 304.44-362.04 Q = 11.31-13.45 after 3262.2 sec [total]
done with H++ for K = 304.44-362.04 Q = 11.31-13.45 after 3265.5 sec [total]
done with H+- for K = 304.44-362.04 Q = 11.31-13.45 after 3266.5 sec [total]
done with H-+ for K = 304.44-362.04 Q = 11.31-13.45 after 3267.6 sec [total]
done with H-- for K = 304.44-362.04 Q = 11.31-13.45 after 3268.7 sec [total]
done with UU for K = 362.04-430.54 Q = 11.31-13.45 after 3269.8 sec [total]
done with BB for K = 362.04-430.54 Q = 11.31-13.45 after 3270.9 sec [total]
done with UBTa for K = 362.04-430.54 Q = 11.31-13.45 after 3271.0 sec [total]
done with UBTb for K = 362.04-430.54 Q = 11.31-13.45 after 3271.2 sec [total]
done with UBTbA for K = 362.04-430.54 Q = 11.31-13.45 after 3271.4 sec [total]
done with UBTbC for K = 362.04-430.54 Q = 11.31-13.45 after 3271.8 sec [total]
done with H for K = 362.04-430.54 Q = 11.31-13.45 after 3272.9 sec [total]
done with H++ for K = 362.04-430.54 Q = 11.31-13.45 after 3276.2 sec [total]
done with H+- for K = 362.04-430.54 Q = 11.31-13.45 after 3277.1 sec [total]
done with H-+ for K = 362.04-430.54 Q = 11.31-13.45 after 3278.2 sec [total]
done with H-- for K = 362.04-430.54 Q = 11.31-13.45 after 3279.3 sec [total]
done with UU for K = 430.54-512.00 Q = 11.31-13.45 after 3280.4 sec [total]
done with BB for K = 430.54-512.00 Q = 11.31-13.45 after 3281.5 sec [total]
done with UBTa for K = 430.54-512.00 Q = 11.31-13.45 after 3281.6 sec [total]
done with UBTb for K = 430.54-512.00 Q = 11.31-13.45 after 3281.8 sec [total]
done with UBTbA for K = 430.54-512.00 Q = 11.31-13.45 after 3282.0 sec [total]
done with UBTbC for K = 430.54-512.00 Q = 11.31-13.45 after 3282.4 sec [total]
done with H for K = 430.54-512.00 Q = 11.31-13.45 after 3283.5 sec [total]
done with H++ for K = 430.54-512.00 Q = 11.31-13.45 after 3286.7 sec [total]
done with H+- for K = 430.54-512.00 Q = 11.31-13.45 after 3287.8 sec [total]
done with H-+ for K = 430.54-512.00 Q = 11.31-13.45 after 3288.9 sec [total]
done with H-- for K = 430.54-512.00 Q = 11.31-13.45 after 3289.9 sec [total]
done with UU for K = 512.00-608.87 Q = 11.31-13.45 after 3291.0 sec [total]
done with BB for K = 512.00-608.87 Q = 11.31-13.45 after 3292.1 sec [total]
done with UBTa for K = 512.00-608.87 Q = 11.31-13.45 after 3292.3 sec [total]
done with UBTb for K = 512.00-608.87 Q = 11.31-13.45 after 3292.5 sec [total]
done with UBTbA for K = 512.00-608.87 Q = 11.31-13.45 after 3292.7 sec [total]
done with UBTbC for K = 512.00-608.87 Q = 11.31-13.45 after 3293.0 sec [total]
done with H for K = 512.00-608.87 Q = 11.31-13.45 after 3294.1 sec [total]
done with H++ for K = 512.00-608.87 Q = 11.31-13.45 after 3297.4 sec [total]
done with H+- for K = 512.00-608.87 Q = 11.31-13.45 after 3298.4 sec [total]
done with H-+ for K = 512.00-608.87 Q = 11.31-13.45 after 3299.5 sec [total]
done with H-- for K = 512.00-608.87 Q = 11.31-13.45 after 3300.6 sec [total]
done with UU for K = 608.87-724.08 Q = 11.31-13.45 after 3301.7 sec [total]
done with BB for K = 608.87-724.08 Q = 11.31-13.45 after 3302.7 sec [total]
done with UBTa for K = 608.87-724.08 Q = 11.31-13.45 after 3302.9 sec [total]
done with UBTb for K = 608.87-724.08 Q = 11.31-13.45 after 3303.1 sec [total]
done with UBTbA for K = 608.87-724.08 Q = 11.31-13.45 after 3303.3 sec [total]
done with UBTbC for K = 608.87-724.08 Q = 11.31-13.45 after 3303.7 sec [total]
done with H for K = 608.87-724.08 Q = 11.31-13.45 after 3304.7 sec [total]
done with H++ for K = 608.87-724.08 Q = 11.31-13.45 after 3307.9 sec [total]
done with H+- for K = 608.87-724.08 Q = 11.31-13.45 after 3309.0 sec [total]
done with H-+ for K = 608.87-724.08 Q = 11.31-13.45 after 3310.2 sec [total]
done with H-- for K = 608.87-724.08 Q = 11.31-13.45 after 3311.2 sec [total]
done with UU for K = 724.08-861.08 Q = 11.31-13.45 after 3312.2 sec [total]
done with BB for K = 724.08-861.08 Q = 11.31-13.45 after 3313.3 sec [total]
done with UBTa for K = 724.08-861.08 Q = 11.31-13.45 after 3313.5 sec [total]
done with UBTb for K = 724.08-861.08 Q = 11.31-13.45 after 3313.7 sec [total]
done with UBTbA for K = 724.08-861.08 Q = 11.31-13.45 after 3313.9 sec [total]
done with UBTbC for K = 724.08-861.08 Q = 11.31-13.45 after 3314.3 sec [total]
done with H for K = 724.08-861.08 Q = 11.31-13.45 after 3315.3 sec [total]
done with H++ for K = 724.08-861.08 Q = 11.31-13.45 after 3318.5 sec [total]
done with H+- for K = 724.08-861.08 Q = 11.31-13.45 after 3319.5 sec [total]
done with H-+ for K = 724.08-861.08 Q = 11.31-13.45 after 3320.7 sec [total]
done with H-- for K = 724.08-861.08 Q = 11.31-13.45 after 3321.8 sec [total]
done with UU for K = 861.08-1024.00 Q = 11.31-13.45 after 3322.9 sec [total]
done with BB for K = 861.08-1024.00 Q = 11.31-13.45 after 3323.9 sec [total]
done with UBTa for K = 861.08-1024.00 Q = 11.31-13.45 after 3324.1 sec [total]
done with UBTb for K = 861.08-1024.00 Q = 11.31-13.45 after 3324.3 sec [total]
done with UBTbA for K = 861.08-1024.00 Q = 11.31-13.45 after 3324.5 sec [total]
done with UBTbC for K = 861.08-1024.00 Q = 11.31-13.45 after 3324.9 sec [total]
done with H for K = 861.08-1024.00 Q = 11.31-13.45 after 3325.9 sec [total]
done with H++ for K = 861.08-1024.00 Q = 11.31-13.45 after 3329.1 sec [total]
done with H+- for K = 861.08-1024.00 Q = 11.31-13.45 after 3330.2 sec [total]
done with H-+ for K = 861.08-1024.00 Q = 11.31-13.45 after 3331.3 sec [total]
done with H-- for K = 861.08-1024.00 Q = 11.31-13.45 after 3332.3 sec [total]
done with UU for K = 0.00-3.36 Q = 13.45-16.00 after 3335.6 sec [total]
done with BB for K = 0.00-3.36 Q = 13.45-16.00 after 3338.8 sec [total]
done with UBTa for K = 0.00-3.36 Q = 13.45-16.00 after 3340.5 sec [total]
done with UBTb for K = 0.00-3.36 Q = 13.45-16.00 after 3342.2 sec [total]
done with UBTbA for K = 0.00-3.36 Q = 13.45-16.00 after 3343.9 sec [total]
done with UBTbC for K = 0.00-3.36 Q = 13.45-16.00 after 3344.3 sec [total]
done with H for K = 0.00-3.36 Q = 13.45-16.00 after 3345.3 sec [total]
done with H++ for K = 0.00-3.36 Q = 13.45-16.00 after 3348.6 sec [total]
done with H+- for K = 0.00-3.36 Q = 13.45-16.00 after 3349.8 sec [total]
done with H-+ for K = 0.00-3.36 Q = 13.45-16.00 after 3350.8 sec [total]
done with H-- for K = 0.00-3.36 Q = 13.45-16.00 after 3351.8 sec [total]
done with UU for K = 3.36-4.00 Q = 13.45-16.00 after 3352.9 sec [total]
done with BB for K = 3.36-4.00 Q = 13.45-16.00 after 3353.9 sec [total]
done with UBTa for K = 3.36-4.00 Q = 13.45-16.00 after 3354.1 sec [total]
done with UBTb for K = 3.36-4.00 Q = 13.45-16.00 after 3354.3 sec [total]
done with UBTbA for K = 3.36-4.00 Q = 13.45-16.00 after 3354.5 sec [total]
done with UBTbC for K = 3.36-4.00 Q = 13.45-16.00 after 3354.8 sec [total]
done with H for K = 3.36-4.00 Q = 13.45-16.00 after 3356.0 sec [total]
done with H++ for K = 3.36-4.00 Q = 13.45-16.00 after 3359.2 sec [total]
done with H+- for K = 3.36-4.00 Q = 13.45-16.00 after 3360.3 sec [total]
done with H-+ for K = 3.36-4.00 Q = 13.45-16.00 after 3361.4 sec [total]
done with H-- for K = 3.36-4.00 Q = 13.45-16.00 after 3362.4 sec [total]
done with UU for K = 4.00-4.76 Q = 13.45-16.00 after 3363.5 sec [total]
done with BB for K = 4.00-4.76 Q = 13.45-16.00 after 3364.6 sec [total]
done with UBTa for K = 4.00-4.76 Q = 13.45-16.00 after 3364.8 sec [total]
done with UBTb for K = 4.00-4.76 Q = 13.45-16.00 after 3365.0 sec [total]
done with UBTbA for K = 4.00-4.76 Q = 13.45-16.00 after 3365.2 sec [total]
done with UBTbC for K = 4.00-4.76 Q = 13.45-16.00 after 3365.5 sec [total]
done with H for K = 4.00-4.76 Q = 13.45-16.00 after 3366.6 sec [total]
done with H++ for K = 4.00-4.76 Q = 13.45-16.00 after 3369.7 sec [total]
done with H+- for K = 4.00-4.76 Q = 13.45-16.00 after 3370.9 sec [total]
done with H-+ for K = 4.00-4.76 Q = 13.45-16.00 after 3372.0 sec [total]
done with H-- for K = 4.00-4.76 Q = 13.45-16.00 after 3373.0 sec [total]
done with UU for K = 4.76-5.66 Q = 13.45-16.00 after 3374.2 sec [total]
done with BB for K = 4.76-5.66 Q = 13.45-16.00 after 3375.2 sec [total]
done with UBTa for K = 4.76-5.66 Q = 13.45-16.00 after 3375.4 sec [total]
done with UBTb for K = 4.76-5.66 Q = 13.45-16.00 after 3375.6 sec [total]
done with UBTbA for K = 4.76-5.66 Q = 13.45-16.00 after 3375.8 sec [total]
done with UBTbC for K = 4.76-5.66 Q = 13.45-16.00 after 3376.2 sec [total]
done with H for K = 4.76-5.66 Q = 13.45-16.00 after 3377.2 sec [total]
done with H++ for K = 4.76-5.66 Q = 13.45-16.00 after 3380.4 sec [total]
done with H+- for K = 4.76-5.66 Q = 13.45-16.00 after 3381.5 sec [total]
done with H-+ for K = 4.76-5.66 Q = 13.45-16.00 after 3382.6 sec [total]
done with H-- for K = 4.76-5.66 Q = 13.45-16.00 after 3383.7 sec [total]
done with UU for K = 5.66-6.73 Q = 13.45-16.00 after 3384.8 sec [total]
done with BB for K = 5.66-6.73 Q = 13.45-16.00 after 3385.8 sec [total]
done with UBTa for K = 5.66-6.73 Q = 13.45-16.00 after 3386.0 sec [total]
done with UBTb for K = 5.66-6.73 Q = 13.45-16.00 after 3386.2 sec [total]
done with UBTbA for K = 5.66-6.73 Q = 13.45-16.00 after 3386.4 sec [total]
done with UBTbC for K = 5.66-6.73 Q = 13.45-16.00 after 3386.8 sec [total]
done with H for K = 5.66-6.73 Q = 13.45-16.00 after 3387.8 sec [total]
done with H++ for K = 5.66-6.73 Q = 13.45-16.00 after 3391.0 sec [total]
done with H+- for K = 5.66-6.73 Q = 13.45-16.00 after 3392.1 sec [total]
done with H-+ for K = 5.66-6.73 Q = 13.45-16.00 after 3393.2 sec [total]
done with H-- for K = 5.66-6.73 Q = 13.45-16.00 after 3394.2 sec [total]
done with UU for K = 6.73-8.00 Q = 13.45-16.00 after 3395.3 sec [total]
done with BB for K = 6.73-8.00 Q = 13.45-16.00 after 3396.4 sec [total]
done with UBTa for K = 6.73-8.00 Q = 13.45-16.00 after 3396.6 sec [total]
done with UBTb for K = 6.73-8.00 Q = 13.45-16.00 after 3396.8 sec [total]
done with UBTbA for K = 6.73-8.00 Q = 13.45-16.00 after 3397.0 sec [total]
done with UBTbC for K = 6.73-8.00 Q = 13.45-16.00 after 3397.4 sec [total]
done with H for K = 6.73-8.00 Q = 13.45-16.00 after 3398.4 sec [total]
done with H++ for K = 6.73-8.00 Q = 13.45-16.00 after 3401.7 sec [total]
done with H+- for K = 6.73-8.00 Q = 13.45-16.00 after 3402.7 sec [total]
done with H-+ for K = 6.73-8.00 Q = 13.45-16.00 after 3403.8 sec [total]
done with H-- for K = 6.73-8.00 Q = 13.45-16.00 after 3404.9 sec [total]
done with UU for K = 8.00-9.51 Q = 13.45-16.00 after 3406.0 sec [total]
done with BB for K = 8.00-9.51 Q = 13.45-16.00 after 3407.0 sec [total]
done with UBTa for K = 8.00-9.51 Q = 13.45-16.00 after 3407.2 sec [total]
done with UBTb for K = 8.00-9.51 Q = 13.45-16.00 after 3407.4 sec [total]
done with UBTbA for K = 8.00-9.51 Q = 13.45-16.00 after 3407.6 sec [total]
done with UBTbC for K = 8.00-9.51 Q = 13.45-16.00 after 3408.0 sec [total]
done with H for K = 8.00-9.51 Q = 13.45-16.00 after 3409.1 sec [total]
done with H++ for K = 8.00-9.51 Q = 13.45-16.00 after 3412.3 sec [total]
done with H+- for K = 8.00-9.51 Q = 13.45-16.00 after 3413.3 sec [total]
done with H-+ for K = 8.00-9.51 Q = 13.45-16.00 after 3414.5 sec [total]
done with H-- for K = 8.00-9.51 Q = 13.45-16.00 after 3415.5 sec [total]
done with UU for K = 9.51-11.31 Q = 13.45-16.00 after 3416.7 sec [total]
done with BB for K = 9.51-11.31 Q = 13.45-16.00 after 3417.7 sec [total]
done with UBTa for K = 9.51-11.31 Q = 13.45-16.00 after 3417.9 sec [total]
done with UBTb for K = 9.51-11.31 Q = 13.45-16.00 after 3418.1 sec [total]
done with UBTbA for K = 9.51-11.31 Q = 13.45-16.00 after 3418.3 sec [total]
done with UBTbC for K = 9.51-11.31 Q = 13.45-16.00 after 3418.6 sec [total]
done with H for K = 9.51-11.31 Q = 13.45-16.00 after 3419.7 sec [total]
done with H++ for K = 9.51-11.31 Q = 13.45-16.00 after 3422.9 sec [total]
done with H+- for K = 9.51-11.31 Q = 13.45-16.00 after 3424.0 sec [total]
done with H-+ for K = 9.51-11.31 Q = 13.45-16.00 after 3425.1 sec [total]
done with H-- for K = 9.51-11.31 Q = 13.45-16.00 after 3426.2 sec [total]
done with UU for K = 11.31-13.45 Q = 13.45-16.00 after 3427.2 sec [total]
done with BB for K = 11.31-13.45 Q = 13.45-16.00 after 3428.3 sec [total]
done with UBTa for K = 11.31-13.45 Q = 13.45-16.00 after 3428.5 sec [total]
done with UBTb for K = 11.31-13.45 Q = 13.45-16.00 after 3428.7 sec [total]
done with UBTbA for K = 11.31-13.45 Q = 13.45-16.00 after 3428.9 sec [total]
done with UBTbC for K = 11.31-13.45 Q = 13.45-16.00 after 3429.2 sec [total]
done with H for K = 11.31-13.45 Q = 13.45-16.00 after 3430.3 sec [total]
done with H++ for K = 11.31-13.45 Q = 13.45-16.00 after 3433.6 sec [total]
done with H+- for K = 11.31-13.45 Q = 13.45-16.00 after 3434.6 sec [total]
done with H-+ for K = 11.31-13.45 Q = 13.45-16.00 after 3435.7 sec [total]
done with H-- for K = 11.31-13.45 Q = 13.45-16.00 after 3436.8 sec [total]
done with UU for K = 13.45-16.00 Q = 13.45-16.00 after 3437.9 sec [total]
done with BB for K = 13.45-16.00 Q = 13.45-16.00 after 3439.0 sec [total]
done with UBTa for K = 13.45-16.00 Q = 13.45-16.00 after 3439.2 sec [total]
done with UBTb for K = 13.45-16.00 Q = 13.45-16.00 after 3439.3 sec [total]
done with UBTbA for K = 13.45-16.00 Q = 13.45-16.00 after 3439.5 sec [total]
done with UBTbC for K = 13.45-16.00 Q = 13.45-16.00 after 3439.9 sec [total]
done with H for K = 13.45-16.00 Q = 13.45-16.00 after 3441.0 sec [total]
done with H++ for K = 13.45-16.00 Q = 13.45-16.00 after 3444.2 sec [total]
done with H+- for K = 13.45-16.00 Q = 13.45-16.00 after 3445.3 sec [total]
done with H-+ for K = 13.45-16.00 Q = 13.45-16.00 after 3446.4 sec [total]
done with H-- for K = 13.45-16.00 Q = 13.45-16.00 after 3447.4 sec [total]
done with UU for K = 16.00-19.03 Q = 13.45-16.00 after 3448.6 sec [total]
done with BB for K = 16.00-19.03 Q = 13.45-16.00 after 3449.6 sec [total]
done with UBTa for K = 16.00-19.03 Q = 13.45-16.00 after 3449.8 sec [total]
done with UBTb for K = 16.00-19.03 Q = 13.45-16.00 after 3450.0 sec [total]
done with UBTbA for K = 16.00-19.03 Q = 13.45-16.00 after 3450.2 sec [total]
done with UBTbC for K = 16.00-19.03 Q = 13.45-16.00 after 3450.5 sec [total]
done with H for K = 16.00-19.03 Q = 13.45-16.00 after 3451.6 sec [total]
done with H++ for K = 16.00-19.03 Q = 13.45-16.00 after 3454.8 sec [total]
done with H+- for K = 16.00-19.03 Q = 13.45-16.00 after 3455.9 sec [total]
done with H-+ for K = 16.00-19.03 Q = 13.45-16.00 after 3457.0 sec [total]
done with H-- for K = 16.00-19.03 Q = 13.45-16.00 after 3458.1 sec [total]
done with UU for K = 19.03-22.63 Q = 13.45-16.00 after 3459.2 sec [total]
done with BB for K = 19.03-22.63 Q = 13.45-16.00 after 3460.2 sec [total]
done with UBTa for K = 19.03-22.63 Q = 13.45-16.00 after 3460.4 sec [total]
done with UBTb for K = 19.03-22.63 Q = 13.45-16.00 after 3460.6 sec [total]
done with UBTbA for K = 19.03-22.63 Q = 13.45-16.00 after 3460.8 sec [total]
done with UBTbC for K = 19.03-22.63 Q = 13.45-16.00 after 3461.2 sec [total]
done with H for K = 19.03-22.63 Q = 13.45-16.00 after 3462.2 sec [total]
done with H++ for K = 19.03-22.63 Q = 13.45-16.00 after 3465.4 sec [total]
done with H+- for K = 19.03-22.63 Q = 13.45-16.00 after 3466.5 sec [total]
done with H-+ for K = 19.03-22.63 Q = 13.45-16.00 after 3467.6 sec [total]
done with H-- for K = 19.03-22.63 Q = 13.45-16.00 after 3468.7 sec [total]
done with UU for K = 22.63-26.91 Q = 13.45-16.00 after 3469.8 sec [total]
done with BB for K = 22.63-26.91 Q = 13.45-16.00 after 3470.8 sec [total]
done with UBTa for K = 22.63-26.91 Q = 13.45-16.00 after 3471.0 sec [total]
done with UBTb for K = 22.63-26.91 Q = 13.45-16.00 after 3471.2 sec [total]
done with UBTbA for K = 22.63-26.91 Q = 13.45-16.00 after 3471.4 sec [total]
done with UBTbC for K = 22.63-26.91 Q = 13.45-16.00 after 3471.8 sec [total]
done with H for K = 22.63-26.91 Q = 13.45-16.00 after 3472.9 sec [total]
done with H++ for K = 22.63-26.91 Q = 13.45-16.00 after 3476.1 sec [total]
done with H+- for K = 22.63-26.91 Q = 13.45-16.00 after 3477.1 sec [total]
done with H-+ for K = 22.63-26.91 Q = 13.45-16.00 after 3478.3 sec [total]
done with H-- for K = 22.63-26.91 Q = 13.45-16.00 after 3479.3 sec [total]
done with UU for K = 26.91-32.00 Q = 13.45-16.00 after 3480.5 sec [total]
done with BB for K = 26.91-32.00 Q = 13.45-16.00 after 3481.5 sec [total]
done with UBTa for K = 26.91-32.00 Q = 13.45-16.00 after 3481.7 sec [total]
done with UBTb for K = 26.91-32.00 Q = 13.45-16.00 after 3481.9 sec [total]
done with UBTbA for K = 26.91-32.00 Q = 13.45-16.00 after 3482.1 sec [total]
done with UBTbC for K = 26.91-32.00 Q = 13.45-16.00 after 3482.5 sec [total]
done with H for K = 26.91-32.00 Q = 13.45-16.00 after 3483.5 sec [total]
done with H++ for K = 26.91-32.00 Q = 13.45-16.00 after 3486.8 sec [total]
done with H+- for K = 26.91-32.00 Q = 13.45-16.00 after 3487.8 sec [total]
done with H-+ for K = 26.91-32.00 Q = 13.45-16.00 after 3489.0 sec [total]
done with H-- for K = 26.91-32.00 Q = 13.45-16.00 after 3490.0 sec [total]
done with UU for K = 32.00-38.05 Q = 13.45-16.00 after 3491.1 sec [total]
done with BB for K = 32.00-38.05 Q = 13.45-16.00 after 3492.2 sec [total]
done with UBTa for K = 32.00-38.05 Q = 13.45-16.00 after 3492.4 sec [total]
done with UBTb for K = 32.00-38.05 Q = 13.45-16.00 after 3492.6 sec [total]
done with UBTbA for K = 32.00-38.05 Q = 13.45-16.00 after 3492.8 sec [total]
done with UBTbC for K = 32.00-38.05 Q = 13.45-16.00 after 3493.1 sec [total]
done with H for K = 32.00-38.05 Q = 13.45-16.00 after 3494.2 sec [total]
done with H++ for K = 32.00-38.05 Q = 13.45-16.00 after 3497.4 sec [total]
done with H+- for K = 32.00-38.05 Q = 13.45-16.00 after 3498.5 sec [total]
done with H-+ for K = 32.00-38.05 Q = 13.45-16.00 after 3499.6 sec [total]
done with H-- for K = 32.00-38.05 Q = 13.45-16.00 after 3500.7 sec [total]
done with UU for K = 38.05-45.25 Q = 13.45-16.00 after 3501.7 sec [total]
done with BB for K = 38.05-45.25 Q = 13.45-16.00 after 3502.8 sec [total]
done with UBTa for K = 38.05-45.25 Q = 13.45-16.00 after 3503.0 sec [total]
done with UBTb for K = 38.05-45.25 Q = 13.45-16.00 after 3503.2 sec [total]
done with UBTbA for K = 38.05-45.25 Q = 13.45-16.00 after 3503.3 sec [total]
done with UBTbC for K = 38.05-45.25 Q = 13.45-16.00 after 3503.7 sec [total]
done with H for K = 38.05-45.25 Q = 13.45-16.00 after 3504.8 sec [total]
done with H++ for K = 38.05-45.25 Q = 13.45-16.00 after 3508.0 sec [total]
done with H+- for K = 38.05-45.25 Q = 13.45-16.00 after 3509.1 sec [total]
done with H-+ for K = 38.05-45.25 Q = 13.45-16.00 after 3510.2 sec [total]
done with H-- for K = 38.05-45.25 Q = 13.45-16.00 after 3511.2 sec [total]
done with UU for K = 45.25-53.82 Q = 13.45-16.00 after 3512.3 sec [total]
done with BB for K = 45.25-53.82 Q = 13.45-16.00 after 3513.4 sec [total]
done with UBTa for K = 45.25-53.82 Q = 13.45-16.00 after 3513.6 sec [total]
done with UBTb for K = 45.25-53.82 Q = 13.45-16.00 after 3513.8 sec [total]
done with UBTbA for K = 45.25-53.82 Q = 13.45-16.00 after 3514.0 sec [total]
done with UBTbC for K = 45.25-53.82 Q = 13.45-16.00 after 3514.4 sec [total]
done with H for K = 45.25-53.82 Q = 13.45-16.00 after 3515.4 sec [total]
done with H++ for K = 45.25-53.82 Q = 13.45-16.00 after 3518.5 sec [total]
done with H+- for K = 45.25-53.82 Q = 13.45-16.00 after 3519.7 sec [total]
done with H-+ for K = 45.25-53.82 Q = 13.45-16.00 after 3520.8 sec [total]
done with H-- for K = 45.25-53.82 Q = 13.45-16.00 after 3521.9 sec [total]
done with UU for K = 53.82-64.00 Q = 13.45-16.00 after 3523.0 sec [total]
done with BB for K = 53.82-64.00 Q = 13.45-16.00 after 3524.0 sec [total]
done with UBTa for K = 53.82-64.00 Q = 13.45-16.00 after 3524.2 sec [total]
done with UBTb for K = 53.82-64.00 Q = 13.45-16.00 after 3524.4 sec [total]
done with UBTbA for K = 53.82-64.00 Q = 13.45-16.00 after 3524.6 sec [total]
done with UBTbC for K = 53.82-64.00 Q = 13.45-16.00 after 3525.0 sec [total]
done with H for K = 53.82-64.00 Q = 13.45-16.00 after 3526.0 sec [total]
done with H++ for K = 53.82-64.00 Q = 13.45-16.00 after 3529.2 sec [total]
done with H+- for K = 53.82-64.00 Q = 13.45-16.00 after 3530.3 sec [total]
done with H-+ for K = 53.82-64.00 Q = 13.45-16.00 after 3531.4 sec [total]
done with H-- for K = 53.82-64.00 Q = 13.45-16.00 after 3532.4 sec [total]
done with UU for K = 64.00-76.11 Q = 13.45-16.00 after 3533.6 sec [total]
done with BB for K = 64.00-76.11 Q = 13.45-16.00 after 3534.6 sec [total]
done with UBTa for K = 64.00-76.11 Q = 13.45-16.00 after 3534.8 sec [total]
done with UBTb for K = 64.00-76.11 Q = 13.45-16.00 after 3535.0 sec [total]
done with UBTbA for K = 64.00-76.11 Q = 13.45-16.00 after 3535.2 sec [total]
done with UBTbC for K = 64.00-76.11 Q = 13.45-16.00 after 3535.6 sec [total]
done with H for K = 64.00-76.11 Q = 13.45-16.00 after 3536.6 sec [total]
done with H++ for K = 64.00-76.11 Q = 13.45-16.00 after 3539.8 sec [total]
done with H+- for K = 64.00-76.11 Q = 13.45-16.00 after 3540.9 sec [total]
done with H-+ for K = 64.00-76.11 Q = 13.45-16.00 after 3542.0 sec [total]
done with H-- for K = 64.00-76.11 Q = 13.45-16.00 after 3543.1 sec [total]
done with UU for K = 76.11-90.51 Q = 13.45-16.00 after 3544.2 sec [total]
done with BB for K = 76.11-90.51 Q = 13.45-16.00 after 3545.3 sec [total]
done with UBTa for K = 76.11-90.51 Q = 13.45-16.00 after 3545.5 sec [total]
done with UBTb for K = 76.11-90.51 Q = 13.45-16.00 after 3545.7 sec [total]
done with UBTbA for K = 76.11-90.51 Q = 13.45-16.00 after 3545.9 sec [total]
done with UBTbC for K = 76.11-90.51 Q = 13.45-16.00 after 3546.2 sec [total]
done with H for K = 76.11-90.51 Q = 13.45-16.00 after 3547.3 sec [total]
done with H++ for K = 76.11-90.51 Q = 13.45-16.00 after 3550.6 sec [total]
done with H+- for K = 76.11-90.51 Q = 13.45-16.00 after 3551.6 sec [total]
done with H-+ for K = 76.11-90.51 Q = 13.45-16.00 after 3552.8 sec [total]
done with H-- for K = 76.11-90.51 Q = 13.45-16.00 after 3553.7 sec [total]
done with UU for K = 90.51-107.63 Q = 13.45-16.00 after 3554.8 sec [total]
done with BB for K = 90.51-107.63 Q = 13.45-16.00 after 3555.9 sec [total]
done with UBTa for K = 90.51-107.63 Q = 13.45-16.00 after 3556.1 sec [total]
done with UBTb for K = 90.51-107.63 Q = 13.45-16.00 after 3556.3 sec [total]
done with UBTbA for K = 90.51-107.63 Q = 13.45-16.00 after 3556.5 sec [total]
done with UBTbC for K = 90.51-107.63 Q = 13.45-16.00 after 3556.8 sec [total]
done with H for K = 90.51-107.63 Q = 13.45-16.00 after 3557.9 sec [total]
done with H++ for K = 90.51-107.63 Q = 13.45-16.00 after 3561.1 sec [total]
done with H+- for K = 90.51-107.63 Q = 13.45-16.00 after 3562.2 sec [total]
done with H-+ for K = 90.51-107.63 Q = 13.45-16.00 after 3563.3 sec [total]
done with H-- for K = 90.51-107.63 Q = 13.45-16.00 after 3564.4 sec [total]
done with UU for K = 107.63-128.00 Q = 13.45-16.00 after 3565.5 sec [total]
done with BB for K = 107.63-128.00 Q = 13.45-16.00 after 3566.5 sec [total]
done with UBTa for K = 107.63-128.00 Q = 13.45-16.00 after 3566.7 sec [total]
done with UBTb for K = 107.63-128.00 Q = 13.45-16.00 after 3566.9 sec [total]
done with UBTbA for K = 107.63-128.00 Q = 13.45-16.00 after 3567.1 sec [total]
done with UBTbC for K = 107.63-128.00 Q = 13.45-16.00 after 3567.5 sec [total]
done with H for K = 107.63-128.00 Q = 13.45-16.00 after 3568.5 sec [total]
done with H++ for K = 107.63-128.00 Q = 13.45-16.00 after 3571.7 sec [total]
done with H+- for K = 107.63-128.00 Q = 13.45-16.00 after 3572.8 sec [total]
done with H-+ for K = 107.63-128.00 Q = 13.45-16.00 after 3573.9 sec [total]
done with H-- for K = 107.63-128.00 Q = 13.45-16.00 after 3575.0 sec [total]
done with UU for K = 128.00-152.22 Q = 13.45-16.00 after 3576.0 sec [total]
done with BB for K = 128.00-152.22 Q = 13.45-16.00 after 3577.1 sec [total]
done with UBTa for K = 128.00-152.22 Q = 13.45-16.00 after 3577.3 sec [total]
done with UBTb for K = 128.00-152.22 Q = 13.45-16.00 after 3577.5 sec [total]
done with UBTbA for K = 128.00-152.22 Q = 13.45-16.00 after 3577.7 sec [total]
done with UBTbC for K = 128.00-152.22 Q = 13.45-16.00 after 3578.1 sec [total]
done with H for K = 128.00-152.22 Q = 13.45-16.00 after 3579.1 sec [total]
done with H++ for K = 128.00-152.22 Q = 13.45-16.00 after 3582.4 sec [total]
done with H+- for K = 128.00-152.22 Q = 13.45-16.00 after 3583.4 sec [total]
done with H-+ for K = 128.00-152.22 Q = 13.45-16.00 after 3584.5 sec [total]
done with H-- for K = 128.00-152.22 Q = 13.45-16.00 after 3585.6 sec [total]
done with UU for K = 152.22-181.02 Q = 13.45-16.00 after 3586.7 sec [total]
done with BB for K = 152.22-181.02 Q = 13.45-16.00 after 3587.7 sec [total]
done with UBTa for K = 152.22-181.02 Q = 13.45-16.00 after 3587.9 sec [total]
done with UBTb for K = 152.22-181.02 Q = 13.45-16.00 after 3588.1 sec [total]
done with UBTbA for K = 152.22-181.02 Q = 13.45-16.00 after 3588.3 sec [total]
done with UBTbC for K = 152.22-181.02 Q = 13.45-16.00 after 3588.8 sec [total]
done with H for K = 152.22-181.02 Q = 13.45-16.00 after 3589.8 sec [total]
done with H++ for K = 152.22-181.02 Q = 13.45-16.00 after 3593.0 sec [total]
done with H+- for K = 152.22-181.02 Q = 13.45-16.00 after 3594.0 sec [total]
done with H-+ for K = 152.22-181.02 Q = 13.45-16.00 after 3595.2 sec [total]
done with H-- for K = 152.22-181.02 Q = 13.45-16.00 after 3596.2 sec [total]
done with UU for K = 181.02-215.27 Q = 13.45-16.00 after 3597.3 sec [total]
done with BB for K = 181.02-215.27 Q = 13.45-16.00 after 3598.4 sec [total]
done with UBTa for K = 181.02-215.27 Q = 13.45-16.00 after 3598.6 sec [total]
done with UBTb for K = 181.02-215.27 Q = 13.45-16.00 after 3598.7 sec [total]
done with UBTbA for K = 181.02-215.27 Q = 13.45-16.00 after 3598.9 sec [total]
done with UBTbC for K = 181.02-215.27 Q = 13.45-16.00 after 3599.3 sec [total]
done with H for K = 181.02-215.27 Q = 13.45-16.00 after 3600.4 sec [total]
done with H++ for K = 181.02-215.27 Q = 13.45-16.00 after 3603.7 sec [total]
done with H+- for K = 181.02-215.27 Q = 13.45-16.00 after 3604.7 sec [total]
done with H-+ for K = 181.02-215.27 Q = 13.45-16.00 after 3605.8 sec [total]
done with H-- for K = 181.02-215.27 Q = 13.45-16.00 after 3606.9 sec [total]
done with UU for K = 215.27-256.00 Q = 13.45-16.00 after 3608.0 sec [total]
done with BB for K = 215.27-256.00 Q = 13.45-16.00 after 3609.0 sec [total]
done with UBTa for K = 215.27-256.00 Q = 13.45-16.00 after 3609.2 sec [total]
done with UBTb for K = 215.27-256.00 Q = 13.45-16.00 after 3609.4 sec [total]
done with UBTbA for K = 215.27-256.00 Q = 13.45-16.00 after 3609.6 sec [total]
done with UBTbC for K = 215.27-256.00 Q = 13.45-16.00 after 3610.0 sec [total]
done with H for K = 215.27-256.00 Q = 13.45-16.00 after 3611.0 sec [total]
done with H++ for K = 215.27-256.00 Q = 13.45-16.00 after 3614.2 sec [total]
done with H+- for K = 215.27-256.00 Q = 13.45-16.00 after 3615.3 sec [total]
done with H-+ for K = 215.27-256.00 Q = 13.45-16.00 after 3616.4 sec [total]
done with H-- for K = 215.27-256.00 Q = 13.45-16.00 after 3617.4 sec [total]
done with UU for K = 256.00-304.44 Q = 13.45-16.00 after 3618.6 sec [total]
done with BB for K = 256.00-304.44 Q = 13.45-16.00 after 3619.7 sec [total]
done with UBTa for K = 256.00-304.44 Q = 13.45-16.00 after 3619.8 sec [total]
done with UBTb for K = 256.00-304.44 Q = 13.45-16.00 after 3620.0 sec [total]
done with UBTbA for K = 256.00-304.44 Q = 13.45-16.00 after 3620.2 sec [total]
done with UBTbC for K = 256.00-304.44 Q = 13.45-16.00 after 3620.6 sec [total]
done with H for K = 256.00-304.44 Q = 13.45-16.00 after 3621.7 sec [total]
done with H++ for K = 256.00-304.44 Q = 13.45-16.00 after 3624.9 sec [total]
done with H+- for K = 256.00-304.44 Q = 13.45-16.00 after 3625.9 sec [total]
done with H-+ for K = 256.00-304.44 Q = 13.45-16.00 after 3627.1 sec [total]
done with H-- for K = 256.00-304.44 Q = 13.45-16.00 after 3628.2 sec [total]
done with UU for K = 304.44-362.04 Q = 13.45-16.00 after 3629.3 sec [total]
done with BB for K = 304.44-362.04 Q = 13.45-16.00 after 3630.3 sec [total]
done with UBTa for K = 304.44-362.04 Q = 13.45-16.00 after 3630.5 sec [total]
done with UBTb for K = 304.44-362.04 Q = 13.45-16.00 after 3630.7 sec [total]
done with UBTbA for K = 304.44-362.04 Q = 13.45-16.00 after 3630.9 sec [total]
done with UBTbC for K = 304.44-362.04 Q = 13.45-16.00 after 3631.3 sec [total]
done with H for K = 304.44-362.04 Q = 13.45-16.00 after 3632.3 sec [total]
done with H++ for K = 304.44-362.04 Q = 13.45-16.00 after 3635.5 sec [total]
done with H+- for K = 304.44-362.04 Q = 13.45-16.00 after 3636.6 sec [total]
done with H-+ for K = 304.44-362.04 Q = 13.45-16.00 after 3637.7 sec [total]
done with H-- for K = 304.44-362.04 Q = 13.45-16.00 after 3638.8 sec [total]
done with UU for K = 362.04-430.54 Q = 13.45-16.00 after 3639.9 sec [total]
done with BB for K = 362.04-430.54 Q = 13.45-16.00 after 3640.9 sec [total]
done with UBTa for K = 362.04-430.54 Q = 13.45-16.00 after 3641.1 sec [total]
done with UBTb for K = 362.04-430.54 Q = 13.45-16.00 after 3641.3 sec [total]
done with UBTbA for K = 362.04-430.54 Q = 13.45-16.00 after 3641.5 sec [total]
done with UBTbC for K = 362.04-430.54 Q = 13.45-16.00 after 3641.9 sec [total]
done with H for K = 362.04-430.54 Q = 13.45-16.00 after 3642.9 sec [total]
done with H++ for K = 362.04-430.54 Q = 13.45-16.00 after 3646.2 sec [total]
done with H+- for K = 362.04-430.54 Q = 13.45-16.00 after 3647.2 sec [total]
done with H-+ for K = 362.04-430.54 Q = 13.45-16.00 after 3648.3 sec [total]
done with H-- for K = 362.04-430.54 Q = 13.45-16.00 after 3649.3 sec [total]
done with UU for K = 430.54-512.00 Q = 13.45-16.00 after 3650.5 sec [total]
done with BB for K = 430.54-512.00 Q = 13.45-16.00 after 3651.6 sec [total]
done with UBTa for K = 430.54-512.00 Q = 13.45-16.00 after 3651.7 sec [total]
done with UBTb for K = 430.54-512.00 Q = 13.45-16.00 after 3651.9 sec [total]
done with UBTbA for K = 430.54-512.00 Q = 13.45-16.00 after 3652.2 sec [total]
done with UBTbC for K = 430.54-512.00 Q = 13.45-16.00 after 3652.5 sec [total]
done with H for K = 430.54-512.00 Q = 13.45-16.00 after 3653.6 sec [total]
done with H++ for K = 430.54-512.00 Q = 13.45-16.00 after 3656.7 sec [total]
done with H+- for K = 430.54-512.00 Q = 13.45-16.00 after 3657.8 sec [total]
done with H-+ for K = 430.54-512.00 Q = 13.45-16.00 after 3659.0 sec [total]
done with H-- for K = 430.54-512.00 Q = 13.45-16.00 after 3660.0 sec [total]
done with UU for K = 512.00-608.87 Q = 13.45-16.00 after 3661.1 sec [total]
done with BB for K = 512.00-608.87 Q = 13.45-16.00 after 3662.2 sec [total]
done with UBTa for K = 512.00-608.87 Q = 13.45-16.00 after 3662.4 sec [total]
done with UBTb for K = 512.00-608.87 Q = 13.45-16.00 after 3662.6 sec [total]
done with UBTbA for K = 512.00-608.87 Q = 13.45-16.00 after 3662.7 sec [total]
done with UBTbC for K = 512.00-608.87 Q = 13.45-16.00 after 3663.1 sec [total]
done with H for K = 512.00-608.87 Q = 13.45-16.00 after 3664.2 sec [total]
done with H++ for K = 512.00-608.87 Q = 13.45-16.00 after 3667.4 sec [total]
done with H+- for K = 512.00-608.87 Q = 13.45-16.00 after 3668.5 sec [total]
done with H-+ for K = 512.00-608.87 Q = 13.45-16.00 after 3669.5 sec [total]
done with H-- for K = 512.00-608.87 Q = 13.45-16.00 after 3670.6 sec [total]
done with UU for K = 608.87-724.08 Q = 13.45-16.00 after 3671.7 sec [total]
done with BB for K = 608.87-724.08 Q = 13.45-16.00 after 3672.8 sec [total]
done with UBTa for K = 608.87-724.08 Q = 13.45-16.00 after 3673.0 sec [total]
done with UBTb for K = 608.87-724.08 Q = 13.45-16.00 after 3673.2 sec [total]
done with UBTbA for K = 608.87-724.08 Q = 13.45-16.00 after 3673.4 sec [total]
done with UBTbC for K = 608.87-724.08 Q = 13.45-16.00 after 3673.7 sec [total]
done with H for K = 608.87-724.08 Q = 13.45-16.00 after 3674.8 sec [total]
done with H++ for K = 608.87-724.08 Q = 13.45-16.00 after 3678.0 sec [total]
done with H+- for K = 608.87-724.08 Q = 13.45-16.00 after 3679.1 sec [total]
done with H-+ for K = 608.87-724.08 Q = 13.45-16.00 after 3680.2 sec [total]
done with H-- for K = 608.87-724.08 Q = 13.45-16.00 after 3681.3 sec [total]
done with UU for K = 724.08-861.08 Q = 13.45-16.00 after 3682.3 sec [total]
done with BB for K = 724.08-861.08 Q = 13.45-16.00 after 3683.4 sec [total]
done with UBTa for K = 724.08-861.08 Q = 13.45-16.00 after 3683.6 sec [total]
done with UBTb for K = 724.08-861.08 Q = 13.45-16.00 after 3683.8 sec [total]
done with UBTbA for K = 724.08-861.08 Q = 13.45-16.00 after 3684.0 sec [total]
done with UBTbC for K = 724.08-861.08 Q = 13.45-16.00 after 3684.4 sec [total]
done with H for K = 724.08-861.08 Q = 13.45-16.00 after 3685.5 sec [total]
done with H++ for K = 724.08-861.08 Q = 13.45-16.00 after 3688.6 sec [total]
done with H+- for K = 724.08-861.08 Q = 13.45-16.00 after 3689.7 sec [total]
done with H-+ for K = 724.08-861.08 Q = 13.45-16.00 after 3690.8 sec [total]
done with H-- for K = 724.08-861.08 Q = 13.45-16.00 after 3691.9 sec [total]
done with UU for K = 861.08-1024.00 Q = 13.45-16.00 after 3693.0 sec [total]
done with BB for K = 861.08-1024.00 Q = 13.45-16.00 after 3694.1 sec [total]
done with UBTa for K = 861.08-1024.00 Q = 13.45-16.00 after 3694.3 sec [total]
done with UBTb for K = 861.08-1024.00 Q = 13.45-16.00 after 3694.5 sec [total]
done with UBTbA for K = 861.08-1024.00 Q = 13.45-16.00 after 3694.7 sec [total]
done with UBTbC for K = 861.08-1024.00 Q = 13.45-16.00 after 3695.0 sec [total]
done with H for K = 861.08-1024.00 Q = 13.45-16.00 after 3696.1 sec [total]
done with H++ for K = 861.08-1024.00 Q = 13.45-16.00 after 3699.3 sec [total]
done with H+- for K = 861.08-1024.00 Q = 13.45-16.00 after 3700.3 sec [total]
done with H-+ for K = 861.08-1024.00 Q = 13.45-16.00 after 3701.5 sec [total]
done with H-- for K = 861.08-1024.00 Q = 13.45-16.00 after 3702.5 sec [total]
done with UU for K = 0.00-3.36 Q = 16.00-19.03 after 3705.6 sec [total]
done with BB for K = 0.00-3.36 Q = 16.00-19.03 after 3708.9 sec [total]
done with UBTa for K = 0.00-3.36 Q = 16.00-19.03 after 3710.6 sec [total]
done with UBTb for K = 0.00-3.36 Q = 16.00-19.03 after 3712.4 sec [total]
done with UBTbA for K = 0.00-3.36 Q = 16.00-19.03 after 3714.1 sec [total]
done with UBTbC for K = 0.00-3.36 Q = 16.00-19.03 after 3714.5 sec [total]
done with H for K = 0.00-3.36 Q = 16.00-19.03 after 3715.6 sec [total]
done with H++ for K = 0.00-3.36 Q = 16.00-19.03 after 3718.8 sec [total]
done with H+- for K = 0.00-3.36 Q = 16.00-19.03 after 3719.9 sec [total]
done with H-+ for K = 0.00-3.36 Q = 16.00-19.03 after 3721.1 sec [total]
done with H-- for K = 0.00-3.36 Q = 16.00-19.03 after 3722.1 sec [total]
done with UU for K = 3.36-4.00 Q = 16.00-19.03 after 3723.1 sec [total]
done with BB for K = 3.36-4.00 Q = 16.00-19.03 after 3724.2 sec [total]
done with UBTa for K = 3.36-4.00 Q = 16.00-19.03 after 3724.4 sec [total]
done with UBTb for K = 3.36-4.00 Q = 16.00-19.03 after 3724.6 sec [total]
done with UBTbA for K = 3.36-4.00 Q = 16.00-19.03 after 3724.8 sec [total]
done with UBTbC for K = 3.36-4.00 Q = 16.00-19.03 after 3725.1 sec [total]
done with H for K = 3.36-4.00 Q = 16.00-19.03 after 3726.2 sec [total]
done with H++ for K = 3.36-4.00 Q = 16.00-19.03 after 3729.5 sec [total]
done with H+- for K = 3.36-4.00 Q = 16.00-19.03 after 3730.5 sec [total]
done with H-+ for K = 3.36-4.00 Q = 16.00-19.03 after 3731.6 sec [total]
done with H-- for K = 3.36-4.00 Q = 16.00-19.03 after 3732.6 sec [total]
done with UU for K = 4.00-4.76 Q = 16.00-19.03 after 3733.8 sec [total]
done with BB for K = 4.00-4.76 Q = 16.00-19.03 after 3734.8 sec [total]
done with UBTa for K = 4.00-4.76 Q = 16.00-19.03 after 3735.0 sec [total]
done with UBTb for K = 4.00-4.76 Q = 16.00-19.03 after 3735.2 sec [total]
done with UBTbA for K = 4.00-4.76 Q = 16.00-19.03 after 3735.4 sec [total]
done with UBTbC for K = 4.00-4.76 Q = 16.00-19.03 after 3735.8 sec [total]
done with H for K = 4.00-4.76 Q = 16.00-19.03 after 3736.8 sec [total]
done with H++ for K = 4.00-4.76 Q = 16.00-19.03 after 3740.1 sec [total]
done with H+- for K = 4.00-4.76 Q = 16.00-19.03 after 3741.1 sec [total]
done with H-+ for K = 4.00-4.76 Q = 16.00-19.03 after 3742.2 sec [total]
done with H-- for K = 4.00-4.76 Q = 16.00-19.03 after 3743.3 sec [total]
done with UU for K = 4.76-5.66 Q = 16.00-19.03 after 3744.4 sec [total]
done with BB for K = 4.76-5.66 Q = 16.00-19.03 after 3745.5 sec [total]
done with UBTa for K = 4.76-5.66 Q = 16.00-19.03 after 3745.6 sec [total]
done with UBTb for K = 4.76-5.66 Q = 16.00-19.03 after 3745.8 sec [total]
done with UBTbA for K = 4.76-5.66 Q = 16.00-19.03 after 3746.0 sec [total]
done with UBTbC for K = 4.76-5.66 Q = 16.00-19.03 after 3746.4 sec [total]
done with H for K = 4.76-5.66 Q = 16.00-19.03 after 3747.5 sec [total]
done with H++ for K = 4.76-5.66 Q = 16.00-19.03 after 3750.8 sec [total]
done with H+- for K = 4.76-5.66 Q = 16.00-19.03 after 3751.8 sec [total]
done with H-+ for K = 4.76-5.66 Q = 16.00-19.03 after 3752.9 sec [total]
done with H-- for K = 4.76-5.66 Q = 16.00-19.03 after 3753.9 sec [total]
done with UU for K = 5.66-6.73 Q = 16.00-19.03 after 3755.0 sec [total]
done with BB for K = 5.66-6.73 Q = 16.00-19.03 after 3756.1 sec [total]
done with UBTa for K = 5.66-6.73 Q = 16.00-19.03 after 3756.3 sec [total]
done with UBTb for K = 5.66-6.73 Q = 16.00-19.03 after 3756.5 sec [total]
done with UBTbA for K = 5.66-6.73 Q = 16.00-19.03 after 3756.7 sec [total]
done with UBTbC for K = 5.66-6.73 Q = 16.00-19.03 after 3757.0 sec [total]
done with H for K = 5.66-6.73 Q = 16.00-19.03 after 3758.1 sec [total]
done with H++ for K = 5.66-6.73 Q = 16.00-19.03 after 3761.3 sec [total]
done with H+- for K = 5.66-6.73 Q = 16.00-19.03 after 3762.3 sec [total]
done with H-+ for K = 5.66-6.73 Q = 16.00-19.03 after 3763.5 sec [total]
done with H-- for K = 5.66-6.73 Q = 16.00-19.03 after 3764.6 sec [total]
done with UU for K = 6.73-8.00 Q = 16.00-19.03 after 3765.7 sec [total]
done with BB for K = 6.73-8.00 Q = 16.00-19.03 after 3766.7 sec [total]
done with UBTa for K = 6.73-8.00 Q = 16.00-19.03 after 3766.9 sec [total]
done with UBTb for K = 6.73-8.00 Q = 16.00-19.03 after 3767.1 sec [total]
done with UBTbA for K = 6.73-8.00 Q = 16.00-19.03 after 3767.3 sec [total]
done with UBTbC for K = 6.73-8.00 Q = 16.00-19.03 after 3767.7 sec [total]
done with H for K = 6.73-8.00 Q = 16.00-19.03 after 3768.7 sec [total]
done with H++ for K = 6.73-8.00 Q = 16.00-19.03 after 3772.0 sec [total]
done with H+- for K = 6.73-8.00 Q = 16.00-19.03 after 3773.0 sec [total]
done with H-+ for K = 6.73-8.00 Q = 16.00-19.03 after 3774.1 sec [total]
done with H-- for K = 6.73-8.00 Q = 16.00-19.03 after 3775.2 sec [total]
done with UU for K = 8.00-9.51 Q = 16.00-19.03 after 3776.3 sec [total]
done with BB for K = 8.00-9.51 Q = 16.00-19.03 after 3777.3 sec [total]
done with UBTa for K = 8.00-9.51 Q = 16.00-19.03 after 3777.5 sec [total]
done with UBTb for K = 8.00-9.51 Q = 16.00-19.03 after 3777.7 sec [total]
done with UBTbA for K = 8.00-9.51 Q = 16.00-19.03 after 3777.9 sec [total]
done with UBTbC for K = 8.00-9.51 Q = 16.00-19.03 after 3778.3 sec [total]
done with H for K = 8.00-9.51 Q = 16.00-19.03 after 3779.4 sec [total]
done with H++ for K = 8.00-9.51 Q = 16.00-19.03 after 3782.5 sec [total]
done with H+- for K = 8.00-9.51 Q = 16.00-19.03 after 3783.7 sec [total]
done with H-+ for K = 8.00-9.51 Q = 16.00-19.03 after 3784.7 sec [total]
done with H-- for K = 8.00-9.51 Q = 16.00-19.03 after 3785.8 sec [total]
done with UU for K = 9.51-11.31 Q = 16.00-19.03 after 3787.0 sec [total]
done with BB for K = 9.51-11.31 Q = 16.00-19.03 after 3788.0 sec [total]
done with UBTa for K = 9.51-11.31 Q = 16.00-19.03 after 3788.2 sec [total]
done with UBTb for K = 9.51-11.31 Q = 16.00-19.03 after 3788.4 sec [total]
done with UBTbA for K = 9.51-11.31 Q = 16.00-19.03 after 3788.6 sec [total]
done with UBTbC for K = 9.51-11.31 Q = 16.00-19.03 after 3789.0 sec [total]
done with H for K = 9.51-11.31 Q = 16.00-19.03 after 3790.0 sec [total]
done with H++ for K = 9.51-11.31 Q = 16.00-19.03 after 3793.3 sec [total]
done with H+- for K = 9.51-11.31 Q = 16.00-19.03 after 3794.3 sec [total]
done with H-+ for K = 9.51-11.31 Q = 16.00-19.03 after 3795.4 sec [total]
done with H-- for K = 9.51-11.31 Q = 16.00-19.03 after 3796.5 sec [total]
done with UU for K = 11.31-13.45 Q = 16.00-19.03 after 3797.6 sec [total]
done with BB for K = 11.31-13.45 Q = 16.00-19.03 after 3798.6 sec [total]
done with UBTa for K = 11.31-13.45 Q = 16.00-19.03 after 3798.8 sec [total]
done with UBTb for K = 11.31-13.45 Q = 16.00-19.03 after 3799.0 sec [total]
done with UBTbA for K = 11.31-13.45 Q = 16.00-19.03 after 3799.3 sec [total]
done with UBTbC for K = 11.31-13.45 Q = 16.00-19.03 after 3799.6 sec [total]
done with H for K = 11.31-13.45 Q = 16.00-19.03 after 3800.7 sec [total]
done with H++ for K = 11.31-13.45 Q = 16.00-19.03 after 3803.9 sec [total]
done with H+- for K = 11.31-13.45 Q = 16.00-19.03 after 3805.0 sec [total]
done with H-+ for K = 11.31-13.45 Q = 16.00-19.03 after 3806.0 sec [total]
done with H-- for K = 11.31-13.45 Q = 16.00-19.03 after 3807.0 sec [total]
done with UU for K = 13.45-16.00 Q = 16.00-19.03 after 3808.2 sec [total]
done with BB for K = 13.45-16.00 Q = 16.00-19.03 after 3809.3 sec [total]
done with UBTa for K = 13.45-16.00 Q = 16.00-19.03 after 3809.4 sec [total]
done with UBTb for K = 13.45-16.00 Q = 16.00-19.03 after 3809.6 sec [total]
done with UBTbA for K = 13.45-16.00 Q = 16.00-19.03 after 3809.9 sec [total]
done with UBTbC for K = 13.45-16.00 Q = 16.00-19.03 after 3810.2 sec [total]
done with H for K = 13.45-16.00 Q = 16.00-19.03 after 3811.3 sec [total]
done with H++ for K = 13.45-16.00 Q = 16.00-19.03 after 3814.5 sec [total]
done with H+- for K = 13.45-16.00 Q = 16.00-19.03 after 3815.5 sec [total]
done with H-+ for K = 13.45-16.00 Q = 16.00-19.03 after 3816.6 sec [total]
done with H-- for K = 13.45-16.00 Q = 16.00-19.03 after 3817.7 sec [total]
done with UU for K = 16.00-19.03 Q = 16.00-19.03 after 3818.8 sec [total]
done with BB for K = 16.00-19.03 Q = 16.00-19.03 after 3819.8 sec [total]
done with UBTa for K = 16.00-19.03 Q = 16.00-19.03 after 3820.0 sec [total]
done with UBTb for K = 16.00-19.03 Q = 16.00-19.03 after 3820.2 sec [total]
done with UBTbA for K = 16.00-19.03 Q = 16.00-19.03 after 3820.4 sec [total]
done with UBTbC for K = 16.00-19.03 Q = 16.00-19.03 after 3820.8 sec [total]
done with H for K = 16.00-19.03 Q = 16.00-19.03 after 3821.9 sec [total]
done with H++ for K = 16.00-19.03 Q = 16.00-19.03 after 3825.2 sec [total]
done with H+- for K = 16.00-19.03 Q = 16.00-19.03 after 3826.2 sec [total]
done with H-+ for K = 16.00-19.03 Q = 16.00-19.03 after 3827.3 sec [total]
done with H-- for K = 16.00-19.03 Q = 16.00-19.03 after 3828.3 sec [total]
done with UU for K = 19.03-22.63 Q = 16.00-19.03 after 3829.4 sec [total]
done with BB for K = 19.03-22.63 Q = 16.00-19.03 after 3830.5 sec [total]
done with UBTa for K = 19.03-22.63 Q = 16.00-19.03 after 3830.7 sec [total]
done with UBTb for K = 19.03-22.63 Q = 16.00-19.03 after 3830.9 sec [total]
done with UBTbA for K = 19.03-22.63 Q = 16.00-19.03 after 3831.1 sec [total]
done with UBTbC for K = 19.03-22.63 Q = 16.00-19.03 after 3831.4 sec [total]
done with H for K = 19.03-22.63 Q = 16.00-19.03 after 3832.5 sec [total]
done with H++ for K = 19.03-22.63 Q = 16.00-19.03 after 3835.7 sec [total]
done with H+- for K = 19.03-22.63 Q = 16.00-19.03 after 3836.8 sec [total]
done with H-+ for K = 19.03-22.63 Q = 16.00-19.03 after 3837.9 sec [total]
done with H-- for K = 19.03-22.63 Q = 16.00-19.03 after 3839.0 sec [total]
done with UU for K = 22.63-26.91 Q = 16.00-19.03 after 3840.1 sec [total]
done with BB for K = 22.63-26.91 Q = 16.00-19.03 after 3841.1 sec [total]
done with UBTa for K = 22.63-26.91 Q = 16.00-19.03 after 3841.3 sec [total]
done with UBTb for K = 22.63-26.91 Q = 16.00-19.03 after 3841.5 sec [total]
done with UBTbA for K = 22.63-26.91 Q = 16.00-19.03 after 3841.7 sec [total]
done with UBTbC for K = 22.63-26.91 Q = 16.00-19.03 after 3842.1 sec [total]
done with H for K = 22.63-26.91 Q = 16.00-19.03 after 3843.1 sec [total]
done with H++ for K = 22.63-26.91 Q = 16.00-19.03 after 3846.4 sec [total]
done with H+- for K = 22.63-26.91 Q = 16.00-19.03 after 3847.4 sec [total]
done with H-+ for K = 22.63-26.91 Q = 16.00-19.03 after 3848.5 sec [total]
done with H-- for K = 22.63-26.91 Q = 16.00-19.03 after 3849.5 sec [total]
done with UU for K = 26.91-32.00 Q = 16.00-19.03 after 3850.7 sec [total]
done with BB for K = 26.91-32.00 Q = 16.00-19.03 after 3851.7 sec [total]
done with UBTa for K = 26.91-32.00 Q = 16.00-19.03 after 3851.9 sec [total]
done with UBTb for K = 26.91-32.00 Q = 16.00-19.03 after 3852.1 sec [total]
done with UBTbA for K = 26.91-32.00 Q = 16.00-19.03 after 3852.3 sec [total]
done with UBTbC for K = 26.91-32.00 Q = 16.00-19.03 after 3852.7 sec [total]
done with H for K = 26.91-32.00 Q = 16.00-19.03 after 3853.7 sec [total]
done with H++ for K = 26.91-32.00 Q = 16.00-19.03 after 3857.0 sec [total]
done with H+- for K = 26.91-32.00 Q = 16.00-19.03 after 3858.0 sec [total]
done with H-+ for K = 26.91-32.00 Q = 16.00-19.03 after 3859.1 sec [total]
done with H-- for K = 26.91-32.00 Q = 16.00-19.03 after 3860.2 sec [total]
done with UU for K = 32.00-38.05 Q = 16.00-19.03 after 3861.2 sec [total]
done with BB for K = 32.00-38.05 Q = 16.00-19.03 after 3862.3 sec [total]
done with UBTa for K = 32.00-38.05 Q = 16.00-19.03 after 3862.5 sec [total]
done with UBTb for K = 32.00-38.05 Q = 16.00-19.03 after 3862.7 sec [total]
done with UBTbA for K = 32.00-38.05 Q = 16.00-19.03 after 3862.9 sec [total]
done with UBTbC for K = 32.00-38.05 Q = 16.00-19.03 after 3863.3 sec [total]
done with H for K = 32.00-38.05 Q = 16.00-19.03 after 3864.3 sec [total]
done with H++ for K = 32.00-38.05 Q = 16.00-19.03 after 3867.5 sec [total]
done with H+- for K = 32.00-38.05 Q = 16.00-19.03 after 3868.6 sec [total]
done with H-+ for K = 32.00-38.05 Q = 16.00-19.03 after 3869.7 sec [total]
done with H-- for K = 32.00-38.05 Q = 16.00-19.03 after 3870.8 sec [total]
done with UU for K = 38.05-45.25 Q = 16.00-19.03 after 3871.9 sec [total]
done with BB for K = 38.05-45.25 Q = 16.00-19.03 after 3873.0 sec [total]
done with UBTa for K = 38.05-45.25 Q = 16.00-19.03 after 3873.2 sec [total]
done with UBTb for K = 38.05-45.25 Q = 16.00-19.03 after 3873.4 sec [total]
done with UBTbA for K = 38.05-45.25 Q = 16.00-19.03 after 3873.6 sec [total]
done with UBTbC for K = 38.05-45.25 Q = 16.00-19.03 after 3873.9 sec [total]
done with H for K = 38.05-45.25 Q = 16.00-19.03 after 3875.0 sec [total]
done with H++ for K = 38.05-45.25 Q = 16.00-19.03 after 3878.2 sec [total]
done with H+- for K = 38.05-45.25 Q = 16.00-19.03 after 3879.3 sec [total]
done with H-+ for K = 38.05-45.25 Q = 16.00-19.03 after 3880.3 sec [total]
done with H-- for K = 38.05-45.25 Q = 16.00-19.03 after 3881.4 sec [total]
done with UU for K = 45.25-53.82 Q = 16.00-19.03 after 3882.5 sec [total]
done with BB for K = 45.25-53.82 Q = 16.00-19.03 after 3883.6 sec [total]
done with UBTa for K = 45.25-53.82 Q = 16.00-19.03 after 3883.8 sec [total]
done with UBTb for K = 45.25-53.82 Q = 16.00-19.03 after 3884.0 sec [total]
done with UBTbA for K = 45.25-53.82 Q = 16.00-19.03 after 3884.2 sec [total]
done with UBTbC for K = 45.25-53.82 Q = 16.00-19.03 after 3884.6 sec [total]
done with H for K = 45.25-53.82 Q = 16.00-19.03 after 3885.6 sec [total]
done with H++ for K = 45.25-53.82 Q = 16.00-19.03 after 3888.8 sec [total]
done with H+- for K = 45.25-53.82 Q = 16.00-19.03 after 3889.9 sec [total]
done with H-+ for K = 45.25-53.82 Q = 16.00-19.03 after 3891.0 sec [total]
done with H-- for K = 45.25-53.82 Q = 16.00-19.03 after 3892.1 sec [total]
done with UU for K = 53.82-64.00 Q = 16.00-19.03 after 3893.2 sec [total]
done with BB for K = 53.82-64.00 Q = 16.00-19.03 after 3894.3 sec [total]
done with UBTa for K = 53.82-64.00 Q = 16.00-19.03 after 3894.5 sec [total]
done with UBTb for K = 53.82-64.00 Q = 16.00-19.03 after 3894.7 sec [total]
done with UBTbA for K = 53.82-64.00 Q = 16.00-19.03 after 3894.9 sec [total]
done with UBTbC for K = 53.82-64.00 Q = 16.00-19.03 after 3895.3 sec [total]
done with H for K = 53.82-64.00 Q = 16.00-19.03 after 3896.3 sec [total]
done with H++ for K = 53.82-64.00 Q = 16.00-19.03 after 3899.5 sec [total]
done with H+- for K = 53.82-64.00 Q = 16.00-19.03 after 3900.6 sec [total]
done with H-+ for K = 53.82-64.00 Q = 16.00-19.03 after 3901.7 sec [total]
done with H-- for K = 53.82-64.00 Q = 16.00-19.03 after 3902.7 sec [total]
done with UU for K = 64.00-76.11 Q = 16.00-19.03 after 3903.9 sec [total]
done with BB for K = 64.00-76.11 Q = 16.00-19.03 after 3904.9 sec [total]
done with UBTa for K = 64.00-76.11 Q = 16.00-19.03 after 3905.1 sec [total]
done with UBTb for K = 64.00-76.11 Q = 16.00-19.03 after 3905.3 sec [total]
done with UBTbA for K = 64.00-76.11 Q = 16.00-19.03 after 3905.5 sec [total]
done with UBTbC for K = 64.00-76.11 Q = 16.00-19.03 after 3905.9 sec [total]
done with H for K = 64.00-76.11 Q = 16.00-19.03 after 3906.9 sec [total]
done with H++ for K = 64.00-76.11 Q = 16.00-19.03 after 3910.1 sec [total]
done with H+- for K = 64.00-76.11 Q = 16.00-19.03 after 3911.2 sec [total]
done with H-+ for K = 64.00-76.11 Q = 16.00-19.03 after 3912.3 sec [total]
done with H-- for K = 64.00-76.11 Q = 16.00-19.03 after 3913.3 sec [total]
done with UU for K = 76.11-90.51 Q = 16.00-19.03 after 3914.5 sec [total]
done with BB for K = 76.11-90.51 Q = 16.00-19.03 after 3915.6 sec [total]
done with UBTa for K = 76.11-90.51 Q = 16.00-19.03 after 3915.8 sec [total]
done with UBTb for K = 76.11-90.51 Q = 16.00-19.03 after 3916.0 sec [total]
done with UBTbA for K = 76.11-90.51 Q = 16.00-19.03 after 3916.1 sec [total]
done with UBTbC for K = 76.11-90.51 Q = 16.00-19.03 after 3916.6 sec [total]
done with H for K = 76.11-90.51 Q = 16.00-19.03 after 3917.6 sec [total]
done with H++ for K = 76.11-90.51 Q = 16.00-19.03 after 3920.9 sec [total]
done with H+- for K = 76.11-90.51 Q = 16.00-19.03 after 3921.9 sec [total]
done with H-+ for K = 76.11-90.51 Q = 16.00-19.03 after 3923.0 sec [total]
done with H-- for K = 76.11-90.51 Q = 16.00-19.03 after 3924.1 sec [total]
done with UU for K = 90.51-107.63 Q = 16.00-19.03 after 3925.1 sec [total]
done with BB for K = 90.51-107.63 Q = 16.00-19.03 after 3926.2 sec [total]
done with UBTa for K = 90.51-107.63 Q = 16.00-19.03 after 3926.4 sec [total]
done with UBTb for K = 90.51-107.63 Q = 16.00-19.03 after 3926.6 sec [total]
done with UBTbA for K = 90.51-107.63 Q = 16.00-19.03 after 3926.8 sec [total]
done with UBTbC for K = 90.51-107.63 Q = 16.00-19.03 after 3927.1 sec [total]
done with H for K = 90.51-107.63 Q = 16.00-19.03 after 3928.2 sec [total]
done with H++ for K = 90.51-107.63 Q = 16.00-19.03 after 3931.5 sec [total]
done with H+- for K = 90.51-107.63 Q = 16.00-19.03 after 3932.5 sec [total]
done with H-+ for K = 90.51-107.63 Q = 16.00-19.03 after 3933.6 sec [total]
done with H-- for K = 90.51-107.63 Q = 16.00-19.03 after 3934.7 sec [total]
done with UU for K = 107.63-128.00 Q = 16.00-19.03 after 3935.8 sec [total]
done with BB for K = 107.63-128.00 Q = 16.00-19.03 after 3936.8 sec [total]
done with UBTa for K = 107.63-128.00 Q = 16.00-19.03 after 3937.1 sec [total]
done with UBTb for K = 107.63-128.00 Q = 16.00-19.03 after 3937.3 sec [total]
done with UBTbA for K = 107.63-128.00 Q = 16.00-19.03 after 3937.5 sec [total]
done with UBTbC for K = 107.63-128.00 Q = 16.00-19.03 after 3937.8 sec [total]
done with H for K = 107.63-128.00 Q = 16.00-19.03 after 3938.8 sec [total]
done with H++ for K = 107.63-128.00 Q = 16.00-19.03 after 3942.0 sec [total]
done with H+- for K = 107.63-128.00 Q = 16.00-19.03 after 3943.1 sec [total]
done with H-+ for K = 107.63-128.00 Q = 16.00-19.03 after 3944.2 sec [total]
done with H-- for K = 107.63-128.00 Q = 16.00-19.03 after 3945.2 sec [total]
done with UU for K = 128.00-152.22 Q = 16.00-19.03 after 3946.4 sec [total]
done with BB for K = 128.00-152.22 Q = 16.00-19.03 after 3947.5 sec [total]
done with UBTa for K = 128.00-152.22 Q = 16.00-19.03 after 3947.7 sec [total]
done with UBTb for K = 128.00-152.22 Q = 16.00-19.03 after 3947.8 sec [total]
done with UBTbA for K = 128.00-152.22 Q = 16.00-19.03 after 3948.0 sec [total]
done with UBTbC for K = 128.00-152.22 Q = 16.00-19.03 after 3948.4 sec [total]
done with H for K = 128.00-152.22 Q = 16.00-19.03 after 3949.5 sec [total]
done with H++ for K = 128.00-152.22 Q = 16.00-19.03 after 3952.7 sec [total]
done with H+- for K = 128.00-152.22 Q = 16.00-19.03 after 3953.7 sec [total]
done with H-+ for K = 128.00-152.22 Q = 16.00-19.03 after 3954.9 sec [total]
done with H-- for K = 128.00-152.22 Q = 16.00-19.03 after 3956.0 sec [total]
done with UU for K = 152.22-181.02 Q = 16.00-19.03 after 3957.0 sec [total]
done with BB for K = 152.22-181.02 Q = 16.00-19.03 after 3958.1 sec [total]
done with UBTa for K = 152.22-181.02 Q = 16.00-19.03 after 3958.3 sec [total]
done with UBTb for K = 152.22-181.02 Q = 16.00-19.03 after 3958.5 sec [total]
done with UBTbA for K = 152.22-181.02 Q = 16.00-19.03 after 3958.7 sec [total]
done with UBTbC for K = 152.22-181.02 Q = 16.00-19.03 after 3959.1 sec [total]
done with H for K = 152.22-181.02 Q = 16.00-19.03 after 3960.1 sec [total]
done with H++ for K = 152.22-181.02 Q = 16.00-19.03 after 3963.3 sec [total]
done with H+- for K = 152.22-181.02 Q = 16.00-19.03 after 3964.4 sec [total]
done with H-+ for K = 152.22-181.02 Q = 16.00-19.03 after 3965.5 sec [total]
done with H-- for K = 152.22-181.02 Q = 16.00-19.03 after 3966.5 sec [total]
done with UU for K = 181.02-215.27 Q = 16.00-19.03 after 3967.7 sec [total]
done with BB for K = 181.02-215.27 Q = 16.00-19.03 after 3968.7 sec [total]
done with UBTa for K = 181.02-215.27 Q = 16.00-19.03 after 3968.9 sec [total]
done with UBTb for K = 181.02-215.27 Q = 16.00-19.03 after 3969.1 sec [total]
done with UBTbA for K = 181.02-215.27 Q = 16.00-19.03 after 3969.3 sec [total]
done with UBTbC for K = 181.02-215.27 Q = 16.00-19.03 after 3969.7 sec [total]
done with H for K = 181.02-215.27 Q = 16.00-19.03 after 3970.7 sec [total]
done with H++ for K = 181.02-215.27 Q = 16.00-19.03 after 3974.0 sec [total]
done with H+- for K = 181.02-215.27 Q = 16.00-19.03 after 3975.0 sec [total]
done with H-+ for K = 181.02-215.27 Q = 16.00-19.03 after 3976.1 sec [total]
done with H-- for K = 181.02-215.27 Q = 16.00-19.03 after 3977.1 sec [total]
done with UU for K = 215.27-256.00 Q = 16.00-19.03 after 3978.2 sec [total]
done with BB for K = 215.27-256.00 Q = 16.00-19.03 after 3979.3 sec [total]
done with UBTa for K = 215.27-256.00 Q = 16.00-19.03 after 3979.5 sec [total]
done with UBTb for K = 215.27-256.00 Q = 16.00-19.03 after 3979.7 sec [total]
done with UBTbA for K = 215.27-256.00 Q = 16.00-19.03 after 3979.9 sec [total]
done with UBTbC for K = 215.27-256.00 Q = 16.00-19.03 after 3980.3 sec [total]
done with H for K = 215.27-256.00 Q = 16.00-19.03 after 3981.3 sec [total]
done with H++ for K = 215.27-256.00 Q = 16.00-19.03 after 3984.5 sec [total]
done with H+- for K = 215.27-256.00 Q = 16.00-19.03 after 3985.6 sec [total]
done with H-+ for K = 215.27-256.00 Q = 16.00-19.03 after 3986.7 sec [total]
done with H-- for K = 215.27-256.00 Q = 16.00-19.03 after 3987.8 sec [total]
done with UU for K = 256.00-304.44 Q = 16.00-19.03 after 3988.9 sec [total]
done with BB for K = 256.00-304.44 Q = 16.00-19.03 after 3989.9 sec [total]
done with UBTa for K = 256.00-304.44 Q = 16.00-19.03 after 3990.1 sec [total]
done with UBTb for K = 256.00-304.44 Q = 16.00-19.03 after 3990.3 sec [total]
done with UBTbA for K = 256.00-304.44 Q = 16.00-19.03 after 3990.5 sec [total]
done with UBTbC for K = 256.00-304.44 Q = 16.00-19.03 after 3990.8 sec [total]
done with H for K = 256.00-304.44 Q = 16.00-19.03 after 3992.0 sec [total]
done with H++ for K = 256.00-304.44 Q = 16.00-19.03 after 3995.2 sec [total]
done with H+- for K = 256.00-304.44 Q = 16.00-19.03 after 3996.3 sec [total]
done with H-+ for K = 256.00-304.44 Q = 16.00-19.03 after 3997.4 sec [total]
done with H-- for K = 256.00-304.44 Q = 16.00-19.03 after 3998.4 sec [total]
done with UU for K = 304.44-362.04 Q = 16.00-19.03 after 3999.6 sec [total]
done with BB for K = 304.44-362.04 Q = 16.00-19.03 after 4000.6 sec [total]
done with UBTa for K = 304.44-362.04 Q = 16.00-19.03 after 4000.8 sec [total]
done with UBTb for K = 304.44-362.04 Q = 16.00-19.03 after 4001.0 sec [total]
done with UBTbA for K = 304.44-362.04 Q = 16.00-19.03 after 4001.2 sec [total]
done with UBTbC for K = 304.44-362.04 Q = 16.00-19.03 after 4001.5 sec [total]
done with H for K = 304.44-362.04 Q = 16.00-19.03 after 4002.6 sec [total]
done with H++ for K = 304.44-362.04 Q = 16.00-19.03 after 4005.9 sec [total]
done with H+- for K = 304.44-362.04 Q = 16.00-19.03 after 4006.9 sec [total]
done with H-+ for K = 304.44-362.04 Q = 16.00-19.03 after 4008.0 sec [total]
done with H-- for K = 304.44-362.04 Q = 16.00-19.03 after 4009.1 sec [total]
done with UU for K = 362.04-430.54 Q = 16.00-19.03 after 4010.2 sec [total]
done with BB for K = 362.04-430.54 Q = 16.00-19.03 after 4011.2 sec [total]
done with UBTa for K = 362.04-430.54 Q = 16.00-19.03 after 4011.4 sec [total]
done with UBTb for K = 362.04-430.54 Q = 16.00-19.03 after 4011.6 sec [total]
done with UBTbA for K = 362.04-430.54 Q = 16.00-19.03 after 4011.8 sec [total]
done with UBTbC for K = 362.04-430.54 Q = 16.00-19.03 after 4012.1 sec [total]
done with H for K = 362.04-430.54 Q = 16.00-19.03 after 4013.2 sec [total]
done with H++ for K = 362.04-430.54 Q = 16.00-19.03 after 4016.5 sec [total]
done with H+- for K = 362.04-430.54 Q = 16.00-19.03 after 4017.6 sec [total]
done with H-+ for K = 362.04-430.54 Q = 16.00-19.03 after 4018.6 sec [total]
done with H-- for K = 362.04-430.54 Q = 16.00-19.03 after 4019.7 sec [total]
done with UU for K = 430.54-512.00 Q = 16.00-19.03 after 4020.8 sec [total]
done with BB for K = 430.54-512.00 Q = 16.00-19.03 after 4021.9 sec [total]
done with UBTa for K = 430.54-512.00 Q = 16.00-19.03 after 4022.1 sec [total]
done with UBTb for K = 430.54-512.00 Q = 16.00-19.03 after 4022.3 sec [total]
done with UBTbA for K = 430.54-512.00 Q = 16.00-19.03 after 4022.5 sec [total]
done with UBTbC for K = 430.54-512.00 Q = 16.00-19.03 after 4022.8 sec [total]
done with H for K = 430.54-512.00 Q = 16.00-19.03 after 4023.9 sec [total]
done with H++ for K = 430.54-512.00 Q = 16.00-19.03 after 4027.1 sec [total]
done with H+- for K = 430.54-512.00 Q = 16.00-19.03 after 4028.2 sec [total]
done with H-+ for K = 430.54-512.00 Q = 16.00-19.03 after 4029.3 sec [total]
done with H-- for K = 430.54-512.00 Q = 16.00-19.03 after 4030.3 sec [total]
done with UU for K = 512.00-608.87 Q = 16.00-19.03 after 4031.4 sec [total]
done with BB for K = 512.00-608.87 Q = 16.00-19.03 after 4032.5 sec [total]
done with UBTa for K = 512.00-608.87 Q = 16.00-19.03 after 4032.7 sec [total]
done with UBTb for K = 512.00-608.87 Q = 16.00-19.03 after 4032.9 sec [total]
done with UBTbA for K = 512.00-608.87 Q = 16.00-19.03 after 4033.1 sec [total]
done with UBTbC for K = 512.00-608.87 Q = 16.00-19.03 after 4033.4 sec [total]
done with H for K = 512.00-608.87 Q = 16.00-19.03 after 4034.5 sec [total]
done with H++ for K = 512.00-608.87 Q = 16.00-19.03 after 4037.7 sec [total]
done with H+- for K = 512.00-608.87 Q = 16.00-19.03 after 4038.8 sec [total]
done with H-+ for K = 512.00-608.87 Q = 16.00-19.03 after 4039.9 sec [total]
done with H-- for K = 512.00-608.87 Q = 16.00-19.03 after 4041.0 sec [total]
done with UU for K = 608.87-724.08 Q = 16.00-19.03 after 4042.0 sec [total]
done with BB for K = 608.87-724.08 Q = 16.00-19.03 after 4043.1 sec [total]
done with UBTa for K = 608.87-724.08 Q = 16.00-19.03 after 4043.3 sec [total]
done with UBTb for K = 608.87-724.08 Q = 16.00-19.03 after 4043.5 sec [total]
done with UBTbA for K = 608.87-724.08 Q = 16.00-19.03 after 4043.7 sec [total]
done with UBTbC for K = 608.87-724.08 Q = 16.00-19.03 after 4044.0 sec [total]
done with H for K = 608.87-724.08 Q = 16.00-19.03 after 4045.1 sec [total]
done with H++ for K = 608.87-724.08 Q = 16.00-19.03 after 4048.4 sec [total]
done with H+- for K = 608.87-724.08 Q = 16.00-19.03 after 4049.4 sec [total]
done with H-+ for K = 608.87-724.08 Q = 16.00-19.03 after 4050.5 sec [total]
done with H-- for K = 608.87-724.08 Q = 16.00-19.03 after 4051.6 sec [total]
done with UU for K = 724.08-861.08 Q = 16.00-19.03 after 4052.7 sec [total]
done with BB for K = 724.08-861.08 Q = 16.00-19.03 after 4053.7 sec [total]
done with UBTa for K = 724.08-861.08 Q = 16.00-19.03 after 4053.9 sec [total]
done with UBTb for K = 724.08-861.08 Q = 16.00-19.03 after 4054.1 sec [total]
done with UBTbA for K = 724.08-861.08 Q = 16.00-19.03 after 4054.3 sec [total]
done with UBTbC for K = 724.08-861.08 Q = 16.00-19.03 after 4054.7 sec [total]
done with H for K = 724.08-861.08 Q = 16.00-19.03 after 4055.8 sec [total]
done with H++ for K = 724.08-861.08 Q = 16.00-19.03 after 4059.0 sec [total]
done with H+- for K = 724.08-861.08 Q = 16.00-19.03 after 4060.1 sec [total]
done with H-+ for K = 724.08-861.08 Q = 16.00-19.03 after 4061.1 sec [total]
done with H-- for K = 724.08-861.08 Q = 16.00-19.03 after 4062.2 sec [total]
done with UU for K = 861.08-1024.00 Q = 16.00-19.03 after 4063.3 sec [total]
done with BB for K = 861.08-1024.00 Q = 16.00-19.03 after 4064.4 sec [total]
done with UBTa for K = 861.08-1024.00 Q = 16.00-19.03 after 4064.5 sec [total]
done with UBTb for K = 861.08-1024.00 Q = 16.00-19.03 after 4064.7 sec [total]
done with UBTbA for K = 861.08-1024.00 Q = 16.00-19.03 after 4064.9 sec [total]
done with UBTbC for K = 861.08-1024.00 Q = 16.00-19.03 after 4065.3 sec [total]
done with H for K = 861.08-1024.00 Q = 16.00-19.03 after 4066.4 sec [total]
done with H++ for K = 861.08-1024.00 Q = 16.00-19.03 after 4069.5 sec [total]
done with H+- for K = 861.08-1024.00 Q = 16.00-19.03 after 4070.6 sec [total]
done with H-+ for K = 861.08-1024.00 Q = 16.00-19.03 after 4071.7 sec [total]
done with H-- for K = 861.08-1024.00 Q = 16.00-19.03 after 4072.8 sec [total]
done with UU for K = 0.00-3.36 Q = 19.03-22.63 after 4076.0 sec [total]
done with BB for K = 0.00-3.36 Q = 19.03-22.63 after 4079.1 sec [total]
done with UBTa for K = 0.00-3.36 Q = 19.03-22.63 after 4080.9 sec [total]
done with UBTb for K = 0.00-3.36 Q = 19.03-22.63 after 4082.7 sec [total]
done with UBTbA for K = 0.00-3.36 Q = 19.03-22.63 after 4084.4 sec [total]
done with UBTbC for K = 0.00-3.36 Q = 19.03-22.63 after 4084.8 sec [total]
done with H for K = 0.00-3.36 Q = 19.03-22.63 after 4085.8 sec [total]
done with H++ for K = 0.00-3.36 Q = 19.03-22.63 after 4089.1 sec [total]
done with H+- for K = 0.00-3.36 Q = 19.03-22.63 after 4090.2 sec [total]
done with H-+ for K = 0.00-3.36 Q = 19.03-22.63 after 4091.3 sec [total]
done with H-- for K = 0.00-3.36 Q = 19.03-22.63 after 4092.3 sec [total]
done with UU for K = 3.36-4.00 Q = 19.03-22.63 after 4093.4 sec [total]
done with BB for K = 3.36-4.00 Q = 19.03-22.63 after 4094.5 sec [total]
done with UBTa for K = 3.36-4.00 Q = 19.03-22.63 after 4094.6 sec [total]
done with UBTb for K = 3.36-4.00 Q = 19.03-22.63 after 4094.8 sec [total]
done with UBTbA for K = 3.36-4.00 Q = 19.03-22.63 after 4095.1 sec [total]
done with UBTbC for K = 3.36-4.00 Q = 19.03-22.63 after 4095.4 sec [total]
done with H for K = 3.36-4.00 Q = 19.03-22.63 after 4096.5 sec [total]
done with H++ for K = 3.36-4.00 Q = 19.03-22.63 after 4099.6 sec [total]
done with H+- for K = 3.36-4.00 Q = 19.03-22.63 after 4100.7 sec [total]
done with H-+ for K = 3.36-4.00 Q = 19.03-22.63 after 4101.8 sec [total]
done with H-- for K = 3.36-4.00 Q = 19.03-22.63 after 4102.9 sec [total]
done with UU for K = 4.00-4.76 Q = 19.03-22.63 after 4104.1 sec [total]
done with BB for K = 4.00-4.76 Q = 19.03-22.63 after 4105.1 sec [total]
done with UBTa for K = 4.00-4.76 Q = 19.03-22.63 after 4105.3 sec [total]
done with UBTb for K = 4.00-4.76 Q = 19.03-22.63 after 4105.5 sec [total]
done with UBTbA for K = 4.00-4.76 Q = 19.03-22.63 after 4105.6 sec [total]
done with UBTbC for K = 4.00-4.76 Q = 19.03-22.63 after 4106.0 sec [total]
done with H for K = 4.00-4.76 Q = 19.03-22.63 after 4107.1 sec [total]
done with H++ for K = 4.00-4.76 Q = 19.03-22.63 after 4110.3 sec [total]
done with H+- for K = 4.00-4.76 Q = 19.03-22.63 after 4111.4 sec [total]
done with H-+ for K = 4.00-4.76 Q = 19.03-22.63 after 4112.5 sec [total]
done with H-- for K = 4.00-4.76 Q = 19.03-22.63 after 4113.5 sec [total]
done with UU for K = 4.76-5.66 Q = 19.03-22.63 after 4114.6 sec [total]
done with BB for K = 4.76-5.66 Q = 19.03-22.63 after 4115.7 sec [total]
done with UBTa for K = 4.76-5.66 Q = 19.03-22.63 after 4115.9 sec [total]
done with UBTb for K = 4.76-5.66 Q = 19.03-22.63 after 4116.1 sec [total]
done with UBTbA for K = 4.76-5.66 Q = 19.03-22.63 after 4116.3 sec [total]
done with UBTbC for K = 4.76-5.66 Q = 19.03-22.63 after 4116.6 sec [total]
done with H for K = 4.76-5.66 Q = 19.03-22.63 after 4117.7 sec [total]
done with H++ for K = 4.76-5.66 Q = 19.03-22.63 after 4120.9 sec [total]
done with H+- for K = 4.76-5.66 Q = 19.03-22.63 after 4122.0 sec [total]
done with H-+ for K = 4.76-5.66 Q = 19.03-22.63 after 4123.1 sec [total]
done with H-- for K = 4.76-5.66 Q = 19.03-22.63 after 4124.1 sec [total]
done with UU for K = 5.66-6.73 Q = 19.03-22.63 after 4125.3 sec [total]
done with BB for K = 5.66-6.73 Q = 19.03-22.63 after 4126.4 sec [total]
done with UBTa for K = 5.66-6.73 Q = 19.03-22.63 after 4126.5 sec [total]
done with UBTb for K = 5.66-6.73 Q = 19.03-22.63 after 4126.7 sec [total]
done with UBTbA for K = 5.66-6.73 Q = 19.03-22.63 after 4126.9 sec [total]
done with UBTbC for K = 5.66-6.73 Q = 19.03-22.63 after 4127.3 sec [total]
done with H for K = 5.66-6.73 Q = 19.03-22.63 after 4128.4 sec [total]
done with H++ for K = 5.66-6.73 Q = 19.03-22.63 after 4131.6 sec [total]
done with H+- for K = 5.66-6.73 Q = 19.03-22.63 after 4132.6 sec [total]
done with H-+ for K = 5.66-6.73 Q = 19.03-22.63 after 4133.7 sec [total]
done with H-- for K = 5.66-6.73 Q = 19.03-22.63 after 4134.8 sec [total]
done with UU for K = 6.73-8.00 Q = 19.03-22.63 after 4136.0 sec [total]
done with BB for K = 6.73-8.00 Q = 19.03-22.63 after 4137.0 sec [total]
done with UBTa for K = 6.73-8.00 Q = 19.03-22.63 after 4137.2 sec [total]
done with UBTb for K = 6.73-8.00 Q = 19.03-22.63 after 4137.4 sec [total]
done with UBTbA for K = 6.73-8.00 Q = 19.03-22.63 after 4137.6 sec [total]
done with UBTbC for K = 6.73-8.00 Q = 19.03-22.63 after 4137.9 sec [total]
done with H for K = 6.73-8.00 Q = 19.03-22.63 after 4139.0 sec [total]
done with H++ for K = 6.73-8.00 Q = 19.03-22.63 after 4142.2 sec [total]
done with H+- for K = 6.73-8.00 Q = 19.03-22.63 after 4143.2 sec [total]
done with H-+ for K = 6.73-8.00 Q = 19.03-22.63 after 4144.3 sec [total]
done with H-- for K = 6.73-8.00 Q = 19.03-22.63 after 4145.4 sec [total]
done with UU for K = 8.00-9.51 Q = 19.03-22.63 after 4146.5 sec [total]
done with BB for K = 8.00-9.51 Q = 19.03-22.63 after 4147.5 sec [total]
done with UBTa for K = 8.00-9.51 Q = 19.03-22.63 after 4147.7 sec [total]
done with UBTb for K = 8.00-9.51 Q = 19.03-22.63 after 4147.9 sec [total]
done with UBTbA for K = 8.00-9.51 Q = 19.03-22.63 after 4148.1 sec [total]
done with UBTbC for K = 8.00-9.51 Q = 19.03-22.63 after 4148.5 sec [total]
done with H for K = 8.00-9.51 Q = 19.03-22.63 after 4149.5 sec [total]
done with H++ for K = 8.00-9.51 Q = 19.03-22.63 after 4152.8 sec [total]
done with H+- for K = 8.00-9.51 Q = 19.03-22.63 after 4153.9 sec [total]
done with H-+ for K = 8.00-9.51 Q = 19.03-22.63 after 4155.0 sec [total]
done with H-- for K = 8.00-9.51 Q = 19.03-22.63 after 4156.0 sec [total]
done with UU for K = 9.51-11.31 Q = 19.03-22.63 after 4157.1 sec [total]
done with BB for K = 9.51-11.31 Q = 19.03-22.63 after 4158.2 sec [total]
done with UBTa for K = 9.51-11.31 Q = 19.03-22.63 after 4158.4 sec [total]
done with UBTb for K = 9.51-11.31 Q = 19.03-22.63 after 4158.6 sec [total]
done with UBTbA for K = 9.51-11.31 Q = 19.03-22.63 after 4158.8 sec [total]
done with UBTbC for K = 9.51-11.31 Q = 19.03-22.63 after 4159.1 sec [total]
done with H for K = 9.51-11.31 Q = 19.03-22.63 after 4160.2 sec [total]
done with H++ for K = 9.51-11.31 Q = 19.03-22.63 after 4163.5 sec [total]
done with H+- for K = 9.51-11.31 Q = 19.03-22.63 after 4164.4 sec [total]
done with H-+ for K = 9.51-11.31 Q = 19.03-22.63 after 4165.6 sec [total]
done with H-- for K = 9.51-11.31 Q = 19.03-22.63 after 4166.7 sec [total]
done with UU for K = 11.31-13.45 Q = 19.03-22.63 after 4167.8 sec [total]
done with BB for K = 11.31-13.45 Q = 19.03-22.63 after 4168.8 sec [total]
done with UBTa for K = 11.31-13.45 Q = 19.03-22.63 after 4169.0 sec [total]
done with UBTb for K = 11.31-13.45 Q = 19.03-22.63 after 4169.2 sec [total]
done with UBTbA for K = 11.31-13.45 Q = 19.03-22.63 after 4169.4 sec [total]
done with UBTbC for K = 11.31-13.45 Q = 19.03-22.63 after 4169.7 sec [total]
done with H for K = 11.31-13.45 Q = 19.03-22.63 after 4170.8 sec [total]
done with H++ for K = 11.31-13.45 Q = 19.03-22.63 after 4174.1 sec [total]
done with H+- for K = 11.31-13.45 Q = 19.03-22.63 after 4175.2 sec [total]
done with H-+ for K = 11.31-13.45 Q = 19.03-22.63 after 4176.2 sec [total]
done with H-- for K = 11.31-13.45 Q = 19.03-22.63 after 4177.3 sec [total]
done with UU for K = 13.45-16.00 Q = 19.03-22.63 after 4178.4 sec [total]
done with BB for K = 13.45-16.00 Q = 19.03-22.63 after 4179.5 sec [total]
done with UBTa for K = 13.45-16.00 Q = 19.03-22.63 after 4179.6 sec [total]
done with UBTb for K = 13.45-16.00 Q = 19.03-22.63 after 4179.8 sec [total]
done with UBTbA for K = 13.45-16.00 Q = 19.03-22.63 after 4180.0 sec [total]
done with UBTbC for K = 13.45-16.00 Q = 19.03-22.63 after 4180.4 sec [total]
done with H for K = 13.45-16.00 Q = 19.03-22.63 after 4181.5 sec [total]
done with H++ for K = 13.45-16.00 Q = 19.03-22.63 after 4184.6 sec [total]
done with H+- for K = 13.45-16.00 Q = 19.03-22.63 after 4185.7 sec [total]
done with H-+ for K = 13.45-16.00 Q = 19.03-22.63 after 4186.9 sec [total]
done with H-- for K = 13.45-16.00 Q = 19.03-22.63 after 4187.9 sec [total]
done with UU for K = 16.00-19.03 Q = 19.03-22.63 after 4189.0 sec [total]
done with BB for K = 16.00-19.03 Q = 19.03-22.63 after 4190.1 sec [total]
done with UBTa for K = 16.00-19.03 Q = 19.03-22.63 after 4190.3 sec [total]
done with UBTb for K = 16.00-19.03 Q = 19.03-22.63 after 4190.5 sec [total]
done with UBTbA for K = 16.00-19.03 Q = 19.03-22.63 after 4190.7 sec [total]
done with UBTbC for K = 16.00-19.03 Q = 19.03-22.63 after 4191.0 sec [total]
done with H for K = 16.00-19.03 Q = 19.03-22.63 after 4192.1 sec [total]
done with H++ for K = 16.00-19.03 Q = 19.03-22.63 after 4195.3 sec [total]
done with H+- for K = 16.00-19.03 Q = 19.03-22.63 after 4196.4 sec [total]
done with H-+ for K = 16.00-19.03 Q = 19.03-22.63 after 4197.5 sec [total]
done with H-- for K = 16.00-19.03 Q = 19.03-22.63 after 4198.6 sec [total]
done with UU for K = 19.03-22.63 Q = 19.03-22.63 after 4199.6 sec [total]
done with BB for K = 19.03-22.63 Q = 19.03-22.63 after 4200.7 sec [total]
done with UBTa for K = 19.03-22.63 Q = 19.03-22.63 after 4200.9 sec [total]
done with UBTb for K = 19.03-22.63 Q = 19.03-22.63 after 4201.1 sec [total]
done with UBTbA for K = 19.03-22.63 Q = 19.03-22.63 after 4201.3 sec [total]
done with UBTbC for K = 19.03-22.63 Q = 19.03-22.63 after 4201.6 sec [total]
done with H for K = 19.03-22.63 Q = 19.03-22.63 after 4202.7 sec [total]
done with H++ for K = 19.03-22.63 Q = 19.03-22.63 after 4205.9 sec [total]
done with H+- for K = 19.03-22.63 Q = 19.03-22.63 after 4207.0 sec [total]
done with H-+ for K = 19.03-22.63 Q = 19.03-22.63 after 4208.1 sec [total]
done with H-- for K = 19.03-22.63 Q = 19.03-22.63 after 4209.2 sec [total]
done with UU for K = 22.63-26.91 Q = 19.03-22.63 after 4210.3 sec [total]
done with BB for K = 22.63-26.91 Q = 19.03-22.63 after 4211.3 sec [total]
done with UBTa for K = 22.63-26.91 Q = 19.03-22.63 after 4211.5 sec [total]
done with UBTb for K = 22.63-26.91 Q = 19.03-22.63 after 4211.7 sec [total]
done with UBTbA for K = 22.63-26.91 Q = 19.03-22.63 after 4211.9 sec [total]
done with UBTbC for K = 22.63-26.91 Q = 19.03-22.63 after 4212.2 sec [total]
done with H for K = 22.63-26.91 Q = 19.03-22.63 after 4213.3 sec [total]
done with H++ for K = 22.63-26.91 Q = 19.03-22.63 after 4216.5 sec [total]
done with H+- for K = 22.63-26.91 Q = 19.03-22.63 after 4217.6 sec [total]
done with H-+ for K = 22.63-26.91 Q = 19.03-22.63 after 4218.7 sec [total]
done with H-- for K = 22.63-26.91 Q = 19.03-22.63 after 4219.7 sec [total]
done with UU for K = 26.91-32.00 Q = 19.03-22.63 after 4220.8 sec [total]
done with BB for K = 26.91-32.00 Q = 19.03-22.63 after 4221.9 sec [total]
done with UBTa for K = 26.91-32.00 Q = 19.03-22.63 after 4222.1 sec [total]
done with UBTb for K = 26.91-32.00 Q = 19.03-22.63 after 4222.3 sec [total]
done with UBTbA for K = 26.91-32.00 Q = 19.03-22.63 after 4222.5 sec [total]
done with UBTbC for K = 26.91-32.00 Q = 19.03-22.63 after 4222.8 sec [total]
done with H for K = 26.91-32.00 Q = 19.03-22.63 after 4223.9 sec [total]
done with H++ for K = 26.91-32.00 Q = 19.03-22.63 after 4227.1 sec [total]
done with H+- for K = 26.91-32.00 Q = 19.03-22.63 after 4228.2 sec [total]
done with H-+ for K = 26.91-32.00 Q = 19.03-22.63 after 4229.3 sec [total]
done with H-- for K = 26.91-32.00 Q = 19.03-22.63 after 4230.4 sec [total]
done with UU for K = 32.00-38.05 Q = 19.03-22.63 after 4231.5 sec [total]
done with BB for K = 32.00-38.05 Q = 19.03-22.63 after 4232.6 sec [total]
done with UBTa for K = 32.00-38.05 Q = 19.03-22.63 after 4232.8 sec [total]
done with UBTb for K = 32.00-38.05 Q = 19.03-22.63 after 4233.0 sec [total]
done with UBTbA for K = 32.00-38.05 Q = 19.03-22.63 after 4233.2 sec [total]
done with UBTbC for K = 32.00-38.05 Q = 19.03-22.63 after 4233.6 sec [total]
done with H for K = 32.00-38.05 Q = 19.03-22.63 after 4234.6 sec [total]
done with H++ for K = 32.00-38.05 Q = 19.03-22.63 after 4237.8 sec [total]
done with H+- for K = 32.00-38.05 Q = 19.03-22.63 after 4238.9 sec [total]
done with H-+ for K = 32.00-38.05 Q = 19.03-22.63 after 4240.0 sec [total]
done with H-- for K = 32.00-38.05 Q = 19.03-22.63 after 4241.0 sec [total]
done with UU for K = 38.05-45.25 Q = 19.03-22.63 after 4242.2 sec [total]
done with BB for K = 38.05-45.25 Q = 19.03-22.63 after 4243.2 sec [total]
done with UBTa for K = 38.05-45.25 Q = 19.03-22.63 after 4243.4 sec [total]
done with UBTb for K = 38.05-45.25 Q = 19.03-22.63 after 4243.6 sec [total]
done with UBTbA for K = 38.05-45.25 Q = 19.03-22.63 after 4243.8 sec [total]
done with UBTbC for K = 38.05-45.25 Q = 19.03-22.63 after 4244.1 sec [total]
done with H for K = 38.05-45.25 Q = 19.03-22.63 after 4245.2 sec [total]
done with H++ for K = 38.05-45.25 Q = 19.03-22.63 after 4248.4 sec [total]
done with H+- for K = 38.05-45.25 Q = 19.03-22.63 after 4249.5 sec [total]
done with H-+ for K = 38.05-45.25 Q = 19.03-22.63 after 4250.6 sec [total]
done with H-- for K = 38.05-45.25 Q = 19.03-22.63 after 4251.6 sec [total]
done with UU for K = 45.25-53.82 Q = 19.03-22.63 after 4252.7 sec [total]
done with BB for K = 45.25-53.82 Q = 19.03-22.63 after 4253.8 sec [total]
done with UBTa for K = 45.25-53.82 Q = 19.03-22.63 after 4253.9 sec [total]
done with UBTb for K = 45.25-53.82 Q = 19.03-22.63 after 4254.1 sec [total]
done with UBTbA for K = 45.25-53.82 Q = 19.03-22.63 after 4254.3 sec [total]
done with UBTbC for K = 45.25-53.82 Q = 19.03-22.63 after 4254.7 sec [total]
done with H for K = 45.25-53.82 Q = 19.03-22.63 after 4255.8 sec [total]
done with H++ for K = 45.25-53.82 Q = 19.03-22.63 after 4258.9 sec [total]
done with H+- for K = 45.25-53.82 Q = 19.03-22.63 after 4260.1 sec [total]
done with H-+ for K = 45.25-53.82 Q = 19.03-22.63 after 4261.1 sec [total]
done with H-- for K = 45.25-53.82 Q = 19.03-22.63 after 4262.2 sec [total]
done with UU for K = 53.82-64.00 Q = 19.03-22.63 after 4263.4 sec [total]
done with BB for K = 53.82-64.00 Q = 19.03-22.63 after 4264.4 sec [total]
done with UBTa for K = 53.82-64.00 Q = 19.03-22.63 after 4264.6 sec [total]
done with UBTb for K = 53.82-64.00 Q = 19.03-22.63 after 4264.8 sec [total]
done with UBTbA for K = 53.82-64.00 Q = 19.03-22.63 after 4265.0 sec [total]
done with UBTbC for K = 53.82-64.00 Q = 19.03-22.63 after 4265.3 sec [total]
done with H for K = 53.82-64.00 Q = 19.03-22.63 after 4266.4 sec [total]
done with H++ for K = 53.82-64.00 Q = 19.03-22.63 after 4269.6 sec [total]
done with H+- for K = 53.82-64.00 Q = 19.03-22.63 after 4270.7 sec [total]
done with H-+ for K = 53.82-64.00 Q = 19.03-22.63 after 4271.8 sec [total]
done with H-- for K = 53.82-64.00 Q = 19.03-22.63 after 4272.9 sec [total]
done with UU for K = 64.00-76.11 Q = 19.03-22.63 after 4273.9 sec [total]
done with BB for K = 64.00-76.11 Q = 19.03-22.63 after 4275.0 sec [total]
done with UBTa for K = 64.00-76.11 Q = 19.03-22.63 after 4275.2 sec [total]
done with UBTb for K = 64.00-76.11 Q = 19.03-22.63 after 4275.4 sec [total]
done with UBTbA for K = 64.00-76.11 Q = 19.03-22.63 after 4275.6 sec [total]
done with UBTbC for K = 64.00-76.11 Q = 19.03-22.63 after 4275.9 sec [total]
done with H for K = 64.00-76.11 Q = 19.03-22.63 after 4277.0 sec [total]
done with H++ for K = 64.00-76.11 Q = 19.03-22.63 after 4280.2 sec [total]
done with H+- for K = 64.00-76.11 Q = 19.03-22.63 after 4281.3 sec [total]
done with H-+ for K = 64.00-76.11 Q = 19.03-22.63 after 4282.4 sec [total]
done with H-- for K = 64.00-76.11 Q = 19.03-22.63 after 4283.5 sec [total]
done with UU for K = 76.11-90.51 Q = 19.03-22.63 after 4284.6 sec [total]
done with BB for K = 76.11-90.51 Q = 19.03-22.63 after 4285.7 sec [total]
done with UBTa for K = 76.11-90.51 Q = 19.03-22.63 after 4285.9 sec [total]
done with UBTb for K = 76.11-90.51 Q = 19.03-22.63 after 4286.1 sec [total]
done with UBTbA for K = 76.11-90.51 Q = 19.03-22.63 after 4286.3 sec [total]
done with UBTbC for K = 76.11-90.51 Q = 19.03-22.63 after 4286.6 sec [total]
done with H for K = 76.11-90.51 Q = 19.03-22.63 after 4287.7 sec [total]
done with H++ for K = 76.11-90.51 Q = 19.03-22.63 after 4290.9 sec [total]
done with H+- for K = 76.11-90.51 Q = 19.03-22.63 after 4292.0 sec [total]
done with H-+ for K = 76.11-90.51 Q = 19.03-22.63 after 4293.1 sec [total]
done with H-- for K = 76.11-90.51 Q = 19.03-22.63 after 4294.1 sec [total]
done with UU for K = 90.51-107.63 Q = 19.03-22.63 after 4295.2 sec [total]
done with BB for K = 90.51-107.63 Q = 19.03-22.63 after 4296.3 sec [total]
done with UBTa for K = 90.51-107.63 Q = 19.03-22.63 after 4296.5 sec [total]
done with UBTb for K = 90.51-107.63 Q = 19.03-22.63 after 4296.7 sec [total]
done with UBTbA for K = 90.51-107.63 Q = 19.03-22.63 after 4296.9 sec [total]
done with UBTbC for K = 90.51-107.63 Q = 19.03-22.63 after 4297.2 sec [total]
done with H for K = 90.51-107.63 Q = 19.03-22.63 after 4298.3 sec [total]
done with H++ for K = 90.51-107.63 Q = 19.03-22.63 after 4301.5 sec [total]
done with H+- for K = 90.51-107.63 Q = 19.03-22.63 after 4302.6 sec [total]
done with H-+ for K = 90.51-107.63 Q = 19.03-22.63 after 4303.7 sec [total]
done with H-- for K = 90.51-107.63 Q = 19.03-22.63 after 4304.8 sec [total]
done with UU for K = 107.63-128.00 Q = 19.03-22.63 after 4306.0 sec [total]
done with BB for K = 107.63-128.00 Q = 19.03-22.63 after 4307.0 sec [total]
done with UBTa for K = 107.63-128.00 Q = 19.03-22.63 after 4307.2 sec [total]
done with UBTb for K = 107.63-128.00 Q = 19.03-22.63 after 4307.4 sec [total]
done with UBTbA for K = 107.63-128.00 Q = 19.03-22.63 after 4307.6 sec [total]
done with UBTbC for K = 107.63-128.00 Q = 19.03-22.63 after 4307.9 sec [total]
done with H for K = 107.63-128.00 Q = 19.03-22.63 after 4309.0 sec [total]
done with H++ for K = 107.63-128.00 Q = 19.03-22.63 after 4312.2 sec [total]
done with H+- for K = 107.63-128.00 Q = 19.03-22.63 after 4313.4 sec [total]
done with H-+ for K = 107.63-128.00 Q = 19.03-22.63 after 4314.5 sec [total]
done with H-- for K = 107.63-128.00 Q = 19.03-22.63 after 4315.5 sec [total]
done with UU for K = 128.00-152.22 Q = 19.03-22.63 after 4316.6 sec [total]
done with BB for K = 128.00-152.22 Q = 19.03-22.63 after 4317.6 sec [total]
done with UBTa for K = 128.00-152.22 Q = 19.03-22.63 after 4317.8 sec [total]
done with UBTb for K = 128.00-152.22 Q = 19.03-22.63 after 4318.0 sec [total]
done with UBTbA for K = 128.00-152.22 Q = 19.03-22.63 after 4318.2 sec [total]
done with UBTbC for K = 128.00-152.22 Q = 19.03-22.63 after 4318.6 sec [total]
done with H for K = 128.00-152.22 Q = 19.03-22.63 after 4319.7 sec [total]
done with H++ for K = 128.00-152.22 Q = 19.03-22.63 after 4322.9 sec [total]
done with H+- for K = 128.00-152.22 Q = 19.03-22.63 after 4323.9 sec [total]
done with H-+ for K = 128.00-152.22 Q = 19.03-22.63 after 4325.1 sec [total]
done with H-- for K = 128.00-152.22 Q = 19.03-22.63 after 4326.1 sec [total]
done with UU for K = 152.22-181.02 Q = 19.03-22.63 after 4327.2 sec [total]
done with BB for K = 152.22-181.02 Q = 19.03-22.63 after 4328.3 sec [total]
done with UBTa for K = 152.22-181.02 Q = 19.03-22.63 after 4328.5 sec [total]
done with UBTb for K = 152.22-181.02 Q = 19.03-22.63 after 4328.7 sec [total]
done with UBTbA for K = 152.22-181.02 Q = 19.03-22.63 after 4329.0 sec [total]
done with UBTbC for K = 152.22-181.02 Q = 19.03-22.63 after 4329.3 sec [total]
done with H for K = 152.22-181.02 Q = 19.03-22.63 after 4330.3 sec [total]
done with H++ for K = 152.22-181.02 Q = 19.03-22.63 after 4333.5 sec [total]
done with H+- for K = 152.22-181.02 Q = 19.03-22.63 after 4334.6 sec [total]
done with H-+ for K = 152.22-181.02 Q = 19.03-22.63 after 4335.7 sec [total]
done with H-- for K = 152.22-181.02 Q = 19.03-22.63 after 4336.8 sec [total]
done with UU for K = 181.02-215.27 Q = 19.03-22.63 after 4337.9 sec [total]
done with BB for K = 181.02-215.27 Q = 19.03-22.63 after 4338.9 sec [total]
done with UBTa for K = 181.02-215.27 Q = 19.03-22.63 after 4339.1 sec [total]
done with UBTb for K = 181.02-215.27 Q = 19.03-22.63 after 4339.3 sec [total]
done with UBTbA for K = 181.02-215.27 Q = 19.03-22.63 after 4339.5 sec [total]
done with UBTbC for K = 181.02-215.27 Q = 19.03-22.63 after 4339.8 sec [total]
done with H for K = 181.02-215.27 Q = 19.03-22.63 after 4340.9 sec [total]
done with H++ for K = 181.02-215.27 Q = 19.03-22.63 after 4344.3 sec [total]
done with H+- for K = 181.02-215.27 Q = 19.03-22.63 after 4345.3 sec [total]
done with H-+ for K = 181.02-215.27 Q = 19.03-22.63 after 4346.3 sec [total]
done with H-- for K = 181.02-215.27 Q = 19.03-22.63 after 4347.4 sec [total]
done with UU for K = 215.27-256.00 Q = 19.03-22.63 after 4348.5 sec [total]
done with BB for K = 215.27-256.00 Q = 19.03-22.63 after 4349.5 sec [total]
done with UBTa for K = 215.27-256.00 Q = 19.03-22.63 after 4349.7 sec [total]
done with UBTb for K = 215.27-256.00 Q = 19.03-22.63 after 4349.9 sec [total]
done with UBTbA for K = 215.27-256.00 Q = 19.03-22.63 after 4350.1 sec [total]
done with UBTbC for K = 215.27-256.00 Q = 19.03-22.63 after 4350.5 sec [total]
done with H for K = 215.27-256.00 Q = 19.03-22.63 after 4351.6 sec [total]
done with H++ for K = 215.27-256.00 Q = 19.03-22.63 after 4354.8 sec [total]
done with H+- for K = 215.27-256.00 Q = 19.03-22.63 after 4355.8 sec [total]
done with H-+ for K = 215.27-256.00 Q = 19.03-22.63 after 4356.9 sec [total]
done with H-- for K = 215.27-256.00 Q = 19.03-22.63 after 4358.0 sec [total]
done with UU for K = 256.00-304.44 Q = 19.03-22.63 after 4359.1 sec [total]
done with BB for K = 256.00-304.44 Q = 19.03-22.63 after 4360.2 sec [total]
done with UBTa for K = 256.00-304.44 Q = 19.03-22.63 after 4360.4 sec [total]
done with UBTb for K = 256.00-304.44 Q = 19.03-22.63 after 4360.6 sec [total]
done with UBTbA for K = 256.00-304.44 Q = 19.03-22.63 after 4360.8 sec [total]
done with UBTbC for K = 256.00-304.44 Q = 19.03-22.63 after 4361.1 sec [total]
done with H for K = 256.00-304.44 Q = 19.03-22.63 after 4362.2 sec [total]
done with H++ for K = 256.00-304.44 Q = 19.03-22.63 after 4365.4 sec [total]
done with H+- for K = 256.00-304.44 Q = 19.03-22.63 after 4366.5 sec [total]
done with H-+ for K = 256.00-304.44 Q = 19.03-22.63 after 4367.6 sec [total]
done with H-- for K = 256.00-304.44 Q = 19.03-22.63 after 4368.6 sec [total]
done with UU for K = 304.44-362.04 Q = 19.03-22.63 after 4369.8 sec [total]
done with BB for K = 304.44-362.04 Q = 19.03-22.63 after 4370.8 sec [total]
done with UBTa for K = 304.44-362.04 Q = 19.03-22.63 after 4371.0 sec [total]
done with UBTb for K = 304.44-362.04 Q = 19.03-22.63 after 4371.2 sec [total]
done with UBTbA for K = 304.44-362.04 Q = 19.03-22.63 after 4371.4 sec [total]
done with UBTbC for K = 304.44-362.04 Q = 19.03-22.63 after 4371.8 sec [total]
done with H for K = 304.44-362.04 Q = 19.03-22.63 after 4372.8 sec [total]
done with H++ for K = 304.44-362.04 Q = 19.03-22.63 after 4376.0 sec [total]
done with H+- for K = 304.44-362.04 Q = 19.03-22.63 after 4377.1 sec [total]
done with H-+ for K = 304.44-362.04 Q = 19.03-22.63 after 4378.3 sec [total]
done with H-- for K = 304.44-362.04 Q = 19.03-22.63 after 4379.3 sec [total]
done with UU for K = 362.04-430.54 Q = 19.03-22.63 after 4380.4 sec [total]
done with BB for K = 362.04-430.54 Q = 19.03-22.63 after 4381.4 sec [total]
done with UBTa for K = 362.04-430.54 Q = 19.03-22.63 after 4381.6 sec [total]
done with UBTb for K = 362.04-430.54 Q = 19.03-22.63 after 4381.8 sec [total]
done with UBTbA for K = 362.04-430.54 Q = 19.03-22.63 after 4382.0 sec [total]
done with UBTbC for K = 362.04-430.54 Q = 19.03-22.63 after 4382.4 sec [total]
done with H for K = 362.04-430.54 Q = 19.03-22.63 after 4383.4 sec [total]
done with H++ for K = 362.04-430.54 Q = 19.03-22.63 after 4386.7 sec [total]
done with H+- for K = 362.04-430.54 Q = 19.03-22.63 after 4387.7 sec [total]
done with H-+ for K = 362.04-430.54 Q = 19.03-22.63 after 4388.8 sec [total]
done with H-- for K = 362.04-430.54 Q = 19.03-22.63 after 4389.9 sec [total]
done with UU for K = 430.54-512.00 Q = 19.03-22.63 after 4391.0 sec [total]
done with BB for K = 430.54-512.00 Q = 19.03-22.63 after 4392.0 sec [total]
done with UBTa for K = 430.54-512.00 Q = 19.03-22.63 after 4392.2 sec [total]
done with UBTb for K = 430.54-512.00 Q = 19.03-22.63 after 4392.4 sec [total]
done with UBTbA for K = 430.54-512.00 Q = 19.03-22.63 after 4392.6 sec [total]
done with UBTbC for K = 430.54-512.00 Q = 19.03-22.63 after 4392.9 sec [total]
done with H for K = 430.54-512.00 Q = 19.03-22.63 after 4394.1 sec [total]
done with H++ for K = 430.54-512.00 Q = 19.03-22.63 after 4397.3 sec [total]
done with H+- for K = 430.54-512.00 Q = 19.03-22.63 after 4398.3 sec [total]
done with H-+ for K = 430.54-512.00 Q = 19.03-22.63 after 4399.5 sec [total]
done with H-- for K = 430.54-512.00 Q = 19.03-22.63 after 4400.5 sec [total]
done with UU for K = 512.00-608.87 Q = 19.03-22.63 after 4401.7 sec [total]
done with BB for K = 512.00-608.87 Q = 19.03-22.63 after 4402.7 sec [total]
done with UBTa for K = 512.00-608.87 Q = 19.03-22.63 after 4402.9 sec [total]
done with UBTb for K = 512.00-608.87 Q = 19.03-22.63 after 4403.1 sec [total]
done with UBTbA for K = 512.00-608.87 Q = 19.03-22.63 after 4403.3 sec [total]
done with UBTbC for K = 512.00-608.87 Q = 19.03-22.63 after 4403.6 sec [total]
done with H for K = 512.00-608.87 Q = 19.03-22.63 after 4404.7 sec [total]
done with H++ for K = 512.00-608.87 Q = 19.03-22.63 after 4407.9 sec [total]
done with H+- for K = 512.00-608.87 Q = 19.03-22.63 after 4409.0 sec [total]
done with H-+ for K = 512.00-608.87 Q = 19.03-22.63 after 4410.0 sec [total]
done with H-- for K = 512.00-608.87 Q = 19.03-22.63 after 4411.1 sec [total]
done with UU for K = 608.87-724.08 Q = 19.03-22.63 after 4412.3 sec [total]
done with BB for K = 608.87-724.08 Q = 19.03-22.63 after 4413.3 sec [total]
done with UBTa for K = 608.87-724.08 Q = 19.03-22.63 after 4413.5 sec [total]
done with UBTb for K = 608.87-724.08 Q = 19.03-22.63 after 4413.8 sec [total]
done with UBTbA for K = 608.87-724.08 Q = 19.03-22.63 after 4414.0 sec [total]
done with UBTbC for K = 608.87-724.08 Q = 19.03-22.63 after 4414.3 sec [total]
done with H for K = 608.87-724.08 Q = 19.03-22.63 after 4415.3 sec [total]
done with H++ for K = 608.87-724.08 Q = 19.03-22.63 after 4418.5 sec [total]
done with H+- for K = 608.87-724.08 Q = 19.03-22.63 after 4419.6 sec [total]
done with H-+ for K = 608.87-724.08 Q = 19.03-22.63 after 4420.7 sec [total]
done with H-- for K = 608.87-724.08 Q = 19.03-22.63 after 4421.7 sec [total]
done with UU for K = 724.08-861.08 Q = 19.03-22.63 after 4422.9 sec [total]
done with BB for K = 724.08-861.08 Q = 19.03-22.63 after 4423.9 sec [total]
done with UBTa for K = 724.08-861.08 Q = 19.03-22.63 after 4424.1 sec [total]
done with UBTb for K = 724.08-861.08 Q = 19.03-22.63 after 4424.3 sec [total]
done with UBTbA for K = 724.08-861.08 Q = 19.03-22.63 after 4424.5 sec [total]
done with UBTbC for K = 724.08-861.08 Q = 19.03-22.63 after 4424.9 sec [total]
done with H for K = 724.08-861.08 Q = 19.03-22.63 after 4425.9 sec [total]
done with H++ for K = 724.08-861.08 Q = 19.03-22.63 after 4429.2 sec [total]
done with H+- for K = 724.08-861.08 Q = 19.03-22.63 after 4430.3 sec [total]
done with H-+ for K = 724.08-861.08 Q = 19.03-22.63 after 4431.4 sec [total]
done with H-- for K = 724.08-861.08 Q = 19.03-22.63 after 4432.4 sec [total]
done with UU for K = 861.08-1024.00 Q = 19.03-22.63 after 4433.5 sec [total]
done with BB for K = 861.08-1024.00 Q = 19.03-22.63 after 4434.5 sec [total]
done with UBTa for K = 861.08-1024.00 Q = 19.03-22.63 after 4434.7 sec [total]
done with UBTb for K = 861.08-1024.00 Q = 19.03-22.63 after 4434.9 sec [total]
done with UBTbA for K = 861.08-1024.00 Q = 19.03-22.63 after 4435.1 sec [total]
done with UBTbC for K = 861.08-1024.00 Q = 19.03-22.63 after 4435.5 sec [total]
done with H for K = 861.08-1024.00 Q = 19.03-22.63 after 4436.6 sec [total]
done with H++ for K = 861.08-1024.00 Q = 19.03-22.63 after 4439.7 sec [total]
done with H+- for K = 861.08-1024.00 Q = 19.03-22.63 after 4440.8 sec [total]
done with H-+ for K = 861.08-1024.00 Q = 19.03-22.63 after 4441.9 sec [total]
done with H-- for K = 861.08-1024.00 Q = 19.03-22.63 after 4443.0 sec [total]
done with UU for K = 0.00-3.36 Q = 22.63-26.91 after 4446.2 sec [total]
done with BB for K = 0.00-3.36 Q = 22.63-26.91 after 4449.3 sec [total]
done with UBTa for K = 0.00-3.36 Q = 22.63-26.91 after 4451.1 sec [total]
done with UBTb for K = 0.00-3.36 Q = 22.63-26.91 after 4452.9 sec [total]
done with UBTbA for K = 0.00-3.36 Q = 22.63-26.91 after 4454.6 sec [total]
done with UBTbC for K = 0.00-3.36 Q = 22.63-26.91 after 4454.9 sec [total]
done with H for K = 0.00-3.36 Q = 22.63-26.91 after 4456.1 sec [total]
done with H++ for K = 0.00-3.36 Q = 22.63-26.91 after 4459.3 sec [total]
done with H+- for K = 0.00-3.36 Q = 22.63-26.91 after 4460.4 sec [total]
done with H-+ for K = 0.00-3.36 Q = 22.63-26.91 after 4461.5 sec [total]
done with H-- for K = 0.00-3.36 Q = 22.63-26.91 after 4462.5 sec [total]
done with UU for K = 3.36-4.00 Q = 22.63-26.91 after 4463.6 sec [total]
done with BB for K = 3.36-4.00 Q = 22.63-26.91 after 4464.7 sec [total]
done with UBTa for K = 3.36-4.00 Q = 22.63-26.91 after 4464.9 sec [total]
done with UBTb for K = 3.36-4.00 Q = 22.63-26.91 after 4465.1 sec [total]
done with UBTbA for K = 3.36-4.00 Q = 22.63-26.91 after 4465.3 sec [total]
done with UBTbC for K = 3.36-4.00 Q = 22.63-26.91 after 4465.6 sec [total]
done with H for K = 3.36-4.00 Q = 22.63-26.91 after 4466.7 sec [total]
done with H++ for K = 3.36-4.00 Q = 22.63-26.91 after 4470.0 sec [total]
done with H+- for K = 3.36-4.00 Q = 22.63-26.91 after 4471.0 sec [total]
done with H-+ for K = 3.36-4.00 Q = 22.63-26.91 after 4472.2 sec [total]
done with H-- for K = 3.36-4.00 Q = 22.63-26.91 after 4473.2 sec [total]
done with UU for K = 4.00-4.76 Q = 22.63-26.91 after 4474.3 sec [total]
done with BB for K = 4.00-4.76 Q = 22.63-26.91 after 4475.3 sec [total]
done with UBTa for K = 4.00-4.76 Q = 22.63-26.91 after 4475.5 sec [total]
done with UBTb for K = 4.00-4.76 Q = 22.63-26.91 after 4475.7 sec [total]
done with UBTbA for K = 4.00-4.76 Q = 22.63-26.91 after 4475.9 sec [total]
done with UBTbC for K = 4.00-4.76 Q = 22.63-26.91 after 4476.3 sec [total]
done with H for K = 4.00-4.76 Q = 22.63-26.91 after 4477.3 sec [total]
done with H++ for K = 4.00-4.76 Q = 22.63-26.91 after 4480.6 sec [total]
done with H+- for K = 4.00-4.76 Q = 22.63-26.91 after 4481.6 sec [total]
done with H-+ for K = 4.00-4.76 Q = 22.63-26.91 after 4482.7 sec [total]
done with H-- for K = 4.00-4.76 Q = 22.63-26.91 after 4483.8 sec [total]
done with UU for K = 4.76-5.66 Q = 22.63-26.91 after 4484.9 sec [total]
done with BB for K = 4.76-5.66 Q = 22.63-26.91 after 4486.0 sec [total]
done with UBTa for K = 4.76-5.66 Q = 22.63-26.91 after 4486.2 sec [total]
done with UBTb for K = 4.76-5.66 Q = 22.63-26.91 after 4486.4 sec [total]
done with UBTbA for K = 4.76-5.66 Q = 22.63-26.91 after 4486.6 sec [total]
done with UBTbC for K = 4.76-5.66 Q = 22.63-26.91 after 4486.9 sec [total]
done with H for K = 4.76-5.66 Q = 22.63-26.91 after 4488.0 sec [total]
done with H++ for K = 4.76-5.66 Q = 22.63-26.91 after 4491.2 sec [total]
done with H+- for K = 4.76-5.66 Q = 22.63-26.91 after 4492.3 sec [total]
done with H-+ for K = 4.76-5.66 Q = 22.63-26.91 after 4493.4 sec [total]
done with H-- for K = 4.76-5.66 Q = 22.63-26.91 after 4494.4 sec [total]
done with UU for K = 5.66-6.73 Q = 22.63-26.91 after 4495.6 sec [total]
done with BB for K = 5.66-6.73 Q = 22.63-26.91 after 4496.6 sec [total]
done with UBTa for K = 5.66-6.73 Q = 22.63-26.91 after 4496.8 sec [total]
done with UBTb for K = 5.66-6.73 Q = 22.63-26.91 after 4497.0 sec [total]
done with UBTbA for K = 5.66-6.73 Q = 22.63-26.91 after 4497.2 sec [total]
done with UBTbC for K = 5.66-6.73 Q = 22.63-26.91 after 4497.6 sec [total]
done with H for K = 5.66-6.73 Q = 22.63-26.91 after 4498.6 sec [total]
done with H++ for K = 5.66-6.73 Q = 22.63-26.91 after 4501.8 sec [total]
done with H+- for K = 5.66-6.73 Q = 22.63-26.91 after 4502.9 sec [total]
done with H-+ for K = 5.66-6.73 Q = 22.63-26.91 after 4504.0 sec [total]
done with H-- for K = 5.66-6.73 Q = 22.63-26.91 after 4505.0 sec [total]
done with UU for K = 6.73-8.00 Q = 22.63-26.91 after 4506.2 sec [total]
done with BB for K = 6.73-8.00 Q = 22.63-26.91 after 4507.3 sec [total]
done with UBTa for K = 6.73-8.00 Q = 22.63-26.91 after 4507.5 sec [total]
done with UBTb for K = 6.73-8.00 Q = 22.63-26.91 after 4507.6 sec [total]
done with UBTbA for K = 6.73-8.00 Q = 22.63-26.91 after 4507.8 sec [total]
done with UBTbC for K = 6.73-8.00 Q = 22.63-26.91 after 4508.2 sec [total]
done with H for K = 6.73-8.00 Q = 22.63-26.91 after 4509.3 sec [total]
done with H++ for K = 6.73-8.00 Q = 22.63-26.91 after 4512.5 sec [total]
done with H+- for K = 6.73-8.00 Q = 22.63-26.91 after 4513.6 sec [total]
done with H-+ for K = 6.73-8.00 Q = 22.63-26.91 after 4514.7 sec [total]
done with H-- for K = 6.73-8.00 Q = 22.63-26.91 after 4515.8 sec [total]
done with UU for K = 8.00-9.51 Q = 22.63-26.91 after 4516.9 sec [total]
done with BB for K = 8.00-9.51 Q = 22.63-26.91 after 4517.9 sec [total]
done with UBTa for K = 8.00-9.51 Q = 22.63-26.91 after 4518.1 sec [total]
done with UBTb for K = 8.00-9.51 Q = 22.63-26.91 after 4518.3 sec [total]
done with UBTbA for K = 8.00-9.51 Q = 22.63-26.91 after 4518.4 sec [total]
done with UBTbC for K = 8.00-9.51 Q = 22.63-26.91 after 4518.8 sec [total]
done with H for K = 8.00-9.51 Q = 22.63-26.91 after 4519.9 sec [total]
done with H++ for K = 8.00-9.51 Q = 22.63-26.91 after 4523.2 sec [total]
done with H+- for K = 8.00-9.51 Q = 22.63-26.91 after 4524.2 sec [total]
done with H-+ for K = 8.00-9.51 Q = 22.63-26.91 after 4525.3 sec [total]
done with H-- for K = 8.00-9.51 Q = 22.63-26.91 after 4526.3 sec [total]
done with UU for K = 9.51-11.31 Q = 22.63-26.91 after 4527.5 sec [total]
done with BB for K = 9.51-11.31 Q = 22.63-26.91 after 4528.6 sec [total]
done with UBTa for K = 9.51-11.31 Q = 22.63-26.91 after 4528.8 sec [total]
done with UBTb for K = 9.51-11.31 Q = 22.63-26.91 after 4528.9 sec [total]
done with UBTbA for K = 9.51-11.31 Q = 22.63-26.91 after 4529.1 sec [total]
done with UBTbC for K = 9.51-11.31 Q = 22.63-26.91 after 4529.5 sec [total]
done with H for K = 9.51-11.31 Q = 22.63-26.91 after 4530.6 sec [total]
done with H++ for K = 9.51-11.31 Q = 22.63-26.91 after 4533.8 sec [total]
done with H+- for K = 9.51-11.31 Q = 22.63-26.91 after 4534.9 sec [total]
done with H-+ for K = 9.51-11.31 Q = 22.63-26.91 after 4535.9 sec [total]
done with H-- for K = 9.51-11.31 Q = 22.63-26.91 after 4537.0 sec [total]
done with UU for K = 11.31-13.45 Q = 22.63-26.91 after 4538.1 sec [total]
done with BB for K = 11.31-13.45 Q = 22.63-26.91 after 4539.2 sec [total]
done with UBTa for K = 11.31-13.45 Q = 22.63-26.91 after 4539.3 sec [total]
done with UBTb for K = 11.31-13.45 Q = 22.63-26.91 after 4539.5 sec [total]
done with UBTbA for K = 11.31-13.45 Q = 22.63-26.91 after 4539.7 sec [total]
done with UBTbC for K = 11.31-13.45 Q = 22.63-26.91 after 4540.1 sec [total]
done with H for K = 11.31-13.45 Q = 22.63-26.91 after 4541.2 sec [total]
done with H++ for K = 11.31-13.45 Q = 22.63-26.91 after 4544.4 sec [total]
done with H+- for K = 11.31-13.45 Q = 22.63-26.91 after 4545.4 sec [total]
done with H-+ for K = 11.31-13.45 Q = 22.63-26.91 after 4546.5 sec [total]
done with H-- for K = 11.31-13.45 Q = 22.63-26.91 after 4547.6 sec [total]
done with UU for K = 13.45-16.00 Q = 22.63-26.91 after 4548.8 sec [total]
done with BB for K = 13.45-16.00 Q = 22.63-26.91 after 4549.8 sec [total]
done with UBTa for K = 13.45-16.00 Q = 22.63-26.91 after 4550.0 sec [total]
done with UBTb for K = 13.45-16.00 Q = 22.63-26.91 after 4550.2 sec [total]
done with UBTbA for K = 13.45-16.00 Q = 22.63-26.91 after 4550.4 sec [total]
done with UBTbC for K = 13.45-16.00 Q = 22.63-26.91 after 4550.7 sec [total]
done with H for K = 13.45-16.00 Q = 22.63-26.91 after 4551.8 sec [total]
done with H++ for K = 13.45-16.00 Q = 22.63-26.91 after 4555.0 sec [total]
done with H+- for K = 13.45-16.00 Q = 22.63-26.91 after 4556.0 sec [total]
done with H-+ for K = 13.45-16.00 Q = 22.63-26.91 after 4557.2 sec [total]
done with H-- for K = 13.45-16.00 Q = 22.63-26.91 after 4558.2 sec [total]
done with UU for K = 16.00-19.03 Q = 22.63-26.91 after 4559.4 sec [total]
done with BB for K = 16.00-19.03 Q = 22.63-26.91 after 4560.4 sec [total]
done with UBTa for K = 16.00-19.03 Q = 22.63-26.91 after 4560.6 sec [total]
done with UBTb for K = 16.00-19.03 Q = 22.63-26.91 after 4560.8 sec [total]
done with UBTbA for K = 16.00-19.03 Q = 22.63-26.91 after 4561.0 sec [total]
done with UBTbC for K = 16.00-19.03 Q = 22.63-26.91 after 4561.4 sec [total]
done with H for K = 16.00-19.03 Q = 22.63-26.91 after 4562.4 sec [total]
done with H++ for K = 16.00-19.03 Q = 22.63-26.91 after 4565.6 sec [total]
done with H+- for K = 16.00-19.03 Q = 22.63-26.91 after 4566.7 sec [total]
done with H-+ for K = 16.00-19.03 Q = 22.63-26.91 after 4567.8 sec [total]
done with H-- for K = 16.00-19.03 Q = 22.63-26.91 after 4568.9 sec [total]
done with UU for K = 19.03-22.63 Q = 22.63-26.91 after 4569.9 sec [total]
done with BB for K = 19.03-22.63 Q = 22.63-26.91 after 4571.0 sec [total]
done with UBTa for K = 19.03-22.63 Q = 22.63-26.91 after 4571.2 sec [total]
done with UBTb for K = 19.03-22.63 Q = 22.63-26.91 after 4571.4 sec [total]
done with UBTbA for K = 19.03-22.63 Q = 22.63-26.91 after 4571.6 sec [total]
done with UBTbC for K = 19.03-22.63 Q = 22.63-26.91 after 4572.0 sec [total]
done with H for K = 19.03-22.63 Q = 22.63-26.91 after 4573.0 sec [total]
done with H++ for K = 19.03-22.63 Q = 22.63-26.91 after 4576.3 sec [total]
done with H+- for K = 19.03-22.63 Q = 22.63-26.91 after 4577.3 sec [total]
done with H-+ for K = 19.03-22.63 Q = 22.63-26.91 after 4578.4 sec [total]
done with H-- for K = 19.03-22.63 Q = 22.63-26.91 after 4579.5 sec [total]
done with UU for K = 22.63-26.91 Q = 22.63-26.91 after 4580.6 sec [total]
done with BB for K = 22.63-26.91 Q = 22.63-26.91 after 4581.6 sec [total]
done with UBTa for K = 22.63-26.91 Q = 22.63-26.91 after 4581.8 sec [total]
done with UBTb for K = 22.63-26.91 Q = 22.63-26.91 after 4582.0 sec [total]
done with UBTbA for K = 22.63-26.91 Q = 22.63-26.91 after 4582.2 sec [total]
done with UBTbC for K = 22.63-26.91 Q = 22.63-26.91 after 4582.6 sec [total]
done with H for K = 22.63-26.91 Q = 22.63-26.91 after 4583.7 sec [total]
done with H++ for K = 22.63-26.91 Q = 22.63-26.91 after 4586.9 sec [total]
done with H+- for K = 22.63-26.91 Q = 22.63-26.91 after 4588.0 sec [total]
done with H-+ for K = 22.63-26.91 Q = 22.63-26.91 after 4589.1 sec [total]
done with H-- for K = 22.63-26.91 Q = 22.63-26.91 after 4590.1 sec [total]
done with UU for K = 26.91-32.00 Q = 22.63-26.91 after 4591.3 sec [total]
done with BB for K = 26.91-32.00 Q = 22.63-26.91 after 4592.3 sec [total]
done with UBTa for K = 26.91-32.00 Q = 22.63-26.91 after 4592.5 sec [total]
done with UBTb for K = 26.91-32.00 Q = 22.63-26.91 after 4592.7 sec [total]
done with UBTbA for K = 26.91-32.00 Q = 22.63-26.91 after 4592.9 sec [total]
done with UBTbC for K = 26.91-32.00 Q = 22.63-26.91 after 4593.2 sec [total]
done with H for K = 26.91-32.00 Q = 22.63-26.91 after 4594.3 sec [total]
done with H++ for K = 26.91-32.00 Q = 22.63-26.91 after 4597.5 sec [total]
done with H+- for K = 26.91-32.00 Q = 22.63-26.91 after 4598.6 sec [total]
done with H-+ for K = 26.91-32.00 Q = 22.63-26.91 after 4599.7 sec [total]
done with H-- for K = 26.91-32.00 Q = 22.63-26.91 after 4600.8 sec [total]
done with UU for K = 32.00-38.05 Q = 22.63-26.91 after 4601.9 sec [total]
done with BB for K = 32.00-38.05 Q = 22.63-26.91 after 4602.9 sec [total]
done with UBTa for K = 32.00-38.05 Q = 22.63-26.91 after 4603.1 sec [total]
done with UBTb for K = 32.00-38.05 Q = 22.63-26.91 after 4603.3 sec [total]
done with UBTbA for K = 32.00-38.05 Q = 22.63-26.91 after 4603.5 sec [total]
done with UBTbC for K = 32.00-38.05 Q = 22.63-26.91 after 4603.8 sec [total]
done with H for K = 32.00-38.05 Q = 22.63-26.91 after 4604.9 sec [total]
done with H++ for K = 32.00-38.05 Q = 22.63-26.91 after 4608.1 sec [total]
done with H+- for K = 32.00-38.05 Q = 22.63-26.91 after 4609.2 sec [total]
done with H-+ for K = 32.00-38.05 Q = 22.63-26.91 after 4610.4 sec [total]
done with H-- for K = 32.00-38.05 Q = 22.63-26.91 after 4611.4 sec [total]
done with UU for K = 38.05-45.25 Q = 22.63-26.91 after 4612.5 sec [total]
done with BB for K = 38.05-45.25 Q = 22.63-26.91 after 4613.5 sec [total]
done with UBTa for K = 38.05-45.25 Q = 22.63-26.91 after 4613.7 sec [total]
done with UBTb for K = 38.05-45.25 Q = 22.63-26.91 after 4613.8 sec [total]
done with UBTbA for K = 38.05-45.25 Q = 22.63-26.91 after 4614.0 sec [total]
done with UBTbC for K = 38.05-45.25 Q = 22.63-26.91 after 4614.4 sec [total]
done with H for K = 38.05-45.25 Q = 22.63-26.91 after 4615.5 sec [total]
done with H++ for K = 38.05-45.25 Q = 22.63-26.91 after 4618.7 sec [total]
done with H+- for K = 38.05-45.25 Q = 22.63-26.91 after 4619.8 sec [total]
done with H-+ for K = 38.05-45.25 Q = 22.63-26.91 after 4620.9 sec [total]
done with H-- for K = 38.05-45.25 Q = 22.63-26.91 after 4622.0 sec [total]
done with UU for K = 45.25-53.82 Q = 22.63-26.91 after 4623.1 sec [total]
done with BB for K = 45.25-53.82 Q = 22.63-26.91 after 4624.1 sec [total]
done with UBTa for K = 45.25-53.82 Q = 22.63-26.91 after 4624.3 sec [total]
done with UBTb for K = 45.25-53.82 Q = 22.63-26.91 after 4624.5 sec [total]
done with UBTbA for K = 45.25-53.82 Q = 22.63-26.91 after 4624.7 sec [total]
done with UBTbC for K = 45.25-53.82 Q = 22.63-26.91 after 4625.1 sec [total]
done with H for K = 45.25-53.82 Q = 22.63-26.91 after 4626.1 sec [total]
done with H++ for K = 45.25-53.82 Q = 22.63-26.91 after 4629.4 sec [total]
done with H+- for K = 45.25-53.82 Q = 22.63-26.91 after 4630.4 sec [total]
done with H-+ for K = 45.25-53.82 Q = 22.63-26.91 after 4631.5 sec [total]
done with H-- for K = 45.25-53.82 Q = 22.63-26.91 after 4632.5 sec [total]
done with UU for K = 53.82-64.00 Q = 22.63-26.91 after 4633.7 sec [total]
done with BB for K = 53.82-64.00 Q = 22.63-26.91 after 4634.8 sec [total]
done with UBTa for K = 53.82-64.00 Q = 22.63-26.91 after 4634.9 sec [total]
done with UBTb for K = 53.82-64.00 Q = 22.63-26.91 after 4635.1 sec [total]
done with UBTbA for K = 53.82-64.00 Q = 22.63-26.91 after 4635.3 sec [total]
done with UBTbC for K = 53.82-64.00 Q = 22.63-26.91 after 4635.6 sec [total]
done with H for K = 53.82-64.00 Q = 22.63-26.91 after 4636.8 sec [total]
done with H++ for K = 53.82-64.00 Q = 22.63-26.91 after 4640.0 sec [total]
done with H+- for K = 53.82-64.00 Q = 22.63-26.91 after 4641.1 sec [total]
done with H-+ for K = 53.82-64.00 Q = 22.63-26.91 after 4642.2 sec [total]
done with H-- for K = 53.82-64.00 Q = 22.63-26.91 after 4643.2 sec [total]
done with UU for K = 64.00-76.11 Q = 22.63-26.91 after 4644.4 sec [total]
done with BB for K = 64.00-76.11 Q = 22.63-26.91 after 4645.4 sec [total]
done with UBTa for K = 64.00-76.11 Q = 22.63-26.91 after 4645.6 sec [total]
done with UBTb for K = 64.00-76.11 Q = 22.63-26.91 after 4645.8 sec [total]
done with UBTbA for K = 64.00-76.11 Q = 22.63-26.91 after 4646.0 sec [total]
done with UBTbC for K = 64.00-76.11 Q = 22.63-26.91 after 4646.3 sec [total]
done with H for K = 64.00-76.11 Q = 22.63-26.91 after 4647.4 sec [total]
done with H++ for K = 64.00-76.11 Q = 22.63-26.91 after 4650.6 sec [total]
done with H+- for K = 64.00-76.11 Q = 22.63-26.91 after 4651.7 sec [total]
done with H-+ for K = 64.00-76.11 Q = 22.63-26.91 after 4652.8 sec [total]
done with H-- for K = 64.00-76.11 Q = 22.63-26.91 after 4653.9 sec [total]
done with UU for K = 76.11-90.51 Q = 22.63-26.91 after 4655.0 sec [total]
done with BB for K = 76.11-90.51 Q = 22.63-26.91 after 4656.1 sec [total]
done with UBTa for K = 76.11-90.51 Q = 22.63-26.91 after 4656.2 sec [total]
done with UBTb for K = 76.11-90.51 Q = 22.63-26.91 after 4656.4 sec [total]
done with UBTbA for K = 76.11-90.51 Q = 22.63-26.91 after 4656.6 sec [total]
done with UBTbC for K = 76.11-90.51 Q = 22.63-26.91 after 4657.0 sec [total]
done with H for K = 76.11-90.51 Q = 22.63-26.91 after 4658.1 sec [total]
done with H++ for K = 76.11-90.51 Q = 22.63-26.91 after 4661.3 sec [total]
done with H+- for K = 76.11-90.51 Q = 22.63-26.91 after 4662.4 sec [total]
done with H-+ for K = 76.11-90.51 Q = 22.63-26.91 after 4663.5 sec [total]
done with H-- for K = 76.11-90.51 Q = 22.63-26.91 after 4664.5 sec [total]
done with UU for K = 90.51-107.63 Q = 22.63-26.91 after 4665.6 sec [total]
done with BB for K = 90.51-107.63 Q = 22.63-26.91 after 4666.7 sec [total]
done with UBTa for K = 90.51-107.63 Q = 22.63-26.91 after 4666.9 sec [total]
done with UBTb for K = 90.51-107.63 Q = 22.63-26.91 after 4667.0 sec [total]
done with UBTbA for K = 90.51-107.63 Q = 22.63-26.91 after 4667.2 sec [total]
done with UBTbC for K = 90.51-107.63 Q = 22.63-26.91 after 4667.6 sec [total]
done with H for K = 90.51-107.63 Q = 22.63-26.91 after 4668.7 sec [total]
done with H++ for K = 90.51-107.63 Q = 22.63-26.91 after 4671.9 sec [total]
done with H+- for K = 90.51-107.63 Q = 22.63-26.91 after 4673.0 sec [total]
done with H-+ for K = 90.51-107.63 Q = 22.63-26.91 after 4674.1 sec [total]
done with H-- for K = 90.51-107.63 Q = 22.63-26.91 after 4675.2 sec [total]
done with UU for K = 107.63-128.00 Q = 22.63-26.91 after 4676.3 sec [total]
done with BB for K = 107.63-128.00 Q = 22.63-26.91 after 4677.4 sec [total]
done with UBTa for K = 107.63-128.00 Q = 22.63-26.91 after 4677.6 sec [total]
done with UBTb for K = 107.63-128.00 Q = 22.63-26.91 after 4677.7 sec [total]
done with UBTbA for K = 107.63-128.00 Q = 22.63-26.91 after 4677.9 sec [total]
done with UBTbC for K = 107.63-128.00 Q = 22.63-26.91 after 4678.3 sec [total]
done with H for K = 107.63-128.00 Q = 22.63-26.91 after 4679.4 sec [total]
done with H++ for K = 107.63-128.00 Q = 22.63-26.91 after 4682.7 sec [total]
done with H+- for K = 107.63-128.00 Q = 22.63-26.91 after 4683.7 sec [total]
done with H-+ for K = 107.63-128.00 Q = 22.63-26.91 after 4684.8 sec [total]
done with H-- for K = 107.63-128.00 Q = 22.63-26.91 after 4685.9 sec [total]
done with UU for K = 128.00-152.22 Q = 22.63-26.91 after 4687.0 sec [total]
done with BB for K = 128.00-152.22 Q = 22.63-26.91 after 4688.0 sec [total]
done with UBTa for K = 128.00-152.22 Q = 22.63-26.91 after 4688.2 sec [total]
done with UBTb for K = 128.00-152.22 Q = 22.63-26.91 after 4688.4 sec [total]
done with UBTbA for K = 128.00-152.22 Q = 22.63-26.91 after 4688.6 sec [total]
done with UBTbC for K = 128.00-152.22 Q = 22.63-26.91 after 4689.0 sec [total]
done with H for K = 128.00-152.22 Q = 22.63-26.91 after 4690.1 sec [total]
done with H++ for K = 128.00-152.22 Q = 22.63-26.91 after 4693.3 sec [total]
done with H+- for K = 128.00-152.22 Q = 22.63-26.91 after 4694.3 sec [total]
done with H-+ for K = 128.00-152.22 Q = 22.63-26.91 after 4695.5 sec [total]
done with H-- for K = 128.00-152.22 Q = 22.63-26.91 after 4696.5 sec [total]
done with UU for K = 152.22-181.02 Q = 22.63-26.91 after 4697.6 sec [total]
done with BB for K = 152.22-181.02 Q = 22.63-26.91 after 4698.6 sec [total]
done with UBTa for K = 152.22-181.02 Q = 22.63-26.91 after 4698.8 sec [total]
done with UBTb for K = 152.22-181.02 Q = 22.63-26.91 after 4699.0 sec [total]
done with UBTbA for K = 152.22-181.02 Q = 22.63-26.91 after 4699.2 sec [total]
done with UBTbC for K = 152.22-181.02 Q = 22.63-26.91 after 4699.6 sec [total]
done with H for K = 152.22-181.02 Q = 22.63-26.91 after 4700.7 sec [total]
done with H++ for K = 152.22-181.02 Q = 22.63-26.91 after 4703.9 sec [total]
done with H+- for K = 152.22-181.02 Q = 22.63-26.91 after 4704.9 sec [total]
done with H-+ for K = 152.22-181.02 Q = 22.63-26.91 after 4706.0 sec [total]
done with H-- for K = 152.22-181.02 Q = 22.63-26.91 after 4707.1 sec [total]
done with UU for K = 181.02-215.27 Q = 22.63-26.91 after 4708.2 sec [total]
done with BB for K = 181.02-215.27 Q = 22.63-26.91 after 4709.3 sec [total]
done with UBTa for K = 181.02-215.27 Q = 22.63-26.91 after 4709.5 sec [total]
done with UBTb for K = 181.02-215.27 Q = 22.63-26.91 after 4709.7 sec [total]
done with UBTbA for K = 181.02-215.27 Q = 22.63-26.91 after 4709.9 sec [total]
done with UBTbC for K = 181.02-215.27 Q = 22.63-26.91 after 4710.2 sec [total]
done with H for K = 181.02-215.27 Q = 22.63-26.91 after 4711.3 sec [total]
done with H++ for K = 181.02-215.27 Q = 22.63-26.91 after 4714.5 sec [total]
done with H+- for K = 181.02-215.27 Q = 22.63-26.91 after 4715.5 sec [total]
done with H-+ for K = 181.02-215.27 Q = 22.63-26.91 after 4716.6 sec [total]
done with H-- for K = 181.02-215.27 Q = 22.63-26.91 after 4717.7 sec [total]
done with UU for K = 215.27-256.00 Q = 22.63-26.91 after 4718.8 sec [total]
done with BB for K = 215.27-256.00 Q = 22.63-26.91 after 4719.9 sec [total]
done with UBTa for K = 215.27-256.00 Q = 22.63-26.91 after 4720.1 sec [total]
done with UBTb for K = 215.27-256.00 Q = 22.63-26.91 after 4720.3 sec [total]
done with UBTbA for K = 215.27-256.00 Q = 22.63-26.91 after 4720.5 sec [total]
done with UBTbC for K = 215.27-256.00 Q = 22.63-26.91 after 4720.8 sec [total]
done with H for K = 215.27-256.00 Q = 22.63-26.91 after 4721.9 sec [total]
done with H++ for K = 215.27-256.00 Q = 22.63-26.91 after 4725.1 sec [total]
done with H+- for K = 215.27-256.00 Q = 22.63-26.91 after 4726.2 sec [total]
done with H-+ for K = 215.27-256.00 Q = 22.63-26.91 after 4727.3 sec [total]
done with H-- for K = 215.27-256.00 Q = 22.63-26.91 after 4728.3 sec [total]
done with UU for K = 256.00-304.44 Q = 22.63-26.91 after 4729.4 sec [total]
done with BB for K = 256.00-304.44 Q = 22.63-26.91 after 4730.5 sec [total]
done with UBTa for K = 256.00-304.44 Q = 22.63-26.91 after 4730.7 sec [total]
done with UBTb for K = 256.00-304.44 Q = 22.63-26.91 after 4730.9 sec [total]
done with UBTbA for K = 256.00-304.44 Q = 22.63-26.91 after 4731.1 sec [total]
done with UBTbC for K = 256.00-304.44 Q = 22.63-26.91 after 4731.4 sec [total]
done with H for K = 256.00-304.44 Q = 22.63-26.91 after 4732.5 sec [total]
done with H++ for K = 256.00-304.44 Q = 22.63-26.91 after 4735.7 sec [total]
done with H+- for K = 256.00-304.44 Q = 22.63-26.91 after 4736.8 sec [total]
done with H-+ for K = 256.00-304.44 Q = 22.63-26.91 after 4737.9 sec [total]
done with H-- for K = 256.00-304.44 Q = 22.63-26.91 after 4739.0 sec [total]
done with UU for K = 304.44-362.04 Q = 22.63-26.91 after 4740.1 sec [total]
done with BB for K = 304.44-362.04 Q = 22.63-26.91 after 4741.1 sec [total]
done with UBTa for K = 304.44-362.04 Q = 22.63-26.91 after 4741.3 sec [total]
done with UBTb for K = 304.44-362.04 Q = 22.63-26.91 after 4741.5 sec [total]
done with UBTbA for K = 304.44-362.04 Q = 22.63-26.91 after 4741.7 sec [total]
done with UBTbC for K = 304.44-362.04 Q = 22.63-26.91 after 4742.1 sec [total]
done with H for K = 304.44-362.04 Q = 22.63-26.91 after 4743.1 sec [total]
done with H++ for K = 304.44-362.04 Q = 22.63-26.91 after 4746.4 sec [total]
done with H+- for K = 304.44-362.04 Q = 22.63-26.91 after 4747.4 sec [total]
done with H-+ for K = 304.44-362.04 Q = 22.63-26.91 after 4748.5 sec [total]
done with H-- for K = 304.44-362.04 Q = 22.63-26.91 after 4749.6 sec [total]
done with UU for K = 362.04-430.54 Q = 22.63-26.91 after 4750.7 sec [total]
done with BB for K = 362.04-430.54 Q = 22.63-26.91 after 4751.8 sec [total]
done with UBTa for K = 362.04-430.54 Q = 22.63-26.91 after 4751.9 sec [total]
done with UBTb for K = 362.04-430.54 Q = 22.63-26.91 after 4752.1 sec [total]
done with UBTbA for K = 362.04-430.54 Q = 22.63-26.91 after 4752.4 sec [total]
done with UBTbC for K = 362.04-430.54 Q = 22.63-26.91 after 4752.7 sec [total]
done with H for K = 362.04-430.54 Q = 22.63-26.91 after 4753.8 sec [total]
done with H++ for K = 362.04-430.54 Q = 22.63-26.91 after 4756.9 sec [total]
done with H+- for K = 362.04-430.54 Q = 22.63-26.91 after 4758.0 sec [total]
done with H-+ for K = 362.04-430.54 Q = 22.63-26.91 after 4759.1 sec [total]
done with H-- for K = 362.04-430.54 Q = 22.63-26.91 after 4760.2 sec [total]
done with UU for K = 430.54-512.00 Q = 22.63-26.91 after 4761.3 sec [total]
done with BB for K = 430.54-512.00 Q = 22.63-26.91 after 4762.4 sec [total]
done with UBTa for K = 430.54-512.00 Q = 22.63-26.91 after 4762.6 sec [total]
done with UBTb for K = 430.54-512.00 Q = 22.63-26.91 after 4762.8 sec [total]
done with UBTbA for K = 430.54-512.00 Q = 22.63-26.91 after 4763.0 sec [total]
done with UBTbC for K = 430.54-512.00 Q = 22.63-26.91 after 4763.3 sec [total]
done with H for K = 430.54-512.00 Q = 22.63-26.91 after 4764.3 sec [total]
done with H++ for K = 430.54-512.00 Q = 22.63-26.91 after 4767.5 sec [total]
done with H+- for K = 430.54-512.00 Q = 22.63-26.91 after 4768.6 sec [total]
done with H-+ for K = 430.54-512.00 Q = 22.63-26.91 after 4769.7 sec [total]
done with H-- for K = 430.54-512.00 Q = 22.63-26.91 after 4770.8 sec [total]
done with UU for K = 512.00-608.87 Q = 22.63-26.91 after 4771.9 sec [total]
done with BB for K = 512.00-608.87 Q = 22.63-26.91 after 4773.0 sec [total]
done with UBTa for K = 512.00-608.87 Q = 22.63-26.91 after 4773.2 sec [total]
done with UBTb for K = 512.00-608.87 Q = 22.63-26.91 after 4773.4 sec [total]
done with UBTbA for K = 512.00-608.87 Q = 22.63-26.91 after 4773.6 sec [total]
done with UBTbC for K = 512.00-608.87 Q = 22.63-26.91 after 4773.9 sec [total]
done with H for K = 512.00-608.87 Q = 22.63-26.91 after 4775.0 sec [total]
done with H++ for K = 512.00-608.87 Q = 22.63-26.91 after 4778.2 sec [total]
done with H+- for K = 512.00-608.87 Q = 22.63-26.91 after 4779.3 sec [total]
done with H-+ for K = 512.00-608.87 Q = 22.63-26.91 after 4780.4 sec [total]
done with H-- for K = 512.00-608.87 Q = 22.63-26.91 after 4781.4 sec [total]
done with UU for K = 608.87-724.08 Q = 22.63-26.91 after 4782.5 sec [total]
done with BB for K = 608.87-724.08 Q = 22.63-26.91 after 4783.6 sec [total]
done with UBTa for K = 608.87-724.08 Q = 22.63-26.91 after 4783.8 sec [total]
done with UBTb for K = 608.87-724.08 Q = 22.63-26.91 after 4784.0 sec [total]
done with UBTbA for K = 608.87-724.08 Q = 22.63-26.91 after 4784.2 sec [total]
done with UBTbC for K = 608.87-724.08 Q = 22.63-26.91 after 4784.5 sec [total]
done with H for K = 608.87-724.08 Q = 22.63-26.91 after 4785.6 sec [total]
done with H++ for K = 608.87-724.08 Q = 22.63-26.91 after 4788.8 sec [total]
done with H+- for K = 608.87-724.08 Q = 22.63-26.91 after 4789.9 sec [total]
done with H-+ for K = 608.87-724.08 Q = 22.63-26.91 after 4791.0 sec [total]
done with H-- for K = 608.87-724.08 Q = 22.63-26.91 after 4792.0 sec [total]
done with UU for K = 724.08-861.08 Q = 22.63-26.91 after 4793.2 sec [total]
done with BB for K = 724.08-861.08 Q = 22.63-26.91 after 4794.2 sec [total]
done with UBTa for K = 724.08-861.08 Q = 22.63-26.91 after 4794.4 sec [total]
done with UBTb for K = 724.08-861.08 Q = 22.63-26.91 after 4794.6 sec [total]
done with UBTbA for K = 724.08-861.08 Q = 22.63-26.91 after 4794.8 sec [total]
done with UBTbC for K = 724.08-861.08 Q = 22.63-26.91 after 4795.1 sec [total]
done with H for K = 724.08-861.08 Q = 22.63-26.91 after 4796.2 sec [total]
done with H++ for K = 724.08-861.08 Q = 22.63-26.91 after 4799.5 sec [total]
done with H+- for K = 724.08-861.08 Q = 22.63-26.91 after 4800.5 sec [total]
done with H-+ for K = 724.08-861.08 Q = 22.63-26.91 after 4801.6 sec [total]
done with H-- for K = 724.08-861.08 Q = 22.63-26.91 after 4802.6 sec [total]
done with UU for K = 861.08-1024.00 Q = 22.63-26.91 after 4803.8 sec [total]
done with BB for K = 861.08-1024.00 Q = 22.63-26.91 after 4804.9 sec [total]
done with UBTa for K = 861.08-1024.00 Q = 22.63-26.91 after 4805.1 sec [total]
done with UBTb for K = 861.08-1024.00 Q = 22.63-26.91 after 4805.3 sec [total]
done with UBTbA for K = 861.08-1024.00 Q = 22.63-26.91 after 4805.5 sec [total]
done with UBTbC for K = 861.08-1024.00 Q = 22.63-26.91 after 4805.8 sec [total]
done with H for K = 861.08-1024.00 Q = 22.63-26.91 after 4806.9 sec [total]
done with H++ for K = 861.08-1024.00 Q = 22.63-26.91 after 4810.0 sec [total]
done with H+- for K = 861.08-1024.00 Q = 22.63-26.91 after 4811.2 sec [total]
done with H-+ for K = 861.08-1024.00 Q = 22.63-26.91 after 4812.3 sec [total]
done with H-- for K = 861.08-1024.00 Q = 22.63-26.91 after 4813.3 sec [total]
done with UU for K = 0.00-3.36 Q = 26.91-32.00 after 4816.5 sec [total]
done with BB for K = 0.00-3.36 Q = 26.91-32.00 after 4819.6 sec [total]
done with UBTa for K = 0.00-3.36 Q = 26.91-32.00 after 4821.4 sec [total]
done with UBTb for K = 0.00-3.36 Q = 26.91-32.00 after 4823.2 sec [total]
done with UBTbA for K = 0.00-3.36 Q = 26.91-32.00 after 4825.0 sec [total]
done with UBTbC for K = 0.00-3.36 Q = 26.91-32.00 after 4825.3 sec [total]
done with H for K = 0.00-3.36 Q = 26.91-32.00 after 4826.4 sec [total]
done with H++ for K = 0.00-3.36 Q = 26.91-32.00 after 4829.6 sec [total]
done with H+- for K = 0.00-3.36 Q = 26.91-32.00 after 4830.7 sec [total]
done with H-+ for K = 0.00-3.36 Q = 26.91-32.00 after 4831.8 sec [total]
done with H-- for K = 0.00-3.36 Q = 26.91-32.00 after 4832.9 sec [total]
done with UU for K = 3.36-4.00 Q = 26.91-32.00 after 4834.0 sec [total]
done with BB for K = 3.36-4.00 Q = 26.91-32.00 after 4835.1 sec [total]
done with UBTa for K = 3.36-4.00 Q = 26.91-32.00 after 4835.2 sec [total]
done with UBTb for K = 3.36-4.00 Q = 26.91-32.00 after 4835.4 sec [total]
done with UBTbA for K = 3.36-4.00 Q = 26.91-32.00 after 4835.6 sec [total]
done with UBTbC for K = 3.36-4.00 Q = 26.91-32.00 after 4835.9 sec [total]
done with H for K = 3.36-4.00 Q = 26.91-32.00 after 4837.0 sec [total]
done with H++ for K = 3.36-4.00 Q = 26.91-32.00 after 4840.3 sec [total]
done with H+- for K = 3.36-4.00 Q = 26.91-32.00 after 4841.4 sec [total]
done with H-+ for K = 3.36-4.00 Q = 26.91-32.00 after 4842.5 sec [total]
done with H-- for K = 3.36-4.00 Q = 26.91-32.00 after 4843.6 sec [total]
done with UU for K = 4.00-4.76 Q = 26.91-32.00 after 4844.6 sec [total]
done with BB for K = 4.00-4.76 Q = 26.91-32.00 after 4845.7 sec [total]
done with UBTa for K = 4.00-4.76 Q = 26.91-32.00 after 4845.9 sec [total]
done with UBTb for K = 4.00-4.76 Q = 26.91-32.00 after 4846.1 sec [total]
done with UBTbA for K = 4.00-4.76 Q = 26.91-32.00 after 4846.3 sec [total]
done with UBTbC for K = 4.00-4.76 Q = 26.91-32.00 after 4846.7 sec [total]
done with H for K = 4.00-4.76 Q = 26.91-32.00 after 4847.7 sec [total]
done with H++ for K = 4.00-4.76 Q = 26.91-32.00 after 4851.0 sec [total]
done with H+- for K = 4.00-4.76 Q = 26.91-32.00 after 4852.1 sec [total]
done with H-+ for K = 4.00-4.76 Q = 26.91-32.00 after 4853.1 sec [total]
done with H-- for K = 4.00-4.76 Q = 26.91-32.00 after 4854.2 sec [total]
done with UU for K = 4.76-5.66 Q = 26.91-32.00 after 4855.3 sec [total]
done with BB for K = 4.76-5.66 Q = 26.91-32.00 after 4856.4 sec [total]
done with UBTa for K = 4.76-5.66 Q = 26.91-32.00 after 4856.5 sec [total]
done with UBTb for K = 4.76-5.66 Q = 26.91-32.00 after 4856.7 sec [total]
done with UBTbA for K = 4.76-5.66 Q = 26.91-32.00 after 4857.0 sec [total]
done with UBTbC for K = 4.76-5.66 Q = 26.91-32.00 after 4857.3 sec [total]
done with H for K = 4.76-5.66 Q = 26.91-32.00 after 4858.4 sec [total]
done with H++ for K = 4.76-5.66 Q = 26.91-32.00 after 4861.6 sec [total]
done with H+- for K = 4.76-5.66 Q = 26.91-32.00 after 4862.7 sec [total]
done with H-+ for K = 4.76-5.66 Q = 26.91-32.00 after 4863.7 sec [total]
done with H-- for K = 4.76-5.66 Q = 26.91-32.00 after 4864.8 sec [total]
done with UU for K = 5.66-6.73 Q = 26.91-32.00 after 4865.9 sec [total]
done with BB for K = 5.66-6.73 Q = 26.91-32.00 after 4867.0 sec [total]
done with UBTa for K = 5.66-6.73 Q = 26.91-32.00 after 4867.2 sec [total]
done with UBTb for K = 5.66-6.73 Q = 26.91-32.00 after 4867.4 sec [total]
done with UBTbA for K = 5.66-6.73 Q = 26.91-32.00 after 4867.6 sec [total]
done with UBTbC for K = 5.66-6.73 Q = 26.91-32.00 after 4867.9 sec [total]
done with H for K = 5.66-6.73 Q = 26.91-32.00 after 4869.0 sec [total]
done with H++ for K = 5.66-6.73 Q = 26.91-32.00 after 4872.1 sec [total]
done with H+- for K = 5.66-6.73 Q = 26.91-32.00 after 4873.2 sec [total]
done with H-+ for K = 5.66-6.73 Q = 26.91-32.00 after 4874.3 sec [total]
done with H-- for K = 5.66-6.73 Q = 26.91-32.00 after 4875.4 sec [total]
done with UU for K = 6.73-8.00 Q = 26.91-32.00 after 4876.6 sec [total]
done with BB for K = 6.73-8.00 Q = 26.91-32.00 after 4877.6 sec [total]
done with UBTa for K = 6.73-8.00 Q = 26.91-32.00 after 4877.8 sec [total]
done with UBTb for K = 6.73-8.00 Q = 26.91-32.00 after 4878.0 sec [total]
done with UBTbA for K = 6.73-8.00 Q = 26.91-32.00 after 4878.2 sec [total]
done with UBTbC for K = 6.73-8.00 Q = 26.91-32.00 after 4878.5 sec [total]
done with H for K = 6.73-8.00 Q = 26.91-32.00 after 4879.6 sec [total]
done with H++ for K = 6.73-8.00 Q = 26.91-32.00 after 4882.9 sec [total]
done with H+- for K = 6.73-8.00 Q = 26.91-32.00 after 4883.9 sec [total]
done with H-+ for K = 6.73-8.00 Q = 26.91-32.00 after 4885.0 sec [total]
done with H-- for K = 6.73-8.00 Q = 26.91-32.00 after 4886.1 sec [total]
done with UU for K = 8.00-9.51 Q = 26.91-32.00 after 4887.3 sec [total]
done with BB for K = 8.00-9.51 Q = 26.91-32.00 after 4888.3 sec [total]
done with UBTa for K = 8.00-9.51 Q = 26.91-32.00 after 4888.5 sec [total]
done with UBTb for K = 8.00-9.51 Q = 26.91-32.00 after 4888.7 sec [total]
done with UBTbA for K = 8.00-9.51 Q = 26.91-32.00 after 4888.9 sec [total]
done with UBTbC for K = 8.00-9.51 Q = 26.91-32.00 after 4889.3 sec [total]
done with H for K = 8.00-9.51 Q = 26.91-32.00 after 4890.3 sec [total]
done with H++ for K = 8.00-9.51 Q = 26.91-32.00 after 4893.6 sec [total]
done with H+- for K = 8.00-9.51 Q = 26.91-32.00 after 4894.7 sec [total]
done with H-+ for K = 8.00-9.51 Q = 26.91-32.00 after 4895.7 sec [total]
done with H-- for K = 8.00-9.51 Q = 26.91-32.00 after 4896.8 sec [total]
done with UU for K = 9.51-11.31 Q = 26.91-32.00 after 4897.9 sec [total]
done with BB for K = 9.51-11.31 Q = 26.91-32.00 after 4898.9 sec [total]
done with UBTa for K = 9.51-11.31 Q = 26.91-32.00 after 4899.1 sec [total]
done with UBTb for K = 9.51-11.31 Q = 26.91-32.00 after 4899.3 sec [total]
done with UBTbA for K = 9.51-11.31 Q = 26.91-32.00 after 4899.5 sec [total]
done with UBTbC for K = 9.51-11.31 Q = 26.91-32.00 after 4899.9 sec [total]
done with H for K = 9.51-11.31 Q = 26.91-32.00 after 4900.9 sec [total]
done with H++ for K = 9.51-11.31 Q = 26.91-32.00 after 4904.2 sec [total]
done with H+- for K = 9.51-11.31 Q = 26.91-32.00 after 4905.2 sec [total]
done with H-+ for K = 9.51-11.31 Q = 26.91-32.00 after 4906.3 sec [total]
done with H-- for K = 9.51-11.31 Q = 26.91-32.00 after 4907.4 sec [total]
done with UU for K = 11.31-13.45 Q = 26.91-32.00 after 4908.5 sec [total]
done with BB for K = 11.31-13.45 Q = 26.91-32.00 after 4909.6 sec [total]
done with UBTa for K = 11.31-13.45 Q = 26.91-32.00 after 4909.8 sec [total]
done with UBTb for K = 11.31-13.45 Q = 26.91-32.00 after 4910.0 sec [total]
done with UBTbA for K = 11.31-13.45 Q = 26.91-32.00 after 4910.2 sec [total]
done with UBTbC for K = 11.31-13.45 Q = 26.91-32.00 after 4910.6 sec [total]
done with H for K = 11.31-13.45 Q = 26.91-32.00 after 4911.7 sec [total]
done with H++ for K = 11.31-13.45 Q = 26.91-32.00 after 4914.9 sec [total]
done with H+- for K = 11.31-13.45 Q = 26.91-32.00 after 4915.9 sec [total]
done with H-+ for K = 11.31-13.45 Q = 26.91-32.00 after 4917.0 sec [total]
done with H-- for K = 11.31-13.45 Q = 26.91-32.00 after 4918.1 sec [total]
done with UU for K = 13.45-16.00 Q = 26.91-32.00 after 4919.3 sec [total]
done with BB for K = 13.45-16.00 Q = 26.91-32.00 after 4920.3 sec [total]
done with UBTa for K = 13.45-16.00 Q = 26.91-32.00 after 4920.5 sec [total]
done with UBTb for K = 13.45-16.00 Q = 26.91-32.00 after 4920.7 sec [total]
done with UBTbA for K = 13.45-16.00 Q = 26.91-32.00 after 4920.9 sec [total]
done with UBTbC for K = 13.45-16.00 Q = 26.91-32.00 after 4921.2 sec [total]
done with H for K = 13.45-16.00 Q = 26.91-32.00 after 4922.3 sec [total]
done with H++ for K = 13.45-16.00 Q = 26.91-32.00 after 4925.5 sec [total]
done with H+- for K = 13.45-16.00 Q = 26.91-32.00 after 4926.6 sec [total]
done with H-+ for K = 13.45-16.00 Q = 26.91-32.00 after 4927.7 sec [total]
done with H-- for K = 13.45-16.00 Q = 26.91-32.00 after 4928.7 sec [total]
done with UU for K = 16.00-19.03 Q = 26.91-32.00 after 4929.9 sec [total]
done with BB for K = 16.00-19.03 Q = 26.91-32.00 after 4930.9 sec [total]
done with UBTa for K = 16.00-19.03 Q = 26.91-32.00 after 4931.1 sec [total]
done with UBTb for K = 16.00-19.03 Q = 26.91-32.00 after 4931.3 sec [total]
done with UBTbA for K = 16.00-19.03 Q = 26.91-32.00 after 4931.6 sec [total]
done with UBTbC for K = 16.00-19.03 Q = 26.91-32.00 after 4931.9 sec [total]
done with H for K = 16.00-19.03 Q = 26.91-32.00 after 4933.0 sec [total]
done with H++ for K = 16.00-19.03 Q = 26.91-32.00 after 4936.2 sec [total]
done with H+- for K = 16.00-19.03 Q = 26.91-32.00 after 4937.2 sec [total]
done with H-+ for K = 16.00-19.03 Q = 26.91-32.00 after 4938.3 sec [total]
done with H-- for K = 16.00-19.03 Q = 26.91-32.00 after 4939.4 sec [total]
done with UU for K = 19.03-22.63 Q = 26.91-32.00 after 4940.5 sec [total]
done with BB for K = 19.03-22.63 Q = 26.91-32.00 after 4941.6 sec [total]
done with UBTa for K = 19.03-22.63 Q = 26.91-32.00 after 4941.7 sec [total]
done with UBTb for K = 19.03-22.63 Q = 26.91-32.00 after 4941.9 sec [total]
done with UBTbA for K = 19.03-22.63 Q = 26.91-32.00 after 4942.2 sec [total]
done with UBTbC for K = 19.03-22.63 Q = 26.91-32.00 after 4942.5 sec [total]
done with H for K = 19.03-22.63 Q = 26.91-32.00 after 4943.6 sec [total]
done with H++ for K = 19.03-22.63 Q = 26.91-32.00 after 4946.8 sec [total]
done with H+- for K = 19.03-22.63 Q = 26.91-32.00 after 4947.9 sec [total]
done with H-+ for K = 19.03-22.63 Q = 26.91-32.00 after 4949.0 sec [total]
done with H-- for K = 19.03-22.63 Q = 26.91-32.00 after 4950.0 sec [total]
done with UU for K = 22.63-26.91 Q = 26.91-32.00 after 4951.2 sec [total]
done with BB for K = 22.63-26.91 Q = 26.91-32.00 after 4952.2 sec [total]
done with UBTa for K = 22.63-26.91 Q = 26.91-32.00 after 4952.4 sec [total]
done with UBTb for K = 22.63-26.91 Q = 26.91-32.00 after 4952.6 sec [total]
done with UBTbA for K = 22.63-26.91 Q = 26.91-32.00 after 4952.8 sec [total]
done with UBTbC for K = 22.63-26.91 Q = 26.91-32.00 after 4953.1 sec [total]
done with H for K = 22.63-26.91 Q = 26.91-32.00 after 4954.2 sec [total]
done with H++ for K = 22.63-26.91 Q = 26.91-32.00 after 4957.4 sec [total]
done with H+- for K = 22.63-26.91 Q = 26.91-32.00 after 4958.5 sec [total]
done with H-+ for K = 22.63-26.91 Q = 26.91-32.00 after 4959.6 sec [total]
done with H-- for K = 22.63-26.91 Q = 26.91-32.00 after 4960.7 sec [total]
done with UU for K = 26.91-32.00 Q = 26.91-32.00 after 4961.8 sec [total]
done with BB for K = 26.91-32.00 Q = 26.91-32.00 after 4962.8 sec [total]
done with UBTa for K = 26.91-32.00 Q = 26.91-32.00 after 4963.0 sec [total]
done with UBTb for K = 26.91-32.00 Q = 26.91-32.00 after 4963.2 sec [total]
done with UBTbA for K = 26.91-32.00 Q = 26.91-32.00 after 4963.4 sec [total]
done with UBTbC for K = 26.91-32.00 Q = 26.91-32.00 after 4963.7 sec [total]
done with H for K = 26.91-32.00 Q = 26.91-32.00 after 4964.8 sec [total]
done with H++ for K = 26.91-32.00 Q = 26.91-32.00 after 4968.0 sec [total]
done with H+- for K = 26.91-32.00 Q = 26.91-32.00 after 4969.1 sec [total]
done with H-+ for K = 26.91-32.00 Q = 26.91-32.00 after 4970.2 sec [total]
done with H-- for K = 26.91-32.00 Q = 26.91-32.00 after 4971.3 sec [total]
done with UU for K = 32.00-38.05 Q = 26.91-32.00 after 4972.3 sec [total]
done with BB for K = 32.00-38.05 Q = 26.91-32.00 after 4973.4 sec [total]
done with UBTa for K = 32.00-38.05 Q = 26.91-32.00 after 4973.6 sec [total]
done with UBTb for K = 32.00-38.05 Q = 26.91-32.00 after 4973.8 sec [total]
done with UBTbA for K = 32.00-38.05 Q = 26.91-32.00 after 4974.0 sec [total]
done with UBTbC for K = 32.00-38.05 Q = 26.91-32.00 after 4974.4 sec [total]
done with H for K = 32.00-38.05 Q = 26.91-32.00 after 4975.5 sec [total]
done with H++ for K = 32.00-38.05 Q = 26.91-32.00 after 4978.6 sec [total]
done with H+- for K = 32.00-38.05 Q = 26.91-32.00 after 4979.7 sec [total]
done with H-+ for K = 32.00-38.05 Q = 26.91-32.00 after 4980.9 sec [total]
done with H-- for K = 32.00-38.05 Q = 26.91-32.00 after 4981.9 sec [total]
done with UU for K = 38.05-45.25 Q = 26.91-32.00 after 4983.0 sec [total]
done with BB for K = 38.05-45.25 Q = 26.91-32.00 after 4984.1 sec [total]
done with UBTa for K = 38.05-45.25 Q = 26.91-32.00 after 4984.3 sec [total]
done with UBTb for K = 38.05-45.25 Q = 26.91-32.00 after 4984.5 sec [total]
done with UBTbA for K = 38.05-45.25 Q = 26.91-32.00 after 4984.7 sec [total]
done with UBTbC for K = 38.05-45.25 Q = 26.91-32.00 after 4985.0 sec [total]
done with H for K = 38.05-45.25 Q = 26.91-32.00 after 4986.1 sec [total]
done with H++ for K = 38.05-45.25 Q = 26.91-32.00 after 4989.2 sec [total]
done with H+- for K = 38.05-45.25 Q = 26.91-32.00 after 4990.3 sec [total]
done with H-+ for K = 38.05-45.25 Q = 26.91-32.00 after 4991.5 sec [total]
done with H-- for K = 38.05-45.25 Q = 26.91-32.00 after 4992.5 sec [total]
done with UU for K = 45.25-53.82 Q = 26.91-32.00 after 4993.6 sec [total]
done with BB for K = 45.25-53.82 Q = 26.91-32.00 after 4994.7 sec [total]
done with UBTa for K = 45.25-53.82 Q = 26.91-32.00 after 4994.9 sec [total]
done with UBTb for K = 45.25-53.82 Q = 26.91-32.00 after 4995.1 sec [total]
done with UBTbA for K = 45.25-53.82 Q = 26.91-32.00 after 4995.3 sec [total]
done with UBTbC for K = 45.25-53.82 Q = 26.91-32.00 after 4995.7 sec [total]
done with H for K = 45.25-53.82 Q = 26.91-32.00 after 4996.7 sec [total]
done with H++ for K = 45.25-53.82 Q = 26.91-32.00 after 4999.9 sec [total]
done with H+- for K = 45.25-53.82 Q = 26.91-32.00 after 5001.0 sec [total]
done with H-+ for K = 45.25-53.82 Q = 26.91-32.00 after 5002.0 sec [total]
done with H-- for K = 45.25-53.82 Q = 26.91-32.00 after 5003.1 sec [total]
done with UU for K = 53.82-64.00 Q = 26.91-32.00 after 5004.2 sec [total]
done with BB for K = 53.82-64.00 Q = 26.91-32.00 after 5005.3 sec [total]
done with UBTa for K = 53.82-64.00 Q = 26.91-32.00 after 5005.5 sec [total]
done with UBTb for K = 53.82-64.00 Q = 26.91-32.00 after 5005.7 sec [total]
done with UBTbA for K = 53.82-64.00 Q = 26.91-32.00 after 5006.0 sec [total]
done with UBTbC for K = 53.82-64.00 Q = 26.91-32.00 after 5006.3 sec [total]
done with H for K = 53.82-64.00 Q = 26.91-32.00 after 5007.3 sec [total]
done with H++ for K = 53.82-64.00 Q = 26.91-32.00 after 5010.6 sec [total]
done with H+- for K = 53.82-64.00 Q = 26.91-32.00 after 5011.6 sec [total]
done with H-+ for K = 53.82-64.00 Q = 26.91-32.00 after 5012.7 sec [total]
done with H-- for K = 53.82-64.00 Q = 26.91-32.00 after 5013.8 sec [total]
done with UU for K = 64.00-76.11 Q = 26.91-32.00 after 5014.8 sec [total]
done with BB for K = 64.00-76.11 Q = 26.91-32.00 after 5015.9 sec [total]
done with UBTa for K = 64.00-76.11 Q = 26.91-32.00 after 5016.1 sec [total]
done with UBTb for K = 64.00-76.11 Q = 26.91-32.00 after 5016.3 sec [total]
done with UBTbA for K = 64.00-76.11 Q = 26.91-32.00 after 5016.5 sec [total]
done with UBTbC for K = 64.00-76.11 Q = 26.91-32.00 after 5016.9 sec [total]
done with H for K = 64.00-76.11 Q = 26.91-32.00 after 5017.9 sec [total]
done with H++ for K = 64.00-76.11 Q = 26.91-32.00 after 5021.1 sec [total]
done with H+- for K = 64.00-76.11 Q = 26.91-32.00 after 5022.2 sec [total]
done with H-+ for K = 64.00-76.11 Q = 26.91-32.00 after 5023.3 sec [total]
done with H-- for K = 64.00-76.11 Q = 26.91-32.00 after 5024.3 sec [total]
done with UU for K = 76.11-90.51 Q = 26.91-32.00 after 5025.5 sec [total]
done with BB for K = 76.11-90.51 Q = 26.91-32.00 after 5026.5 sec [total]
done with UBTa for K = 76.11-90.51 Q = 26.91-32.00 after 5026.7 sec [total]
done with UBTb for K = 76.11-90.51 Q = 26.91-32.00 after 5026.9 sec [total]
done with UBTbA for K = 76.11-90.51 Q = 26.91-32.00 after 5027.1 sec [total]
done with UBTbC for K = 76.11-90.51 Q = 26.91-32.00 after 5027.5 sec [total]
done with H for K = 76.11-90.51 Q = 26.91-32.00 after 5028.5 sec [total]
done with H++ for K = 76.11-90.51 Q = 26.91-32.00 after 5031.7 sec [total]
done with H+- for K = 76.11-90.51 Q = 26.91-32.00 after 5032.8 sec [total]
done with H-+ for K = 76.11-90.51 Q = 26.91-32.00 after 5034.0 sec [total]
done with H-- for K = 76.11-90.51 Q = 26.91-32.00 after 5035.0 sec [total]
done with UU for K = 90.51-107.63 Q = 26.91-32.00 after 5036.1 sec [total]
done with BB for K = 90.51-107.63 Q = 26.91-32.00 after 5037.2 sec [total]
done with UBTa for K = 90.51-107.63 Q = 26.91-32.00 after 5037.4 sec [total]
done with UBTb for K = 90.51-107.63 Q = 26.91-32.00 after 5037.6 sec [total]
done with UBTbA for K = 90.51-107.63 Q = 26.91-32.00 after 5037.8 sec [total]
done with UBTbC for K = 90.51-107.63 Q = 26.91-32.00 after 5038.2 sec [total]
done with H for K = 90.51-107.63 Q = 26.91-32.00 after 5039.2 sec [total]
done with H++ for K = 90.51-107.63 Q = 26.91-32.00 after 5042.4 sec [total]
done with H+- for K = 90.51-107.63 Q = 26.91-32.00 after 5043.5 sec [total]
done with H-+ for K = 90.51-107.63 Q = 26.91-32.00 after 5044.6 sec [total]
done with H-- for K = 90.51-107.63 Q = 26.91-32.00 after 5045.7 sec [total]
done with UU for K = 107.63-128.00 Q = 26.91-32.00 after 5046.7 sec [total]
done with BB for K = 107.63-128.00 Q = 26.91-32.00 after 5047.8 sec [total]
done with UBTa for K = 107.63-128.00 Q = 26.91-32.00 after 5048.0 sec [total]
done with UBTb for K = 107.63-128.00 Q = 26.91-32.00 after 5048.2 sec [total]
done with UBTbA for K = 107.63-128.00 Q = 26.91-32.00 after 5048.4 sec [total]
done with UBTbC for K = 107.63-128.00 Q = 26.91-32.00 after 5048.7 sec [total]
done with H for K = 107.63-128.00 Q = 26.91-32.00 after 5049.8 sec [total]
done with H++ for K = 107.63-128.00 Q = 26.91-32.00 after 5053.0 sec [total]
done with H+- for K = 107.63-128.00 Q = 26.91-32.00 after 5054.1 sec [total]
done with H-+ for K = 107.63-128.00 Q = 26.91-32.00 after 5055.2 sec [total]
done with H-- for K = 107.63-128.00 Q = 26.91-32.00 after 5056.2 sec [total]
done with UU for K = 128.00-152.22 Q = 26.91-32.00 after 5057.3 sec [total]
done with BB for K = 128.00-152.22 Q = 26.91-32.00 after 5058.5 sec [total]
done with UBTa for K = 128.00-152.22 Q = 26.91-32.00 after 5058.6 sec [total]
done with UBTb for K = 128.00-152.22 Q = 26.91-32.00 after 5058.8 sec [total]
done with UBTbA for K = 128.00-152.22 Q = 26.91-32.00 after 5059.0 sec [total]
done with UBTbC for K = 128.00-152.22 Q = 26.91-32.00 after 5059.4 sec [total]
done with H for K = 128.00-152.22 Q = 26.91-32.00 after 5060.5 sec [total]
done with H++ for K = 128.00-152.22 Q = 26.91-32.00 after 5063.6 sec [total]
done with H+- for K = 128.00-152.22 Q = 26.91-32.00 after 5064.8 sec [total]
done with H-+ for K = 128.00-152.22 Q = 26.91-32.00 after 5065.9 sec [total]
done with H-- for K = 128.00-152.22 Q = 26.91-32.00 after 5066.9 sec [total]
done with UU for K = 152.22-181.02 Q = 26.91-32.00 after 5068.1 sec [total]
done with BB for K = 152.22-181.02 Q = 26.91-32.00 after 5069.1 sec [total]
done with UBTa for K = 152.22-181.02 Q = 26.91-32.00 after 5069.3 sec [total]
done with UBTb for K = 152.22-181.02 Q = 26.91-32.00 after 5069.5 sec [total]
done with UBTbA for K = 152.22-181.02 Q = 26.91-32.00 after 5069.6 sec [total]
done with UBTbC for K = 152.22-181.02 Q = 26.91-32.00 after 5070.0 sec [total]
done with H for K = 152.22-181.02 Q = 26.91-32.00 after 5071.1 sec [total]
done with H++ for K = 152.22-181.02 Q = 26.91-32.00 after 5074.3 sec [total]
done with H+- for K = 152.22-181.02 Q = 26.91-32.00 after 5075.4 sec [total]
done with H-+ for K = 152.22-181.02 Q = 26.91-32.00 after 5076.6 sec [total]
done with H-- for K = 152.22-181.02 Q = 26.91-32.00 after 5077.6 sec [total]
done with UU for K = 181.02-215.27 Q = 26.91-32.00 after 5078.6 sec [total]
done with BB for K = 181.02-215.27 Q = 26.91-32.00 after 5079.7 sec [total]
done with UBTa for K = 181.02-215.27 Q = 26.91-32.00 after 5079.9 sec [total]
done with UBTb for K = 181.02-215.27 Q = 26.91-32.00 after 5080.1 sec [total]
done with UBTbA for K = 181.02-215.27 Q = 26.91-32.00 after 5080.2 sec [total]
done with UBTbC for K = 181.02-215.27 Q = 26.91-32.00 after 5080.6 sec [total]
done with H for K = 181.02-215.27 Q = 26.91-32.00 after 5081.7 sec [total]
done with H++ for K = 181.02-215.27 Q = 26.91-32.00 after 5085.0 sec [total]
done with H+- for K = 181.02-215.27 Q = 26.91-32.00 after 5086.1 sec [total]
done with H-+ for K = 181.02-215.27 Q = 26.91-32.00 after 5087.1 sec [total]
done with H-- for K = 181.02-215.27 Q = 26.91-32.00 after 5088.2 sec [total]
done with UU for K = 215.27-256.00 Q = 26.91-32.00 after 5089.2 sec [total]
done with BB for K = 215.27-256.00 Q = 26.91-32.00 after 5090.4 sec [total]
done with UBTa for K = 215.27-256.00 Q = 26.91-32.00 after 5090.5 sec [total]
done with UBTb for K = 215.27-256.00 Q = 26.91-32.00 after 5090.7 sec [total]
done with UBTbA for K = 215.27-256.00 Q = 26.91-32.00 after 5090.9 sec [total]
done with UBTbC for K = 215.27-256.00 Q = 26.91-32.00 after 5091.3 sec [total]
done with H for K = 215.27-256.00 Q = 26.91-32.00 after 5092.4 sec [total]
done with H++ for K = 215.27-256.00 Q = 26.91-32.00 after 5095.6 sec [total]
done with H+- for K = 215.27-256.00 Q = 26.91-32.00 after 5096.6 sec [total]
done with H-+ for K = 215.27-256.00 Q = 26.91-32.00 after 5097.8 sec [total]
done with H-- for K = 215.27-256.00 Q = 26.91-32.00 after 5098.8 sec [total]
done with UU for K = 256.00-304.44 Q = 26.91-32.00 after 5099.9 sec [total]
done with BB for K = 256.00-304.44 Q = 26.91-32.00 after 5101.0 sec [total]
done with UBTa for K = 256.00-304.44 Q = 26.91-32.00 after 5101.2 sec [total]
done with UBTb for K = 256.00-304.44 Q = 26.91-32.00 after 5101.4 sec [total]
done with UBTbA for K = 256.00-304.44 Q = 26.91-32.00 after 5101.6 sec [total]
done with UBTbC for K = 256.00-304.44 Q = 26.91-32.00 after 5101.9 sec [total]
done with H for K = 256.00-304.44 Q = 26.91-32.00 after 5103.0 sec [total]
done with H++ for K = 256.00-304.44 Q = 26.91-32.00 after 5106.2 sec [total]
done with H+- for K = 256.00-304.44 Q = 26.91-32.00 after 5107.3 sec [total]
done with H-+ for K = 256.00-304.44 Q = 26.91-32.00 after 5108.4 sec [total]
done with H-- for K = 256.00-304.44 Q = 26.91-32.00 after 5109.5 sec [total]
done with UU for K = 304.44-362.04 Q = 26.91-32.00 after 5110.6 sec [total]
done with BB for K = 304.44-362.04 Q = 26.91-32.00 after 5111.6 sec [total]
done with UBTa for K = 304.44-362.04 Q = 26.91-32.00 after 5111.8 sec [total]
done with UBTb for K = 304.44-362.04 Q = 26.91-32.00 after 5112.0 sec [total]
done with UBTbA for K = 304.44-362.04 Q = 26.91-32.00 after 5112.2 sec [total]
done with UBTbC for K = 304.44-362.04 Q = 26.91-32.00 after 5112.5 sec [total]
done with H for K = 304.44-362.04 Q = 26.91-32.00 after 5113.7 sec [total]
done with H++ for K = 304.44-362.04 Q = 26.91-32.00 after 5116.9 sec [total]
done with H+- for K = 304.44-362.04 Q = 26.91-32.00 after 5118.0 sec [total]
done with H-+ for K = 304.44-362.04 Q = 26.91-32.00 after 5119.1 sec [total]
done with H-- for K = 304.44-362.04 Q = 26.91-32.00 after 5120.1 sec [total]
done with UU for K = 362.04-430.54 Q = 26.91-32.00 after 5121.2 sec [total]
done with BB for K = 362.04-430.54 Q = 26.91-32.00 after 5122.3 sec [total]
done with UBTa for K = 362.04-430.54 Q = 26.91-32.00 after 5122.4 sec [total]
done with UBTb for K = 362.04-430.54 Q = 26.91-32.00 after 5122.6 sec [total]
done with UBTbA for K = 362.04-430.54 Q = 26.91-32.00 after 5122.8 sec [total]
done with UBTbC for K = 362.04-430.54 Q = 26.91-32.00 after 5123.2 sec [total]
done with H for K = 362.04-430.54 Q = 26.91-32.00 after 5124.3 sec [total]
done with H++ for K = 362.04-430.54 Q = 26.91-32.00 after 5127.5 sec [total]
done with H+- for K = 362.04-430.54 Q = 26.91-32.00 after 5128.6 sec [total]
done with H-+ for K = 362.04-430.54 Q = 26.91-32.00 after 5129.7 sec [total]
done with H-- for K = 362.04-430.54 Q = 26.91-32.00 after 5130.7 sec [total]
done with UU for K = 430.54-512.00 Q = 26.91-32.00 after 5131.9 sec [total]
done with BB for K = 430.54-512.00 Q = 26.91-32.00 after 5132.9 sec [total]
done with UBTa for K = 430.54-512.00 Q = 26.91-32.00 after 5133.1 sec [total]
done with UBTb for K = 430.54-512.00 Q = 26.91-32.00 after 5133.3 sec [total]
done with UBTbA for K = 430.54-512.00 Q = 26.91-32.00 after 5133.5 sec [total]
done with UBTbC for K = 430.54-512.00 Q = 26.91-32.00 after 5133.9 sec [total]
done with H for K = 430.54-512.00 Q = 26.91-32.00 after 5134.9 sec [total]
done with H++ for K = 430.54-512.00 Q = 26.91-32.00 after 5138.1 sec [total]
done with H+- for K = 430.54-512.00 Q = 26.91-32.00 after 5139.2 sec [total]
done with H-+ for K = 430.54-512.00 Q = 26.91-32.00 after 5140.3 sec [total]
done with H-- for K = 430.54-512.00 Q = 26.91-32.00 after 5141.4 sec [total]
done with UU for K = 512.00-608.87 Q = 26.91-32.00 after 5142.5 sec [total]
done with BB for K = 512.00-608.87 Q = 26.91-32.00 after 5143.6 sec [total]
done with UBTa for K = 512.00-608.87 Q = 26.91-32.00 after 5143.7 sec [total]
done with UBTb for K = 512.00-608.87 Q = 26.91-32.00 after 5143.9 sec [total]
done with UBTbA for K = 512.00-608.87 Q = 26.91-32.00 after 5144.2 sec [total]
done with UBTbC for K = 512.00-608.87 Q = 26.91-32.00 after 5144.5 sec [total]
done with H for K = 512.00-608.87 Q = 26.91-32.00 after 5145.6 sec [total]
done with H++ for K = 512.00-608.87 Q = 26.91-32.00 after 5148.8 sec [total]
done with H+- for K = 512.00-608.87 Q = 26.91-32.00 after 5149.9 sec [total]
done with H-+ for K = 512.00-608.87 Q = 26.91-32.00 after 5151.0 sec [total]
done with H-- for K = 512.00-608.87 Q = 26.91-32.00 after 5152.0 sec [total]
done with UU for K = 608.87-724.08 Q = 26.91-32.00 after 5153.1 sec [total]
done with BB for K = 608.87-724.08 Q = 26.91-32.00 after 5154.1 sec [total]
done with UBTa for K = 608.87-724.08 Q = 26.91-32.00 after 5154.3 sec [total]
done with UBTb for K = 608.87-724.08 Q = 26.91-32.00 after 5154.5 sec [total]
done with UBTbA for K = 608.87-724.08 Q = 26.91-32.00 after 5154.7 sec [total]
done with UBTbC for K = 608.87-724.08 Q = 26.91-32.00 after 5155.1 sec [total]
done with H for K = 608.87-724.08 Q = 26.91-32.00 after 5156.2 sec [total]
done with H++ for K = 608.87-724.08 Q = 26.91-32.00 after 5159.4 sec [total]
done with H+- for K = 608.87-724.08 Q = 26.91-32.00 after 5160.5 sec [total]
done with H-+ for K = 608.87-724.08 Q = 26.91-32.00 after 5161.6 sec [total]
done with H-- for K = 608.87-724.08 Q = 26.91-32.00 after 5162.6 sec [total]
done with UU for K = 724.08-861.08 Q = 26.91-32.00 after 5163.7 sec [total]
done with BB for K = 724.08-861.08 Q = 26.91-32.00 after 5164.8 sec [total]
done with UBTa for K = 724.08-861.08 Q = 26.91-32.00 after 5165.0 sec [total]
done with UBTb for K = 724.08-861.08 Q = 26.91-32.00 after 5165.1 sec [total]
done with UBTbA for K = 724.08-861.08 Q = 26.91-32.00 after 5165.3 sec [total]
done with UBTbC for K = 724.08-861.08 Q = 26.91-32.00 after 5165.7 sec [total]
done with H for K = 724.08-861.08 Q = 26.91-32.00 after 5166.8 sec [total]
done with H++ for K = 724.08-861.08 Q = 26.91-32.00 after 5170.0 sec [total]
done with H+- for K = 724.08-861.08 Q = 26.91-32.00 after 5171.1 sec [total]
done with H-+ for K = 724.08-861.08 Q = 26.91-32.00 after 5172.2 sec [total]
done with H-- for K = 724.08-861.08 Q = 26.91-32.00 after 5173.3 sec [total]
done with UU for K = 861.08-1024.00 Q = 26.91-32.00 after 5174.4 sec [total]
done with BB for K = 861.08-1024.00 Q = 26.91-32.00 after 5175.5 sec [total]
done with UBTa for K = 861.08-1024.00 Q = 26.91-32.00 after 5175.6 sec [total]
done with UBTb for K = 861.08-1024.00 Q = 26.91-32.00 after 5175.8 sec [total]
done with UBTbA for K = 861.08-1024.00 Q = 26.91-32.00 after 5176.0 sec [total]
done with UBTbC for K = 861.08-1024.00 Q = 26.91-32.00 after 5176.4 sec [total]
done with H for K = 861.08-1024.00 Q = 26.91-32.00 after 5177.5 sec [total]
done with H++ for K = 861.08-1024.00 Q = 26.91-32.00 after 5180.7 sec [total]
done with H+- for K = 861.08-1024.00 Q = 26.91-32.00 after 5181.9 sec [total]
done with H-+ for K = 861.08-1024.00 Q = 26.91-32.00 after 5182.9 sec [total]
done with H-- for K = 861.08-1024.00 Q = 26.91-32.00 after 5183.8 sec [total]
done with UU for K = 0.00-3.36 Q = 32.00-38.05 after 5187.1 sec [total]
done with BB for K = 0.00-3.36 Q = 32.00-38.05 after 5190.2 sec [total]
done with UBTa for K = 0.00-3.36 Q = 32.00-38.05 after 5191.9 sec [total]
done with UBTb for K = 0.00-3.36 Q = 32.00-38.05 after 5193.7 sec [total]
done with UBTbA for K = 0.00-3.36 Q = 32.00-38.05 after 5195.5 sec [total]
done with UBTbC for K = 0.00-3.36 Q = 32.00-38.05 after 5195.8 sec [total]
done with H for K = 0.00-3.36 Q = 32.00-38.05 after 5196.9 sec [total]
done with H++ for K = 0.00-3.36 Q = 32.00-38.05 after 5200.2 sec [total]
done with H+- for K = 0.00-3.36 Q = 32.00-38.05 after 5201.2 sec [total]
done with H-+ for K = 0.00-3.36 Q = 32.00-38.05 after 5202.5 sec [total]
done with H-- for K = 0.00-3.36 Q = 32.00-38.05 after 5203.4 sec [total]
done with UU for K = 3.36-4.00 Q = 32.00-38.05 after 5204.5 sec [total]
done with BB for K = 3.36-4.00 Q = 32.00-38.05 after 5205.6 sec [total]
done with UBTa for K = 3.36-4.00 Q = 32.00-38.05 after 5205.7 sec [total]
done with UBTb for K = 3.36-4.00 Q = 32.00-38.05 after 5206.0 sec [total]
done with UBTbA for K = 3.36-4.00 Q = 32.00-38.05 after 5206.2 sec [total]
done with UBTbC for K = 3.36-4.00 Q = 32.00-38.05 after 5206.5 sec [total]
done with H for K = 3.36-4.00 Q = 32.00-38.05 after 5207.6 sec [total]
done with H++ for K = 3.36-4.00 Q = 32.00-38.05 after 5210.8 sec [total]
done with H+- for K = 3.36-4.00 Q = 32.00-38.05 after 5211.9 sec [total]
done with H-+ for K = 3.36-4.00 Q = 32.00-38.05 after 5213.0 sec [total]
done with H-- for K = 3.36-4.00 Q = 32.00-38.05 after 5214.0 sec [total]
done with UU for K = 4.00-4.76 Q = 32.00-38.05 after 5215.1 sec [total]
done with BB for K = 4.00-4.76 Q = 32.00-38.05 after 5216.1 sec [total]
done with UBTa for K = 4.00-4.76 Q = 32.00-38.05 after 5216.3 sec [total]
done with UBTb for K = 4.00-4.76 Q = 32.00-38.05 after 5216.5 sec [total]
done with UBTbA for K = 4.00-4.76 Q = 32.00-38.05 after 5216.7 sec [total]
done with UBTbC for K = 4.00-4.76 Q = 32.00-38.05 after 5217.0 sec [total]
done with H for K = 4.00-4.76 Q = 32.00-38.05 after 5218.1 sec [total]
done with H++ for K = 4.00-4.76 Q = 32.00-38.05 after 5221.3 sec [total]
done with H+- for K = 4.00-4.76 Q = 32.00-38.05 after 5222.4 sec [total]
done with H-+ for K = 4.00-4.76 Q = 32.00-38.05 after 5223.5 sec [total]
done with H-- for K = 4.00-4.76 Q = 32.00-38.05 after 5224.6 sec [total]
done with UU for K = 4.76-5.66 Q = 32.00-38.05 after 5225.8 sec [total]
done with BB for K = 4.76-5.66 Q = 32.00-38.05 after 5226.8 sec [total]
done with UBTa for K = 4.76-5.66 Q = 32.00-38.05 after 5227.0 sec [total]
done with UBTb for K = 4.76-5.66 Q = 32.00-38.05 after 5227.2 sec [total]
done with UBTbA for K = 4.76-5.66 Q = 32.00-38.05 after 5227.4 sec [total]
done with UBTbC for K = 4.76-5.66 Q = 32.00-38.05 after 5227.8 sec [total]
done with H for K = 4.76-5.66 Q = 32.00-38.05 after 5228.8 sec [total]
done with H++ for K = 4.76-5.66 Q = 32.00-38.05 after 5232.0 sec [total]
done with H+- for K = 4.76-5.66 Q = 32.00-38.05 after 5233.1 sec [total]
done with H-+ for K = 4.76-5.66 Q = 32.00-38.05 after 5234.2 sec [total]
done with H-- for K = 4.76-5.66 Q = 32.00-38.05 after 5235.2 sec [total]
done with UU for K = 5.66-6.73 Q = 32.00-38.05 after 5236.4 sec [total]
done with BB for K = 5.66-6.73 Q = 32.00-38.05 after 5237.5 sec [total]
done with UBTa for K = 5.66-6.73 Q = 32.00-38.05 after 5237.7 sec [total]
done with UBTb for K = 5.66-6.73 Q = 32.00-38.05 after 5237.9 sec [total]
done with UBTbA for K = 5.66-6.73 Q = 32.00-38.05 after 5238.1 sec [total]
done with UBTbC for K = 5.66-6.73 Q = 32.00-38.05 after 5238.4 sec [total]
done with H for K = 5.66-6.73 Q = 32.00-38.05 after 5239.4 sec [total]
done with H++ for K = 5.66-6.73 Q = 32.00-38.05 after 5242.6 sec [total]
done with H+- for K = 5.66-6.73 Q = 32.00-38.05 after 5243.7 sec [total]
done with H-+ for K = 5.66-6.73 Q = 32.00-38.05 after 5244.9 sec [total]
done with H-- for K = 5.66-6.73 Q = 32.00-38.05 after 5245.9 sec [total]
done with UU for K = 6.73-8.00 Q = 32.00-38.05 after 5247.0 sec [total]
done with BB for K = 6.73-8.00 Q = 32.00-38.05 after 5248.1 sec [total]
done with UBTa for K = 6.73-8.00 Q = 32.00-38.05 after 5248.2 sec [total]
done with UBTb for K = 6.73-8.00 Q = 32.00-38.05 after 5248.4 sec [total]
done with UBTbA for K = 6.73-8.00 Q = 32.00-38.05 after 5248.6 sec [total]
done with UBTbC for K = 6.73-8.00 Q = 32.00-38.05 after 5249.0 sec [total]
done with H for K = 6.73-8.00 Q = 32.00-38.05 after 5250.1 sec [total]
done with H++ for K = 6.73-8.00 Q = 32.00-38.05 after 5253.4 sec [total]
done with H+- for K = 6.73-8.00 Q = 32.00-38.05 after 5254.3 sec [total]
done with H-+ for K = 6.73-8.00 Q = 32.00-38.05 after 5255.5 sec [total]
done with H-- for K = 6.73-8.00 Q = 32.00-38.05 after 5256.5 sec [total]
done with UU for K = 8.00-9.51 Q = 32.00-38.05 after 5257.6 sec [total]
done with BB for K = 8.00-9.51 Q = 32.00-38.05 after 5258.7 sec [total]
done with UBTa for K = 8.00-9.51 Q = 32.00-38.05 after 5258.9 sec [total]
done with UBTb for K = 8.00-9.51 Q = 32.00-38.05 after 5259.1 sec [total]
done with UBTbA for K = 8.00-9.51 Q = 32.00-38.05 after 5259.3 sec [total]
done with UBTbC for K = 8.00-9.51 Q = 32.00-38.05 after 5259.7 sec [total]
done with H for K = 8.00-9.51 Q = 32.00-38.05 after 5260.7 sec [total]
done with H++ for K = 8.00-9.51 Q = 32.00-38.05 after 5263.9 sec [total]
done with H+- for K = 8.00-9.51 Q = 32.00-38.05 after 5264.9 sec [total]
done with H-+ for K = 8.00-9.51 Q = 32.00-38.05 after 5266.1 sec [total]
done with H-- for K = 8.00-9.51 Q = 32.00-38.05 after 5267.2 sec [total]
done with UU for K = 9.51-11.31 Q = 32.00-38.05 after 5268.3 sec [total]
done with BB for K = 9.51-11.31 Q = 32.00-38.05 after 5269.3 sec [total]
done with UBTa for K = 9.51-11.31 Q = 32.00-38.05 after 5269.5 sec [total]
done with UBTb for K = 9.51-11.31 Q = 32.00-38.05 after 5269.7 sec [total]
done with UBTbA for K = 9.51-11.31 Q = 32.00-38.05 after 5270.0 sec [total]
done with UBTbC for K = 9.51-11.31 Q = 32.00-38.05 after 5270.3 sec [total]
done with H for K = 9.51-11.31 Q = 32.00-38.05 after 5271.3 sec [total]
done with H++ for K = 9.51-11.31 Q = 32.00-38.05 after 5274.5 sec [total]
done with H+- for K = 9.51-11.31 Q = 32.00-38.05 after 5275.6 sec [total]
done with H-+ for K = 9.51-11.31 Q = 32.00-38.05 after 5276.7 sec [total]
done with H-- for K = 9.51-11.31 Q = 32.00-38.05 after 5277.7 sec [total]
done with UU for K = 11.31-13.45 Q = 32.00-38.05 after 5278.9 sec [total]
done with BB for K = 11.31-13.45 Q = 32.00-38.05 after 5280.0 sec [total]
done with UBTa for K = 11.31-13.45 Q = 32.00-38.05 after 5280.2 sec [total]
done with UBTb for K = 11.31-13.45 Q = 32.00-38.05 after 5280.4 sec [total]
done with UBTbA for K = 11.31-13.45 Q = 32.00-38.05 after 5280.6 sec [total]
done with UBTbC for K = 11.31-13.45 Q = 32.00-38.05 after 5280.9 sec [total]
done with H for K = 11.31-13.45 Q = 32.00-38.05 after 5281.9 sec [total]
done with H++ for K = 11.31-13.45 Q = 32.00-38.05 after 5285.2 sec [total]
done with H+- for K = 11.31-13.45 Q = 32.00-38.05 after 5286.2 sec [total]
done with H-+ for K = 11.31-13.45 Q = 32.00-38.05 after 5287.4 sec [total]
done with H-- for K = 11.31-13.45 Q = 32.00-38.05 after 5288.4 sec [total]
done with UU for K = 13.45-16.00 Q = 32.00-38.05 after 5289.5 sec [total]
done with BB for K = 13.45-16.00 Q = 32.00-38.05 after 5290.6 sec [total]
done with UBTa for K = 13.45-16.00 Q = 32.00-38.05 after 5290.8 sec [total]
done with UBTb for K = 13.45-16.00 Q = 32.00-38.05 after 5291.0 sec [total]
done with UBTbA for K = 13.45-16.00 Q = 32.00-38.05 after 5291.2 sec [total]
done with UBTbC for K = 13.45-16.00 Q = 32.00-38.05 after 5291.5 sec [total]
done with H for K = 13.45-16.00 Q = 32.00-38.05 after 5292.6 sec [total]
done with H++ for K = 13.45-16.00 Q = 32.00-38.05 after 5295.9 sec [total]
done with H+- for K = 13.45-16.00 Q = 32.00-38.05 after 5296.9 sec [total]
done with H-+ for K = 13.45-16.00 Q = 32.00-38.05 after 5298.0 sec [total]
done with H-- for K = 13.45-16.00 Q = 32.00-38.05 after 5299.0 sec [total]
done with UU for K = 16.00-19.03 Q = 32.00-38.05 after 5300.2 sec [total]
done with BB for K = 16.00-19.03 Q = 32.00-38.05 after 5301.3 sec [total]
done with UBTa for K = 16.00-19.03 Q = 32.00-38.05 after 5301.4 sec [total]
done with UBTb for K = 16.00-19.03 Q = 32.00-38.05 after 5301.6 sec [total]
done with UBTbA for K = 16.00-19.03 Q = 32.00-38.05 after 5301.8 sec [total]
done with UBTbC for K = 16.00-19.03 Q = 32.00-38.05 after 5302.2 sec [total]
done with H for K = 16.00-19.03 Q = 32.00-38.05 after 5303.3 sec [total]
done with H++ for K = 16.00-19.03 Q = 32.00-38.05 after 5306.4 sec [total]
done with H+- for K = 16.00-19.03 Q = 32.00-38.05 after 5307.6 sec [total]
done with H-+ for K = 16.00-19.03 Q = 32.00-38.05 after 5308.6 sec [total]
done with H-- for K = 16.00-19.03 Q = 32.00-38.05 after 5309.7 sec [total]
done with UU for K = 19.03-22.63 Q = 32.00-38.05 after 5310.8 sec [total]
done with BB for K = 19.03-22.63 Q = 32.00-38.05 after 5311.9 sec [total]
done with UBTa for K = 19.03-22.63 Q = 32.00-38.05 after 5312.1 sec [total]
done with UBTb for K = 19.03-22.63 Q = 32.00-38.05 after 5312.3 sec [total]
done with UBTbA for K = 19.03-22.63 Q = 32.00-38.05 after 5312.5 sec [total]
done with UBTbC for K = 19.03-22.63 Q = 32.00-38.05 after 5312.8 sec [total]
done with H for K = 19.03-22.63 Q = 32.00-38.05 after 5313.9 sec [total]
done with H++ for K = 19.03-22.63 Q = 32.00-38.05 after 5317.1 sec [total]
done with H+- for K = 19.03-22.63 Q = 32.00-38.05 after 5318.2 sec [total]
done with H-+ for K = 19.03-22.63 Q = 32.00-38.05 after 5319.3 sec [total]
done with H-- for K = 19.03-22.63 Q = 32.00-38.05 after 5320.3 sec [total]
done with UU for K = 22.63-26.91 Q = 32.00-38.05 after 5321.5 sec [total]
done with BB for K = 22.63-26.91 Q = 32.00-38.05 after 5322.5 sec [total]
done with UBTa for K = 22.63-26.91 Q = 32.00-38.05 after 5322.7 sec [total]
done with UBTb for K = 22.63-26.91 Q = 32.00-38.05 after 5322.9 sec [total]
done with UBTbA for K = 22.63-26.91 Q = 32.00-38.05 after 5323.1 sec [total]
done with UBTbC for K = 22.63-26.91 Q = 32.00-38.05 after 5323.4 sec [total]
done with H for K = 22.63-26.91 Q = 32.00-38.05 after 5324.5 sec [total]
done with H++ for K = 22.63-26.91 Q = 32.00-38.05 after 5327.7 sec [total]
done with H+- for K = 22.63-26.91 Q = 32.00-38.05 after 5328.8 sec [total]
done with H-+ for K = 22.63-26.91 Q = 32.00-38.05 after 5330.0 sec [total]
done with H-- for K = 22.63-26.91 Q = 32.00-38.05 after 5331.0 sec [total]
done with UU for K = 26.91-32.00 Q = 32.00-38.05 after 5332.1 sec [total]
done with BB for K = 26.91-32.00 Q = 32.00-38.05 after 5333.1 sec [total]
done with UBTa for K = 26.91-32.00 Q = 32.00-38.05 after 5333.3 sec [total]
done with UBTb for K = 26.91-32.00 Q = 32.00-38.05 after 5333.5 sec [total]
done with UBTbA for K = 26.91-32.00 Q = 32.00-38.05 after 5333.7 sec [total]
done with UBTbC for K = 26.91-32.00 Q = 32.00-38.05 after 5334.1 sec [total]
done with H for K = 26.91-32.00 Q = 32.00-38.05 after 5335.1 sec [total]
done with H++ for K = 26.91-32.00 Q = 32.00-38.05 after 5338.4 sec [total]
done with H+- for K = 26.91-32.00 Q = 32.00-38.05 after 5339.4 sec [total]
done with H-+ for K = 26.91-32.00 Q = 32.00-38.05 after 5340.6 sec [total]
done with H-- for K = 26.91-32.00 Q = 32.00-38.05 after 5341.6 sec [total]
done with UU for K = 32.00-38.05 Q = 32.00-38.05 after 5342.7 sec [total]
done with BB for K = 32.00-38.05 Q = 32.00-38.05 after 5343.8 sec [total]
done with UBTa for K = 32.00-38.05 Q = 32.00-38.05 after 5344.0 sec [total]
done with UBTb for K = 32.00-38.05 Q = 32.00-38.05 after 5344.1 sec [total]
done with UBTbA for K = 32.00-38.05 Q = 32.00-38.05 after 5344.4 sec [total]
done with UBTbC for K = 32.00-38.05 Q = 32.00-38.05 after 5344.7 sec [total]
done with H for K = 32.00-38.05 Q = 32.00-38.05 after 5345.8 sec [total]
done with H++ for K = 32.00-38.05 Q = 32.00-38.05 after 5349.0 sec [total]
done with H+- for K = 32.00-38.05 Q = 32.00-38.05 after 5350.0 sec [total]
done with H-+ for K = 32.00-38.05 Q = 32.00-38.05 after 5351.1 sec [total]
done with H-- for K = 32.00-38.05 Q = 32.00-38.05 after 5352.2 sec [total]
done with UU for K = 38.05-45.25 Q = 32.00-38.05 after 5353.3 sec [total]
done with BB for K = 38.05-45.25 Q = 32.00-38.05 after 5354.3 sec [total]
done with UBTa for K = 38.05-45.25 Q = 32.00-38.05 after 5354.5 sec [total]
done with UBTb for K = 38.05-45.25 Q = 32.00-38.05 after 5354.7 sec [total]
done with UBTbA for K = 38.05-45.25 Q = 32.00-38.05 after 5354.9 sec [total]
done with UBTbC for K = 38.05-45.25 Q = 32.00-38.05 after 5355.3 sec [total]
done with H for K = 38.05-45.25 Q = 32.00-38.05 after 5356.3 sec [total]
done with H++ for K = 38.05-45.25 Q = 32.00-38.05 after 5359.5 sec [total]
done with H+- for K = 38.05-45.25 Q = 32.00-38.05 after 5360.6 sec [total]
done with H-+ for K = 38.05-45.25 Q = 32.00-38.05 after 5361.7 sec [total]
done with H-- for K = 38.05-45.25 Q = 32.00-38.05 after 5362.8 sec [total]
done with UU for K = 45.25-53.82 Q = 32.00-38.05 after 5363.9 sec [total]
done with BB for K = 45.25-53.82 Q = 32.00-38.05 after 5365.0 sec [total]
done with UBTa for K = 45.25-53.82 Q = 32.00-38.05 after 5365.1 sec [total]
done with UBTb for K = 45.25-53.82 Q = 32.00-38.05 after 5365.3 sec [total]
done with UBTbA for K = 45.25-53.82 Q = 32.00-38.05 after 5365.5 sec [total]
done with UBTbC for K = 45.25-53.82 Q = 32.00-38.05 after 5365.9 sec [total]
done with H for K = 45.25-53.82 Q = 32.00-38.05 after 5367.0 sec [total]
done with H++ for K = 45.25-53.82 Q = 32.00-38.05 after 5370.3 sec [total]
done with H+- for K = 45.25-53.82 Q = 32.00-38.05 after 5371.2 sec [total]
done with H-+ for K = 45.25-53.82 Q = 32.00-38.05 after 5372.4 sec [total]
done with H-- for K = 45.25-53.82 Q = 32.00-38.05 after 5373.5 sec [total]
done with UU for K = 53.82-64.00 Q = 32.00-38.05 after 5374.5 sec [total]
done with BB for K = 53.82-64.00 Q = 32.00-38.05 after 5375.6 sec [total]
done with UBTa for K = 53.82-64.00 Q = 32.00-38.05 after 5375.8 sec [total]
done with UBTb for K = 53.82-64.00 Q = 32.00-38.05 after 5376.0 sec [total]
done with UBTbA for K = 53.82-64.00 Q = 32.00-38.05 after 5376.2 sec [total]
done with UBTbC for K = 53.82-64.00 Q = 32.00-38.05 after 5376.6 sec [total]
done with H for K = 53.82-64.00 Q = 32.00-38.05 after 5377.6 sec [total]
done with H++ for K = 53.82-64.00 Q = 32.00-38.05 after 5380.9 sec [total]
done with H+- for K = 53.82-64.00 Q = 32.00-38.05 after 5382.0 sec [total]
done with H-+ for K = 53.82-64.00 Q = 32.00-38.05 after 5383.0 sec [total]
done with H-- for K = 53.82-64.00 Q = 32.00-38.05 after 5384.1 sec [total]
done with UU for K = 64.00-76.11 Q = 32.00-38.05 after 5385.2 sec [total]
done with BB for K = 64.00-76.11 Q = 32.00-38.05 after 5386.2 sec [total]
done with UBTa for K = 64.00-76.11 Q = 32.00-38.05 after 5386.4 sec [total]
done with UBTb for K = 64.00-76.11 Q = 32.00-38.05 after 5386.6 sec [total]
done with UBTbA for K = 64.00-76.11 Q = 32.00-38.05 after 5386.7 sec [total]
done with UBTbC for K = 64.00-76.11 Q = 32.00-38.05 after 5387.1 sec [total]
done with H for K = 64.00-76.11 Q = 32.00-38.05 after 5388.2 sec [total]
done with H++ for K = 64.00-76.11 Q = 32.00-38.05 after 5391.4 sec [total]
done with H+- for K = 64.00-76.11 Q = 32.00-38.05 after 5392.5 sec [total]
done with H-+ for K = 64.00-76.11 Q = 32.00-38.05 after 5393.6 sec [total]
done with H-- for K = 64.00-76.11 Q = 32.00-38.05 after 5394.7 sec [total]
done with UU for K = 76.11-90.51 Q = 32.00-38.05 after 5395.7 sec [total]
done with BB for K = 76.11-90.51 Q = 32.00-38.05 after 5396.8 sec [total]
done with UBTa for K = 76.11-90.51 Q = 32.00-38.05 after 5397.0 sec [total]
done with UBTb for K = 76.11-90.51 Q = 32.00-38.05 after 5397.2 sec [total]
done with UBTbA for K = 76.11-90.51 Q = 32.00-38.05 after 5397.4 sec [total]
done with UBTbC for K = 76.11-90.51 Q = 32.00-38.05 after 5397.8 sec [total]
done with H for K = 76.11-90.51 Q = 32.00-38.05 after 5398.8 sec [total]
done with H++ for K = 76.11-90.51 Q = 32.00-38.05 after 5402.0 sec [total]
done with H+- for K = 76.11-90.51 Q = 32.00-38.05 after 5403.1 sec [total]
done with H-+ for K = 76.11-90.51 Q = 32.00-38.05 after 5404.2 sec [total]
done with H-- for K = 76.11-90.51 Q = 32.00-38.05 after 5405.2 sec [total]
done with UU for K = 90.51-107.63 Q = 32.00-38.05 after 5406.4 sec [total]
done with BB for K = 90.51-107.63 Q = 32.00-38.05 after 5407.4 sec [total]
done with UBTa for K = 90.51-107.63 Q = 32.00-38.05 after 5407.6 sec [total]
done with UBTb for K = 90.51-107.63 Q = 32.00-38.05 after 5407.8 sec [total]
done with UBTbA for K = 90.51-107.63 Q = 32.00-38.05 after 5408.0 sec [total]
done with UBTbC for K = 90.51-107.63 Q = 32.00-38.05 after 5408.4 sec [total]
done with H for K = 90.51-107.63 Q = 32.00-38.05 after 5409.4 sec [total]
done with H++ for K = 90.51-107.63 Q = 32.00-38.05 after 5412.7 sec [total]
done with H+- for K = 90.51-107.63 Q = 32.00-38.05 after 5413.7 sec [total]
done with H-+ for K = 90.51-107.63 Q = 32.00-38.05 after 5414.8 sec [total]
done with H-- for K = 90.51-107.63 Q = 32.00-38.05 after 5415.9 sec [total]
done with UU for K = 107.63-128.00 Q = 32.00-38.05 after 5417.0 sec [total]
done with BB for K = 107.63-128.00 Q = 32.00-38.05 after 5418.1 sec [total]
done with UBTa for K = 107.63-128.00 Q = 32.00-38.05 after 5418.2 sec [total]
done with UBTb for K = 107.63-128.00 Q = 32.00-38.05 after 5418.4 sec [total]
done with UBTbA for K = 107.63-128.00 Q = 32.00-38.05 after 5418.6 sec [total]
done with UBTbC for K = 107.63-128.00 Q = 32.00-38.05 after 5419.0 sec [total]
done with H for K = 107.63-128.00 Q = 32.00-38.05 after 5420.1 sec [total]
done with H++ for K = 107.63-128.00 Q = 32.00-38.05 after 5423.3 sec [total]
done with H+- for K = 107.63-128.00 Q = 32.00-38.05 after 5424.4 sec [total]
done with H-+ for K = 107.63-128.00 Q = 32.00-38.05 after 5425.5 sec [total]
done with H-- for K = 107.63-128.00 Q = 32.00-38.05 after 5426.5 sec [total]
done with UU for K = 128.00-152.22 Q = 32.00-38.05 after 5427.6 sec [total]
done with BB for K = 128.00-152.22 Q = 32.00-38.05 after 5428.7 sec [total]
done with UBTa for K = 128.00-152.22 Q = 32.00-38.05 after 5428.9 sec [total]
done with UBTb for K = 128.00-152.22 Q = 32.00-38.05 after 5429.0 sec [total]
done with UBTbA for K = 128.00-152.22 Q = 32.00-38.05 after 5429.2 sec [total]
done with UBTbC for K = 128.00-152.22 Q = 32.00-38.05 after 5429.6 sec [total]
done with H for K = 128.00-152.22 Q = 32.00-38.05 after 5430.7 sec [total]
done with H++ for K = 128.00-152.22 Q = 32.00-38.05 after 5434.0 sec [total]
done with H+- for K = 128.00-152.22 Q = 32.00-38.05 after 5435.0 sec [total]
done with H-+ for K = 128.00-152.22 Q = 32.00-38.05 after 5436.1 sec [total]
done with H-- for K = 128.00-152.22 Q = 32.00-38.05 after 5437.2 sec [total]
done with UU for K = 152.22-181.02 Q = 32.00-38.05 after 5438.3 sec [total]
done with BB for K = 152.22-181.02 Q = 32.00-38.05 after 5439.3 sec [total]
done with UBTa for K = 152.22-181.02 Q = 32.00-38.05 after 5439.5 sec [total]
done with UBTb for K = 152.22-181.02 Q = 32.00-38.05 after 5439.7 sec [total]
done with UBTbA for K = 152.22-181.02 Q = 32.00-38.05 after 5439.9 sec [total]
done with UBTbC for K = 152.22-181.02 Q = 32.00-38.05 after 5440.3 sec [total]
done with H for K = 152.22-181.02 Q = 32.00-38.05 after 5441.3 sec [total]
done with H++ for K = 152.22-181.02 Q = 32.00-38.05 after 5444.5 sec [total]
done with H+- for K = 152.22-181.02 Q = 32.00-38.05 after 5445.6 sec [total]
done with H-+ for K = 152.22-181.02 Q = 32.00-38.05 after 5446.7 sec [total]
done with H-- for K = 152.22-181.02 Q = 32.00-38.05 after 5447.8 sec [total]
done with UU for K = 181.02-215.27 Q = 32.00-38.05 after 5448.9 sec [total]
done with BB for K = 181.02-215.27 Q = 32.00-38.05 after 5449.9 sec [total]
done with UBTa for K = 181.02-215.27 Q = 32.00-38.05 after 5450.1 sec [total]
done with UBTb for K = 181.02-215.27 Q = 32.00-38.05 after 5450.3 sec [total]
done with UBTbA for K = 181.02-215.27 Q = 32.00-38.05 after 5450.5 sec [total]
done with UBTbC for K = 181.02-215.27 Q = 32.00-38.05 after 5450.8 sec [total]
done with H for K = 181.02-215.27 Q = 32.00-38.05 after 5451.9 sec [total]
done with H++ for K = 181.02-215.27 Q = 32.00-38.05 after 5455.2 sec [total]
done with H+- for K = 181.02-215.27 Q = 32.00-38.05 after 5456.3 sec [total]
done with H-+ for K = 181.02-215.27 Q = 32.00-38.05 after 5457.5 sec [total]
done with H-- for K = 181.02-215.27 Q = 32.00-38.05 after 5458.4 sec [total]
done with UU for K = 215.27-256.00 Q = 32.00-38.05 after 5459.5 sec [total]
done with BB for K = 215.27-256.00 Q = 32.00-38.05 after 5460.5 sec [total]
done with UBTa for K = 215.27-256.00 Q = 32.00-38.05 after 5460.7 sec [total]
done with UBTb for K = 215.27-256.00 Q = 32.00-38.05 after 5460.9 sec [total]
done with UBTbA for K = 215.27-256.00 Q = 32.00-38.05 after 5461.1 sec [total]
done with UBTbC for K = 215.27-256.00 Q = 32.00-38.05 after 5461.5 sec [total]
done with H for K = 215.27-256.00 Q = 32.00-38.05 after 5462.5 sec [total]
done with H++ for K = 215.27-256.00 Q = 32.00-38.05 after 5465.8 sec [total]
done with H+- for K = 215.27-256.00 Q = 32.00-38.05 after 5466.8 sec [total]
done with H-+ for K = 215.27-256.00 Q = 32.00-38.05 after 5467.9 sec [total]
done with H-- for K = 215.27-256.00 Q = 32.00-38.05 after 5469.0 sec [total]
done with UU for K = 256.00-304.44 Q = 32.00-38.05 after 5470.0 sec [total]
done with BB for K = 256.00-304.44 Q = 32.00-38.05 after 5471.1 sec [total]
done with UBTa for K = 256.00-304.44 Q = 32.00-38.05 after 5471.3 sec [total]
done with UBTb for K = 256.00-304.44 Q = 32.00-38.05 after 5471.5 sec [total]
done with UBTbA for K = 256.00-304.44 Q = 32.00-38.05 after 5471.7 sec [total]
done with UBTbC for K = 256.00-304.44 Q = 32.00-38.05 after 5472.1 sec [total]
done with H for K = 256.00-304.44 Q = 32.00-38.05 after 5473.1 sec [total]
done with H++ for K = 256.00-304.44 Q = 32.00-38.05 after 5476.4 sec [total]
done with H+- for K = 256.00-304.44 Q = 32.00-38.05 after 5477.4 sec [total]
done with H-+ for K = 256.00-304.44 Q = 32.00-38.05 after 5478.5 sec [total]
done with H-- for K = 256.00-304.44 Q = 32.00-38.05 after 5479.6 sec [total]
done with UU for K = 304.44-362.04 Q = 32.00-38.05 after 5480.6 sec [total]
done with BB for K = 304.44-362.04 Q = 32.00-38.05 after 5481.7 sec [total]
done with UBTa for K = 304.44-362.04 Q = 32.00-38.05 after 5481.9 sec [total]
done with UBTb for K = 304.44-362.04 Q = 32.00-38.05 after 5482.1 sec [total]
done with UBTbA for K = 304.44-362.04 Q = 32.00-38.05 after 5482.3 sec [total]
done with UBTbC for K = 304.44-362.04 Q = 32.00-38.05 after 5482.7 sec [total]
done with H for K = 304.44-362.04 Q = 32.00-38.05 after 5483.7 sec [total]
done with H++ for K = 304.44-362.04 Q = 32.00-38.05 after 5486.9 sec [total]
done with H+- for K = 304.44-362.04 Q = 32.00-38.05 after 5488.0 sec [total]
done with H-+ for K = 304.44-362.04 Q = 32.00-38.05 after 5489.2 sec [total]
done with H-- for K = 304.44-362.04 Q = 32.00-38.05 after 5490.2 sec [total]
done with UU for K = 362.04-430.54 Q = 32.00-38.05 after 5491.3 sec [total]
done with BB for K = 362.04-430.54 Q = 32.00-38.05 after 5492.3 sec [total]
done with UBTa for K = 362.04-430.54 Q = 32.00-38.05 after 5492.5 sec [total]
done with UBTb for K = 362.04-430.54 Q = 32.00-38.05 after 5492.7 sec [total]
done with UBTbA for K = 362.04-430.54 Q = 32.00-38.05 after 5492.9 sec [total]
done with UBTbC for K = 362.04-430.54 Q = 32.00-38.05 after 5493.3 sec [total]
done with H for K = 362.04-430.54 Q = 32.00-38.05 after 5494.4 sec [total]
done with H++ for K = 362.04-430.54 Q = 32.00-38.05 after 5497.5 sec [total]
done with H+- for K = 362.04-430.54 Q = 32.00-38.05 after 5498.6 sec [total]
done with H-+ for K = 362.04-430.54 Q = 32.00-38.05 after 5499.8 sec [total]
done with H-- for K = 362.04-430.54 Q = 32.00-38.05 after 5500.8 sec [total]
done with UU for K = 430.54-512.00 Q = 32.00-38.05 after 5501.9 sec [total]
done with BB for K = 430.54-512.00 Q = 32.00-38.05 after 5503.0 sec [total]
done with UBTa for K = 430.54-512.00 Q = 32.00-38.05 after 5503.1 sec [total]
done with UBTb for K = 430.54-512.00 Q = 32.00-38.05 after 5503.3 sec [total]
done with UBTbA for K = 430.54-512.00 Q = 32.00-38.05 after 5503.5 sec [total]
done with UBTbC for K = 430.54-512.00 Q = 32.00-38.05 after 5503.9 sec [total]
done with H for K = 430.54-512.00 Q = 32.00-38.05 after 5505.0 sec [total]
done with H++ for K = 430.54-512.00 Q = 32.00-38.05 after 5508.2 sec [total]
done with H+- for K = 430.54-512.00 Q = 32.00-38.05 after 5509.3 sec [total]
done with H-+ for K = 430.54-512.00 Q = 32.00-38.05 after 5510.4 sec [total]
done with H-- for K = 430.54-512.00 Q = 32.00-38.05 after 5511.4 sec [total]
done with UU for K = 512.00-608.87 Q = 32.00-38.05 after 5512.6 sec [total]
done with BB for K = 512.00-608.87 Q = 32.00-38.05 after 5513.6 sec [total]
done with UBTa for K = 512.00-608.87 Q = 32.00-38.05 after 5513.8 sec [total]
done with UBTb for K = 512.00-608.87 Q = 32.00-38.05 after 5514.0 sec [total]
done with UBTbA for K = 512.00-608.87 Q = 32.00-38.05 after 5514.2 sec [total]
done with UBTbC for K = 512.00-608.87 Q = 32.00-38.05 after 5514.6 sec [total]
done with H for K = 512.00-608.87 Q = 32.00-38.05 after 5515.7 sec [total]
done with H++ for K = 512.00-608.87 Q = 32.00-38.05 after 5518.9 sec [total]
done with H+- for K = 512.00-608.87 Q = 32.00-38.05 after 5519.9 sec [total]
done with H-+ for K = 512.00-608.87 Q = 32.00-38.05 after 5521.0 sec [total]
done with H-- for K = 512.00-608.87 Q = 32.00-38.05 after 5522.0 sec [total]
done with UU for K = 608.87-724.08 Q = 32.00-38.05 after 5523.2 sec [total]
done with BB for K = 608.87-724.08 Q = 32.00-38.05 after 5524.2 sec [total]
done with UBTa for K = 608.87-724.08 Q = 32.00-38.05 after 5524.4 sec [total]
done with UBTb for K = 608.87-724.08 Q = 32.00-38.05 after 5524.6 sec [total]
done with UBTbA for K = 608.87-724.08 Q = 32.00-38.05 after 5524.8 sec [total]
done with UBTbC for K = 608.87-724.08 Q = 32.00-38.05 after 5525.2 sec [total]
done with H for K = 608.87-724.08 Q = 32.00-38.05 after 5526.2 sec [total]
done with H++ for K = 608.87-724.08 Q = 32.00-38.05 after 5529.5 sec [total]
done with H+- for K = 608.87-724.08 Q = 32.00-38.05 after 5530.5 sec [total]
done with H-+ for K = 608.87-724.08 Q = 32.00-38.05 after 5531.6 sec [total]
done with H-- for K = 608.87-724.08 Q = 32.00-38.05 after 5532.7 sec [total]
done with UU for K = 724.08-861.08 Q = 32.00-38.05 after 5533.8 sec [total]
done with BB for K = 724.08-861.08 Q = 32.00-38.05 after 5534.9 sec [total]
done with UBTa for K = 724.08-861.08 Q = 32.00-38.05 after 5535.1 sec [total]
done with UBTb for K = 724.08-861.08 Q = 32.00-38.05 after 5535.3 sec [total]
done with UBTbA for K = 724.08-861.08 Q = 32.00-38.05 after 5535.5 sec [total]
done with UBTbC for K = 724.08-861.08 Q = 32.00-38.05 after 5535.9 sec [total]
done with H for K = 724.08-861.08 Q = 32.00-38.05 after 5536.9 sec [total]
done with H++ for K = 724.08-861.08 Q = 32.00-38.05 after 5540.2 sec [total]
done with H+- for K = 724.08-861.08 Q = 32.00-38.05 after 5541.2 sec [total]
done with H-+ for K = 724.08-861.08 Q = 32.00-38.05 after 5542.3 sec [total]
done with H-- for K = 724.08-861.08 Q = 32.00-38.05 after 5543.4 sec [total]
done with UU for K = 861.08-1024.00 Q = 32.00-38.05 after 5544.4 sec [total]
done with BB for K = 861.08-1024.00 Q = 32.00-38.05 after 5545.5 sec [total]
done with UBTa for K = 861.08-1024.00 Q = 32.00-38.05 after 5545.7 sec [total]
done with UBTb for K = 861.08-1024.00 Q = 32.00-38.05 after 5545.9 sec [total]
done with UBTbA for K = 861.08-1024.00 Q = 32.00-38.05 after 5546.1 sec [total]
done with UBTbC for K = 861.08-1024.00 Q = 32.00-38.05 after 5546.5 sec [total]
done with H for K = 861.08-1024.00 Q = 32.00-38.05 after 5547.5 sec [total]
done with H++ for K = 861.08-1024.00 Q = 32.00-38.05 after 5550.8 sec [total]
done with H+- for K = 861.08-1024.00 Q = 32.00-38.05 after 5551.8 sec [total]
done with H-+ for K = 861.08-1024.00 Q = 32.00-38.05 after 5552.9 sec [total]
done with H-- for K = 861.08-1024.00 Q = 32.00-38.05 after 5553.9 sec [total]
done with UU for K = 0.00-3.36 Q = 38.05-45.25 after 5557.2 sec [total]
done with BB for K = 0.00-3.36 Q = 38.05-45.25 after 5560.3 sec [total]
done with UBTa for K = 0.00-3.36 Q = 38.05-45.25 after 5562.1 sec [total]
done with UBTb for K = 0.00-3.36 Q = 38.05-45.25 after 5563.8 sec [total]
done with UBTbA for K = 0.00-3.36 Q = 38.05-45.25 after 5565.6 sec [total]
done with UBTbC for K = 0.00-3.36 Q = 38.05-45.25 after 5566.0 sec [total]
done with H for K = 0.00-3.36 Q = 38.05-45.25 after 5567.1 sec [total]
done with H++ for K = 0.00-3.36 Q = 38.05-45.25 after 5570.3 sec [total]
done with H+- for K = 0.00-3.36 Q = 38.05-45.25 after 5571.4 sec [total]
done with H-+ for K = 0.00-3.36 Q = 38.05-45.25 after 5572.5 sec [total]
done with H-- for K = 0.00-3.36 Q = 38.05-45.25 after 5573.5 sec [total]
done with UU for K = 3.36-4.00 Q = 38.05-45.25 after 5574.6 sec [total]
done with BB for K = 3.36-4.00 Q = 38.05-45.25 after 5575.7 sec [total]
done with UBTa for K = 3.36-4.00 Q = 38.05-45.25 after 5575.9 sec [total]
done with UBTb for K = 3.36-4.00 Q = 38.05-45.25 after 5576.1 sec [total]
done with UBTbA for K = 3.36-4.00 Q = 38.05-45.25 after 5576.3 sec [total]
done with UBTbC for K = 3.36-4.00 Q = 38.05-45.25 after 5576.6 sec [total]
done with H for K = 3.36-4.00 Q = 38.05-45.25 after 5577.7 sec [total]
done with H++ for K = 3.36-4.00 Q = 38.05-45.25 after 5580.9 sec [total]
done with H+- for K = 3.36-4.00 Q = 38.05-45.25 after 5582.0 sec [total]
done with H-+ for K = 3.36-4.00 Q = 38.05-45.25 after 5583.1 sec [total]
done with H-- for K = 3.36-4.00 Q = 38.05-45.25 after 5584.1 sec [total]
done with UU for K = 4.00-4.76 Q = 38.05-45.25 after 5585.2 sec [total]
done with BB for K = 4.00-4.76 Q = 38.05-45.25 after 5586.3 sec [total]
done with UBTa for K = 4.00-4.76 Q = 38.05-45.25 after 5586.5 sec [total]
done with UBTb for K = 4.00-4.76 Q = 38.05-45.25 after 5586.7 sec [total]
done with UBTbA for K = 4.00-4.76 Q = 38.05-45.25 after 5586.9 sec [total]
done with UBTbC for K = 4.00-4.76 Q = 38.05-45.25 after 5587.2 sec [total]
done with H for K = 4.00-4.76 Q = 38.05-45.25 after 5588.3 sec [total]
done with H++ for K = 4.00-4.76 Q = 38.05-45.25 after 5591.5 sec [total]
done with H+- for K = 4.00-4.76 Q = 38.05-45.25 after 5592.6 sec [total]
done with H-+ for K = 4.00-4.76 Q = 38.05-45.25 after 5593.7 sec [total]
done with H-- for K = 4.00-4.76 Q = 38.05-45.25 after 5594.7 sec [total]
done with UU for K = 4.76-5.66 Q = 38.05-45.25 after 5595.8 sec [total]
done with BB for K = 4.76-5.66 Q = 38.05-45.25 after 5596.9 sec [total]
done with UBTa for K = 4.76-5.66 Q = 38.05-45.25 after 5597.1 sec [total]
done with UBTb for K = 4.76-5.66 Q = 38.05-45.25 after 5597.3 sec [total]
done with UBTbA for K = 4.76-5.66 Q = 38.05-45.25 after 5597.4 sec [total]
done with UBTbC for K = 4.76-5.66 Q = 38.05-45.25 after 5597.8 sec [total]
done with H for K = 4.76-5.66 Q = 38.05-45.25 after 5598.9 sec [total]
done with H++ for K = 4.76-5.66 Q = 38.05-45.25 after 5602.1 sec [total]
done with H+- for K = 4.76-5.66 Q = 38.05-45.25 after 5603.1 sec [total]
done with H-+ for K = 4.76-5.66 Q = 38.05-45.25 after 5604.3 sec [total]
done with H-- for K = 4.76-5.66 Q = 38.05-45.25 after 5605.3 sec [total]
done with UU for K = 5.66-6.73 Q = 38.05-45.25 after 5606.4 sec [total]
done with BB for K = 5.66-6.73 Q = 38.05-45.25 after 5607.4 sec [total]
done with UBTa for K = 5.66-6.73 Q = 38.05-45.25 after 5607.6 sec [total]
done with UBTb for K = 5.66-6.73 Q = 38.05-45.25 after 5607.8 sec [total]
done with UBTbA for K = 5.66-6.73 Q = 38.05-45.25 after 5608.0 sec [total]
done with UBTbC for K = 5.66-6.73 Q = 38.05-45.25 after 5608.4 sec [total]
done with H for K = 5.66-6.73 Q = 38.05-45.25 after 5609.4 sec [total]
done with H++ for K = 5.66-6.73 Q = 38.05-45.25 after 5612.7 sec [total]
done with H+- for K = 5.66-6.73 Q = 38.05-45.25 after 5613.8 sec [total]
done with H-+ for K = 5.66-6.73 Q = 38.05-45.25 after 5614.8 sec [total]
done with H-- for K = 5.66-6.73 Q = 38.05-45.25 after 5615.9 sec [total]
done with UU for K = 6.73-8.00 Q = 38.05-45.25 after 5617.0 sec [total]
done with BB for K = 6.73-8.00 Q = 38.05-45.25 after 5618.1 sec [total]
done with UBTa for K = 6.73-8.00 Q = 38.05-45.25 after 5618.2 sec [total]
done with UBTb for K = 6.73-8.00 Q = 38.05-45.25 after 5618.4 sec [total]
done with UBTbA for K = 6.73-8.00 Q = 38.05-45.25 after 5618.6 sec [total]
done with UBTbC for K = 6.73-8.00 Q = 38.05-45.25 after 5619.0 sec [total]
done with H for K = 6.73-8.00 Q = 38.05-45.25 after 5620.1 sec [total]
done with H++ for K = 6.73-8.00 Q = 38.05-45.25 after 5623.3 sec [total]
done with H+- for K = 6.73-8.00 Q = 38.05-45.25 after 5624.3 sec [total]
done with H-+ for K = 6.73-8.00 Q = 38.05-45.25 after 5625.4 sec [total]
done with H-- for K = 6.73-8.00 Q = 38.05-45.25 after 5626.5 sec [total]
done with UU for K = 8.00-9.51 Q = 38.05-45.25 after 5627.6 sec [total]
done with BB for K = 8.00-9.51 Q = 38.05-45.25 after 5628.7 sec [total]
done with UBTa for K = 8.00-9.51 Q = 38.05-45.25 after 5628.9 sec [total]
done with UBTb for K = 8.00-9.51 Q = 38.05-45.25 after 5629.1 sec [total]
done with UBTbA for K = 8.00-9.51 Q = 38.05-45.25 after 5629.4 sec [total]
done with UBTbC for K = 8.00-9.51 Q = 38.05-45.25 after 5629.7 sec [total]
done with H for K = 8.00-9.51 Q = 38.05-45.25 after 5630.7 sec [total]
done with H++ for K = 8.00-9.51 Q = 38.05-45.25 after 5634.0 sec [total]
done with H+- for K = 8.00-9.51 Q = 38.05-45.25 after 5635.0 sec [total]
done with H-+ for K = 8.00-9.51 Q = 38.05-45.25 after 5636.1 sec [total]
done with H-- for K = 8.00-9.51 Q = 38.05-45.25 after 5637.1 sec [total]
done with UU for K = 9.51-11.31 Q = 38.05-45.25 after 5638.3 sec [total]
done with BB for K = 9.51-11.31 Q = 38.05-45.25 after 5639.4 sec [total]
done with UBTa for K = 9.51-11.31 Q = 38.05-45.25 after 5639.6 sec [total]
done with UBTb for K = 9.51-11.31 Q = 38.05-45.25 after 5639.7 sec [total]
done with UBTbA for K = 9.51-11.31 Q = 38.05-45.25 after 5639.9 sec [total]
done with UBTbC for K = 9.51-11.31 Q = 38.05-45.25 after 5640.3 sec [total]
done with H for K = 9.51-11.31 Q = 38.05-45.25 after 5641.4 sec [total]
done with H++ for K = 9.51-11.31 Q = 38.05-45.25 after 5644.6 sec [total]
done with H+- for K = 9.51-11.31 Q = 38.05-45.25 after 5645.7 sec [total]
done with H-+ for K = 9.51-11.31 Q = 38.05-45.25 after 5646.8 sec [total]
done with H-- for K = 9.51-11.31 Q = 38.05-45.25 after 5647.8 sec [total]
done with UU for K = 11.31-13.45 Q = 38.05-45.25 after 5648.9 sec [total]
done with BB for K = 11.31-13.45 Q = 38.05-45.25 after 5650.0 sec [total]
done with UBTa for K = 11.31-13.45 Q = 38.05-45.25 after 5650.2 sec [total]
done with UBTb for K = 11.31-13.45 Q = 38.05-45.25 after 5650.4 sec [total]
done with UBTbA for K = 11.31-13.45 Q = 38.05-45.25 after 5650.6 sec [total]
done with UBTbC for K = 11.31-13.45 Q = 38.05-45.25 after 5650.9 sec [total]
done with H for K = 11.31-13.45 Q = 38.05-45.25 after 5652.1 sec [total]
done with H++ for K = 11.31-13.45 Q = 38.05-45.25 after 5655.3 sec [total]
done with H+- for K = 11.31-13.45 Q = 38.05-45.25 after 5656.4 sec [total]
done with H-+ for K = 11.31-13.45 Q = 38.05-45.25 after 5657.5 sec [total]
done with H-- for K = 11.31-13.45 Q = 38.05-45.25 after 5658.5 sec [total]
done with UU for K = 13.45-16.00 Q = 38.05-45.25 after 5659.6 sec [total]
done with BB for K = 13.45-16.00 Q = 38.05-45.25 after 5660.7 sec [total]
done with UBTa for K = 13.45-16.00 Q = 38.05-45.25 after 5660.9 sec [total]
done with UBTb for K = 13.45-16.00 Q = 38.05-45.25 after 5661.1 sec [total]
done with UBTbA for K = 13.45-16.00 Q = 38.05-45.25 after 5661.3 sec [total]
done with UBTbC for K = 13.45-16.00 Q = 38.05-45.25 after 5661.6 sec [total]
done with H for K = 13.45-16.00 Q = 38.05-45.25 after 5662.7 sec [total]
done with H++ for K = 13.45-16.00 Q = 38.05-45.25 after 5665.9 sec [total]
done with H+- for K = 13.45-16.00 Q = 38.05-45.25 after 5667.0 sec [total]
done with H-+ for K = 13.45-16.00 Q = 38.05-45.25 after 5668.1 sec [total]
done with H-- for K = 13.45-16.00 Q = 38.05-45.25 after 5669.1 sec [total]
done with UU for K = 16.00-19.03 Q = 38.05-45.25 after 5670.2 sec [total]
done with BB for K = 16.00-19.03 Q = 38.05-45.25 after 5671.3 sec [total]
done with UBTa for K = 16.00-19.03 Q = 38.05-45.25 after 5671.5 sec [total]
done with UBTb for K = 16.00-19.03 Q = 38.05-45.25 after 5671.6 sec [total]
done with UBTbA for K = 16.00-19.03 Q = 38.05-45.25 after 5671.8 sec [total]
done with UBTbC for K = 16.00-19.03 Q = 38.05-45.25 after 5672.2 sec [total]
done with H for K = 16.00-19.03 Q = 38.05-45.25 after 5673.3 sec [total]
done with H++ for K = 16.00-19.03 Q = 38.05-45.25 after 5676.5 sec [total]
done with H+- for K = 16.00-19.03 Q = 38.05-45.25 after 5677.6 sec [total]
done with H-+ for K = 16.00-19.03 Q = 38.05-45.25 after 5678.7 sec [total]
done with H-- for K = 16.00-19.03 Q = 38.05-45.25 after 5679.8 sec [total]
done with UU for K = 19.03-22.63 Q = 38.05-45.25 after 5680.9 sec [total]
done with BB for K = 19.03-22.63 Q = 38.05-45.25 after 5681.9 sec [total]
done with UBTa for K = 19.03-22.63 Q = 38.05-45.25 after 5682.1 sec [total]
done with UBTb for K = 19.03-22.63 Q = 38.05-45.25 after 5682.3 sec [total]
done with UBTbA for K = 19.03-22.63 Q = 38.05-45.25 after 5682.5 sec [total]
done with UBTbC for K = 19.03-22.63 Q = 38.05-45.25 after 5682.9 sec [total]
done with H for K = 19.03-22.63 Q = 38.05-45.25 after 5683.9 sec [total]
done with H++ for K = 19.03-22.63 Q = 38.05-45.25 after 5687.1 sec [total]
done with H+- for K = 19.03-22.63 Q = 38.05-45.25 after 5688.2 sec [total]
done with H-+ for K = 19.03-22.63 Q = 38.05-45.25 after 5689.3 sec [total]
done with H-- for K = 19.03-22.63 Q = 38.05-45.25 after 5690.4 sec [total]
done with UU for K = 22.63-26.91 Q = 38.05-45.25 after 5691.5 sec [total]
done with BB for K = 22.63-26.91 Q = 38.05-45.25 after 5692.6 sec [total]
done with UBTa for K = 22.63-26.91 Q = 38.05-45.25 after 5692.8 sec [total]
done with UBTb for K = 22.63-26.91 Q = 38.05-45.25 after 5693.0 sec [total]
done with UBTbA for K = 22.63-26.91 Q = 38.05-45.25 after 5693.2 sec [total]
done with UBTbC for K = 22.63-26.91 Q = 38.05-45.25 after 5693.5 sec [total]
done with H for K = 22.63-26.91 Q = 38.05-45.25 after 5694.6 sec [total]
done with H++ for K = 22.63-26.91 Q = 38.05-45.25 after 5697.8 sec [total]
done with H+- for K = 22.63-26.91 Q = 38.05-45.25 after 5698.9 sec [total]
done with H-+ for K = 22.63-26.91 Q = 38.05-45.25 after 5700.0 sec [total]
done with H-- for K = 22.63-26.91 Q = 38.05-45.25 after 5701.0 sec [total]
done with UU for K = 26.91-32.00 Q = 38.05-45.25 after 5702.2 sec [total]
done with BB for K = 26.91-32.00 Q = 38.05-45.25 after 5703.2 sec [total]
done with UBTa for K = 26.91-32.00 Q = 38.05-45.25 after 5703.4 sec [total]
done with UBTb for K = 26.91-32.00 Q = 38.05-45.25 after 5703.6 sec [total]
done with UBTbA for K = 26.91-32.00 Q = 38.05-45.25 after 5703.8 sec [total]
done with UBTbC for K = 26.91-32.00 Q = 38.05-45.25 after 5704.1 sec [total]
done with H for K = 26.91-32.00 Q = 38.05-45.25 after 5705.2 sec [total]
done with H++ for K = 26.91-32.00 Q = 38.05-45.25 after 5708.4 sec [total]
done with H+- for K = 26.91-32.00 Q = 38.05-45.25 after 5709.5 sec [total]
done with H-+ for K = 26.91-32.00 Q = 38.05-45.25 after 5710.6 sec [total]
done with H-- for K = 26.91-32.00 Q = 38.05-45.25 after 5711.6 sec [total]
done with UU for K = 32.00-38.05 Q = 38.05-45.25 after 5712.8 sec [total]
done with BB for K = 32.00-38.05 Q = 38.05-45.25 after 5713.9 sec [total]
done with UBTa for K = 32.00-38.05 Q = 38.05-45.25 after 5714.0 sec [total]
done with UBTb for K = 32.00-38.05 Q = 38.05-45.25 after 5714.2 sec [total]
done with UBTbA for K = 32.00-38.05 Q = 38.05-45.25 after 5714.4 sec [total]
done with UBTbC for K = 32.00-38.05 Q = 38.05-45.25 after 5714.8 sec [total]
done with H for K = 32.00-38.05 Q = 38.05-45.25 after 5715.9 sec [total]
done with H++ for K = 32.00-38.05 Q = 38.05-45.25 after 5719.2 sec [total]
done with H+- for K = 32.00-38.05 Q = 38.05-45.25 after 5720.2 sec [total]
done with H-+ for K = 32.00-38.05 Q = 38.05-45.25 after 5721.2 sec [total]
done with H-- for K = 32.00-38.05 Q = 38.05-45.25 after 5722.3 sec [total]
done with UU for K = 38.05-45.25 Q = 38.05-45.25 after 5723.5 sec [total]
done with BB for K = 38.05-45.25 Q = 38.05-45.25 after 5724.5 sec [total]
done with UBTa for K = 38.05-45.25 Q = 38.05-45.25 after 5724.7 sec [total]
done with UBTb for K = 38.05-45.25 Q = 38.05-45.25 after 5724.9 sec [total]
done with UBTbA for K = 38.05-45.25 Q = 38.05-45.25 after 5725.1 sec [total]
done with UBTbC for K = 38.05-45.25 Q = 38.05-45.25 after 5725.4 sec [total]
done with H for K = 38.05-45.25 Q = 38.05-45.25 after 5726.5 sec [total]
done with H++ for K = 38.05-45.25 Q = 38.05-45.25 after 5729.7 sec [total]
done with H+- for K = 38.05-45.25 Q = 38.05-45.25 after 5730.7 sec [total]
done with H-+ for K = 38.05-45.25 Q = 38.05-45.25 after 5731.8 sec [total]
done with H-- for K = 38.05-45.25 Q = 38.05-45.25 after 5732.9 sec [total]
done with UU for K = 45.25-53.82 Q = 38.05-45.25 after 5734.1 sec [total]
done with BB for K = 45.25-53.82 Q = 38.05-45.25 after 5735.1 sec [total]
done with UBTa for K = 45.25-53.82 Q = 38.05-45.25 after 5735.3 sec [total]
done with UBTb for K = 45.25-53.82 Q = 38.05-45.25 after 5735.5 sec [total]
done with UBTbA for K = 45.25-53.82 Q = 38.05-45.25 after 5735.7 sec [total]
done with UBTbC for K = 45.25-53.82 Q = 38.05-45.25 after 5736.0 sec [total]
done with H for K = 45.25-53.82 Q = 38.05-45.25 after 5737.1 sec [total]
done with H++ for K = 45.25-53.82 Q = 38.05-45.25 after 5740.4 sec [total]
done with H+- for K = 45.25-53.82 Q = 38.05-45.25 after 5741.4 sec [total]
done with H-+ for K = 45.25-53.82 Q = 38.05-45.25 after 5742.5 sec [total]
done with H-- for K = 45.25-53.82 Q = 38.05-45.25 after 5743.6 sec [total]
done with UU for K = 53.82-64.00 Q = 38.05-45.25 after 5744.7 sec [total]
done with BB for K = 53.82-64.00 Q = 38.05-45.25 after 5745.8 sec [total]
done with UBTa for K = 53.82-64.00 Q = 38.05-45.25 after 5746.0 sec [total]
done with UBTb for K = 53.82-64.00 Q = 38.05-45.25 after 5746.2 sec [total]
done with UBTbA for K = 53.82-64.00 Q = 38.05-45.25 after 5746.4 sec [total]
done with UBTbC for K = 53.82-64.00 Q = 38.05-45.25 after 5746.7 sec [total]
done with H for K = 53.82-64.00 Q = 38.05-45.25 after 5747.8 sec [total]
done with H++ for K = 53.82-64.00 Q = 38.05-45.25 after 5751.0 sec [total]
done with H+- for K = 53.82-64.00 Q = 38.05-45.25 after 5752.1 sec [total]
done with H-+ for K = 53.82-64.00 Q = 38.05-45.25 after 5753.2 sec [total]
done with H-- for K = 53.82-64.00 Q = 38.05-45.25 after 5754.2 sec [total]
done with UU for K = 64.00-76.11 Q = 38.05-45.25 after 5755.3 sec [total]
done with BB for K = 64.00-76.11 Q = 38.05-45.25 after 5756.3 sec [total]
done with UBTa for K = 64.00-76.11 Q = 38.05-45.25 after 5756.5 sec [total]
done with UBTb for K = 64.00-76.11 Q = 38.05-45.25 after 5756.7 sec [total]
done with UBTbA for K = 64.00-76.11 Q = 38.05-45.25 after 5756.9 sec [total]
done with UBTbC for K = 64.00-76.11 Q = 38.05-45.25 after 5757.3 sec [total]
done with H for K = 64.00-76.11 Q = 38.05-45.25 after 5758.3 sec [total]
done with H++ for K = 64.00-76.11 Q = 38.05-45.25 after 5761.6 sec [total]
done with H+- for K = 64.00-76.11 Q = 38.05-45.25 after 5762.7 sec [total]
done with H-+ for K = 64.00-76.11 Q = 38.05-45.25 after 5763.7 sec [total]
done with H-- for K = 64.00-76.11 Q = 38.05-45.25 after 5764.8 sec [total]
done with UU for K = 76.11-90.51 Q = 38.05-45.25 after 5765.9 sec [total]
done with BB for K = 76.11-90.51 Q = 38.05-45.25 after 5767.0 sec [total]
done with UBTa for K = 76.11-90.51 Q = 38.05-45.25 after 5767.1 sec [total]
done with UBTb for K = 76.11-90.51 Q = 38.05-45.25 after 5767.3 sec [total]
done with UBTbA for K = 76.11-90.51 Q = 38.05-45.25 after 5767.5 sec [total]
done with UBTbC for K = 76.11-90.51 Q = 38.05-45.25 after 5767.9 sec [total]
done with H for K = 76.11-90.51 Q = 38.05-45.25 after 5768.9 sec [total]
done with H++ for K = 76.11-90.51 Q = 38.05-45.25 after 5772.2 sec [total]
done with H+- for K = 76.11-90.51 Q = 38.05-45.25 after 5773.3 sec [total]
done with H-+ for K = 76.11-90.51 Q = 38.05-45.25 after 5774.3 sec [total]
done with H-- for K = 76.11-90.51 Q = 38.05-45.25 after 5775.4 sec [total]
done with UU for K = 90.51-107.63 Q = 38.05-45.25 after 5776.5 sec [total]
done with BB for K = 90.51-107.63 Q = 38.05-45.25 after 5777.6 sec [total]
done with UBTa for K = 90.51-107.63 Q = 38.05-45.25 after 5777.8 sec [total]
done with UBTb for K = 90.51-107.63 Q = 38.05-45.25 after 5777.9 sec [total]
done with UBTbA for K = 90.51-107.63 Q = 38.05-45.25 after 5778.1 sec [total]
done with UBTbC for K = 90.51-107.63 Q = 38.05-45.25 after 5778.5 sec [total]
done with H for K = 90.51-107.63 Q = 38.05-45.25 after 5779.6 sec [total]
done with H++ for K = 90.51-107.63 Q = 38.05-45.25 after 5782.8 sec [total]
done with H+- for K = 90.51-107.63 Q = 38.05-45.25 after 5783.9 sec [total]
done with H-+ for K = 90.51-107.63 Q = 38.05-45.25 after 5785.0 sec [total]
done with H-- for K = 90.51-107.63 Q = 38.05-45.25 after 5786.0 sec [total]
done with UU for K = 107.63-128.00 Q = 38.05-45.25 after 5787.2 sec [total]
done with BB for K = 107.63-128.00 Q = 38.05-45.25 after 5788.2 sec [total]
done with UBTa for K = 107.63-128.00 Q = 38.05-45.25 after 5788.4 sec [total]
done with UBTb for K = 107.63-128.00 Q = 38.05-45.25 after 5788.6 sec [total]
done with UBTbA for K = 107.63-128.00 Q = 38.05-45.25 after 5788.8 sec [total]
done with UBTbC for K = 107.63-128.00 Q = 38.05-45.25 after 5789.2 sec [total]
done with H for K = 107.63-128.00 Q = 38.05-45.25 after 5790.3 sec [total]
done with H++ for K = 107.63-128.00 Q = 38.05-45.25 after 5793.4 sec [total]
done with H+- for K = 107.63-128.00 Q = 38.05-45.25 after 5794.5 sec [total]
done with H-+ for K = 107.63-128.00 Q = 38.05-45.25 after 5795.6 sec [total]
done with H-- for K = 107.63-128.00 Q = 38.05-45.25 after 5796.7 sec [total]
done with UU for K = 128.00-152.22 Q = 38.05-45.25 after 5797.8 sec [total]
done with BB for K = 128.00-152.22 Q = 38.05-45.25 after 5798.9 sec [total]
done with UBTa for K = 128.00-152.22 Q = 38.05-45.25 after 5799.1 sec [total]
done with UBTb for K = 128.00-152.22 Q = 38.05-45.25 after 5799.3 sec [total]
done with UBTbA for K = 128.00-152.22 Q = 38.05-45.25 after 5799.5 sec [total]
done with UBTbC for K = 128.00-152.22 Q = 38.05-45.25 after 5799.8 sec [total]
done with H for K = 128.00-152.22 Q = 38.05-45.25 after 5800.9 sec [total]
done with H++ for K = 128.00-152.22 Q = 38.05-45.25 after 5804.2 sec [total]
done with H+- for K = 128.00-152.22 Q = 38.05-45.25 after 5805.2 sec [total]
done with H-+ for K = 128.00-152.22 Q = 38.05-45.25 after 5806.3 sec [total]
done with H-- for K = 128.00-152.22 Q = 38.05-45.25 after 5807.4 sec [total]
done with UU for K = 152.22-181.02 Q = 38.05-45.25 after 5808.5 sec [total]
done with BB for K = 152.22-181.02 Q = 38.05-45.25 after 5809.5 sec [total]
done with UBTa for K = 152.22-181.02 Q = 38.05-45.25 after 5809.7 sec [total]
done with UBTb for K = 152.22-181.02 Q = 38.05-45.25 after 5809.9 sec [total]
done with UBTbA for K = 152.22-181.02 Q = 38.05-45.25 after 5810.1 sec [total]
done with UBTbC for K = 152.22-181.02 Q = 38.05-45.25 after 5810.5 sec [total]
done with H for K = 152.22-181.02 Q = 38.05-45.25 after 5811.5 sec [total]
done with H++ for K = 152.22-181.02 Q = 38.05-45.25 after 5814.8 sec [total]
done with H+- for K = 152.22-181.02 Q = 38.05-45.25 after 5815.9 sec [total]
done with H-+ for K = 152.22-181.02 Q = 38.05-45.25 after 5816.9 sec [total]
done with H-- for K = 152.22-181.02 Q = 38.05-45.25 after 5818.0 sec [total]
done with UU for K = 181.02-215.27 Q = 38.05-45.25 after 5819.1 sec [total]
done with BB for K = 181.02-215.27 Q = 38.05-45.25 after 5820.1 sec [total]
done with UBTa for K = 181.02-215.27 Q = 38.05-45.25 after 5820.3 sec [total]
done with UBTb for K = 181.02-215.27 Q = 38.05-45.25 after 5820.5 sec [total]
done with UBTbA for K = 181.02-215.27 Q = 38.05-45.25 after 5820.7 sec [total]
done with UBTbC for K = 181.02-215.27 Q = 38.05-45.25 after 5821.1 sec [total]
done with H for K = 181.02-215.27 Q = 38.05-45.25 after 5822.2 sec [total]
done with H++ for K = 181.02-215.27 Q = 38.05-45.25 after 5825.3 sec [total]
done with H+- for K = 181.02-215.27 Q = 38.05-45.25 after 5826.4 sec [total]
done with H-+ for K = 181.02-215.27 Q = 38.05-45.25 after 5827.5 sec [total]
done with H-- for K = 181.02-215.27 Q = 38.05-45.25 after 5828.6 sec [total]
done with UU for K = 215.27-256.00 Q = 38.05-45.25 after 5829.6 sec [total]
done with BB for K = 215.27-256.00 Q = 38.05-45.25 after 5830.8 sec [total]
done with UBTa for K = 215.27-256.00 Q = 38.05-45.25 after 5831.0 sec [total]
done with UBTb for K = 215.27-256.00 Q = 38.05-45.25 after 5831.1 sec [total]
done with UBTbA for K = 215.27-256.00 Q = 38.05-45.25 after 5831.3 sec [total]
done with UBTbC for K = 215.27-256.00 Q = 38.05-45.25 after 5831.7 sec [total]
done with H for K = 215.27-256.00 Q = 38.05-45.25 after 5832.8 sec [total]
done with H++ for K = 215.27-256.00 Q = 38.05-45.25 after 5835.9 sec [total]
done with H+- for K = 215.27-256.00 Q = 38.05-45.25 after 5837.0 sec [total]
done with H-+ for K = 215.27-256.00 Q = 38.05-45.25 after 5838.2 sec [total]
done with H-- for K = 215.27-256.00 Q = 38.05-45.25 after 5839.3 sec [total]
done with UU for K = 256.00-304.44 Q = 38.05-45.25 after 5840.3 sec [total]
done with BB for K = 256.00-304.44 Q = 38.05-45.25 after 5841.4 sec [total]
done with UBTa for K = 256.00-304.44 Q = 38.05-45.25 after 5841.6 sec [total]
done with UBTb for K = 256.00-304.44 Q = 38.05-45.25 after 5841.8 sec [total]
done with UBTbA for K = 256.00-304.44 Q = 38.05-45.25 after 5842.0 sec [total]
done with UBTbC for K = 256.00-304.44 Q = 38.05-45.25 after 5842.3 sec [total]
done with H for K = 256.00-304.44 Q = 38.05-45.25 after 5843.4 sec [total]
done with H++ for K = 256.00-304.44 Q = 38.05-45.25 after 5846.6 sec [total]
done with H+- for K = 256.00-304.44 Q = 38.05-45.25 after 5847.7 sec [total]
done with H-+ for K = 256.00-304.44 Q = 38.05-45.25 after 5848.8 sec [total]
done with H-- for K = 256.00-304.44 Q = 38.05-45.25 after 5849.8 sec [total]
done with UU for K = 304.44-362.04 Q = 38.05-45.25 after 5851.0 sec [total]
done with BB for K = 304.44-362.04 Q = 38.05-45.25 after 5852.0 sec [total]
done with UBTa for K = 304.44-362.04 Q = 38.05-45.25 after 5852.2 sec [total]
done with UBTb for K = 304.44-362.04 Q = 38.05-45.25 after 5852.4 sec [total]
done with UBTbA for K = 304.44-362.04 Q = 38.05-45.25 after 5852.7 sec [total]
done with UBTbC for K = 304.44-362.04 Q = 38.05-45.25 after 5853.0 sec [total]
done with H for K = 304.44-362.04 Q = 38.05-45.25 after 5854.0 sec [total]
done with H++ for K = 304.44-362.04 Q = 38.05-45.25 after 5857.3 sec [total]
done with H+- for K = 304.44-362.04 Q = 38.05-45.25 after 5858.3 sec [total]
done with H-+ for K = 304.44-362.04 Q = 38.05-45.25 after 5859.4 sec [total]
done with H-- for K = 304.44-362.04 Q = 38.05-45.25 after 5860.4 sec [total]
done with UU for K = 362.04-430.54 Q = 38.05-45.25 after 5861.6 sec [total]
done with BB for K = 362.04-430.54 Q = 38.05-45.25 after 5862.7 sec [total]
done with UBTa for K = 362.04-430.54 Q = 38.05-45.25 after 5862.9 sec [total]
done with UBTb for K = 362.04-430.54 Q = 38.05-45.25 after 5863.1 sec [total]
done with UBTbA for K = 362.04-430.54 Q = 38.05-45.25 after 5863.3 sec [total]
done with UBTbC for K = 362.04-430.54 Q = 38.05-45.25 after 5863.6 sec [total]
done with H for K = 362.04-430.54 Q = 38.05-45.25 after 5864.7 sec [total]
done with H++ for K = 362.04-430.54 Q = 38.05-45.25 after 5867.9 sec [total]
done with H+- for K = 362.04-430.54 Q = 38.05-45.25 after 5869.0 sec [total]
done with H-+ for K = 362.04-430.54 Q = 38.05-45.25 after 5870.1 sec [total]
done with H-- for K = 362.04-430.54 Q = 38.05-45.25 after 5871.2 sec [total]
done with UU for K = 430.54-512.00 Q = 38.05-45.25 after 5872.3 sec [total]
done with BB for K = 430.54-512.00 Q = 38.05-45.25 after 5873.3 sec [total]
done with UBTa for K = 430.54-512.00 Q = 38.05-45.25 after 5873.5 sec [total]
done with UBTb for K = 430.54-512.00 Q = 38.05-45.25 after 5873.7 sec [total]
done with UBTbA for K = 430.54-512.00 Q = 38.05-45.25 after 5873.9 sec [total]
done with UBTbC for K = 430.54-512.00 Q = 38.05-45.25 after 5874.2 sec [total]
done with H for K = 430.54-512.00 Q = 38.05-45.25 after 5875.3 sec [total]
done with H++ for K = 430.54-512.00 Q = 38.05-45.25 after 5878.6 sec [total]
done with H+- for K = 430.54-512.00 Q = 38.05-45.25 after 5879.6 sec [total]
done with H-+ for K = 430.54-512.00 Q = 38.05-45.25 after 5880.7 sec [total]
done with H-- for K = 430.54-512.00 Q = 38.05-45.25 after 5881.7 sec [total]
done with UU for K = 512.00-608.87 Q = 38.05-45.25 after 5882.9 sec [total]
done with BB for K = 512.00-608.87 Q = 38.05-45.25 after 5883.9 sec [total]
done with UBTa for K = 512.00-608.87 Q = 38.05-45.25 after 5884.1 sec [total]
done with UBTb for K = 512.00-608.87 Q = 38.05-45.25 after 5884.3 sec [total]
done with UBTbA for K = 512.00-608.87 Q = 38.05-45.25 after 5884.5 sec [total]
done with UBTbC for K = 512.00-608.87 Q = 38.05-45.25 after 5884.9 sec [total]
done with H for K = 512.00-608.87 Q = 38.05-45.25 after 5886.0 sec [total]
done with H++ for K = 512.00-608.87 Q = 38.05-45.25 after 5889.1 sec [total]
done with H+- for K = 512.00-608.87 Q = 38.05-45.25 after 5890.3 sec [total]
done with H-+ for K = 512.00-608.87 Q = 38.05-45.25 after 5891.4 sec [total]
done with H-- for K = 512.00-608.87 Q = 38.05-45.25 after 5892.4 sec [total]
done with UU for K = 608.87-724.08 Q = 38.05-45.25 after 5893.5 sec [total]
done with BB for K = 608.87-724.08 Q = 38.05-45.25 after 5894.6 sec [total]
done with UBTa for K = 608.87-724.08 Q = 38.05-45.25 after 5894.8 sec [total]
done with UBTb for K = 608.87-724.08 Q = 38.05-45.25 after 5895.0 sec [total]
done with UBTbA for K = 608.87-724.08 Q = 38.05-45.25 after 5895.2 sec [total]
done with UBTbC for K = 608.87-724.08 Q = 38.05-45.25 after 5895.6 sec [total]
done with H for K = 608.87-724.08 Q = 38.05-45.25 after 5896.6 sec [total]
done with H++ for K = 608.87-724.08 Q = 38.05-45.25 after 5899.8 sec [total]
done with H+- for K = 608.87-724.08 Q = 38.05-45.25 after 5900.9 sec [total]
done with H-+ for K = 608.87-724.08 Q = 38.05-45.25 after 5902.0 sec [total]
done with H-- for K = 608.87-724.08 Q = 38.05-45.25 after 5903.0 sec [total]
done with UU for K = 724.08-861.08 Q = 38.05-45.25 after 5904.1 sec [total]
done with BB for K = 724.08-861.08 Q = 38.05-45.25 after 5905.2 sec [total]
done with UBTa for K = 724.08-861.08 Q = 38.05-45.25 after 5905.3 sec [total]
done with UBTb for K = 724.08-861.08 Q = 38.05-45.25 after 5905.5 sec [total]
done with UBTbA for K = 724.08-861.08 Q = 38.05-45.25 after 5905.8 sec [total]
done with UBTbC for K = 724.08-861.08 Q = 38.05-45.25 after 5906.1 sec [total]
done with H for K = 724.08-861.08 Q = 38.05-45.25 after 5907.2 sec [total]
done with H++ for K = 724.08-861.08 Q = 38.05-45.25 after 5910.3 sec [total]
done with H+- for K = 724.08-861.08 Q = 38.05-45.25 after 5911.4 sec [total]
done with H-+ for K = 724.08-861.08 Q = 38.05-45.25 after 5912.5 sec [total]
done with H-- for K = 724.08-861.08 Q = 38.05-45.25 after 5913.6 sec [total]
done with UU for K = 861.08-1024.00 Q = 38.05-45.25 after 5914.7 sec [total]
done with BB for K = 861.08-1024.00 Q = 38.05-45.25 after 5915.8 sec [total]
done with UBTa for K = 861.08-1024.00 Q = 38.05-45.25 after 5916.0 sec [total]
done with UBTb for K = 861.08-1024.00 Q = 38.05-45.25 after 5916.2 sec [total]
done with UBTbA for K = 861.08-1024.00 Q = 38.05-45.25 after 5916.4 sec [total]
done with UBTbC for K = 861.08-1024.00 Q = 38.05-45.25 after 5916.7 sec [total]
done with H for K = 861.08-1024.00 Q = 38.05-45.25 after 5917.8 sec [total]
done with H++ for K = 861.08-1024.00 Q = 38.05-45.25 after 5920.9 sec [total]
done with H+- for K = 861.08-1024.00 Q = 38.05-45.25 after 5922.0 sec [total]
done with H-+ for K = 861.08-1024.00 Q = 38.05-45.25 after 5923.1 sec [total]
done with H-- for K = 861.08-1024.00 Q = 38.05-45.25 after 5924.2 sec [total]
done with UU for K = 0.00-3.36 Q = 45.25-53.82 after 5927.4 sec [total]
done with BB for K = 0.00-3.36 Q = 45.25-53.82 after 5930.6 sec [total]
done with UBTa for K = 0.00-3.36 Q = 45.25-53.82 after 5932.3 sec [total]
done with UBTb for K = 0.00-3.36 Q = 45.25-53.82 after 5934.1 sec [total]
done with UBTbA for K = 0.00-3.36 Q = 45.25-53.82 after 5935.9 sec [total]
done with UBTbC for K = 0.00-3.36 Q = 45.25-53.82 after 5936.2 sec [total]
done with H for K = 0.00-3.36 Q = 45.25-53.82 after 5937.3 sec [total]
done with H++ for K = 0.00-3.36 Q = 45.25-53.82 after 5940.6 sec [total]
done with H+- for K = 0.00-3.36 Q = 45.25-53.82 after 5941.6 sec [total]
done with H-+ for K = 0.00-3.36 Q = 45.25-53.82 after 5942.7 sec [total]
done with H-- for K = 0.00-3.36 Q = 45.25-53.82 after 5943.8 sec [total]
done with UU for K = 3.36-4.00 Q = 45.25-53.82 after 5944.9 sec [total]
done with BB for K = 3.36-4.00 Q = 45.25-53.82 after 5945.9 sec [total]
done with UBTa for K = 3.36-4.00 Q = 45.25-53.82 after 5946.1 sec [total]
done with UBTb for K = 3.36-4.00 Q = 45.25-53.82 after 5946.3 sec [total]
done with UBTbA for K = 3.36-4.00 Q = 45.25-53.82 after 5946.5 sec [total]
done with UBTbC for K = 3.36-4.00 Q = 45.25-53.82 after 5946.8 sec [total]
done with H for K = 3.36-4.00 Q = 45.25-53.82 after 5948.0 sec [total]
done with H++ for K = 3.36-4.00 Q = 45.25-53.82 after 5951.2 sec [total]
done with H+- for K = 3.36-4.00 Q = 45.25-53.82 after 5952.3 sec [total]
done with H-+ for K = 3.36-4.00 Q = 45.25-53.82 after 5953.4 sec [total]
done with H-- for K = 3.36-4.00 Q = 45.25-53.82 after 5954.4 sec [total]
done with UU for K = 4.00-4.76 Q = 45.25-53.82 after 5955.5 sec [total]
done with BB for K = 4.00-4.76 Q = 45.25-53.82 after 5956.6 sec [total]
done with UBTa for K = 4.00-4.76 Q = 45.25-53.82 after 5956.7 sec [total]
done with UBTb for K = 4.00-4.76 Q = 45.25-53.82 after 5956.9 sec [total]
done with UBTbA for K = 4.00-4.76 Q = 45.25-53.82 after 5957.1 sec [total]
done with UBTbC for K = 4.00-4.76 Q = 45.25-53.82 after 5957.5 sec [total]
done with H for K = 4.00-4.76 Q = 45.25-53.82 after 5958.6 sec [total]
done with H++ for K = 4.00-4.76 Q = 45.25-53.82 after 5961.8 sec [total]
done with H+- for K = 4.00-4.76 Q = 45.25-53.82 after 5962.8 sec [total]
done with H-+ for K = 4.00-4.76 Q = 45.25-53.82 after 5964.0 sec [total]
done with H-- for K = 4.00-4.76 Q = 45.25-53.82 after 5965.0 sec [total]
done with UU for K = 4.76-5.66 Q = 45.25-53.82 after 5966.2 sec [total]
done with BB for K = 4.76-5.66 Q = 45.25-53.82 after 5967.2 sec [total]
done with UBTa for K = 4.76-5.66 Q = 45.25-53.82 after 5967.4 sec [total]
done with UBTb for K = 4.76-5.66 Q = 45.25-53.82 after 5967.6 sec [total]
done with UBTbA for K = 4.76-5.66 Q = 45.25-53.82 after 5967.8 sec [total]
done with UBTbC for K = 4.76-5.66 Q = 45.25-53.82 after 5968.1 sec [total]
done with H for K = 4.76-5.66 Q = 45.25-53.82 after 5969.2 sec [total]
done with H++ for K = 4.76-5.66 Q = 45.25-53.82 after 5972.5 sec [total]
done with H+- for K = 4.76-5.66 Q = 45.25-53.82 after 5973.5 sec [total]
done with H-+ for K = 4.76-5.66 Q = 45.25-53.82 after 5974.6 sec [total]
done with H-- for K = 4.76-5.66 Q = 45.25-53.82 after 5975.7 sec [total]
done with UU for K = 5.66-6.73 Q = 45.25-53.82 after 5976.7 sec [total]
done with BB for K = 5.66-6.73 Q = 45.25-53.82 after 5977.8 sec [total]
done with UBTa for K = 5.66-6.73 Q = 45.25-53.82 after 5978.0 sec [total]
done with UBTb for K = 5.66-6.73 Q = 45.25-53.82 after 5978.1 sec [total]
done with UBTbA for K = 5.66-6.73 Q = 45.25-53.82 after 5978.3 sec [total]
done with UBTbC for K = 5.66-6.73 Q = 45.25-53.82 after 5978.7 sec [total]
done with H for K = 5.66-6.73 Q = 45.25-53.82 after 5979.8 sec [total]
done with H++ for K = 5.66-6.73 Q = 45.25-53.82 after 5983.0 sec [total]
done with H+- for K = 5.66-6.73 Q = 45.25-53.82 after 5984.1 sec [total]
done with H-+ for K = 5.66-6.73 Q = 45.25-53.82 after 5985.2 sec [total]
done with H-- for K = 5.66-6.73 Q = 45.25-53.82 after 5986.3 sec [total]
done with UU for K = 6.73-8.00 Q = 45.25-53.82 after 5987.4 sec [total]
done with BB for K = 6.73-8.00 Q = 45.25-53.82 after 5988.4 sec [total]
done with UBTa for K = 6.73-8.00 Q = 45.25-53.82 after 5988.6 sec [total]
done with UBTb for K = 6.73-8.00 Q = 45.25-53.82 after 5988.8 sec [total]
done with UBTbA for K = 6.73-8.00 Q = 45.25-53.82 after 5989.0 sec [total]
done with UBTbC for K = 6.73-8.00 Q = 45.25-53.82 after 5989.4 sec [total]
done with H for K = 6.73-8.00 Q = 45.25-53.82 after 5990.4 sec [total]
done with H++ for K = 6.73-8.00 Q = 45.25-53.82 after 5993.7 sec [total]
done with H+- for K = 6.73-8.00 Q = 45.25-53.82 after 5994.7 sec [total]
done with H-+ for K = 6.73-8.00 Q = 45.25-53.82 after 5995.8 sec [total]
done with H-- for K = 6.73-8.00 Q = 45.25-53.82 after 5996.9 sec [total]
done with UU for K = 8.00-9.51 Q = 45.25-53.82 after 5998.0 sec [total]
done with BB for K = 8.00-9.51 Q = 45.25-53.82 after 5999.1 sec [total]
done with UBTa for K = 8.00-9.51 Q = 45.25-53.82 after 5999.2 sec [total]
done with UBTb for K = 8.00-9.51 Q = 45.25-53.82 after 5999.4 sec [total]
done with UBTbA for K = 8.00-9.51 Q = 45.25-53.82 after 5999.6 sec [total]
done with UBTbC for K = 8.00-9.51 Q = 45.25-53.82 after 6000.0 sec [total]
done with H for K = 8.00-9.51 Q = 45.25-53.82 after 6001.1 sec [total]
done with H++ for K = 8.00-9.51 Q = 45.25-53.82 after 6004.2 sec [total]
done with H+- for K = 8.00-9.51 Q = 45.25-53.82 after 6005.4 sec [total]
done with H-+ for K = 8.00-9.51 Q = 45.25-53.82 after 6006.5 sec [total]
done with H-- for K = 8.00-9.51 Q = 45.25-53.82 after 6007.6 sec [total]
done with UU for K = 9.51-11.31 Q = 45.25-53.82 after 6008.7 sec [total]
done with BB for K = 9.51-11.31 Q = 45.25-53.82 after 6009.7 sec [total]
done with UBTa for K = 9.51-11.31 Q = 45.25-53.82 after 6009.9 sec [total]
done with UBTb for K = 9.51-11.31 Q = 45.25-53.82 after 6010.1 sec [total]
done with UBTbA for K = 9.51-11.31 Q = 45.25-53.82 after 6010.3 sec [total]
done with UBTbC for K = 9.51-11.31 Q = 45.25-53.82 after 6010.7 sec [total]
done with H for K = 9.51-11.31 Q = 45.25-53.82 after 6011.8 sec [total]
done with H++ for K = 9.51-11.31 Q = 45.25-53.82 after 6014.9 sec [total]
done with H+- for K = 9.51-11.31 Q = 45.25-53.82 after 6016.0 sec [total]
done with H-+ for K = 9.51-11.31 Q = 45.25-53.82 after 6017.1 sec [total]
done with H-- for K = 9.51-11.31 Q = 45.25-53.82 after 6018.2 sec [total]
done with UU for K = 11.31-13.45 Q = 45.25-53.82 after 6019.3 sec [total]
done with BB for K = 11.31-13.45 Q = 45.25-53.82 after 6020.3 sec [total]
done with UBTa for K = 11.31-13.45 Q = 45.25-53.82 after 6020.5 sec [total]
done with UBTb for K = 11.31-13.45 Q = 45.25-53.82 after 6020.7 sec [total]
done with UBTbA for K = 11.31-13.45 Q = 45.25-53.82 after 6020.9 sec [total]
done with UBTbC for K = 11.31-13.45 Q = 45.25-53.82 after 6021.3 sec [total]
done with H for K = 11.31-13.45 Q = 45.25-53.82 after 6022.4 sec [total]
done with H++ for K = 11.31-13.45 Q = 45.25-53.82 after 6025.5 sec [total]
done with H+- for K = 11.31-13.45 Q = 45.25-53.82 after 6026.7 sec [total]
done with H-+ for K = 11.31-13.45 Q = 45.25-53.82 after 6027.8 sec [total]
done with H-- for K = 11.31-13.45 Q = 45.25-53.82 after 6028.8 sec [total]
done with UU for K = 13.45-16.00 Q = 45.25-53.82 after 6029.9 sec [total]
done with BB for K = 13.45-16.00 Q = 45.25-53.82 after 6031.0 sec [total]
done with UBTa for K = 13.45-16.00 Q = 45.25-53.82 after 6031.2 sec [total]
done with UBTb for K = 13.45-16.00 Q = 45.25-53.82 after 6031.4 sec [total]
done with UBTbA for K = 13.45-16.00 Q = 45.25-53.82 after 6031.6 sec [total]
done with UBTbC for K = 13.45-16.00 Q = 45.25-53.82 after 6031.9 sec [total]
done with H for K = 13.45-16.00 Q = 45.25-53.82 after 6033.0 sec [total]
done with H++ for K = 13.45-16.00 Q = 45.25-53.82 after 6036.3 sec [total]
done with H+- for K = 13.45-16.00 Q = 45.25-53.82 after 6037.3 sec [total]
done with H-+ for K = 13.45-16.00 Q = 45.25-53.82 after 6038.4 sec [total]
done with H-- for K = 13.45-16.00 Q = 45.25-53.82 after 6039.4 sec [total]
done with UU for K = 16.00-19.03 Q = 45.25-53.82 after 6040.5 sec [total]
done with BB for K = 16.00-19.03 Q = 45.25-53.82 after 6041.6 sec [total]
done with UBTa for K = 16.00-19.03 Q = 45.25-53.82 after 6041.8 sec [total]
done with UBTb for K = 16.00-19.03 Q = 45.25-53.82 after 6042.0 sec [total]
done with UBTbA for K = 16.00-19.03 Q = 45.25-53.82 after 6042.2 sec [total]
done with UBTbC for K = 16.00-19.03 Q = 45.25-53.82 after 6042.5 sec [total]
done with H for K = 16.00-19.03 Q = 45.25-53.82 after 6043.6 sec [total]
done with H++ for K = 16.00-19.03 Q = 45.25-53.82 after 6046.8 sec [total]
done with H+- for K = 16.00-19.03 Q = 45.25-53.82 after 6047.9 sec [total]
done with H-+ for K = 16.00-19.03 Q = 45.25-53.82 after 6049.0 sec [total]
done with H-- for K = 16.00-19.03 Q = 45.25-53.82 after 6050.1 sec [total]
done with UU for K = 19.03-22.63 Q = 45.25-53.82 after 6051.1 sec [total]
done with BB for K = 19.03-22.63 Q = 45.25-53.82 after 6052.2 sec [total]
done with UBTa for K = 19.03-22.63 Q = 45.25-53.82 after 6052.4 sec [total]
done with UBTb for K = 19.03-22.63 Q = 45.25-53.82 after 6052.6 sec [total]
done with UBTbA for K = 19.03-22.63 Q = 45.25-53.82 after 6052.8 sec [total]
done with UBTbC for K = 19.03-22.63 Q = 45.25-53.82 after 6053.2 sec [total]
done with H for K = 19.03-22.63 Q = 45.25-53.82 after 6054.2 sec [total]
done with H++ for K = 19.03-22.63 Q = 45.25-53.82 after 6057.5 sec [total]
done with H+- for K = 19.03-22.63 Q = 45.25-53.82 after 6058.5 sec [total]
done with H-+ for K = 19.03-22.63 Q = 45.25-53.82 after 6059.6 sec [total]
done with H-- for K = 19.03-22.63 Q = 45.25-53.82 after 6060.7 sec [total]
done with UU for K = 22.63-26.91 Q = 45.25-53.82 after 6061.8 sec [total]
done with BB for K = 22.63-26.91 Q = 45.25-53.82 after 6062.9 sec [total]
done with UBTa for K = 22.63-26.91 Q = 45.25-53.82 after 6063.0 sec [total]
done with UBTb for K = 22.63-26.91 Q = 45.25-53.82 after 6063.2 sec [total]
done with UBTbA for K = 22.63-26.91 Q = 45.25-53.82 after 6063.5 sec [total]
done with UBTbC for K = 22.63-26.91 Q = 45.25-53.82 after 6063.8 sec [total]
done with H for K = 22.63-26.91 Q = 45.25-53.82 after 6064.8 sec [total]
done with H++ for K = 22.63-26.91 Q = 45.25-53.82 after 6068.0 sec [total]
done with H+- for K = 22.63-26.91 Q = 45.25-53.82 after 6069.1 sec [total]
done with H-+ for K = 22.63-26.91 Q = 45.25-53.82 after 6070.2 sec [total]
done with H-- for K = 22.63-26.91 Q = 45.25-53.82 after 6071.3 sec [total]
done with UU for K = 26.91-32.00 Q = 45.25-53.82 after 6072.4 sec [total]
done with BB for K = 26.91-32.00 Q = 45.25-53.82 after 6073.4 sec [total]
done with UBTa for K = 26.91-32.00 Q = 45.25-53.82 after 6073.6 sec [total]
done with UBTb for K = 26.91-32.00 Q = 45.25-53.82 after 6073.8 sec [total]
done with UBTbA for K = 26.91-32.00 Q = 45.25-53.82 after 6074.0 sec [total]
done with UBTbC for K = 26.91-32.00 Q = 45.25-53.82 after 6074.3 sec [total]
done with H for K = 26.91-32.00 Q = 45.25-53.82 after 6075.4 sec [total]
done with H++ for K = 26.91-32.00 Q = 45.25-53.82 after 6078.6 sec [total]
done with H+- for K = 26.91-32.00 Q = 45.25-53.82 after 6079.7 sec [total]
done with H-+ for K = 26.91-32.00 Q = 45.25-53.82 after 6080.8 sec [total]
done with H-- for K = 26.91-32.00 Q = 45.25-53.82 after 6081.8 sec [total]
done with UU for K = 32.00-38.05 Q = 45.25-53.82 after 6083.0 sec [total]
done with BB for K = 32.00-38.05 Q = 45.25-53.82 after 6084.1 sec [total]
done with UBTa for K = 32.00-38.05 Q = 45.25-53.82 after 6084.3 sec [total]
done with UBTb for K = 32.00-38.05 Q = 45.25-53.82 after 6084.5 sec [total]
done with UBTbA for K = 32.00-38.05 Q = 45.25-53.82 after 6084.6 sec [total]
done with UBTbC for K = 32.00-38.05 Q = 45.25-53.82 after 6085.0 sec [total]
done with H for K = 32.00-38.05 Q = 45.25-53.82 after 6086.1 sec [total]
done with H++ for K = 32.00-38.05 Q = 45.25-53.82 after 6089.3 sec [total]
done with H+- for K = 32.00-38.05 Q = 45.25-53.82 after 6090.4 sec [total]
done with H-+ for K = 32.00-38.05 Q = 45.25-53.82 after 6091.5 sec [total]
done with H-- for K = 32.00-38.05 Q = 45.25-53.82 after 6092.6 sec [total]
done with UU for K = 38.05-45.25 Q = 45.25-53.82 after 6093.6 sec [total]
done with BB for K = 38.05-45.25 Q = 45.25-53.82 after 6094.7 sec [total]
done with UBTa for K = 38.05-45.25 Q = 45.25-53.82 after 6094.9 sec [total]
done with UBTb for K = 38.05-45.25 Q = 45.25-53.82 after 6095.1 sec [total]
done with UBTbA for K = 38.05-45.25 Q = 45.25-53.82 after 6095.3 sec [total]
done with UBTbC for K = 38.05-45.25 Q = 45.25-53.82 after 6095.7 sec [total]
done with H for K = 38.05-45.25 Q = 45.25-53.82 after 6096.7 sec [total]
done with H++ for K = 38.05-45.25 Q = 45.25-53.82 after 6099.9 sec [total]
done with H+- for K = 38.05-45.25 Q = 45.25-53.82 after 6101.0 sec [total]
done with H-+ for K = 38.05-45.25 Q = 45.25-53.82 after 6102.1 sec [total]
done with H-- for K = 38.05-45.25 Q = 45.25-53.82 after 6103.2 sec [total]
done with UU for K = 45.25-53.82 Q = 45.25-53.82 after 6104.3 sec [total]
done with BB for K = 45.25-53.82 Q = 45.25-53.82 after 6105.4 sec [total]
done with UBTa for K = 45.25-53.82 Q = 45.25-53.82 after 6105.5 sec [total]
done with UBTb for K = 45.25-53.82 Q = 45.25-53.82 after 6105.7 sec [total]
done with UBTbA for K = 45.25-53.82 Q = 45.25-53.82 after 6105.9 sec [total]
done with UBTbC for K = 45.25-53.82 Q = 45.25-53.82 after 6106.3 sec [total]
done with H for K = 45.25-53.82 Q = 45.25-53.82 after 6107.4 sec [total]
done with H++ for K = 45.25-53.82 Q = 45.25-53.82 after 6110.6 sec [total]
done with H+- for K = 45.25-53.82 Q = 45.25-53.82 after 6111.7 sec [total]
done with H-+ for K = 45.25-53.82 Q = 45.25-53.82 after 6112.8 sec [total]
done with H-- for K = 45.25-53.82 Q = 45.25-53.82 after 6113.8 sec [total]
done with UU for K = 53.82-64.00 Q = 45.25-53.82 after 6114.9 sec [total]
done with BB for K = 53.82-64.00 Q = 45.25-53.82 after 6116.0 sec [total]
done with UBTa for K = 53.82-64.00 Q = 45.25-53.82 after 6116.2 sec [total]
done with UBTb for K = 53.82-64.00 Q = 45.25-53.82 after 6116.4 sec [total]
done with UBTbA for K = 53.82-64.00 Q = 45.25-53.82 after 6116.6 sec [total]
done with UBTbC for K = 53.82-64.00 Q = 45.25-53.82 after 6117.0 sec [total]
done with H for K = 53.82-64.00 Q = 45.25-53.82 after 6118.0 sec [total]
done with H++ for K = 53.82-64.00 Q = 45.25-53.82 after 6121.2 sec [total]
done with H+- for K = 53.82-64.00 Q = 45.25-53.82 after 6122.3 sec [total]
done with H-+ for K = 53.82-64.00 Q = 45.25-53.82 after 6123.4 sec [total]
done with H-- for K = 53.82-64.00 Q = 45.25-53.82 after 6124.4 sec [total]
done with UU for K = 64.00-76.11 Q = 45.25-53.82 after 6125.6 sec [total]
done with BB for K = 64.00-76.11 Q = 45.25-53.82 after 6126.6 sec [total]
done with UBTa for K = 64.00-76.11 Q = 45.25-53.82 after 6126.8 sec [total]
done with UBTb for K = 64.00-76.11 Q = 45.25-53.82 after 6127.0 sec [total]
done with UBTbA for K = 64.00-76.11 Q = 45.25-53.82 after 6127.2 sec [total]
done with UBTbC for K = 64.00-76.11 Q = 45.25-53.82 after 6127.5 sec [total]
done with H for K = 64.00-76.11 Q = 45.25-53.82 after 6128.6 sec [total]
done with H++ for K = 64.00-76.11 Q = 45.25-53.82 after 6131.8 sec [total]
done with H+- for K = 64.00-76.11 Q = 45.25-53.82 after 6132.9 sec [total]
done with H-+ for K = 64.00-76.11 Q = 45.25-53.82 after 6134.0 sec [total]
done with H-- for K = 64.00-76.11 Q = 45.25-53.82 after 6135.0 sec [total]
done with UU for K = 76.11-90.51 Q = 45.25-53.82 after 6136.2 sec [total]
done with BB for K = 76.11-90.51 Q = 45.25-53.82 after 6137.2 sec [total]
done with UBTa for K = 76.11-90.51 Q = 45.25-53.82 after 6137.4 sec [total]
done with UBTb for K = 76.11-90.51 Q = 45.25-53.82 after 6137.6 sec [total]
done with UBTbA for K = 76.11-90.51 Q = 45.25-53.82 after 6137.8 sec [total]
done with UBTbC for K = 76.11-90.51 Q = 45.25-53.82 after 6138.1 sec [total]
done with H for K = 76.11-90.51 Q = 45.25-53.82 after 6139.3 sec [total]
done with H++ for K = 76.11-90.51 Q = 45.25-53.82 after 6142.5 sec [total]
done with H+- for K = 76.11-90.51 Q = 45.25-53.82 after 6143.6 sec [total]
done with H-+ for K = 76.11-90.51 Q = 45.25-53.82 after 6144.6 sec [total]
done with H-- for K = 76.11-90.51 Q = 45.25-53.82 after 6145.7 sec [total]
done with UU for K = 90.51-107.63 Q = 45.25-53.82 after 6146.8 sec [total]
done with BB for K = 90.51-107.63 Q = 45.25-53.82 after 6147.9 sec [total]
done with UBTa for K = 90.51-107.63 Q = 45.25-53.82 after 6148.1 sec [total]
done with UBTb for K = 90.51-107.63 Q = 45.25-53.82 after 6148.3 sec [total]
done with UBTbA for K = 90.51-107.63 Q = 45.25-53.82 after 6148.4 sec [total]
done with UBTbC for K = 90.51-107.63 Q = 45.25-53.82 after 6148.8 sec [total]
done with H for K = 90.51-107.63 Q = 45.25-53.82 after 6149.9 sec [total]
done with H++ for K = 90.51-107.63 Q = 45.25-53.82 after 6153.1 sec [total]
done with H+- for K = 90.51-107.63 Q = 45.25-53.82 after 6154.2 sec [total]
done with H-+ for K = 90.51-107.63 Q = 45.25-53.82 after 6155.3 sec [total]
done with H-- for K = 90.51-107.63 Q = 45.25-53.82 after 6156.4 sec [total]
done with UU for K = 107.63-128.00 Q = 45.25-53.82 after 6157.5 sec [total]
done with BB for K = 107.63-128.00 Q = 45.25-53.82 after 6158.5 sec [total]
done with UBTa for K = 107.63-128.00 Q = 45.25-53.82 after 6158.7 sec [total]
done with UBTb for K = 107.63-128.00 Q = 45.25-53.82 after 6158.9 sec [total]
done with UBTbA for K = 107.63-128.00 Q = 45.25-53.82 after 6159.1 sec [total]
done with UBTbC for K = 107.63-128.00 Q = 45.25-53.82 after 6159.4 sec [total]
done with H for K = 107.63-128.00 Q = 45.25-53.82 after 6160.5 sec [total]
done with H++ for K = 107.63-128.00 Q = 45.25-53.82 after 6163.8 sec [total]
done with H+- for K = 107.63-128.00 Q = 45.25-53.82 after 6164.8 sec [total]
done with H-+ for K = 107.63-128.00 Q = 45.25-53.82 after 6165.9 sec [total]
done with H-- for K = 107.63-128.00 Q = 45.25-53.82 after 6166.9 sec [total]
done with UU for K = 128.00-152.22 Q = 45.25-53.82 after 6168.1 sec [total]
done with BB for K = 128.00-152.22 Q = 45.25-53.82 after 6169.1 sec [total]
done with UBTa for K = 128.00-152.22 Q = 45.25-53.82 after 6169.3 sec [total]
done with UBTb for K = 128.00-152.22 Q = 45.25-53.82 after 6169.5 sec [total]
done with UBTbA for K = 128.00-152.22 Q = 45.25-53.82 after 6169.8 sec [total]
done with UBTbC for K = 128.00-152.22 Q = 45.25-53.82 after 6170.1 sec [total]
done with H for K = 128.00-152.22 Q = 45.25-53.82 after 6171.1 sec [total]
done with H++ for K = 128.00-152.22 Q = 45.25-53.82 after 6174.4 sec [total]
done with H+- for K = 128.00-152.22 Q = 45.25-53.82 after 6175.4 sec [total]
done with H-+ for K = 128.00-152.22 Q = 45.25-53.82 after 6176.5 sec [total]
done with H-- for K = 128.00-152.22 Q = 45.25-53.82 after 6177.6 sec [total]
done with UU for K = 152.22-181.02 Q = 45.25-53.82 after 6178.7 sec [total]
done with BB for K = 152.22-181.02 Q = 45.25-53.82 after 6179.7 sec [total]
done with UBTa for K = 152.22-181.02 Q = 45.25-53.82 after 6179.9 sec [total]
done with UBTb for K = 152.22-181.02 Q = 45.25-53.82 after 6180.1 sec [total]
done with UBTbA for K = 152.22-181.02 Q = 45.25-53.82 after 6180.3 sec [total]
done with UBTbC for K = 152.22-181.02 Q = 45.25-53.82 after 6180.6 sec [total]
done with H for K = 152.22-181.02 Q = 45.25-53.82 after 6181.7 sec [total]
done with H++ for K = 152.22-181.02 Q = 45.25-53.82 after 6184.9 sec [total]
done with H+- for K = 152.22-181.02 Q = 45.25-53.82 after 6186.0 sec [total]
done with H-+ for K = 152.22-181.02 Q = 45.25-53.82 after 6187.2 sec [total]
done with H-- for K = 152.22-181.02 Q = 45.25-53.82 after 6188.2 sec [total]
done with UU for K = 181.02-215.27 Q = 45.25-53.82 after 6189.2 sec [total]
done with BB for K = 181.02-215.27 Q = 45.25-53.82 after 6190.3 sec [total]
done with UBTa for K = 181.02-215.27 Q = 45.25-53.82 after 6190.5 sec [total]
done with UBTb for K = 181.02-215.27 Q = 45.25-53.82 after 6190.7 sec [total]
done with UBTbA for K = 181.02-215.27 Q = 45.25-53.82 after 6190.9 sec [total]
done with UBTbC for K = 181.02-215.27 Q = 45.25-53.82 after 6191.3 sec [total]
done with H for K = 181.02-215.27 Q = 45.25-53.82 after 6192.4 sec [total]
done with H++ for K = 181.02-215.27 Q = 45.25-53.82 after 6195.6 sec [total]
done with H+- for K = 181.02-215.27 Q = 45.25-53.82 after 6196.6 sec [total]
done with H-+ for K = 181.02-215.27 Q = 45.25-53.82 after 6197.7 sec [total]
done with H-- for K = 181.02-215.27 Q = 45.25-53.82 after 6198.8 sec [total]
done with UU for K = 215.27-256.00 Q = 45.25-53.82 after 6199.9 sec [total]
done with BB for K = 215.27-256.00 Q = 45.25-53.82 after 6201.0 sec [total]
done with UBTa for K = 215.27-256.00 Q = 45.25-53.82 after 6201.2 sec [total]
done with UBTb for K = 215.27-256.00 Q = 45.25-53.82 after 6201.3 sec [total]
done with UBTbA for K = 215.27-256.00 Q = 45.25-53.82 after 6201.5 sec [total]
done with UBTbC for K = 215.27-256.00 Q = 45.25-53.82 after 6201.9 sec [total]
done with H for K = 215.27-256.00 Q = 45.25-53.82 after 6203.0 sec [total]
done with H++ for K = 215.27-256.00 Q = 45.25-53.82 after 6206.1 sec [total]
done with H+- for K = 215.27-256.00 Q = 45.25-53.82 after 6207.3 sec [total]
done with H-+ for K = 215.27-256.00 Q = 45.25-53.82 after 6208.4 sec [total]
done with H-- for K = 215.27-256.00 Q = 45.25-53.82 after 6209.4 sec [total]
done with UU for K = 256.00-304.44 Q = 45.25-53.82 after 6210.5 sec [total]
done with BB for K = 256.00-304.44 Q = 45.25-53.82 after 6211.6 sec [total]
done with UBTa for K = 256.00-304.44 Q = 45.25-53.82 after 6211.8 sec [total]
done with UBTb for K = 256.00-304.44 Q = 45.25-53.82 after 6212.0 sec [total]
done with UBTbA for K = 256.00-304.44 Q = 45.25-53.82 after 6212.2 sec [total]
done with UBTbC for K = 256.00-304.44 Q = 45.25-53.82 after 6212.5 sec [total]
done with H for K = 256.00-304.44 Q = 45.25-53.82 after 6213.6 sec [total]
done with H++ for K = 256.00-304.44 Q = 45.25-53.82 after 6216.8 sec [total]
done with H+- for K = 256.00-304.44 Q = 45.25-53.82 after 6217.9 sec [total]
done with H-+ for K = 256.00-304.44 Q = 45.25-53.82 after 6219.0 sec [total]
done with H-- for K = 256.00-304.44 Q = 45.25-53.82 after 6220.1 sec [total]
done with UU for K = 304.44-362.04 Q = 45.25-53.82 after 6221.1 sec [total]
done with BB for K = 304.44-362.04 Q = 45.25-53.82 after 6222.2 sec [total]
done with UBTa for K = 304.44-362.04 Q = 45.25-53.82 after 6222.4 sec [total]
done with UBTb for K = 304.44-362.04 Q = 45.25-53.82 after 6222.6 sec [total]
done with UBTbA for K = 304.44-362.04 Q = 45.25-53.82 after 6222.8 sec [total]
done with UBTbC for K = 304.44-362.04 Q = 45.25-53.82 after 6223.2 sec [total]
done with H for K = 304.44-362.04 Q = 45.25-53.82 after 6224.2 sec [total]
done with H++ for K = 304.44-362.04 Q = 45.25-53.82 after 6227.4 sec [total]
done with H+- for K = 304.44-362.04 Q = 45.25-53.82 after 6228.5 sec [total]
done with H-+ for K = 304.44-362.04 Q = 45.25-53.82 after 6229.6 sec [total]
done with H-- for K = 304.44-362.04 Q = 45.25-53.82 after 6230.6 sec [total]
done with UU for K = 362.04-430.54 Q = 45.25-53.82 after 6231.8 sec [total]
done with BB for K = 362.04-430.54 Q = 45.25-53.82 after 6232.8 sec [total]
done with UBTa for K = 362.04-430.54 Q = 45.25-53.82 after 6233.0 sec [total]
done with UBTb for K = 362.04-430.54 Q = 45.25-53.82 after 6233.2 sec [total]
done with UBTbA for K = 362.04-430.54 Q = 45.25-53.82 after 6233.4 sec [total]
done with UBTbC for K = 362.04-430.54 Q = 45.25-53.82 after 6233.8 sec [total]
done with H for K = 362.04-430.54 Q = 45.25-53.82 after 6234.9 sec [total]
done with H++ for K = 362.04-430.54 Q = 45.25-53.82 after 6238.0 sec [total]
done with H+- for K = 362.04-430.54 Q = 45.25-53.82 after 6239.1 sec [total]
done with H-+ for K = 362.04-430.54 Q = 45.25-53.82 after 6240.2 sec [total]
done with H-- for K = 362.04-430.54 Q = 45.25-53.82 after 6241.3 sec [total]
done with UU for K = 430.54-512.00 Q = 45.25-53.82 after 6242.4 sec [total]
done with BB for K = 430.54-512.00 Q = 45.25-53.82 after 6243.5 sec [total]
done with UBTa for K = 430.54-512.00 Q = 45.25-53.82 after 6243.7 sec [total]
done with UBTb for K = 430.54-512.00 Q = 45.25-53.82 after 6243.9 sec [total]
done with UBTbA for K = 430.54-512.00 Q = 45.25-53.82 after 6244.1 sec [total]
done with UBTbC for K = 430.54-512.00 Q = 45.25-53.82 after 6244.5 sec [total]
done with H for K = 430.54-512.00 Q = 45.25-53.82 after 6245.5 sec [total]
done with H++ for K = 430.54-512.00 Q = 45.25-53.82 after 6248.8 sec [total]
done with H+- for K = 430.54-512.00 Q = 45.25-53.82 after 6250.1 sec [total]
done with H-+ for K = 430.54-512.00 Q = 45.25-53.82 after 6250.9 sec [total]
done with H-- for K = 430.54-512.00 Q = 45.25-53.82 after 6252.0 sec [total]
done with UU for K = 512.00-608.87 Q = 45.25-53.82 after 6253.1 sec [total]
done with BB for K = 512.00-608.87 Q = 45.25-53.82 after 6254.1 sec [total]
done with UBTa for K = 512.00-608.87 Q = 45.25-53.82 after 6254.3 sec [total]
done with UBTb for K = 512.00-608.87 Q = 45.25-53.82 after 6254.5 sec [total]
done with UBTbA for K = 512.00-608.87 Q = 45.25-53.82 after 6254.7 sec [total]
done with UBTbC for K = 512.00-608.87 Q = 45.25-53.82 after 6255.1 sec [total]
done with H for K = 512.00-608.87 Q = 45.25-53.82 after 6256.1 sec [total]
done with H++ for K = 512.00-608.87 Q = 45.25-53.82 after 6259.3 sec [total]
done with H+- for K = 512.00-608.87 Q = 45.25-53.82 after 6260.4 sec [total]
done with H-+ for K = 512.00-608.87 Q = 45.25-53.82 after 6261.5 sec [total]
done with H-- for K = 512.00-608.87 Q = 45.25-53.82 after 6262.6 sec [total]
done with UU for K = 608.87-724.08 Q = 45.25-53.82 after 6263.7 sec [total]
done with BB for K = 608.87-724.08 Q = 45.25-53.82 after 6264.8 sec [total]
done with UBTa for K = 608.87-724.08 Q = 45.25-53.82 after 6265.0 sec [total]
done with UBTb for K = 608.87-724.08 Q = 45.25-53.82 after 6265.1 sec [total]
done with UBTbA for K = 608.87-724.08 Q = 45.25-53.82 after 6265.3 sec [total]
done with UBTbC for K = 608.87-724.08 Q = 45.25-53.82 after 6265.7 sec [total]
done with H for K = 608.87-724.08 Q = 45.25-53.82 after 6266.8 sec [total]
done with H++ for K = 608.87-724.08 Q = 45.25-53.82 after 6269.9 sec [total]
done with H+- for K = 608.87-724.08 Q = 45.25-53.82 after 6271.0 sec [total]
done with H-+ for K = 608.87-724.08 Q = 45.25-53.82 after 6272.1 sec [total]
done with H-- for K = 608.87-724.08 Q = 45.25-53.82 after 6273.2 sec [total]
done with UU for K = 724.08-861.08 Q = 45.25-53.82 after 6274.3 sec [total]
done with BB for K = 724.08-861.08 Q = 45.25-53.82 after 6275.4 sec [total]
done with UBTa for K = 724.08-861.08 Q = 45.25-53.82 after 6275.6 sec [total]
done with UBTb for K = 724.08-861.08 Q = 45.25-53.82 after 6275.8 sec [total]
done with UBTbA for K = 724.08-861.08 Q = 45.25-53.82 after 6276.0 sec [total]
done with UBTbC for K = 724.08-861.08 Q = 45.25-53.82 after 6276.3 sec [total]
done with H for K = 724.08-861.08 Q = 45.25-53.82 after 6277.4 sec [total]
done with H++ for K = 724.08-861.08 Q = 45.25-53.82 after 6280.7 sec [total]
done with H+- for K = 724.08-861.08 Q = 45.25-53.82 after 6281.7 sec [total]
done with H-+ for K = 724.08-861.08 Q = 45.25-53.82 after 6282.8 sec [total]
done with H-- for K = 724.08-861.08 Q = 45.25-53.82 after 6283.9 sec [total]
done with UU for K = 861.08-1024.00 Q = 45.25-53.82 after 6285.0 sec [total]
done with BB for K = 861.08-1024.00 Q = 45.25-53.82 after 6286.0 sec [total]
done with UBTa for K = 861.08-1024.00 Q = 45.25-53.82 after 6286.2 sec [total]
done with UBTb for K = 861.08-1024.00 Q = 45.25-53.82 after 6286.4 sec [total]
done with UBTbA for K = 861.08-1024.00 Q = 45.25-53.82 after 6286.6 sec [total]
done with UBTbC for K = 861.08-1024.00 Q = 45.25-53.82 after 6287.0 sec [total]
done with H for K = 861.08-1024.00 Q = 45.25-53.82 after 6288.0 sec [total]
done with H++ for K = 861.08-1024.00 Q = 45.25-53.82 after 6291.3 sec [total]
done with H+- for K = 861.08-1024.00 Q = 45.25-53.82 after 6292.4 sec [total]
done with H-+ for K = 861.08-1024.00 Q = 45.25-53.82 after 6293.4 sec [total]
done with H-- for K = 861.08-1024.00 Q = 45.25-53.82 after 6294.4 sec [total]
done with UU for K = 0.00-3.36 Q = 53.82-64.00 after 6297.6 sec [total]
done with BB for K = 0.00-3.36 Q = 53.82-64.00 after 6300.7 sec [total]
done with UBTa for K = 0.00-3.36 Q = 53.82-64.00 after 6302.5 sec [total]
done with UBTb for K = 0.00-3.36 Q = 53.82-64.00 after 6304.3 sec [total]
done with UBTbA for K = 0.00-3.36 Q = 53.82-64.00 after 6306.0 sec [total]
done with UBTbC for K = 0.00-3.36 Q = 53.82-64.00 after 6306.4 sec [total]
done with H for K = 0.00-3.36 Q = 53.82-64.00 after 6307.5 sec [total]
done with H++ for K = 0.00-3.36 Q = 53.82-64.00 after 6310.7 sec [total]
done with H+- for K = 0.00-3.36 Q = 53.82-64.00 after 6311.8 sec [total]
done with H-+ for K = 0.00-3.36 Q = 53.82-64.00 after 6312.9 sec [total]
done with H-- for K = 0.00-3.36 Q = 53.82-64.00 after 6314.1 sec [total]
done with UU for K = 3.36-4.00 Q = 53.82-64.00 after 6315.1 sec [total]
done with BB for K = 3.36-4.00 Q = 53.82-64.00 after 6316.2 sec [total]
done with UBTa for K = 3.36-4.00 Q = 53.82-64.00 after 6316.4 sec [total]
done with UBTb for K = 3.36-4.00 Q = 53.82-64.00 after 6316.6 sec [total]
done with UBTbA for K = 3.36-4.00 Q = 53.82-64.00 after 6316.8 sec [total]
done with UBTbC for K = 3.36-4.00 Q = 53.82-64.00 after 6317.1 sec [total]
done with H for K = 3.36-4.00 Q = 53.82-64.00 after 6318.2 sec [total]
done with H++ for K = 3.36-4.00 Q = 53.82-64.00 after 6321.4 sec [total]
done with H+- for K = 3.36-4.00 Q = 53.82-64.00 after 6322.5 sec [total]
done with H-+ for K = 3.36-4.00 Q = 53.82-64.00 after 6323.5 sec [total]
done with H-- for K = 3.36-4.00 Q = 53.82-64.00 after 6324.6 sec [total]
done with UU for K = 4.00-4.76 Q = 53.82-64.00 after 6325.7 sec [total]
done with BB for K = 4.00-4.76 Q = 53.82-64.00 after 6326.8 sec [total]
done with UBTa for K = 4.00-4.76 Q = 53.82-64.00 after 6327.0 sec [total]
done with UBTb for K = 4.00-4.76 Q = 53.82-64.00 after 6327.2 sec [total]
done with UBTbA for K = 4.00-4.76 Q = 53.82-64.00 after 6327.4 sec [total]
done with UBTbC for K = 4.00-4.76 Q = 53.82-64.00 after 6327.8 sec [total]
done with H for K = 4.00-4.76 Q = 53.82-64.00 after 6328.8 sec [total]
done with H++ for K = 4.00-4.76 Q = 53.82-64.00 after 6332.0 sec [total]
done with H+- for K = 4.00-4.76 Q = 53.82-64.00 after 6333.1 sec [total]
done with H-+ for K = 4.00-4.76 Q = 53.82-64.00 after 6334.3 sec [total]
done with H-- for K = 4.00-4.76 Q = 53.82-64.00 after 6335.3 sec [total]
done with UU for K = 4.76-5.66 Q = 53.82-64.00 after 6336.4 sec [total]
done with BB for K = 4.76-5.66 Q = 53.82-64.00 after 6337.5 sec [total]
done with UBTa for K = 4.76-5.66 Q = 53.82-64.00 after 6337.6 sec [total]
done with UBTb for K = 4.76-5.66 Q = 53.82-64.00 after 6337.8 sec [total]
done with UBTbA for K = 4.76-5.66 Q = 53.82-64.00 after 6338.0 sec [total]
done with UBTbC for K = 4.76-5.66 Q = 53.82-64.00 after 6338.4 sec [total]
done with H for K = 4.76-5.66 Q = 53.82-64.00 after 6339.5 sec [total]
done with H++ for K = 4.76-5.66 Q = 53.82-64.00 after 6342.8 sec [total]
done with H+- for K = 4.76-5.66 Q = 53.82-64.00 after 6343.8 sec [total]
done with H-+ for K = 4.76-5.66 Q = 53.82-64.00 after 6344.9 sec [total]
done with H-- for K = 4.76-5.66 Q = 53.82-64.00 after 6345.9 sec [total]
done with UU for K = 5.66-6.73 Q = 53.82-64.00 after 6347.0 sec [total]
done with BB for K = 5.66-6.73 Q = 53.82-64.00 after 6348.1 sec [total]
done with UBTa for K = 5.66-6.73 Q = 53.82-64.00 after 6348.3 sec [total]
done with UBTb for K = 5.66-6.73 Q = 53.82-64.00 after 6348.5 sec [total]
done with UBTbA for K = 5.66-6.73 Q = 53.82-64.00 after 6348.7 sec [total]
done with UBTbC for K = 5.66-6.73 Q = 53.82-64.00 after 6349.0 sec [total]
done with H for K = 5.66-6.73 Q = 53.82-64.00 after 6350.1 sec [total]
done with H++ for K = 5.66-6.73 Q = 53.82-64.00 after 6353.4 sec [total]
done with H+- for K = 5.66-6.73 Q = 53.82-64.00 after 6354.3 sec [total]
done with H-+ for K = 5.66-6.73 Q = 53.82-64.00 after 6355.5 sec [total]
done with H-- for K = 5.66-6.73 Q = 53.82-64.00 after 6356.5 sec [total]
done with UU for K = 6.73-8.00 Q = 53.82-64.00 after 6357.6 sec [total]
done with BB for K = 6.73-8.00 Q = 53.82-64.00 after 6358.7 sec [total]
done with UBTa for K = 6.73-8.00 Q = 53.82-64.00 after 6358.9 sec [total]
done with UBTb for K = 6.73-8.00 Q = 53.82-64.00 after 6359.1 sec [total]
done with UBTbA for K = 6.73-8.00 Q = 53.82-64.00 after 6359.3 sec [total]
done with UBTbC for K = 6.73-8.00 Q = 53.82-64.00 after 6359.6 sec [total]
done with H for K = 6.73-8.00 Q = 53.82-64.00 after 6360.7 sec [total]
done with H++ for K = 6.73-8.00 Q = 53.82-64.00 after 6363.9 sec [total]
done with H+- for K = 6.73-8.00 Q = 53.82-64.00 after 6365.0 sec [total]
done with H-+ for K = 6.73-8.00 Q = 53.82-64.00 after 6366.1 sec [total]
done with H-- for K = 6.73-8.00 Q = 53.82-64.00 after 6367.2 sec [total]
done with UU for K = 8.00-9.51 Q = 53.82-64.00 after 6368.3 sec [total]
done with BB for K = 8.00-9.51 Q = 53.82-64.00 after 6369.3 sec [total]
done with UBTa for K = 8.00-9.51 Q = 53.82-64.00 after 6369.5 sec [total]
done with UBTb for K = 8.00-9.51 Q = 53.82-64.00 after 6369.7 sec [total]
done with UBTbA for K = 8.00-9.51 Q = 53.82-64.00 after 6369.9 sec [total]
done with UBTbC for K = 8.00-9.51 Q = 53.82-64.00 after 6370.3 sec [total]
done with H for K = 8.00-9.51 Q = 53.82-64.00 after 6371.3 sec [total]
done with H++ for K = 8.00-9.51 Q = 53.82-64.00 after 6374.6 sec [total]
done with H+- for K = 8.00-9.51 Q = 53.82-64.00 after 6375.6 sec [total]
done with H-+ for K = 8.00-9.51 Q = 53.82-64.00 after 6376.7 sec [total]
done with H-- for K = 8.00-9.51 Q = 53.82-64.00 after 6377.8 sec [total]
done with UU for K = 9.51-11.31 Q = 53.82-64.00 after 6378.8 sec [total]
done with BB for K = 9.51-11.31 Q = 53.82-64.00 after 6379.9 sec [total]
done with UBTa for K = 9.51-11.31 Q = 53.82-64.00 after 6380.1 sec [total]
done with UBTb for K = 9.51-11.31 Q = 53.82-64.00 after 6380.3 sec [total]
done with UBTbA for K = 9.51-11.31 Q = 53.82-64.00 after 6380.5 sec [total]
done with UBTbC for K = 9.51-11.31 Q = 53.82-64.00 after 6380.9 sec [total]
done with H for K = 9.51-11.31 Q = 53.82-64.00 after 6382.0 sec [total]
done with H++ for K = 9.51-11.31 Q = 53.82-64.00 after 6385.1 sec [total]
done with H+- for K = 9.51-11.31 Q = 53.82-64.00 after 6386.2 sec [total]
done with H-+ for K = 9.51-11.31 Q = 53.82-64.00 after 6387.4 sec [total]
done with H-- for K = 9.51-11.31 Q = 53.82-64.00 after 6388.4 sec [total]
done with UU for K = 11.31-13.45 Q = 53.82-64.00 after 6389.5 sec [total]
done with BB for K = 11.31-13.45 Q = 53.82-64.00 after 6390.6 sec [total]
done with UBTa for K = 11.31-13.45 Q = 53.82-64.00 after 6390.7 sec [total]
done with UBTb for K = 11.31-13.45 Q = 53.82-64.00 after 6390.9 sec [total]
done with UBTbA for K = 11.31-13.45 Q = 53.82-64.00 after 6391.1 sec [total]
done with UBTbC for K = 11.31-13.45 Q = 53.82-64.00 after 6391.5 sec [total]
done with H for K = 11.31-13.45 Q = 53.82-64.00 after 6392.6 sec [total]
done with H++ for K = 11.31-13.45 Q = 53.82-64.00 after 6395.8 sec [total]
done with H+- for K = 11.31-13.45 Q = 53.82-64.00 after 6396.8 sec [total]
done with H-+ for K = 11.31-13.45 Q = 53.82-64.00 after 6397.9 sec [total]
done with H-- for K = 11.31-13.45 Q = 53.82-64.00 after 6399.0 sec [total]
done with UU for K = 13.45-16.00 Q = 53.82-64.00 after 6400.1 sec [total]
done with BB for K = 13.45-16.00 Q = 53.82-64.00 after 6401.2 sec [total]
done with UBTa for K = 13.45-16.00 Q = 53.82-64.00 after 6401.4 sec [total]
done with UBTb for K = 13.45-16.00 Q = 53.82-64.00 after 6401.6 sec [total]
done with UBTbA for K = 13.45-16.00 Q = 53.82-64.00 after 6401.7 sec [total]
done with UBTbC for K = 13.45-16.00 Q = 53.82-64.00 after 6402.1 sec [total]
done with H for K = 13.45-16.00 Q = 53.82-64.00 after 6403.2 sec [total]
done with H++ for K = 13.45-16.00 Q = 53.82-64.00 after 6406.4 sec [total]
done with H+- for K = 13.45-16.00 Q = 53.82-64.00 after 6407.5 sec [total]
done with H-+ for K = 13.45-16.00 Q = 53.82-64.00 after 6408.6 sec [total]
done with H-- for K = 13.45-16.00 Q = 53.82-64.00 after 6409.6 sec [total]
done with UU for K = 16.00-19.03 Q = 53.82-64.00 after 6410.7 sec [total]
done with BB for K = 16.00-19.03 Q = 53.82-64.00 after 6411.8 sec [total]
done with UBTa for K = 16.00-19.03 Q = 53.82-64.00 after 6412.0 sec [total]
done with UBTb for K = 16.00-19.03 Q = 53.82-64.00 after 6412.1 sec [total]
done with UBTbA for K = 16.00-19.03 Q = 53.82-64.00 after 6412.3 sec [total]
done with UBTbC for K = 16.00-19.03 Q = 53.82-64.00 after 6412.7 sec [total]
done with H for K = 16.00-19.03 Q = 53.82-64.00 after 6413.8 sec [total]
done with H++ for K = 16.00-19.03 Q = 53.82-64.00 after 6416.9 sec [total]
done with H+- for K = 16.00-19.03 Q = 53.82-64.00 after 6418.0 sec [total]
done with H-+ for K = 16.00-19.03 Q = 53.82-64.00 after 6419.2 sec [total]
done with H-- for K = 16.00-19.03 Q = 53.82-64.00 after 6420.3 sec [total]
done with UU for K = 19.03-22.63 Q = 53.82-64.00 after 6421.4 sec [total]
done with BB for K = 19.03-22.63 Q = 53.82-64.00 after 6422.4 sec [total]
done with UBTa for K = 19.03-22.63 Q = 53.82-64.00 after 6422.6 sec [total]
done with UBTb for K = 19.03-22.63 Q = 53.82-64.00 after 6422.8 sec [total]
done with UBTbA for K = 19.03-22.63 Q = 53.82-64.00 after 6423.0 sec [total]
done with UBTbC for K = 19.03-22.63 Q = 53.82-64.00 after 6423.3 sec [total]
done with H for K = 19.03-22.63 Q = 53.82-64.00 after 6424.4 sec [total]
done with H++ for K = 19.03-22.63 Q = 53.82-64.00 after 6427.7 sec [total]
done with H+- for K = 19.03-22.63 Q = 53.82-64.00 after 6428.7 sec [total]
done with H-+ for K = 19.03-22.63 Q = 53.82-64.00 after 6429.8 sec [total]
done with H-- for K = 19.03-22.63 Q = 53.82-64.00 after 6430.9 sec [total]
done with UU for K = 22.63-26.91 Q = 53.82-64.00 after 6432.0 sec [total]
done with BB for K = 22.63-26.91 Q = 53.82-64.00 after 6433.1 sec [total]
done with UBTa for K = 22.63-26.91 Q = 53.82-64.00 after 6433.3 sec [total]
done with UBTb for K = 22.63-26.91 Q = 53.82-64.00 after 6433.5 sec [total]
done with UBTbA for K = 22.63-26.91 Q = 53.82-64.00 after 6433.7 sec [total]
done with UBTbC for K = 22.63-26.91 Q = 53.82-64.00 after 6434.0 sec [total]
done with H for K = 22.63-26.91 Q = 53.82-64.00 after 6435.1 sec [total]
done with H++ for K = 22.63-26.91 Q = 53.82-64.00 after 6438.3 sec [total]
done with H+- for K = 22.63-26.91 Q = 53.82-64.00 after 6439.4 sec [total]
done with H-+ for K = 22.63-26.91 Q = 53.82-64.00 after 6440.5 sec [total]
done with H-- for K = 22.63-26.91 Q = 53.82-64.00 after 6441.5 sec [total]
done with UU for K = 26.91-32.00 Q = 53.82-64.00 after 6442.6 sec [total]
done with BB for K = 26.91-32.00 Q = 53.82-64.00 after 6443.7 sec [total]
done with UBTa for K = 26.91-32.00 Q = 53.82-64.00 after 6443.9 sec [total]
done with UBTb for K = 26.91-32.00 Q = 53.82-64.00 after 6444.1 sec [total]
done with UBTbA for K = 26.91-32.00 Q = 53.82-64.00 after 6444.3 sec [total]
done with UBTbC for K = 26.91-32.00 Q = 53.82-64.00 after 6444.7 sec [total]
done with H for K = 26.91-32.00 Q = 53.82-64.00 after 6445.7 sec [total]
done with H++ for K = 26.91-32.00 Q = 53.82-64.00 after 6448.9 sec [total]
done with H+- for K = 26.91-32.00 Q = 53.82-64.00 after 6450.0 sec [total]
done with H-+ for K = 26.91-32.00 Q = 53.82-64.00 after 6451.1 sec [total]
done with H-- for K = 26.91-32.00 Q = 53.82-64.00 after 6452.1 sec [total]
done with UU for K = 32.00-38.05 Q = 53.82-64.00 after 6453.3 sec [total]
done with BB for K = 32.00-38.05 Q = 53.82-64.00 after 6454.3 sec [total]
done with UBTa for K = 32.00-38.05 Q = 53.82-64.00 after 6454.5 sec [total]
done with UBTb for K = 32.00-38.05 Q = 53.82-64.00 after 6454.7 sec [total]
done with UBTbA for K = 32.00-38.05 Q = 53.82-64.00 after 6454.9 sec [total]
done with UBTbC for K = 32.00-38.05 Q = 53.82-64.00 after 6455.3 sec [total]
done with H for K = 32.00-38.05 Q = 53.82-64.00 after 6456.3 sec [total]
done with H++ for K = 32.00-38.05 Q = 53.82-64.00 after 6459.5 sec [total]
done with H+- for K = 32.00-38.05 Q = 53.82-64.00 after 6460.6 sec [total]
done with H-+ for K = 32.00-38.05 Q = 53.82-64.00 after 6461.7 sec [total]
done with H-- for K = 32.00-38.05 Q = 53.82-64.00 after 6462.8 sec [total]
done with UU for K = 38.05-45.25 Q = 53.82-64.00 after 6463.9 sec [total]
done with BB for K = 38.05-45.25 Q = 53.82-64.00 after 6464.9 sec [total]
done with UBTa for K = 38.05-45.25 Q = 53.82-64.00 after 6465.1 sec [total]
done with UBTb for K = 38.05-45.25 Q = 53.82-64.00 after 6465.3 sec [total]
done with UBTbA for K = 38.05-45.25 Q = 53.82-64.00 after 6465.5 sec [total]
done with UBTbC for K = 38.05-45.25 Q = 53.82-64.00 after 6465.8 sec [total]
done with H for K = 38.05-45.25 Q = 53.82-64.00 after 6466.9 sec [total]
done with H++ for K = 38.05-45.25 Q = 53.82-64.00 after 6470.1 sec [total]
done with H+- for K = 38.05-45.25 Q = 53.82-64.00 after 6471.3 sec [total]
done with H-+ for K = 38.05-45.25 Q = 53.82-64.00 after 6472.4 sec [total]
done with H-- for K = 38.05-45.25 Q = 53.82-64.00 after 6473.4 sec [total]
done with UU for K = 45.25-53.82 Q = 53.82-64.00 after 6474.4 sec [total]
done with BB for K = 45.25-53.82 Q = 53.82-64.00 after 6475.5 sec [total]
done with UBTa for K = 45.25-53.82 Q = 53.82-64.00 after 6475.7 sec [total]
done with UBTb for K = 45.25-53.82 Q = 53.82-64.00 after 6475.9 sec [total]
done with UBTbA for K = 45.25-53.82 Q = 53.82-64.00 after 6476.1 sec [total]
done with UBTbC for K = 45.25-53.82 Q = 53.82-64.00 after 6476.5 sec [total]
done with H for K = 45.25-53.82 Q = 53.82-64.00 after 6477.5 sec [total]
done with H++ for K = 45.25-53.82 Q = 53.82-64.00 after 6480.6 sec [total]
done with H+- for K = 45.25-53.82 Q = 53.82-64.00 after 6481.8 sec [total]
done with H-+ for K = 45.25-53.82 Q = 53.82-64.00 after 6482.9 sec [total]
done with H-- for K = 45.25-53.82 Q = 53.82-64.00 after 6483.9 sec [total]
done with UU for K = 53.82-64.00 Q = 53.82-64.00 after 6485.1 sec [total]
done with BB for K = 53.82-64.00 Q = 53.82-64.00 after 6486.1 sec [total]
done with UBTa for K = 53.82-64.00 Q = 53.82-64.00 after 6486.3 sec [total]
done with UBTb for K = 53.82-64.00 Q = 53.82-64.00 after 6486.5 sec [total]
done with UBTbA for K = 53.82-64.00 Q = 53.82-64.00 after 6486.7 sec [total]
done with UBTbC for K = 53.82-64.00 Q = 53.82-64.00 after 6487.1 sec [total]
done with H for K = 53.82-64.00 Q = 53.82-64.00 after 6488.1 sec [total]
done with H++ for K = 53.82-64.00 Q = 53.82-64.00 after 6491.3 sec [total]
done with H+- for K = 53.82-64.00 Q = 53.82-64.00 after 6492.4 sec [total]
done with H-+ for K = 53.82-64.00 Q = 53.82-64.00 after 6493.5 sec [total]
done with H-- for K = 53.82-64.00 Q = 53.82-64.00 after 6494.6 sec [total]
done with UU for K = 64.00-76.11 Q = 53.82-64.00 after 6495.7 sec [total]
done with BB for K = 64.00-76.11 Q = 53.82-64.00 after 6496.7 sec [total]
done with UBTa for K = 64.00-76.11 Q = 53.82-64.00 after 6496.9 sec [total]
done with UBTb for K = 64.00-76.11 Q = 53.82-64.00 after 6497.1 sec [total]
done with UBTbA for K = 64.00-76.11 Q = 53.82-64.00 after 6497.3 sec [total]
done with UBTbC for K = 64.00-76.11 Q = 53.82-64.00 after 6497.7 sec [total]
done with H for K = 64.00-76.11 Q = 53.82-64.00 after 6498.7 sec [total]
done with H++ for K = 64.00-76.11 Q = 53.82-64.00 after 6502.0 sec [total]
done with H+- for K = 64.00-76.11 Q = 53.82-64.00 after 6503.0 sec [total]
done with H-+ for K = 64.00-76.11 Q = 53.82-64.00 after 6504.1 sec [total]
done with H-- for K = 64.00-76.11 Q = 53.82-64.00 after 6505.2 sec [total]
done with UU for K = 76.11-90.51 Q = 53.82-64.00 after 6506.3 sec [total]
done with BB for K = 76.11-90.51 Q = 53.82-64.00 after 6507.4 sec [total]
done with UBTa for K = 76.11-90.51 Q = 53.82-64.00 after 6507.6 sec [total]
done with UBTb for K = 76.11-90.51 Q = 53.82-64.00 after 6507.8 sec [total]
done with UBTbA for K = 76.11-90.51 Q = 53.82-64.00 after 6508.0 sec [total]
done with UBTbC for K = 76.11-90.51 Q = 53.82-64.00 after 6508.3 sec [total]
done with H for K = 76.11-90.51 Q = 53.82-64.00 after 6509.4 sec [total]
done with H++ for K = 76.11-90.51 Q = 53.82-64.00 after 6512.6 sec [total]
done with H+- for K = 76.11-90.51 Q = 53.82-64.00 after 6513.7 sec [total]
done with H-+ for K = 76.11-90.51 Q = 53.82-64.00 after 6514.7 sec [total]
done with H-- for K = 76.11-90.51 Q = 53.82-64.00 after 6515.8 sec [total]
done with UU for K = 90.51-107.63 Q = 53.82-64.00 after 6516.9 sec [total]
done with BB for K = 90.51-107.63 Q = 53.82-64.00 after 6518.0 sec [total]
done with UBTa for K = 90.51-107.63 Q = 53.82-64.00 after 6518.1 sec [total]
done with UBTb for K = 90.51-107.63 Q = 53.82-64.00 after 6518.3 sec [total]
done with UBTbA for K = 90.51-107.63 Q = 53.82-64.00 after 6518.5 sec [total]
done with UBTbC for K = 90.51-107.63 Q = 53.82-64.00 after 6518.9 sec [total]
done with H for K = 90.51-107.63 Q = 53.82-64.00 after 6520.0 sec [total]
done with H++ for K = 90.51-107.63 Q = 53.82-64.00 after 6523.2 sec [total]
done with H+- for K = 90.51-107.63 Q = 53.82-64.00 after 6524.2 sec [total]
done with H-+ for K = 90.51-107.63 Q = 53.82-64.00 after 6525.3 sec [total]
done with H-- for K = 90.51-107.63 Q = 53.82-64.00 after 6526.5 sec [total]
done with UU for K = 107.63-128.00 Q = 53.82-64.00 after 6527.5 sec [total]
done with BB for K = 107.63-128.00 Q = 53.82-64.00 after 6528.6 sec [total]
done with UBTa for K = 107.63-128.00 Q = 53.82-64.00 after 6528.8 sec [total]
done with UBTb for K = 107.63-128.00 Q = 53.82-64.00 after 6529.0 sec [total]
done with UBTbA for K = 107.63-128.00 Q = 53.82-64.00 after 6529.2 sec [total]
done with UBTbC for K = 107.63-128.00 Q = 53.82-64.00 after 6529.6 sec [total]
done with H for K = 107.63-128.00 Q = 53.82-64.00 after 6530.6 sec [total]
done with H++ for K = 107.63-128.00 Q = 53.82-64.00 after 6533.8 sec [total]
done with H+- for K = 107.63-128.00 Q = 53.82-64.00 after 6535.0 sec [total]
done with H-+ for K = 107.63-128.00 Q = 53.82-64.00 after 6536.1 sec [total]
done with H-- for K = 107.63-128.00 Q = 53.82-64.00 after 6537.1 sec [total]
done with UU for K = 128.00-152.22 Q = 53.82-64.00 after 6538.2 sec [total]
done with BB for K = 128.00-152.22 Q = 53.82-64.00 after 6539.3 sec [total]
done with UBTa for K = 128.00-152.22 Q = 53.82-64.00 after 6539.4 sec [total]
done with UBTb for K = 128.00-152.22 Q = 53.82-64.00 after 6539.6 sec [total]
done with UBTbA for K = 128.00-152.22 Q = 53.82-64.00 after 6539.8 sec [total]
done with UBTbC for K = 128.00-152.22 Q = 53.82-64.00 after 6540.2 sec [total]
done with H for K = 128.00-152.22 Q = 53.82-64.00 after 6541.3 sec [total]
done with H++ for K = 128.00-152.22 Q = 53.82-64.00 after 6544.5 sec [total]
done with H+- for K = 128.00-152.22 Q = 53.82-64.00 after 6545.6 sec [total]
done with H-+ for K = 128.00-152.22 Q = 53.82-64.00 after 6546.8 sec [total]
done with H-- for K = 128.00-152.22 Q = 53.82-64.00 after 6547.7 sec [total]
done with UU for K = 152.22-181.02 Q = 53.82-64.00 after 6548.8 sec [total]
done with BB for K = 152.22-181.02 Q = 53.82-64.00 after 6549.8 sec [total]
done with UBTa for K = 152.22-181.02 Q = 53.82-64.00 after 6550.0 sec [total]
done with UBTb for K = 152.22-181.02 Q = 53.82-64.00 after 6550.2 sec [total]
done with UBTbA for K = 152.22-181.02 Q = 53.82-64.00 after 6550.4 sec [total]
done with UBTbC for K = 152.22-181.02 Q = 53.82-64.00 after 6550.8 sec [total]
done with H for K = 152.22-181.02 Q = 53.82-64.00 after 6551.8 sec [total]
done with H++ for K = 152.22-181.02 Q = 53.82-64.00 after 6555.1 sec [total]
done with H+- for K = 152.22-181.02 Q = 53.82-64.00 after 6556.1 sec [total]
done with H-+ for K = 152.22-181.02 Q = 53.82-64.00 after 6557.2 sec [total]
done with H-- for K = 152.22-181.02 Q = 53.82-64.00 after 6558.3 sec [total]
done with UU for K = 181.02-215.27 Q = 53.82-64.00 after 6559.4 sec [total]
done with BB for K = 181.02-215.27 Q = 53.82-64.00 after 6560.4 sec [total]
done with UBTa for K = 181.02-215.27 Q = 53.82-64.00 after 6560.6 sec [total]
done with UBTb for K = 181.02-215.27 Q = 53.82-64.00 after 6560.8 sec [total]
done with UBTbA for K = 181.02-215.27 Q = 53.82-64.00 after 6561.0 sec [total]
done with UBTbC for K = 181.02-215.27 Q = 53.82-64.00 after 6561.4 sec [total]
done with H for K = 181.02-215.27 Q = 53.82-64.00 after 6562.4 sec [total]
done with H++ for K = 181.02-215.27 Q = 53.82-64.00 after 6565.7 sec [total]
done with H+- for K = 181.02-215.27 Q = 53.82-64.00 after 6566.8 sec [total]
done with H-+ for K = 181.02-215.27 Q = 53.82-64.00 after 6567.9 sec [total]
done with H-- for K = 181.02-215.27 Q = 53.82-64.00 after 6568.9 sec [total]
done with UU for K = 215.27-256.00 Q = 53.82-64.00 after 6570.0 sec [total]
done with BB for K = 215.27-256.00 Q = 53.82-64.00 after 6571.1 sec [total]
done with UBTa for K = 215.27-256.00 Q = 53.82-64.00 after 6571.3 sec [total]
done with UBTb for K = 215.27-256.00 Q = 53.82-64.00 after 6571.5 sec [total]
done with UBTbA for K = 215.27-256.00 Q = 53.82-64.00 after 6571.7 sec [total]
done with UBTbC for K = 215.27-256.00 Q = 53.82-64.00 after 6572.1 sec [total]
done with H for K = 215.27-256.00 Q = 53.82-64.00 after 6573.1 sec [total]
done with H++ for K = 215.27-256.00 Q = 53.82-64.00 after 6576.4 sec [total]
done with H+- for K = 215.27-256.00 Q = 53.82-64.00 after 6577.5 sec [total]
done with H-+ for K = 215.27-256.00 Q = 53.82-64.00 after 6578.5 sec [total]
done with H-- for K = 215.27-256.00 Q = 53.82-64.00 after 6579.6 sec [total]
done with UU for K = 256.00-304.44 Q = 53.82-64.00 after 6580.7 sec [total]
done with BB for K = 256.00-304.44 Q = 53.82-64.00 after 6581.7 sec [total]
done with UBTa for K = 256.00-304.44 Q = 53.82-64.00 after 6581.9 sec [total]
done with UBTb for K = 256.00-304.44 Q = 53.82-64.00 after 6582.1 sec [total]
done with UBTbA for K = 256.00-304.44 Q = 53.82-64.00 after 6582.3 sec [total]
done with UBTbC for K = 256.00-304.44 Q = 53.82-64.00 after 6582.6 sec [total]
done with H for K = 256.00-304.44 Q = 53.82-64.00 after 6583.7 sec [total]
done with H++ for K = 256.00-304.44 Q = 53.82-64.00 after 6586.9 sec [total]
done with H+- for K = 256.00-304.44 Q = 53.82-64.00 after 6587.9 sec [total]
done with H-+ for K = 256.00-304.44 Q = 53.82-64.00 after 6589.1 sec [total]
done with H-- for K = 256.00-304.44 Q = 53.82-64.00 after 6590.2 sec [total]
done with UU for K = 304.44-362.04 Q = 53.82-64.00 after 6591.3 sec [total]
done with BB for K = 304.44-362.04 Q = 53.82-64.00 after 6592.3 sec [total]
done with UBTa for K = 304.44-362.04 Q = 53.82-64.00 after 6592.5 sec [total]
done with UBTb for K = 304.44-362.04 Q = 53.82-64.00 after 6592.7 sec [total]
done with UBTbA for K = 304.44-362.04 Q = 53.82-64.00 after 6592.9 sec [total]
done with UBTbC for K = 304.44-362.04 Q = 53.82-64.00 after 6593.3 sec [total]
done with H for K = 304.44-362.04 Q = 53.82-64.00 after 6594.4 sec [total]
done with H++ for K = 304.44-362.04 Q = 53.82-64.00 after 6597.6 sec [total]
done with H+- for K = 304.44-362.04 Q = 53.82-64.00 after 6598.6 sec [total]
done with H-+ for K = 304.44-362.04 Q = 53.82-64.00 after 6599.7 sec [total]
done with H-- for K = 304.44-362.04 Q = 53.82-64.00 after 6600.8 sec [total]
done with UU for K = 362.04-430.54 Q = 53.82-64.00 after 6601.9 sec [total]
done with BB for K = 362.04-430.54 Q = 53.82-64.00 after 6603.0 sec [total]
done with UBTa for K = 362.04-430.54 Q = 53.82-64.00 after 6603.2 sec [total]
done with UBTb for K = 362.04-430.54 Q = 53.82-64.00 after 6603.4 sec [total]
done with UBTbA for K = 362.04-430.54 Q = 53.82-64.00 after 6603.6 sec [total]
done with UBTbC for K = 362.04-430.54 Q = 53.82-64.00 after 6603.9 sec [total]
done with H for K = 362.04-430.54 Q = 53.82-64.00 after 6605.0 sec [total]
done with H++ for K = 362.04-430.54 Q = 53.82-64.00 after 6608.2 sec [total]
done with H+- for K = 362.04-430.54 Q = 53.82-64.00 after 6609.3 sec [total]
done with H-+ for K = 362.04-430.54 Q = 53.82-64.00 after 6610.4 sec [total]
done with H-- for K = 362.04-430.54 Q = 53.82-64.00 after 6611.4 sec [total]
done with UU for K = 430.54-512.00 Q = 53.82-64.00 after 6612.6 sec [total]
done with BB for K = 430.54-512.00 Q = 53.82-64.00 after 6613.6 sec [total]
done with UBTa for K = 430.54-512.00 Q = 53.82-64.00 after 6613.8 sec [total]
done with UBTb for K = 430.54-512.00 Q = 53.82-64.00 after 6614.0 sec [total]
done with UBTbA for K = 430.54-512.00 Q = 53.82-64.00 after 6614.2 sec [total]
done with UBTbC for K = 430.54-512.00 Q = 53.82-64.00 after 6614.6 sec [total]
done with H for K = 430.54-512.00 Q = 53.82-64.00 after 6615.6 sec [total]
done with H++ for K = 430.54-512.00 Q = 53.82-64.00 after 6618.9 sec [total]
done with H+- for K = 430.54-512.00 Q = 53.82-64.00 after 6620.0 sec [total]
done with H-+ for K = 430.54-512.00 Q = 53.82-64.00 after 6621.0 sec [total]
done with H-- for K = 430.54-512.00 Q = 53.82-64.00 after 6622.1 sec [total]
done with UU for K = 512.00-608.87 Q = 53.82-64.00 after 6623.1 sec [total]
done with BB for K = 512.00-608.87 Q = 53.82-64.00 after 6624.2 sec [total]
done with UBTa for K = 512.00-608.87 Q = 53.82-64.00 after 6624.4 sec [total]
done with UBTb for K = 512.00-608.87 Q = 53.82-64.00 after 6624.6 sec [total]
done with UBTbA for K = 512.00-608.87 Q = 53.82-64.00 after 6624.8 sec [total]
done with UBTbC for K = 512.00-608.87 Q = 53.82-64.00 after 6625.1 sec [total]
done with H for K = 512.00-608.87 Q = 53.82-64.00 after 6626.2 sec [total]
done with H++ for K = 512.00-608.87 Q = 53.82-64.00 after 6629.4 sec [total]
done with H+- for K = 512.00-608.87 Q = 53.82-64.00 after 6630.5 sec [total]
done with H-+ for K = 512.00-608.87 Q = 53.82-64.00 after 6631.6 sec [total]
done with H-- for K = 512.00-608.87 Q = 53.82-64.00 after 6632.6 sec [total]
done with UU for K = 608.87-724.08 Q = 53.82-64.00 after 6633.8 sec [total]
done with BB for K = 608.87-724.08 Q = 53.82-64.00 after 6634.9 sec [total]
done with UBTa for K = 608.87-724.08 Q = 53.82-64.00 after 6635.0 sec [total]
done with UBTb for K = 608.87-724.08 Q = 53.82-64.00 after 6635.2 sec [total]
done with UBTbA for K = 608.87-724.08 Q = 53.82-64.00 after 6635.5 sec [total]
done with UBTbC for K = 608.87-724.08 Q = 53.82-64.00 after 6635.8 sec [total]
done with H for K = 608.87-724.08 Q = 53.82-64.00 after 6636.9 sec [total]
done with H++ for K = 608.87-724.08 Q = 53.82-64.00 after 6640.1 sec [total]
done with H+- for K = 608.87-724.08 Q = 53.82-64.00 after 6641.1 sec [total]
done with H-+ for K = 608.87-724.08 Q = 53.82-64.00 after 6642.2 sec [total]
done with H-- for K = 608.87-724.08 Q = 53.82-64.00 after 6643.3 sec [total]
done with UU for K = 724.08-861.08 Q = 53.82-64.00 after 6644.4 sec [total]
done with BB for K = 724.08-861.08 Q = 53.82-64.00 after 6645.4 sec [total]
done with UBTa for K = 724.08-861.08 Q = 53.82-64.00 after 6645.6 sec [total]
done with UBTb for K = 724.08-861.08 Q = 53.82-64.00 after 6645.8 sec [total]
done with UBTbA for K = 724.08-861.08 Q = 53.82-64.00 after 6646.0 sec [total]
done with UBTbC for K = 724.08-861.08 Q = 53.82-64.00 after 6646.4 sec [total]
done with H for K = 724.08-861.08 Q = 53.82-64.00 after 6647.5 sec [total]
done with H++ for K = 724.08-861.08 Q = 53.82-64.00 after 6650.7 sec [total]
done with H+- for K = 724.08-861.08 Q = 53.82-64.00 after 6651.8 sec [total]
done with H-+ for K = 724.08-861.08 Q = 53.82-64.00 after 6652.9 sec [total]
done with H-- for K = 724.08-861.08 Q = 53.82-64.00 after 6653.9 sec [total]
done with UU for K = 861.08-1024.00 Q = 53.82-64.00 after 6655.1 sec [total]
done with BB for K = 861.08-1024.00 Q = 53.82-64.00 after 6656.1 sec [total]
done with UBTa for K = 861.08-1024.00 Q = 53.82-64.00 after 6656.3 sec [total]
done with UBTb for K = 861.08-1024.00 Q = 53.82-64.00 after 6656.5 sec [total]
done with UBTbA for K = 861.08-1024.00 Q = 53.82-64.00 after 6656.7 sec [total]
done with UBTbC for K = 861.08-1024.00 Q = 53.82-64.00 after 6657.0 sec [total]
done with H for K = 861.08-1024.00 Q = 53.82-64.00 after 6658.1 sec [total]
done with H++ for K = 861.08-1024.00 Q = 53.82-64.00 after 6661.3 sec [total]
done with H+- for K = 861.08-1024.00 Q = 53.82-64.00 after 6662.4 sec [total]
done with H-+ for K = 861.08-1024.00 Q = 53.82-64.00 after 6663.5 sec [total]
done with H-- for K = 861.08-1024.00 Q = 53.82-64.00 after 6664.5 sec [total]
done with UU for K = 0.00-3.36 Q = 64.00-76.11 after 6667.7 sec [total]
done with BB for K = 0.00-3.36 Q = 64.00-76.11 after 6670.9 sec [total]
done with UBTa for K = 0.00-3.36 Q = 64.00-76.11 after 6672.7 sec [total]
done with UBTb for K = 0.00-3.36 Q = 64.00-76.11 after 6674.4 sec [total]
done with UBTbA for K = 0.00-3.36 Q = 64.00-76.11 after 6676.1 sec [total]
done with UBTbC for K = 0.00-3.36 Q = 64.00-76.11 after 6676.5 sec [total]
done with H for K = 0.00-3.36 Q = 64.00-76.11 after 6677.6 sec [total]
done with H++ for K = 0.00-3.36 Q = 64.00-76.11 after 6680.9 sec [total]
done with H+- for K = 0.00-3.36 Q = 64.00-76.11 after 6681.9 sec [total]
done with H-+ for K = 0.00-3.36 Q = 64.00-76.11 after 6683.0 sec [total]
done with H-- for K = 0.00-3.36 Q = 64.00-76.11 after 6684.1 sec [total]
done with UU for K = 3.36-4.00 Q = 64.00-76.11 after 6685.2 sec [total]
done with BB for K = 3.36-4.00 Q = 64.00-76.11 after 6686.2 sec [total]
done with UBTa for K = 3.36-4.00 Q = 64.00-76.11 after 6686.4 sec [total]
done with UBTb for K = 3.36-4.00 Q = 64.00-76.11 after 6686.6 sec [total]
done with UBTbA for K = 3.36-4.00 Q = 64.00-76.11 after 6686.8 sec [total]
done with UBTbC for K = 3.36-4.00 Q = 64.00-76.11 after 6687.2 sec [total]
done with H for K = 3.36-4.00 Q = 64.00-76.11 after 6688.2 sec [total]
done with H++ for K = 3.36-4.00 Q = 64.00-76.11 after 6691.4 sec [total]
done with H+- for K = 3.36-4.00 Q = 64.00-76.11 after 6692.5 sec [total]
done with H-+ for K = 3.36-4.00 Q = 64.00-76.11 after 6693.6 sec [total]
done with H-- for K = 3.36-4.00 Q = 64.00-76.11 after 6694.7 sec [total]
done with UU for K = 4.00-4.76 Q = 64.00-76.11 after 6695.7 sec [total]
done with BB for K = 4.00-4.76 Q = 64.00-76.11 after 6696.8 sec [total]
done with UBTa for K = 4.00-4.76 Q = 64.00-76.11 after 6697.0 sec [total]
done with UBTb for K = 4.00-4.76 Q = 64.00-76.11 after 6697.2 sec [total]
done with UBTbA for K = 4.00-4.76 Q = 64.00-76.11 after 6697.4 sec [total]
done with UBTbC for K = 4.00-4.76 Q = 64.00-76.11 after 6697.7 sec [total]
done with H for K = 4.00-4.76 Q = 64.00-76.11 after 6698.8 sec [total]
done with H++ for K = 4.00-4.76 Q = 64.00-76.11 after 6701.9 sec [total]
done with H+- for K = 4.00-4.76 Q = 64.00-76.11 after 6703.1 sec [total]
done with H-+ for K = 4.00-4.76 Q = 64.00-76.11 after 6704.2 sec [total]
done with H-- for K = 4.00-4.76 Q = 64.00-76.11 after 6705.2 sec [total]
done with UU for K = 4.76-5.66 Q = 64.00-76.11 after 6706.4 sec [total]
done with BB for K = 4.76-5.66 Q = 64.00-76.11 after 6707.4 sec [total]
done with UBTa for K = 4.76-5.66 Q = 64.00-76.11 after 6707.6 sec [total]
done with UBTb for K = 4.76-5.66 Q = 64.00-76.11 after 6707.8 sec [total]
done with UBTbA for K = 4.76-5.66 Q = 64.00-76.11 after 6708.0 sec [total]
done with UBTbC for K = 4.76-5.66 Q = 64.00-76.11 after 6708.4 sec [total]
done with H for K = 4.76-5.66 Q = 64.00-76.11 after 6709.4 sec [total]
done with H++ for K = 4.76-5.66 Q = 64.00-76.11 after 6712.7 sec [total]
done with H+- for K = 4.76-5.66 Q = 64.00-76.11 after 6713.7 sec [total]
done with H-+ for K = 4.76-5.66 Q = 64.00-76.11 after 6714.8 sec [total]
done with H-- for K = 4.76-5.66 Q = 64.00-76.11 after 6715.9 sec [total]
done with UU for K = 5.66-6.73 Q = 64.00-76.11 after 6717.0 sec [total]
done with BB for K = 5.66-6.73 Q = 64.00-76.11 after 6718.1 sec [total]
done with UBTa for K = 5.66-6.73 Q = 64.00-76.11 after 6718.3 sec [total]
done with UBTb for K = 5.66-6.73 Q = 64.00-76.11 after 6718.5 sec [total]
done with UBTbA for K = 5.66-6.73 Q = 64.00-76.11 after 6718.7 sec [total]
done with UBTbC for K = 5.66-6.73 Q = 64.00-76.11 after 6719.0 sec [total]
done with H for K = 5.66-6.73 Q = 64.00-76.11 after 6720.1 sec [total]
done with H++ for K = 5.66-6.73 Q = 64.00-76.11 after 6723.3 sec [total]
done with H+- for K = 5.66-6.73 Q = 64.00-76.11 after 6724.4 sec [total]
done with H-+ for K = 5.66-6.73 Q = 64.00-76.11 after 6725.5 sec [total]
done with H-- for K = 5.66-6.73 Q = 64.00-76.11 after 6726.6 sec [total]
done with UU for K = 6.73-8.00 Q = 64.00-76.11 after 6727.7 sec [total]
done with BB for K = 6.73-8.00 Q = 64.00-76.11 after 6728.8 sec [total]
done with UBTa for K = 6.73-8.00 Q = 64.00-76.11 after 6729.0 sec [total]
done with UBTb for K = 6.73-8.00 Q = 64.00-76.11 after 6729.2 sec [total]
done with UBTbA for K = 6.73-8.00 Q = 64.00-76.11 after 6729.4 sec [total]
done with UBTbC for K = 6.73-8.00 Q = 64.00-76.11 after 6729.7 sec [total]
done with H for K = 6.73-8.00 Q = 64.00-76.11 after 6730.8 sec [total]
done with H++ for K = 6.73-8.00 Q = 64.00-76.11 after 6733.9 sec [total]
done with H+- for K = 6.73-8.00 Q = 64.00-76.11 after 6735.1 sec [total]
done with H-+ for K = 6.73-8.00 Q = 64.00-76.11 after 6736.2 sec [total]
done with H-- for K = 6.73-8.00 Q = 64.00-76.11 after 6737.2 sec [total]
done with UU for K = 8.00-9.51 Q = 64.00-76.11 after 6738.3 sec [total]
done with BB for K = 8.00-9.51 Q = 64.00-76.11 after 6739.4 sec [total]
done with UBTa for K = 8.00-9.51 Q = 64.00-76.11 after 6739.6 sec [total]
done with UBTb for K = 8.00-9.51 Q = 64.00-76.11 after 6739.7 sec [total]
done with UBTbA for K = 8.00-9.51 Q = 64.00-76.11 after 6739.9 sec [total]
done with UBTbC for K = 8.00-9.51 Q = 64.00-76.11 after 6740.3 sec [total]
done with H for K = 8.00-9.51 Q = 64.00-76.11 after 6741.4 sec [total]
done with H++ for K = 8.00-9.51 Q = 64.00-76.11 after 6744.6 sec [total]
done with H+- for K = 8.00-9.51 Q = 64.00-76.11 after 6745.7 sec [total]
done with H-+ for K = 8.00-9.51 Q = 64.00-76.11 after 6746.8 sec [total]
done with H-- for K = 8.00-9.51 Q = 64.00-76.11 after 6747.9 sec [total]
done with UU for K = 9.51-11.31 Q = 64.00-76.11 after 6748.9 sec [total]
done with BB for K = 9.51-11.31 Q = 64.00-76.11 after 6750.0 sec [total]
done with UBTa for K = 9.51-11.31 Q = 64.00-76.11 after 6750.2 sec [total]
done with UBTb for K = 9.51-11.31 Q = 64.00-76.11 after 6750.4 sec [total]
done with UBTbA for K = 9.51-11.31 Q = 64.00-76.11 after 6750.6 sec [total]
done with UBTbC for K = 9.51-11.31 Q = 64.00-76.11 after 6750.9 sec [total]
done with H for K = 9.51-11.31 Q = 64.00-76.11 after 6752.0 sec [total]
done with H++ for K = 9.51-11.31 Q = 64.00-76.11 after 6755.3 sec [total]
done with H+- for K = 9.51-11.31 Q = 64.00-76.11 after 6756.3 sec [total]
done with H-+ for K = 9.51-11.31 Q = 64.00-76.11 after 6757.4 sec [total]
done with H-- for K = 9.51-11.31 Q = 64.00-76.11 after 6758.5 sec [total]
done with UU for K = 11.31-13.45 Q = 64.00-76.11 after 6759.6 sec [total]
done with BB for K = 11.31-13.45 Q = 64.00-76.11 after 6760.7 sec [total]
done with UBTa for K = 11.31-13.45 Q = 64.00-76.11 after 6760.8 sec [total]
done with UBTb for K = 11.31-13.45 Q = 64.00-76.11 after 6761.0 sec [total]
done with UBTbA for K = 11.31-13.45 Q = 64.00-76.11 after 6761.2 sec [total]
done with UBTbC for K = 11.31-13.45 Q = 64.00-76.11 after 6761.6 sec [total]
done with H for K = 11.31-13.45 Q = 64.00-76.11 after 6762.7 sec [total]
done with H++ for K = 11.31-13.45 Q = 64.00-76.11 after 6766.0 sec [total]
done with H+- for K = 11.31-13.45 Q = 64.00-76.11 after 6767.0 sec [total]
done with H-+ for K = 11.31-13.45 Q = 64.00-76.11 after 6768.2 sec [total]
done with H-- for K = 11.31-13.45 Q = 64.00-76.11 after 6769.1 sec [total]
done with UU for K = 13.45-16.00 Q = 64.00-76.11 after 6770.2 sec [total]
done with BB for K = 13.45-16.00 Q = 64.00-76.11 after 6771.3 sec [total]
done with UBTa for K = 13.45-16.00 Q = 64.00-76.11 after 6771.5 sec [total]
done with UBTb for K = 13.45-16.00 Q = 64.00-76.11 after 6771.7 sec [total]
done with UBTbA for K = 13.45-16.00 Q = 64.00-76.11 after 6771.9 sec [total]
done with UBTbC for K = 13.45-16.00 Q = 64.00-76.11 after 6772.2 sec [total]
done with H for K = 13.45-16.00 Q = 64.00-76.11 after 6773.3 sec [total]
done with H++ for K = 13.45-16.00 Q = 64.00-76.11 after 6776.6 sec [total]
done with H+- for K = 13.45-16.00 Q = 64.00-76.11 after 6777.5 sec [total]
done with H-+ for K = 13.45-16.00 Q = 64.00-76.11 after 6778.7 sec [total]
done with H-- for K = 13.45-16.00 Q = 64.00-76.11 after 6779.7 sec [total]
done with UU for K = 16.00-19.03 Q = 64.00-76.11 after 6780.9 sec [total]
done with BB for K = 16.00-19.03 Q = 64.00-76.11 after 6782.0 sec [total]
done with UBTa for K = 16.00-19.03 Q = 64.00-76.11 after 6782.2 sec [total]
done with UBTb for K = 16.00-19.03 Q = 64.00-76.11 after 6782.4 sec [total]
done with UBTbA for K = 16.00-19.03 Q = 64.00-76.11 after 6782.6 sec [total]
done with UBTbC for K = 16.00-19.03 Q = 64.00-76.11 after 6782.9 sec [total]
done with H for K = 16.00-19.03 Q = 64.00-76.11 after 6784.0 sec [total]
done with H++ for K = 16.00-19.03 Q = 64.00-76.11 after 6787.2 sec [total]
done with H+- for K = 16.00-19.03 Q = 64.00-76.11 after 6788.2 sec [total]
done with H-+ for K = 16.00-19.03 Q = 64.00-76.11 after 6789.3 sec [total]
done with H-- for K = 16.00-19.03 Q = 64.00-76.11 after 6790.4 sec [total]
done with UU for K = 19.03-22.63 Q = 64.00-76.11 after 6791.6 sec [total]
done with BB for K = 19.03-22.63 Q = 64.00-76.11 after 6792.6 sec [total]
done with UBTa for K = 19.03-22.63 Q = 64.00-76.11 after 6792.8 sec [total]
done with UBTb for K = 19.03-22.63 Q = 64.00-76.11 after 6793.0 sec [total]
done with UBTbA for K = 19.03-22.63 Q = 64.00-76.11 after 6793.2 sec [total]
done with UBTbC for K = 19.03-22.63 Q = 64.00-76.11 after 6793.5 sec [total]
done with H for K = 19.03-22.63 Q = 64.00-76.11 after 6794.6 sec [total]
done with H++ for K = 19.03-22.63 Q = 64.00-76.11 after 6797.8 sec [total]
done with H+- for K = 19.03-22.63 Q = 64.00-76.11 after 6798.9 sec [total]
done with H-+ for K = 19.03-22.63 Q = 64.00-76.11 after 6800.0 sec [total]
done with H-- for K = 19.03-22.63 Q = 64.00-76.11 after 6801.1 sec [total]
done with UU for K = 22.63-26.91 Q = 64.00-76.11 after 6802.2 sec [total]
done with BB for K = 22.63-26.91 Q = 64.00-76.11 after 6803.2 sec [total]
done with UBTa for K = 22.63-26.91 Q = 64.00-76.11 after 6803.4 sec [total]
done with UBTb for K = 22.63-26.91 Q = 64.00-76.11 after 6803.6 sec [total]
done with UBTbA for K = 22.63-26.91 Q = 64.00-76.11 after 6803.8 sec [total]
done with UBTbC for K = 22.63-26.91 Q = 64.00-76.11 after 6804.2 sec [total]
done with H for K = 22.63-26.91 Q = 64.00-76.11 after 6805.2 sec [total]
done with H++ for K = 22.63-26.91 Q = 64.00-76.11 after 6808.4 sec [total]
done with H+- for K = 22.63-26.91 Q = 64.00-76.11 after 6809.5 sec [total]
done with H-+ for K = 22.63-26.91 Q = 64.00-76.11 after 6810.6 sec [total]
done with H-- for K = 22.63-26.91 Q = 64.00-76.11 after 6811.7 sec [total]
done with UU for K = 26.91-32.00 Q = 64.00-76.11 after 6812.8 sec [total]
done with BB for K = 26.91-32.00 Q = 64.00-76.11 after 6813.9 sec [total]
done with UBTa for K = 26.91-32.00 Q = 64.00-76.11 after 6814.1 sec [total]
done with UBTb for K = 26.91-32.00 Q = 64.00-76.11 after 6814.3 sec [total]
done with UBTbA for K = 26.91-32.00 Q = 64.00-76.11 after 6814.5 sec [total]
done with UBTbC for K = 26.91-32.00 Q = 64.00-76.11 after 6814.8 sec [total]
done with H for K = 26.91-32.00 Q = 64.00-76.11 after 6815.9 sec [total]
done with H++ for K = 26.91-32.00 Q = 64.00-76.11 after 6819.1 sec [total]
done with H+- for K = 26.91-32.00 Q = 64.00-76.11 after 6820.2 sec [total]
done with H-+ for K = 26.91-32.00 Q = 64.00-76.11 after 6821.3 sec [total]
done with H-- for K = 26.91-32.00 Q = 64.00-76.11 after 6822.4 sec [total]
done with UU for K = 32.00-38.05 Q = 64.00-76.11 after 6823.5 sec [total]
done with BB for K = 32.00-38.05 Q = 64.00-76.11 after 6824.5 sec [total]
done with UBTa for K = 32.00-38.05 Q = 64.00-76.11 after 6824.7 sec [total]
done with UBTb for K = 32.00-38.05 Q = 64.00-76.11 after 6824.9 sec [total]
done with UBTbA for K = 32.00-38.05 Q = 64.00-76.11 after 6825.1 sec [total]
done with UBTbC for K = 32.00-38.05 Q = 64.00-76.11 after 6825.5 sec [total]
done with H for K = 32.00-38.05 Q = 64.00-76.11 after 6826.6 sec [total]
done with H++ for K = 32.00-38.05 Q = 64.00-76.11 after 6829.7 sec [total]
done with H+- for K = 32.00-38.05 Q = 64.00-76.11 after 6830.9 sec [total]
done with H-+ for K = 32.00-38.05 Q = 64.00-76.11 after 6831.9 sec [total]
done with H-- for K = 32.00-38.05 Q = 64.00-76.11 after 6833.0 sec [total]
done with UU for K = 38.05-45.25 Q = 64.00-76.11 after 6834.1 sec [total]
done with BB for K = 38.05-45.25 Q = 64.00-76.11 after 6835.2 sec [total]
done with UBTa for K = 38.05-45.25 Q = 64.00-76.11 after 6835.4 sec [total]
done with UBTb for K = 38.05-45.25 Q = 64.00-76.11 after 6835.6 sec [total]
done with UBTbA for K = 38.05-45.25 Q = 64.00-76.11 after 6835.8 sec [total]
done with UBTbC for K = 38.05-45.25 Q = 64.00-76.11 after 6836.1 sec [total]
done with H for K = 38.05-45.25 Q = 64.00-76.11 after 6837.2 sec [total]
done with H++ for K = 38.05-45.25 Q = 64.00-76.11 after 6840.4 sec [total]
done with H+- for K = 38.05-45.25 Q = 64.00-76.11 after 6841.4 sec [total]
done with H-+ for K = 38.05-45.25 Q = 64.00-76.11 after 6842.6 sec [total]
done with H-- for K = 38.05-45.25 Q = 64.00-76.11 after 6843.6 sec [total]
done with UU for K = 45.25-53.82 Q = 64.00-76.11 after 6844.7 sec [total]
done with BB for K = 45.25-53.82 Q = 64.00-76.11 after 6845.8 sec [total]
done with UBTa for K = 45.25-53.82 Q = 64.00-76.11 after 6846.0 sec [total]
done with UBTb for K = 45.25-53.82 Q = 64.00-76.11 after 6846.2 sec [total]
done with UBTbA for K = 45.25-53.82 Q = 64.00-76.11 after 6846.4 sec [total]
done with UBTbC for K = 45.25-53.82 Q = 64.00-76.11 after 6846.7 sec [total]
done with H for K = 45.25-53.82 Q = 64.00-76.11 after 6847.8 sec [total]
done with H++ for K = 45.25-53.82 Q = 64.00-76.11 after 6851.0 sec [total]
done with H+- for K = 45.25-53.82 Q = 64.00-76.11 after 6852.1 sec [total]
done with H-+ for K = 45.25-53.82 Q = 64.00-76.11 after 6853.3 sec [total]
done with H-- for K = 45.25-53.82 Q = 64.00-76.11 after 6854.3 sec [total]
done with UU for K = 53.82-64.00 Q = 64.00-76.11 after 6855.4 sec [total]
done with BB for K = 53.82-64.00 Q = 64.00-76.11 after 6856.4 sec [total]
done with UBTa for K = 53.82-64.00 Q = 64.00-76.11 after 6856.6 sec [total]
done with UBTb for K = 53.82-64.00 Q = 64.00-76.11 after 6856.8 sec [total]
done with UBTbA for K = 53.82-64.00 Q = 64.00-76.11 after 6857.0 sec [total]
done with UBTbC for K = 53.82-64.00 Q = 64.00-76.11 after 6857.4 sec [total]
done with H for K = 53.82-64.00 Q = 64.00-76.11 after 6858.4 sec [total]
done with H++ for K = 53.82-64.00 Q = 64.00-76.11 after 6861.6 sec [total]
done with H+- for K = 53.82-64.00 Q = 64.00-76.11 after 6862.7 sec [total]
done with H-+ for K = 53.82-64.00 Q = 64.00-76.11 after 6863.8 sec [total]
done with H-- for K = 53.82-64.00 Q = 64.00-76.11 after 6864.8 sec [total]
done with UU for K = 64.00-76.11 Q = 64.00-76.11 after 6866.0 sec [total]
done with BB for K = 64.00-76.11 Q = 64.00-76.11 after 6867.0 sec [total]
done with UBTa for K = 64.00-76.11 Q = 64.00-76.11 after 6867.2 sec [total]
done with UBTb for K = 64.00-76.11 Q = 64.00-76.11 after 6867.3 sec [total]
done with UBTbA for K = 64.00-76.11 Q = 64.00-76.11 after 6867.5 sec [total]
done with UBTbC for K = 64.00-76.11 Q = 64.00-76.11 after 6867.9 sec [total]
done with H for K = 64.00-76.11 Q = 64.00-76.11 after 6869.0 sec [total]
done with H++ for K = 64.00-76.11 Q = 64.00-76.11 after 6872.2 sec [total]
done with H+- for K = 64.00-76.11 Q = 64.00-76.11 after 6873.3 sec [total]
done with H-+ for K = 64.00-76.11 Q = 64.00-76.11 after 6874.4 sec [total]
done with H-- for K = 64.00-76.11 Q = 64.00-76.11 after 6875.5 sec [total]
done with UU for K = 76.11-90.51 Q = 64.00-76.11 after 6876.6 sec [total]
done with BB for K = 76.11-90.51 Q = 64.00-76.11 after 6877.6 sec [total]
done with UBTa for K = 76.11-90.51 Q = 64.00-76.11 after 6877.8 sec [total]
done with UBTb for K = 76.11-90.51 Q = 64.00-76.11 after 6878.0 sec [total]
done with UBTbA for K = 76.11-90.51 Q = 64.00-76.11 after 6878.2 sec [total]
done with UBTbC for K = 76.11-90.51 Q = 64.00-76.11 after 6878.6 sec [total]
done with H for K = 76.11-90.51 Q = 64.00-76.11 after 6879.6 sec [total]
done with H++ for K = 76.11-90.51 Q = 64.00-76.11 after 6882.9 sec [total]
done with H+- for K = 76.11-90.51 Q = 64.00-76.11 after 6884.0 sec [total]
done with H-+ for K = 76.11-90.51 Q = 64.00-76.11 after 6885.0 sec [total]
done with H-- for K = 76.11-90.51 Q = 64.00-76.11 after 6886.1 sec [total]
done with UU for K = 90.51-107.63 Q = 64.00-76.11 after 6887.2 sec [total]
done with BB for K = 90.51-107.63 Q = 64.00-76.11 after 6888.3 sec [total]
done with UBTa for K = 90.51-107.63 Q = 64.00-76.11 after 6888.4 sec [total]
done with UBTb for K = 90.51-107.63 Q = 64.00-76.11 after 6888.6 sec [total]
done with UBTbA for K = 90.51-107.63 Q = 64.00-76.11 after 6888.9 sec [total]
done with UBTbC for K = 90.51-107.63 Q = 64.00-76.11 after 6889.2 sec [total]
done with H for K = 90.51-107.63 Q = 64.00-76.11 after 6890.2 sec [total]
done with H++ for K = 90.51-107.63 Q = 64.00-76.11 after 6893.6 sec [total]
done with H+- for K = 90.51-107.63 Q = 64.00-76.11 after 6894.6 sec [total]
done with H-+ for K = 90.51-107.63 Q = 64.00-76.11 after 6895.7 sec [total]
done with H-- for K = 90.51-107.63 Q = 64.00-76.11 after 6896.7 sec [total]
done with UU for K = 107.63-128.00 Q = 64.00-76.11 after 6897.8 sec [total]
done with BB for K = 107.63-128.00 Q = 64.00-76.11 after 6898.8 sec [total]
done with UBTa for K = 107.63-128.00 Q = 64.00-76.11 after 6899.0 sec [total]
done with UBTb for K = 107.63-128.00 Q = 64.00-76.11 after 6899.2 sec [total]
done with UBTbA for K = 107.63-128.00 Q = 64.00-76.11 after 6899.4 sec [total]
done with UBTbC for K = 107.63-128.00 Q = 64.00-76.11 after 6899.8 sec [total]
done with H for K = 107.63-128.00 Q = 64.00-76.11 after 6900.8 sec [total]
done with H++ for K = 107.63-128.00 Q = 64.00-76.11 after 6904.0 sec [total]
done with H+- for K = 107.63-128.00 Q = 64.00-76.11 after 6905.1 sec [total]
done with H-+ for K = 107.63-128.00 Q = 64.00-76.11 after 6906.3 sec [total]
done with H-- for K = 107.63-128.00 Q = 64.00-76.11 after 6907.3 sec [total]
done with UU for K = 128.00-152.22 Q = 64.00-76.11 after 6908.4 sec [total]
done with BB for K = 128.00-152.22 Q = 64.00-76.11 after 6909.5 sec [total]
done with UBTa for K = 128.00-152.22 Q = 64.00-76.11 after 6909.7 sec [total]
done with UBTb for K = 128.00-152.22 Q = 64.00-76.11 after 6909.9 sec [total]
done with UBTbA for K = 128.00-152.22 Q = 64.00-76.11 after 6910.1 sec [total]
done with UBTbC for K = 128.00-152.22 Q = 64.00-76.11 after 6910.5 sec [total]
done with H for K = 128.00-152.22 Q = 64.00-76.11 after 6911.5 sec [total]
done with H++ for K = 128.00-152.22 Q = 64.00-76.11 after 6914.7 sec [total]
done with H+- for K = 128.00-152.22 Q = 64.00-76.11 after 6915.9 sec [total]
done with H-+ for K = 128.00-152.22 Q = 64.00-76.11 after 6917.2 sec [total]
done with H-- for K = 128.00-152.22 Q = 64.00-76.11 after 6918.0 sec [total]
done with UU for K = 152.22-181.02 Q = 64.00-76.11 after 6919.1 sec [total]
done with BB for K = 152.22-181.02 Q = 64.00-76.11 after 6920.2 sec [total]
done with UBTa for K = 152.22-181.02 Q = 64.00-76.11 after 6920.4 sec [total]
done with UBTb for K = 152.22-181.02 Q = 64.00-76.11 after 6920.5 sec [total]
done with UBTbA for K = 152.22-181.02 Q = 64.00-76.11 after 6920.7 sec [total]
done with UBTbC for K = 152.22-181.02 Q = 64.00-76.11 after 6921.1 sec [total]
done with H for K = 152.22-181.02 Q = 64.00-76.11 after 6922.2 sec [total]
done with H++ for K = 152.22-181.02 Q = 64.00-76.11 after 6925.4 sec [total]
done with H+- for K = 152.22-181.02 Q = 64.00-76.11 after 6926.5 sec [total]
done with H-+ for K = 152.22-181.02 Q = 64.00-76.11 after 6927.6 sec [total]
done with H-- for K = 152.22-181.02 Q = 64.00-76.11 after 6928.6 sec [total]
done with UU for K = 181.02-215.27 Q = 64.00-76.11 after 6929.7 sec [total]
done with BB for K = 181.02-215.27 Q = 64.00-76.11 after 6930.8 sec [total]
done with UBTa for K = 181.02-215.27 Q = 64.00-76.11 after 6931.0 sec [total]
done with UBTb for K = 181.02-215.27 Q = 64.00-76.11 after 6931.2 sec [total]
done with UBTbA for K = 181.02-215.27 Q = 64.00-76.11 after 6931.4 sec [total]
done with UBTbC for K = 181.02-215.27 Q = 64.00-76.11 after 6931.8 sec [total]
done with H for K = 181.02-215.27 Q = 64.00-76.11 after 6932.8 sec [total]
done with H++ for K = 181.02-215.27 Q = 64.00-76.11 after 6936.1 sec [total]
done with H+- for K = 181.02-215.27 Q = 64.00-76.11 after 6937.1 sec [total]
done with H-+ for K = 181.02-215.27 Q = 64.00-76.11 after 6938.3 sec [total]
done with H-- for K = 181.02-215.27 Q = 64.00-76.11 after 6939.3 sec [total]
done with UU for K = 215.27-256.00 Q = 64.00-76.11 after 6940.3 sec [total]
done with BB for K = 215.27-256.00 Q = 64.00-76.11 after 6941.4 sec [total]
done with UBTa for K = 215.27-256.00 Q = 64.00-76.11 after 6941.6 sec [total]
done with UBTb for K = 215.27-256.00 Q = 64.00-76.11 after 6941.8 sec [total]
done with UBTbA for K = 215.27-256.00 Q = 64.00-76.11 after 6942.0 sec [total]
done with UBTbC for K = 215.27-256.00 Q = 64.00-76.11 after 6942.3 sec [total]
done with H for K = 215.27-256.00 Q = 64.00-76.11 after 6943.4 sec [total]
done with H++ for K = 215.27-256.00 Q = 64.00-76.11 after 6946.6 sec [total]
done with H+- for K = 215.27-256.00 Q = 64.00-76.11 after 6947.7 sec [total]
done with H-+ for K = 215.27-256.00 Q = 64.00-76.11 after 6948.8 sec [total]
done with H-- for K = 215.27-256.00 Q = 64.00-76.11 after 6949.9 sec [total]
done with UU for K = 256.00-304.44 Q = 64.00-76.11 after 6951.0 sec [total]
done with BB for K = 256.00-304.44 Q = 64.00-76.11 after 6952.0 sec [total]
done with UBTa for K = 256.00-304.44 Q = 64.00-76.11 after 6952.2 sec [total]
done with UBTb for K = 256.00-304.44 Q = 64.00-76.11 after 6952.4 sec [total]
done with UBTbA for K = 256.00-304.44 Q = 64.00-76.11 after 6952.6 sec [total]
done with UBTbC for K = 256.00-304.44 Q = 64.00-76.11 after 6952.9 sec [total]
done with H for K = 256.00-304.44 Q = 64.00-76.11 after 6954.0 sec [total]
done with H++ for K = 256.00-304.44 Q = 64.00-76.11 after 6957.2 sec [total]
done with H+- for K = 256.00-304.44 Q = 64.00-76.11 after 6958.3 sec [total]
done with H-+ for K = 256.00-304.44 Q = 64.00-76.11 after 6959.4 sec [total]
done with H-- for K = 256.00-304.44 Q = 64.00-76.11 after 6960.4 sec [total]
done with UU for K = 304.44-362.04 Q = 64.00-76.11 after 6961.6 sec [total]
done with BB for K = 304.44-362.04 Q = 64.00-76.11 after 6962.7 sec [total]
done with UBTa for K = 304.44-362.04 Q = 64.00-76.11 after 6962.8 sec [total]
done with UBTb for K = 304.44-362.04 Q = 64.00-76.11 after 6963.0 sec [total]
done with UBTbA for K = 304.44-362.04 Q = 64.00-76.11 after 6963.2 sec [total]
done with UBTbC for K = 304.44-362.04 Q = 64.00-76.11 after 6963.6 sec [total]
done with H for K = 304.44-362.04 Q = 64.00-76.11 after 6964.7 sec [total]
done with H++ for K = 304.44-362.04 Q = 64.00-76.11 after 6967.9 sec [total]
done with H+- for K = 304.44-362.04 Q = 64.00-76.11 after 6969.0 sec [total]
done with H-+ for K = 304.44-362.04 Q = 64.00-76.11 after 6970.1 sec [total]
done with H-- for K = 304.44-362.04 Q = 64.00-76.11 after 6971.2 sec [total]
done with UU for K = 362.04-430.54 Q = 64.00-76.11 after 6972.2 sec [total]
done with BB for K = 362.04-430.54 Q = 64.00-76.11 after 6973.3 sec [total]
done with UBTa for K = 362.04-430.54 Q = 64.00-76.11 after 6973.5 sec [total]
done with UBTb for K = 362.04-430.54 Q = 64.00-76.11 after 6973.7 sec [total]
done with UBTbA for K = 362.04-430.54 Q = 64.00-76.11 after 6973.9 sec [total]
done with UBTbC for K = 362.04-430.54 Q = 64.00-76.11 after 6974.3 sec [total]
done with H for K = 362.04-430.54 Q = 64.00-76.11 after 6975.3 sec [total]
done with H++ for K = 362.04-430.54 Q = 64.00-76.11 after 6978.5 sec [total]
done with H+- for K = 362.04-430.54 Q = 64.00-76.11 after 6979.6 sec [total]
done with H-+ for K = 362.04-430.54 Q = 64.00-76.11 after 6980.7 sec [total]
done with H-- for K = 362.04-430.54 Q = 64.00-76.11 after 6981.8 sec [total]
done with UU for K = 430.54-512.00 Q = 64.00-76.11 after 6982.9 sec [total]
done with BB for K = 430.54-512.00 Q = 64.00-76.11 after 6983.9 sec [total]
done with UBTa for K = 430.54-512.00 Q = 64.00-76.11 after 6984.2 sec [total]
done with UBTb for K = 430.54-512.00 Q = 64.00-76.11 after 6984.4 sec [total]
done with UBTbA for K = 430.54-512.00 Q = 64.00-76.11 after 6984.6 sec [total]
done with UBTbC for K = 430.54-512.00 Q = 64.00-76.11 after 6984.9 sec [total]
done with H for K = 430.54-512.00 Q = 64.00-76.11 after 6985.9 sec [total]
done with H++ for K = 430.54-512.00 Q = 64.00-76.11 after 6989.1 sec [total]
done with H+- for K = 430.54-512.00 Q = 64.00-76.11 after 6990.2 sec [total]
done with H-+ for K = 430.54-512.00 Q = 64.00-76.11 after 6991.3 sec [total]
done with H-- for K = 430.54-512.00 Q = 64.00-76.11 after 6992.4 sec [total]
done with UU for K = 512.00-608.87 Q = 64.00-76.11 after 6993.4 sec [total]
done with BB for K = 512.00-608.87 Q = 64.00-76.11 after 6994.6 sec [total]
done with UBTa for K = 512.00-608.87 Q = 64.00-76.11 after 6994.7 sec [total]
done with UBTb for K = 512.00-608.87 Q = 64.00-76.11 after 6994.9 sec [total]
done with UBTbA for K = 512.00-608.87 Q = 64.00-76.11 after 6995.1 sec [total]
done with UBTbC for K = 512.00-608.87 Q = 64.00-76.11 after 6995.5 sec [total]
done with H for K = 512.00-608.87 Q = 64.00-76.11 after 6996.6 sec [total]
done with H++ for K = 512.00-608.87 Q = 64.00-76.11 after 6999.8 sec [total]
done with H+- for K = 512.00-608.87 Q = 64.00-76.11 after 7000.9 sec [total]
done with H-+ for K = 512.00-608.87 Q = 64.00-76.11 after 7002.0 sec [total]
done with H-- for K = 512.00-608.87 Q = 64.00-76.11 after 7003.0 sec [total]
done with UU for K = 608.87-724.08 Q = 64.00-76.11 after 7004.1 sec [total]
done with BB for K = 608.87-724.08 Q = 64.00-76.11 after 7005.2 sec [total]
done with UBTa for K = 608.87-724.08 Q = 64.00-76.11 after 7005.3 sec [total]
done with UBTb for K = 608.87-724.08 Q = 64.00-76.11 after 7005.5 sec [total]
done with UBTbA for K = 608.87-724.08 Q = 64.00-76.11 after 7005.7 sec [total]
done with UBTbC for K = 608.87-724.08 Q = 64.00-76.11 after 7006.2 sec [total]
done with H for K = 608.87-724.08 Q = 64.00-76.11 after 7007.2 sec [total]
done with H++ for K = 608.87-724.08 Q = 64.00-76.11 after 7010.3 sec [total]
done with H+- for K = 608.87-724.08 Q = 64.00-76.11 after 7011.5 sec [total]
done with H-+ for K = 608.87-724.08 Q = 64.00-76.11 after 7012.6 sec [total]
done with H-- for K = 608.87-724.08 Q = 64.00-76.11 after 7013.6 sec [total]
done with UU for K = 724.08-861.08 Q = 64.00-76.11 after 7014.7 sec [total]
done with BB for K = 724.08-861.08 Q = 64.00-76.11 after 7015.8 sec [total]
done with UBTa for K = 724.08-861.08 Q = 64.00-76.11 after 7016.0 sec [total]
done with UBTb for K = 724.08-861.08 Q = 64.00-76.11 after 7016.2 sec [total]
done with UBTbA for K = 724.08-861.08 Q = 64.00-76.11 after 7016.3 sec [total]
done with UBTbC for K = 724.08-861.08 Q = 64.00-76.11 after 7016.7 sec [total]
done with H for K = 724.08-861.08 Q = 64.00-76.11 after 7017.8 sec [total]
done with H++ for K = 724.08-861.08 Q = 64.00-76.11 after 7021.0 sec [total]
done with H+- for K = 724.08-861.08 Q = 64.00-76.11 after 7022.1 sec [total]
done with H-+ for K = 724.08-861.08 Q = 64.00-76.11 after 7023.2 sec [total]
done with H-- for K = 724.08-861.08 Q = 64.00-76.11 after 7024.3 sec [total]
done with UU for K = 861.08-1024.00 Q = 64.00-76.11 after 7025.4 sec [total]
done with BB for K = 861.08-1024.00 Q = 64.00-76.11 after 7026.5 sec [total]
done with UBTa for K = 861.08-1024.00 Q = 64.00-76.11 after 7026.6 sec [total]
done with UBTb for K = 861.08-1024.00 Q = 64.00-76.11 after 7026.8 sec [total]
done with UBTbA for K = 861.08-1024.00 Q = 64.00-76.11 after 7027.0 sec [total]
done with UBTbC for K = 861.08-1024.00 Q = 64.00-76.11 after 7027.4 sec [total]
done with H for K = 861.08-1024.00 Q = 64.00-76.11 after 7028.5 sec [total]
done with H++ for K = 861.08-1024.00 Q = 64.00-76.11 after 7031.7 sec [total]
done with H+- for K = 861.08-1024.00 Q = 64.00-76.11 after 7032.7 sec [total]
done with H-+ for K = 861.08-1024.00 Q = 64.00-76.11 after 7033.8 sec [total]
done with H-- for K = 861.08-1024.00 Q = 64.00-76.11 after 7034.9 sec [total]
done with UU for K = 0.00-3.36 Q = 76.11-90.51 after 7038.1 sec [total]
done with BB for K = 0.00-3.36 Q = 76.11-90.51 after 7041.2 sec [total]
done with UBTa for K = 0.00-3.36 Q = 76.11-90.51 after 7043.0 sec [total]
done with UBTb for K = 0.00-3.36 Q = 76.11-90.51 after 7044.8 sec [total]
done with UBTbA for K = 0.00-3.36 Q = 76.11-90.51 after 7046.5 sec [total]
done with UBTbC for K = 0.00-3.36 Q = 76.11-90.51 after 7046.9 sec [total]
done with H for K = 0.00-3.36 Q = 76.11-90.51 after 7048.0 sec [total]
done with H++ for K = 0.00-3.36 Q = 76.11-90.51 after 7051.2 sec [total]
done with H+- for K = 0.00-3.36 Q = 76.11-90.51 after 7052.3 sec [total]
done with H-+ for K = 0.00-3.36 Q = 76.11-90.51 after 7053.4 sec [total]
done with H-- for K = 0.00-3.36 Q = 76.11-90.51 after 7054.5 sec [total]
done with UU for K = 3.36-4.00 Q = 76.11-90.51 after 7055.6 sec [total]
done with BB for K = 3.36-4.00 Q = 76.11-90.51 after 7056.6 sec [total]
done with UBTa for K = 3.36-4.00 Q = 76.11-90.51 after 7056.8 sec [total]
done with UBTb for K = 3.36-4.00 Q = 76.11-90.51 after 7057.0 sec [total]
done with UBTbA for K = 3.36-4.00 Q = 76.11-90.51 after 7057.3 sec [total]
done with UBTbC for K = 3.36-4.00 Q = 76.11-90.51 after 7057.6 sec [total]
done with H for K = 3.36-4.00 Q = 76.11-90.51 after 7058.6 sec [total]
done with H++ for K = 3.36-4.00 Q = 76.11-90.51 after 7061.9 sec [total]
done with H+- for K = 3.36-4.00 Q = 76.11-90.51 after 7062.9 sec [total]
done with H-+ for K = 3.36-4.00 Q = 76.11-90.51 after 7064.0 sec [total]
done with H-- for K = 3.36-4.00 Q = 76.11-90.51 after 7065.1 sec [total]
done with UU for K = 4.00-4.76 Q = 76.11-90.51 after 7066.2 sec [total]
done with BB for K = 4.00-4.76 Q = 76.11-90.51 after 7067.3 sec [total]
done with UBTa for K = 4.00-4.76 Q = 76.11-90.51 after 7067.4 sec [total]
done with UBTb for K = 4.00-4.76 Q = 76.11-90.51 after 7067.6 sec [total]
done with UBTbA for K = 4.00-4.76 Q = 76.11-90.51 after 7067.8 sec [total]
done with UBTbC for K = 4.00-4.76 Q = 76.11-90.51 after 7068.2 sec [total]
done with H for K = 4.00-4.76 Q = 76.11-90.51 after 7069.2 sec [total]
done with H++ for K = 4.00-4.76 Q = 76.11-90.51 after 7072.4 sec [total]
done with H+- for K = 4.00-4.76 Q = 76.11-90.51 after 7073.5 sec [total]
done with H-+ for K = 4.00-4.76 Q = 76.11-90.51 after 7074.6 sec [total]
done with H-- for K = 4.00-4.76 Q = 76.11-90.51 after 7075.7 sec [total]
done with UU for K = 4.76-5.66 Q = 76.11-90.51 after 7076.8 sec [total]
done with BB for K = 4.76-5.66 Q = 76.11-90.51 after 7077.9 sec [total]
done with UBTa for K = 4.76-5.66 Q = 76.11-90.51 after 7078.1 sec [total]
done with UBTb for K = 4.76-5.66 Q = 76.11-90.51 after 7078.2 sec [total]
done with UBTbA for K = 4.76-5.66 Q = 76.11-90.51 after 7078.4 sec [total]
done with UBTbC for K = 4.76-5.66 Q = 76.11-90.51 after 7078.8 sec [total]
done with H for K = 4.76-5.66 Q = 76.11-90.51 after 7079.9 sec [total]
done with H++ for K = 4.76-5.66 Q = 76.11-90.51 after 7083.1 sec [total]
done with H+- for K = 4.76-5.66 Q = 76.11-90.51 after 7084.2 sec [total]
done with H-+ for K = 4.76-5.66 Q = 76.11-90.51 after 7085.2 sec [total]
done with H-- for K = 4.76-5.66 Q = 76.11-90.51 after 7086.3 sec [total]
done with UU for K = 5.66-6.73 Q = 76.11-90.51 after 7087.4 sec [total]
done with BB for K = 5.66-6.73 Q = 76.11-90.51 after 7088.5 sec [total]
done with UBTa for K = 5.66-6.73 Q = 76.11-90.51 after 7088.7 sec [total]
done with UBTb for K = 5.66-6.73 Q = 76.11-90.51 after 7088.9 sec [total]
done with UBTbA for K = 5.66-6.73 Q = 76.11-90.51 after 7089.1 sec [total]
done with UBTbC for K = 5.66-6.73 Q = 76.11-90.51 after 7089.4 sec [total]
done with H for K = 5.66-6.73 Q = 76.11-90.51 after 7090.5 sec [total]
done with H++ for K = 5.66-6.73 Q = 76.11-90.51 after 7093.6 sec [total]
done with H+- for K = 5.66-6.73 Q = 76.11-90.51 after 7094.8 sec [total]
done with H-+ for K = 5.66-6.73 Q = 76.11-90.51 after 7095.8 sec [total]
done with H-- for K = 5.66-6.73 Q = 76.11-90.51 after 7096.9 sec [total]
done with UU for K = 6.73-8.00 Q = 76.11-90.51 after 7098.1 sec [total]
done with BB for K = 6.73-8.00 Q = 76.11-90.51 after 7099.1 sec [total]
done with UBTa for K = 6.73-8.00 Q = 76.11-90.51 after 7099.3 sec [total]
done with UBTb for K = 6.73-8.00 Q = 76.11-90.51 after 7099.5 sec [total]
done with UBTbA for K = 6.73-8.00 Q = 76.11-90.51 after 7099.7 sec [total]
done with UBTbC for K = 6.73-8.00 Q = 76.11-90.51 after 7100.1 sec [total]
done with H for K = 6.73-8.00 Q = 76.11-90.51 after 7101.1 sec [total]
done with H++ for K = 6.73-8.00 Q = 76.11-90.51 after 7104.3 sec [total]
done with H+- for K = 6.73-8.00 Q = 76.11-90.51 after 7105.5 sec [total]
done with H-+ for K = 6.73-8.00 Q = 76.11-90.51 after 7106.6 sec [total]
done with H-- for K = 6.73-8.00 Q = 76.11-90.51 after 7107.6 sec [total]
done with UU for K = 8.00-9.51 Q = 76.11-90.51 after 7108.7 sec [total]
done with BB for K = 8.00-9.51 Q = 76.11-90.51 after 7109.8 sec [total]
done with UBTa for K = 8.00-9.51 Q = 76.11-90.51 after 7110.0 sec [total]
done with UBTb for K = 8.00-9.51 Q = 76.11-90.51 after 7110.2 sec [total]
done with UBTbA for K = 8.00-9.51 Q = 76.11-90.51 after 7110.4 sec [total]
done with UBTbC for K = 8.00-9.51 Q = 76.11-90.51 after 7110.7 sec [total]
done with H for K = 8.00-9.51 Q = 76.11-90.51 after 7111.7 sec [total]
done with H++ for K = 8.00-9.51 Q = 76.11-90.51 after 7114.9 sec [total]
done with H+- for K = 8.00-9.51 Q = 76.11-90.51 after 7116.1 sec [total]
done with H-+ for K = 8.00-9.51 Q = 76.11-90.51 after 7117.2 sec [total]
done with H-- for K = 8.00-9.51 Q = 76.11-90.51 after 7118.2 sec [total]
done with UU for K = 9.51-11.31 Q = 76.11-90.51 after 7119.3 sec [total]
done with BB for K = 9.51-11.31 Q = 76.11-90.51 after 7120.4 sec [total]
done with UBTa for K = 9.51-11.31 Q = 76.11-90.51 after 7120.6 sec [total]
done with UBTb for K = 9.51-11.31 Q = 76.11-90.51 after 7120.8 sec [total]
done with UBTbA for K = 9.51-11.31 Q = 76.11-90.51 after 7121.0 sec [total]
done with UBTbC for K = 9.51-11.31 Q = 76.11-90.51 after 7121.3 sec [total]
done with H for K = 9.51-11.31 Q = 76.11-90.51 after 7122.4 sec [total]
done with H++ for K = 9.51-11.31 Q = 76.11-90.51 after 7125.7 sec [total]
done with H+- for K = 9.51-11.31 Q = 76.11-90.51 after 7126.7 sec [total]
done with H-+ for K = 9.51-11.31 Q = 76.11-90.51 after 7127.8 sec [total]
done with H-- for K = 9.51-11.31 Q = 76.11-90.51 after 7128.9 sec [total]
done with UU for K = 11.31-13.45 Q = 76.11-90.51 after 7130.0 sec [total]
done with BB for K = 11.31-13.45 Q = 76.11-90.51 after 7131.0 sec [total]
done with UBTa for K = 11.31-13.45 Q = 76.11-90.51 after 7131.2 sec [total]
done with UBTb for K = 11.31-13.45 Q = 76.11-90.51 after 7131.4 sec [total]
done with UBTbA for K = 11.31-13.45 Q = 76.11-90.51 after 7131.6 sec [total]
done with UBTbC for K = 11.31-13.45 Q = 76.11-90.51 after 7132.0 sec [total]
done with H for K = 11.31-13.45 Q = 76.11-90.51 after 7133.1 sec [total]
done with H++ for K = 11.31-13.45 Q = 76.11-90.51 after 7136.2 sec [total]
done with H+- for K = 11.31-13.45 Q = 76.11-90.51 after 7137.3 sec [total]
done with H-+ for K = 11.31-13.45 Q = 76.11-90.51 after 7138.5 sec [total]
done with H-- for K = 11.31-13.45 Q = 76.11-90.51 after 7139.5 sec [total]
done with UU for K = 13.45-16.00 Q = 76.11-90.51 after 7140.6 sec [total]
done with BB for K = 13.45-16.00 Q = 76.11-90.51 after 7141.6 sec [total]
done with UBTa for K = 13.45-16.00 Q = 76.11-90.51 after 7141.8 sec [total]
done with UBTb for K = 13.45-16.00 Q = 76.11-90.51 after 7142.0 sec [total]
done with UBTbA for K = 13.45-16.00 Q = 76.11-90.51 after 7142.2 sec [total]
done with UBTbC for K = 13.45-16.00 Q = 76.11-90.51 after 7142.6 sec [total]
done with H for K = 13.45-16.00 Q = 76.11-90.51 after 7143.7 sec [total]
done with H++ for K = 13.45-16.00 Q = 76.11-90.51 after 7146.9 sec [total]
done with H+- for K = 13.45-16.00 Q = 76.11-90.51 after 7147.9 sec [total]
done with H-+ for K = 13.45-16.00 Q = 76.11-90.51 after 7149.1 sec [total]
done with H-- for K = 13.45-16.00 Q = 76.11-90.51 after 7150.1 sec [total]
done with UU for K = 16.00-19.03 Q = 76.11-90.51 after 7151.2 sec [total]
done with BB for K = 16.00-19.03 Q = 76.11-90.51 after 7152.3 sec [total]
done with UBTa for K = 16.00-19.03 Q = 76.11-90.51 after 7152.5 sec [total]
done with UBTb for K = 16.00-19.03 Q = 76.11-90.51 after 7152.7 sec [total]
done with UBTbA for K = 16.00-19.03 Q = 76.11-90.51 after 7152.9 sec [total]
done with UBTbC for K = 16.00-19.03 Q = 76.11-90.51 after 7153.2 sec [total]
done with H for K = 16.00-19.03 Q = 76.11-90.51 after 7154.3 sec [total]
done with H++ for K = 16.00-19.03 Q = 76.11-90.51 after 7157.5 sec [total]
done with H+- for K = 16.00-19.03 Q = 76.11-90.51 after 7158.6 sec [total]
done with H-+ for K = 16.00-19.03 Q = 76.11-90.51 after 7159.6 sec [total]
done with H-- for K = 16.00-19.03 Q = 76.11-90.51 after 7160.7 sec [total]
done with UU for K = 19.03-22.63 Q = 76.11-90.51 after 7161.8 sec [total]
done with BB for K = 19.03-22.63 Q = 76.11-90.51 after 7162.9 sec [total]
done with UBTa for K = 19.03-22.63 Q = 76.11-90.51 after 7163.1 sec [total]
done with UBTb for K = 19.03-22.63 Q = 76.11-90.51 after 7163.3 sec [total]
done with UBTbA for K = 19.03-22.63 Q = 76.11-90.51 after 7163.5 sec [total]
done with UBTbC for K = 19.03-22.63 Q = 76.11-90.51 after 7163.8 sec [total]
done with H for K = 19.03-22.63 Q = 76.11-90.51 after 7164.9 sec [total]
done with H++ for K = 19.03-22.63 Q = 76.11-90.51 after 7168.1 sec [total]
done with H+- for K = 19.03-22.63 Q = 76.11-90.51 after 7169.2 sec [total]
done with H-+ for K = 19.03-22.63 Q = 76.11-90.51 after 7170.3 sec [total]
done with H-- for K = 19.03-22.63 Q = 76.11-90.51 after 7171.4 sec [total]
done with UU for K = 22.63-26.91 Q = 76.11-90.51 after 7172.4 sec [total]
done with BB for K = 22.63-26.91 Q = 76.11-90.51 after 7173.5 sec [total]
done with UBTa for K = 22.63-26.91 Q = 76.11-90.51 after 7173.6 sec [total]
done with UBTb for K = 22.63-26.91 Q = 76.11-90.51 after 7173.8 sec [total]
done with UBTbA for K = 22.63-26.91 Q = 76.11-90.51 after 7174.0 sec [total]
done with UBTbC for K = 22.63-26.91 Q = 76.11-90.51 after 7174.4 sec [total]
done with H for K = 22.63-26.91 Q = 76.11-90.51 after 7175.5 sec [total]
done with H++ for K = 22.63-26.91 Q = 76.11-90.51 after 7178.7 sec [total]
done with H+- for K = 22.63-26.91 Q = 76.11-90.51 after 7179.7 sec [total]
done with H-+ for K = 22.63-26.91 Q = 76.11-90.51 after 7180.9 sec [total]
done with H-- for K = 22.63-26.91 Q = 76.11-90.51 after 7181.9 sec [total]
done with UU for K = 26.91-32.00 Q = 76.11-90.51 after 7183.0 sec [total]
done with BB for K = 26.91-32.00 Q = 76.11-90.51 after 7184.1 sec [total]
done with UBTa for K = 26.91-32.00 Q = 76.11-90.51 after 7184.3 sec [total]
done with UBTb for K = 26.91-32.00 Q = 76.11-90.51 after 7184.5 sec [total]
done with UBTbA for K = 26.91-32.00 Q = 76.11-90.51 after 7184.7 sec [total]
done with UBTbC for K = 26.91-32.00 Q = 76.11-90.51 after 7185.0 sec [total]
done with H for K = 26.91-32.00 Q = 76.11-90.51 after 7186.1 sec [total]
done with H++ for K = 26.91-32.00 Q = 76.11-90.51 after 7189.3 sec [total]
done with H+- for K = 26.91-32.00 Q = 76.11-90.51 after 7190.4 sec [total]
done with H-+ for K = 26.91-32.00 Q = 76.11-90.51 after 7191.5 sec [total]
done with H-- for K = 26.91-32.00 Q = 76.11-90.51 after 7192.6 sec [total]
done with UU for K = 32.00-38.05 Q = 76.11-90.51 after 7193.7 sec [total]
done with BB for K = 32.00-38.05 Q = 76.11-90.51 after 7194.8 sec [total]
done with UBTa for K = 32.00-38.05 Q = 76.11-90.51 after 7195.0 sec [total]
done with UBTb for K = 32.00-38.05 Q = 76.11-90.51 after 7195.2 sec [total]
done with UBTbA for K = 32.00-38.05 Q = 76.11-90.51 after 7195.4 sec [total]
done with UBTbC for K = 32.00-38.05 Q = 76.11-90.51 after 7195.7 sec [total]
done with H for K = 32.00-38.05 Q = 76.11-90.51 after 7196.8 sec [total]
done with H++ for K = 32.00-38.05 Q = 76.11-90.51 after 7200.1 sec [total]
done with H+- for K = 32.00-38.05 Q = 76.11-90.51 after 7201.1 sec [total]
done with H-+ for K = 32.00-38.05 Q = 76.11-90.51 after 7202.2 sec [total]
done with H-- for K = 32.00-38.05 Q = 76.11-90.51 after 7203.3 sec [total]
done with UU for K = 38.05-45.25 Q = 76.11-90.51 after 7204.4 sec [total]
done with BB for K = 38.05-45.25 Q = 76.11-90.51 after 7205.4 sec [total]
done with UBTa for K = 38.05-45.25 Q = 76.11-90.51 after 7205.6 sec [total]
done with UBTb for K = 38.05-45.25 Q = 76.11-90.51 after 7205.8 sec [total]
done with UBTbA for K = 38.05-45.25 Q = 76.11-90.51 after 7206.0 sec [total]
done with UBTbC for K = 38.05-45.25 Q = 76.11-90.51 after 7206.3 sec [total]
done with H for K = 38.05-45.25 Q = 76.11-90.51 after 7207.4 sec [total]
done with H++ for K = 38.05-45.25 Q = 76.11-90.51 after 7210.6 sec [total]
done with H+- for K = 38.05-45.25 Q = 76.11-90.51 after 7211.7 sec [total]
done with H-+ for K = 38.05-45.25 Q = 76.11-90.51 after 7212.8 sec [total]
done with H-- for K = 38.05-45.25 Q = 76.11-90.51 after 7213.9 sec [total]
done with UU for K = 45.25-53.82 Q = 76.11-90.51 after 7215.0 sec [total]
done with BB for K = 45.25-53.82 Q = 76.11-90.51 after 7216.0 sec [total]
done with UBTa for K = 45.25-53.82 Q = 76.11-90.51 after 7216.2 sec [total]
done with UBTb for K = 45.25-53.82 Q = 76.11-90.51 after 7216.4 sec [total]
done with UBTbA for K = 45.25-53.82 Q = 76.11-90.51 after 7216.6 sec [total]
done with UBTbC for K = 45.25-53.82 Q = 76.11-90.51 after 7217.0 sec [total]
done with H for K = 45.25-53.82 Q = 76.11-90.51 after 7218.0 sec [total]
done with H++ for K = 45.25-53.82 Q = 76.11-90.51 after 7221.3 sec [total]
done with H+- for K = 45.25-53.82 Q = 76.11-90.51 after 7222.3 sec [total]
done with H-+ for K = 45.25-53.82 Q = 76.11-90.51 after 7223.4 sec [total]
done with H-- for K = 45.25-53.82 Q = 76.11-90.51 after 7224.5 sec [total]
done with UU for K = 53.82-64.00 Q = 76.11-90.51 after 7225.5 sec [total]
done with BB for K = 53.82-64.00 Q = 76.11-90.51 after 7226.7 sec [total]
done with UBTa for K = 53.82-64.00 Q = 76.11-90.51 after 7226.8 sec [total]
done with UBTb for K = 53.82-64.00 Q = 76.11-90.51 after 7227.0 sec [total]
done with UBTbA for K = 53.82-64.00 Q = 76.11-90.51 after 7227.2 sec [total]
done with UBTbC for K = 53.82-64.00 Q = 76.11-90.51 after 7227.6 sec [total]
done with H for K = 53.82-64.00 Q = 76.11-90.51 after 7228.7 sec [total]
done with H++ for K = 53.82-64.00 Q = 76.11-90.51 after 7231.9 sec [total]
done with H+- for K = 53.82-64.00 Q = 76.11-90.51 after 7233.0 sec [total]
done with H-+ for K = 53.82-64.00 Q = 76.11-90.51 after 7234.1 sec [total]
done with H-- for K = 53.82-64.00 Q = 76.11-90.51 after 7235.1 sec [total]
done with UU for K = 64.00-76.11 Q = 76.11-90.51 after 7236.2 sec [total]
done with BB for K = 64.00-76.11 Q = 76.11-90.51 after 7237.3 sec [total]
done with UBTa for K = 64.00-76.11 Q = 76.11-90.51 after 7237.5 sec [total]
done with UBTb for K = 64.00-76.11 Q = 76.11-90.51 after 7237.7 sec [total]
done with UBTbA for K = 64.00-76.11 Q = 76.11-90.51 after 7237.9 sec [total]
done with UBTbC for K = 64.00-76.11 Q = 76.11-90.51 after 7238.2 sec [total]
done with H for K = 64.00-76.11 Q = 76.11-90.51 after 7239.3 sec [total]
done with H++ for K = 64.00-76.11 Q = 76.11-90.51 after 7242.4 sec [total]
done with H+- for K = 64.00-76.11 Q = 76.11-90.51 after 7243.5 sec [total]
done with H-+ for K = 64.00-76.11 Q = 76.11-90.51 after 7244.7 sec [total]
done with H-- for K = 64.00-76.11 Q = 76.11-90.51 after 7245.7 sec [total]
done with UU for K = 76.11-90.51 Q = 76.11-90.51 after 7246.9 sec [total]
done with BB for K = 76.11-90.51 Q = 76.11-90.51 after 7247.9 sec [total]
done with UBTa for K = 76.11-90.51 Q = 76.11-90.51 after 7248.1 sec [total]
done with UBTb for K = 76.11-90.51 Q = 76.11-90.51 after 7248.3 sec [total]
done with UBTbA for K = 76.11-90.51 Q = 76.11-90.51 after 7248.5 sec [total]
done with UBTbC for K = 76.11-90.51 Q = 76.11-90.51 after 7248.9 sec [total]
done with H for K = 76.11-90.51 Q = 76.11-90.51 after 7249.9 sec [total]
done with H++ for K = 76.11-90.51 Q = 76.11-90.51 after 7253.1 sec [total]
done with H+- for K = 76.11-90.51 Q = 76.11-90.51 after 7254.3 sec [total]
done with H-+ for K = 76.11-90.51 Q = 76.11-90.51 after 7255.4 sec [total]
done with H-- for K = 76.11-90.51 Q = 76.11-90.51 after 7256.4 sec [total]
done with UU for K = 90.51-107.63 Q = 76.11-90.51 after 7257.6 sec [total]
done with BB for K = 90.51-107.63 Q = 76.11-90.51 after 7258.6 sec [total]
done with UBTa for K = 90.51-107.63 Q = 76.11-90.51 after 7258.8 sec [total]
done with UBTb for K = 90.51-107.63 Q = 76.11-90.51 after 7259.0 sec [total]
done with UBTbA for K = 90.51-107.63 Q = 76.11-90.51 after 7259.2 sec [total]
done with UBTbC for K = 90.51-107.63 Q = 76.11-90.51 after 7259.6 sec [total]
done with H for K = 90.51-107.63 Q = 76.11-90.51 after 7260.6 sec [total]
done with H++ for K = 90.51-107.63 Q = 76.11-90.51 after 7263.8 sec [total]
done with H+- for K = 90.51-107.63 Q = 76.11-90.51 after 7264.9 sec [total]
done with H-+ for K = 90.51-107.63 Q = 76.11-90.51 after 7266.0 sec [total]
done with H-- for K = 90.51-107.63 Q = 76.11-90.51 after 7267.1 sec [total]
done with UU for K = 107.63-128.00 Q = 76.11-90.51 after 7268.2 sec [total]
done with BB for K = 107.63-128.00 Q = 76.11-90.51 after 7269.3 sec [total]
done with UBTa for K = 107.63-128.00 Q = 76.11-90.51 after 7269.5 sec [total]
done with UBTb for K = 107.63-128.00 Q = 76.11-90.51 after 7269.7 sec [total]
done with UBTbA for K = 107.63-128.00 Q = 76.11-90.51 after 7269.9 sec [total]
done with UBTbC for K = 107.63-128.00 Q = 76.11-90.51 after 7270.2 sec [total]
done with H for K = 107.63-128.00 Q = 76.11-90.51 after 7271.3 sec [total]
done with H++ for K = 107.63-128.00 Q = 76.11-90.51 after 7274.5 sec [total]
done with H+- for K = 107.63-128.00 Q = 76.11-90.51 after 7275.6 sec [total]
done with H-+ for K = 107.63-128.00 Q = 76.11-90.51 after 7276.7 sec [total]
done with H-- for K = 107.63-128.00 Q = 76.11-90.51 after 7277.8 sec [total]
done with UU for K = 128.00-152.22 Q = 76.11-90.51 after 7278.8 sec [total]
done with BB for K = 128.00-152.22 Q = 76.11-90.51 after 7279.9 sec [total]
done with UBTa for K = 128.00-152.22 Q = 76.11-90.51 after 7280.1 sec [total]
done with UBTb for K = 128.00-152.22 Q = 76.11-90.51 after 7280.3 sec [total]
done with UBTbA for K = 128.00-152.22 Q = 76.11-90.51 after 7280.5 sec [total]
done with UBTbC for K = 128.00-152.22 Q = 76.11-90.51 after 7280.9 sec [total]
done with H for K = 128.00-152.22 Q = 76.11-90.51 after 7281.9 sec [total]
done with H++ for K = 128.00-152.22 Q = 76.11-90.51 after 7285.1 sec [total]
done with H+- for K = 128.00-152.22 Q = 76.11-90.51 after 7286.2 sec [total]
done with H-+ for K = 128.00-152.22 Q = 76.11-90.51 after 7287.3 sec [total]
done with H-- for K = 128.00-152.22 Q = 76.11-90.51 after 7288.4 sec [total]
done with UU for K = 152.22-181.02 Q = 76.11-90.51 after 7289.5 sec [total]
done with BB for K = 152.22-181.02 Q = 76.11-90.51 after 7290.6 sec [total]
done with UBTa for K = 152.22-181.02 Q = 76.11-90.51 after 7290.8 sec [total]
done with UBTb for K = 152.22-181.02 Q = 76.11-90.51 after 7291.0 sec [total]
done with UBTbA for K = 152.22-181.02 Q = 76.11-90.51 after 7291.2 sec [total]
done with UBTbC for K = 152.22-181.02 Q = 76.11-90.51 after 7291.5 sec [total]
done with H for K = 152.22-181.02 Q = 76.11-90.51 after 7292.6 sec [total]
done with H++ for K = 152.22-181.02 Q = 76.11-90.51 after 7295.8 sec [total]
done with H+- for K = 152.22-181.02 Q = 76.11-90.51 after 7296.9 sec [total]
done with H-+ for K = 152.22-181.02 Q = 76.11-90.51 after 7298.1 sec [total]
done with H-- for K = 152.22-181.02 Q = 76.11-90.51 after 7299.1 sec [total]
done with UU for K = 181.02-215.27 Q = 76.11-90.51 after 7300.2 sec [total]
done with BB for K = 181.02-215.27 Q = 76.11-90.51 after 7301.2 sec [total]
done with UBTa for K = 181.02-215.27 Q = 76.11-90.51 after 7301.4 sec [total]
done with UBTb for K = 181.02-215.27 Q = 76.11-90.51 after 7301.6 sec [total]
done with UBTbA for K = 181.02-215.27 Q = 76.11-90.51 after 7301.8 sec [total]
done with UBTbC for K = 181.02-215.27 Q = 76.11-90.51 after 7302.1 sec [total]
done with H for K = 181.02-215.27 Q = 76.11-90.51 after 7303.2 sec [total]
done with H++ for K = 181.02-215.27 Q = 76.11-90.51 after 7306.4 sec [total]
done with H+- for K = 181.02-215.27 Q = 76.11-90.51 after 7307.5 sec [total]
done with H-+ for K = 181.02-215.27 Q = 76.11-90.51 after 7308.6 sec [total]
done with H-- for K = 181.02-215.27 Q = 76.11-90.51 after 7309.7 sec [total]
done with UU for K = 215.27-256.00 Q = 76.11-90.51 after 7310.7 sec [total]
done with BB for K = 215.27-256.00 Q = 76.11-90.51 after 7311.8 sec [total]
done with UBTa for K = 215.27-256.00 Q = 76.11-90.51 after 7312.0 sec [total]
done with UBTb for K = 215.27-256.00 Q = 76.11-90.51 after 7312.1 sec [total]
done with UBTbA for K = 215.27-256.00 Q = 76.11-90.51 after 7312.3 sec [total]
done with UBTbC for K = 215.27-256.00 Q = 76.11-90.51 after 7312.7 sec [total]
done with H for K = 215.27-256.00 Q = 76.11-90.51 after 7313.8 sec [total]
done with H++ for K = 215.27-256.00 Q = 76.11-90.51 after 7317.0 sec [total]
done with H+- for K = 215.27-256.00 Q = 76.11-90.51 after 7318.1 sec [total]
done with H-+ for K = 215.27-256.00 Q = 76.11-90.51 after 7319.2 sec [total]
done with H-- for K = 215.27-256.00 Q = 76.11-90.51 after 7320.3 sec [total]
done with UU for K = 256.00-304.44 Q = 76.11-90.51 after 7321.4 sec [total]
done with BB for K = 256.00-304.44 Q = 76.11-90.51 after 7322.5 sec [total]
done with UBTa for K = 256.00-304.44 Q = 76.11-90.51 after 7322.6 sec [total]
done with UBTb for K = 256.00-304.44 Q = 76.11-90.51 after 7322.8 sec [total]
done with UBTbA for K = 256.00-304.44 Q = 76.11-90.51 after 7323.1 sec [total]
done with UBTbC for K = 256.00-304.44 Q = 76.11-90.51 after 7323.4 sec [total]
done with H for K = 256.00-304.44 Q = 76.11-90.51 after 7324.5 sec [total]
done with H++ for K = 256.00-304.44 Q = 76.11-90.51 after 7327.7 sec [total]
done with H+- for K = 256.00-304.44 Q = 76.11-90.51 after 7328.8 sec [total]
done with H-+ for K = 256.00-304.44 Q = 76.11-90.51 after 7329.9 sec [total]
done with H-- for K = 256.00-304.44 Q = 76.11-90.51 after 7330.9 sec [total]
done with UU for K = 304.44-362.04 Q = 76.11-90.51 after 7332.1 sec [total]
done with BB for K = 304.44-362.04 Q = 76.11-90.51 after 7333.1 sec [total]
done with UBTa for K = 304.44-362.04 Q = 76.11-90.51 after 7333.3 sec [total]
done with UBTb for K = 304.44-362.04 Q = 76.11-90.51 after 7333.5 sec [total]
done with UBTbA for K = 304.44-362.04 Q = 76.11-90.51 after 7333.7 sec [total]
done with UBTbC for K = 304.44-362.04 Q = 76.11-90.51 after 7334.0 sec [total]
done with H for K = 304.44-362.04 Q = 76.11-90.51 after 7335.1 sec [total]
done with H++ for K = 304.44-362.04 Q = 76.11-90.51 after 7338.3 sec [total]
done with H+- for K = 304.44-362.04 Q = 76.11-90.51 after 7339.4 sec [total]
done with H-+ for K = 304.44-362.04 Q = 76.11-90.51 after 7340.5 sec [total]
done with H-- for K = 304.44-362.04 Q = 76.11-90.51 after 7341.6 sec [total]
done with UU for K = 362.04-430.54 Q = 76.11-90.51 after 7342.7 sec [total]
done with BB for K = 362.04-430.54 Q = 76.11-90.51 after 7343.8 sec [total]
done with UBTa for K = 362.04-430.54 Q = 76.11-90.51 after 7343.9 sec [total]
done with UBTb for K = 362.04-430.54 Q = 76.11-90.51 after 7344.1 sec [total]
done with UBTbA for K = 362.04-430.54 Q = 76.11-90.51 after 7344.3 sec [total]
done with UBTbC for K = 362.04-430.54 Q = 76.11-90.51 after 7344.6 sec [total]
done with H for K = 362.04-430.54 Q = 76.11-90.51 after 7345.8 sec [total]
done with H++ for K = 362.04-430.54 Q = 76.11-90.51 after 7349.0 sec [total]
done with H+- for K = 362.04-430.54 Q = 76.11-90.51 after 7350.1 sec [total]
done with H-+ for K = 362.04-430.54 Q = 76.11-90.51 after 7351.2 sec [total]
done with H-- for K = 362.04-430.54 Q = 76.11-90.51 after 7352.2 sec [total]
done with UU for K = 430.54-512.00 Q = 76.11-90.51 after 7353.4 sec [total]
done with BB for K = 430.54-512.00 Q = 76.11-90.51 after 7354.4 sec [total]
done with UBTa for K = 430.54-512.00 Q = 76.11-90.51 after 7354.6 sec [total]
done with UBTb for K = 430.54-512.00 Q = 76.11-90.51 after 7354.8 sec [total]
done with UBTbA for K = 430.54-512.00 Q = 76.11-90.51 after 7355.0 sec [total]
done with UBTbC for K = 430.54-512.00 Q = 76.11-90.51 after 7355.4 sec [total]
done with H for K = 430.54-512.00 Q = 76.11-90.51 after 7356.4 sec [total]
done with H++ for K = 430.54-512.00 Q = 76.11-90.51 after 7359.7 sec [total]
done with H+- for K = 430.54-512.00 Q = 76.11-90.51 after 7360.7 sec [total]
done with H-+ for K = 430.54-512.00 Q = 76.11-90.51 after 7361.8 sec [total]
done with H-- for K = 430.54-512.00 Q = 76.11-90.51 after 7362.9 sec [total]
done with UU for K = 512.00-608.87 Q = 76.11-90.51 after 7364.0 sec [total]
done with BB for K = 512.00-608.87 Q = 76.11-90.51 after 7365.0 sec [total]
done with UBTa for K = 512.00-608.87 Q = 76.11-90.51 after 7365.2 sec [total]
done with UBTb for K = 512.00-608.87 Q = 76.11-90.51 after 7365.4 sec [total]
done with UBTbA for K = 512.00-608.87 Q = 76.11-90.51 after 7365.6 sec [total]
done with UBTbC for K = 512.00-608.87 Q = 76.11-90.51 after 7366.0 sec [total]
done with H for K = 512.00-608.87 Q = 76.11-90.51 after 7367.0 sec [total]
done with H++ for K = 512.00-608.87 Q = 76.11-90.51 after 7370.3 sec [total]
done with H+- for K = 512.00-608.87 Q = 76.11-90.51 after 7371.3 sec [total]
done with H-+ for K = 512.00-608.87 Q = 76.11-90.51 after 7372.4 sec [total]
done with H-- for K = 512.00-608.87 Q = 76.11-90.51 after 7373.5 sec [total]
done with UU for K = 608.87-724.08 Q = 76.11-90.51 after 7374.6 sec [total]
done with BB for K = 608.87-724.08 Q = 76.11-90.51 after 7375.7 sec [total]
done with UBTa for K = 608.87-724.08 Q = 76.11-90.51 after 7375.9 sec [total]
done with UBTb for K = 608.87-724.08 Q = 76.11-90.51 after 7376.1 sec [total]
done with UBTbA for K = 608.87-724.08 Q = 76.11-90.51 after 7376.3 sec [total]
done with UBTbC for K = 608.87-724.08 Q = 76.11-90.51 after 7376.6 sec [total]
done with H for K = 608.87-724.08 Q = 76.11-90.51 after 7377.7 sec [total]
done with H++ for K = 608.87-724.08 Q = 76.11-90.51 after 7380.9 sec [total]
done with H+- for K = 608.87-724.08 Q = 76.11-90.51 after 7381.9 sec [total]
done with H-+ for K = 608.87-724.08 Q = 76.11-90.51 after 7383.1 sec [total]
done with H-- for K = 608.87-724.08 Q = 76.11-90.51 after 7384.1 sec [total]
done with UU for K = 724.08-861.08 Q = 76.11-90.51 after 7385.2 sec [total]
done with BB for K = 724.08-861.08 Q = 76.11-90.51 after 7386.3 sec [total]
done with UBTa for K = 724.08-861.08 Q = 76.11-90.51 after 7386.5 sec [total]
done with UBTb for K = 724.08-861.08 Q = 76.11-90.51 after 7386.7 sec [total]
done with UBTbA for K = 724.08-861.08 Q = 76.11-90.51 after 7386.9 sec [total]
done with UBTbC for K = 724.08-861.08 Q = 76.11-90.51 after 7387.2 sec [total]
done with H for K = 724.08-861.08 Q = 76.11-90.51 after 7388.3 sec [total]
done with H++ for K = 724.08-861.08 Q = 76.11-90.51 after 7391.5 sec [total]
done with H+- for K = 724.08-861.08 Q = 76.11-90.51 after 7392.6 sec [total]
done with H-+ for K = 724.08-861.08 Q = 76.11-90.51 after 7393.7 sec [total]
done with H-- for K = 724.08-861.08 Q = 76.11-90.51 after 7394.8 sec [total]
done with UU for K = 861.08-1024.00 Q = 76.11-90.51 after 7395.9 sec [total]
done with BB for K = 861.08-1024.00 Q = 76.11-90.51 after 7396.9 sec [total]
done with UBTa for K = 861.08-1024.00 Q = 76.11-90.51 after 7397.1 sec [total]
done with UBTb for K = 861.08-1024.00 Q = 76.11-90.51 after 7397.3 sec [total]
done with UBTbA for K = 861.08-1024.00 Q = 76.11-90.51 after 7397.5 sec [total]
done with UBTbC for K = 861.08-1024.00 Q = 76.11-90.51 after 7397.9 sec [total]
done with H for K = 861.08-1024.00 Q = 76.11-90.51 after 7398.9 sec [total]
done with H++ for K = 861.08-1024.00 Q = 76.11-90.51 after 7402.1 sec [total]
done with H+- for K = 861.08-1024.00 Q = 76.11-90.51 after 7403.2 sec [total]
done with H-+ for K = 861.08-1024.00 Q = 76.11-90.51 after 7404.4 sec [total]
done with H-- for K = 861.08-1024.00 Q = 76.11-90.51 after 7405.4 sec [total]
done with UU for K = 0.00-3.36 Q = 90.51-107.63 after 7408.5 sec [total]
done with BB for K = 0.00-3.36 Q = 90.51-107.63 after 7411.7 sec [total]
done with UBTa for K = 0.00-3.36 Q = 90.51-107.63 after 7413.4 sec [total]
done with UBTb for K = 0.00-3.36 Q = 90.51-107.63 after 7415.2 sec [total]
done with UBTbA for K = 0.00-3.36 Q = 90.51-107.63 after 7416.9 sec [total]
done with UBTbC for K = 0.00-3.36 Q = 90.51-107.63 after 7417.3 sec [total]
done with H for K = 0.00-3.36 Q = 90.51-107.63 after 7418.4 sec [total]
done with H++ for K = 0.00-3.36 Q = 90.51-107.63 after 7421.6 sec [total]
done with H+- for K = 0.00-3.36 Q = 90.51-107.63 after 7422.6 sec [total]
done with H-+ for K = 0.00-3.36 Q = 90.51-107.63 after 7423.8 sec [total]
done with H-- for K = 0.00-3.36 Q = 90.51-107.63 after 7424.8 sec [total]
done with UU for K = 3.36-4.00 Q = 90.51-107.63 after 7425.9 sec [total]
done with BB for K = 3.36-4.00 Q = 90.51-107.63 after 7427.0 sec [total]
done with UBTa for K = 3.36-4.00 Q = 90.51-107.63 after 7427.2 sec [total]
done with UBTb for K = 3.36-4.00 Q = 90.51-107.63 after 7427.4 sec [total]
done with UBTbA for K = 3.36-4.00 Q = 90.51-107.63 after 7427.6 sec [total]
done with UBTbC for K = 3.36-4.00 Q = 90.51-107.63 after 7427.9 sec [total]
done with H for K = 3.36-4.00 Q = 90.51-107.63 after 7428.9 sec [total]
done with H++ for K = 3.36-4.00 Q = 90.51-107.63 after 7432.2 sec [total]
done with H+- for K = 3.36-4.00 Q = 90.51-107.63 after 7433.3 sec [total]
done with H-+ for K = 3.36-4.00 Q = 90.51-107.63 after 7434.4 sec [total]
done with H-- for K = 3.36-4.00 Q = 90.51-107.63 after 7435.4 sec [total]
done with UU for K = 4.00-4.76 Q = 90.51-107.63 after 7436.5 sec [total]
done with BB for K = 4.00-4.76 Q = 90.51-107.63 after 7437.6 sec [total]
done with UBTa for K = 4.00-4.76 Q = 90.51-107.63 after 7437.7 sec [total]
done with UBTb for K = 4.00-4.76 Q = 90.51-107.63 after 7437.9 sec [total]
done with UBTbA for K = 4.00-4.76 Q = 90.51-107.63 after 7438.1 sec [total]
done with UBTbC for K = 4.00-4.76 Q = 90.51-107.63 after 7438.5 sec [total]
done with H for K = 4.00-4.76 Q = 90.51-107.63 after 7439.6 sec [total]
done with H++ for K = 4.00-4.76 Q = 90.51-107.63 after 7442.7 sec [total]
done with H+- for K = 4.00-4.76 Q = 90.51-107.63 after 7443.8 sec [total]
done with H-+ for K = 4.00-4.76 Q = 90.51-107.63 after 7444.9 sec [total]
done with H-- for K = 4.00-4.76 Q = 90.51-107.63 after 7446.0 sec [total]
done with UU for K = 4.76-5.66 Q = 90.51-107.63 after 7447.1 sec [total]
done with BB for K = 4.76-5.66 Q = 90.51-107.63 after 7448.2 sec [total]
done with UBTa for K = 4.76-5.66 Q = 90.51-107.63 after 7448.4 sec [total]
done with UBTb for K = 4.76-5.66 Q = 90.51-107.63 after 7448.6 sec [total]
done with UBTbA for K = 4.76-5.66 Q = 90.51-107.63 after 7448.8 sec [total]
done with UBTbC for K = 4.76-5.66 Q = 90.51-107.63 after 7449.1 sec [total]
done with H for K = 4.76-5.66 Q = 90.51-107.63 after 7450.2 sec [total]
done with H++ for K = 4.76-5.66 Q = 90.51-107.63 after 7453.4 sec [total]
done with H+- for K = 4.76-5.66 Q = 90.51-107.63 after 7454.5 sec [total]
done with H-+ for K = 4.76-5.66 Q = 90.51-107.63 after 7455.6 sec [total]
done with H-- for K = 4.76-5.66 Q = 90.51-107.63 after 7456.7 sec [total]
done with UU for K = 5.66-6.73 Q = 90.51-107.63 after 7457.8 sec [total]
done with BB for K = 5.66-6.73 Q = 90.51-107.63 after 7458.8 sec [total]
done with UBTa for K = 5.66-6.73 Q = 90.51-107.63 after 7459.0 sec [total]
done with UBTb for K = 5.66-6.73 Q = 90.51-107.63 after 7459.2 sec [total]
done with UBTbA for K = 5.66-6.73 Q = 90.51-107.63 after 7459.4 sec [total]
done with UBTbC for K = 5.66-6.73 Q = 90.51-107.63 after 7459.7 sec [total]
done with H for K = 5.66-6.73 Q = 90.51-107.63 after 7460.8 sec [total]
done with H++ for K = 5.66-6.73 Q = 90.51-107.63 after 7464.0 sec [total]
done with H+- for K = 5.66-6.73 Q = 90.51-107.63 after 7465.1 sec [total]
done with H-+ for K = 5.66-6.73 Q = 90.51-107.63 after 7466.2 sec [total]
done with H-- for K = 5.66-6.73 Q = 90.51-107.63 after 7467.3 sec [total]
done with UU for K = 6.73-8.00 Q = 90.51-107.63 after 7468.3 sec [total]
done with BB for K = 6.73-8.00 Q = 90.51-107.63 after 7469.4 sec [total]
done with UBTa for K = 6.73-8.00 Q = 90.51-107.63 after 7469.6 sec [total]
done with UBTb for K = 6.73-8.00 Q = 90.51-107.63 after 7469.7 sec [total]
done with UBTbA for K = 6.73-8.00 Q = 90.51-107.63 after 7470.0 sec [total]
done with UBTbC for K = 6.73-8.00 Q = 90.51-107.63 after 7470.3 sec [total]
done with H for K = 6.73-8.00 Q = 90.51-107.63 after 7471.4 sec [total]
done with H++ for K = 6.73-8.00 Q = 90.51-107.63 after 7474.6 sec [total]
done with H+- for K = 6.73-8.00 Q = 90.51-107.63 after 7475.7 sec [total]
done with H-+ for K = 6.73-8.00 Q = 90.51-107.63 after 7476.8 sec [total]
done with H-- for K = 6.73-8.00 Q = 90.51-107.63 after 7477.8 sec [total]
done with UU for K = 8.00-9.51 Q = 90.51-107.63 after 7479.0 sec [total]
done with BB for K = 8.00-9.51 Q = 90.51-107.63 after 7480.0 sec [total]
done with UBTa for K = 8.00-9.51 Q = 90.51-107.63 after 7480.2 sec [total]
done with UBTb for K = 8.00-9.51 Q = 90.51-107.63 after 7480.4 sec [total]
done with UBTbA for K = 8.00-9.51 Q = 90.51-107.63 after 7480.6 sec [total]
done with UBTbC for K = 8.00-9.51 Q = 90.51-107.63 after 7481.0 sec [total]
done with H for K = 8.00-9.51 Q = 90.51-107.63 after 7482.0 sec [total]
done with H++ for K = 8.00-9.51 Q = 90.51-107.63 after 7485.3 sec [total]
done with H+- for K = 8.00-9.51 Q = 90.51-107.63 after 7486.4 sec [total]
done with H-+ for K = 8.00-9.51 Q = 90.51-107.63 after 7487.4 sec [total]
done with H-- for K = 8.00-9.51 Q = 90.51-107.63 after 7488.5 sec [total]
done with UU for K = 9.51-11.31 Q = 90.51-107.63 after 7489.5 sec [total]
done with BB for K = 9.51-11.31 Q = 90.51-107.63 after 7490.7 sec [total]
done with UBTa for K = 9.51-11.31 Q = 90.51-107.63 after 7490.9 sec [total]
done with UBTb for K = 9.51-11.31 Q = 90.51-107.63 after 7491.1 sec [total]
done with UBTbA for K = 9.51-11.31 Q = 90.51-107.63 after 7491.3 sec [total]
done with UBTbC for K = 9.51-11.31 Q = 90.51-107.63 after 7491.6 sec [total]
done with H for K = 9.51-11.31 Q = 90.51-107.63 after 7492.7 sec [total]
done with H++ for K = 9.51-11.31 Q = 90.51-107.63 after 7495.9 sec [total]
done with H+- for K = 9.51-11.31 Q = 90.51-107.63 after 7497.0 sec [total]
done with H-+ for K = 9.51-11.31 Q = 90.51-107.63 after 7498.1 sec [total]
done with H-- for K = 9.51-11.31 Q = 90.51-107.63 after 7499.2 sec [total]
done with UU for K = 11.31-13.45 Q = 90.51-107.63 after 7500.3 sec [total]
done with BB for K = 11.31-13.45 Q = 90.51-107.63 after 7501.3 sec [total]
done with UBTa for K = 11.31-13.45 Q = 90.51-107.63 after 7501.5 sec [total]
done with UBTb for K = 11.31-13.45 Q = 90.51-107.63 after 7501.7 sec [total]
done with UBTbA for K = 11.31-13.45 Q = 90.51-107.63 after 7501.9 sec [total]
done with UBTbC for K = 11.31-13.45 Q = 90.51-107.63 after 7502.3 sec [total]
done with H for K = 11.31-13.45 Q = 90.51-107.63 after 7503.4 sec [total]
done with H++ for K = 11.31-13.45 Q = 90.51-107.63 after 7506.5 sec [total]
done with H+- for K = 11.31-13.45 Q = 90.51-107.63 after 7507.7 sec [total]
done with H-+ for K = 11.31-13.45 Q = 90.51-107.63 after 7508.8 sec [total]
done with H-- for K = 11.31-13.45 Q = 90.51-107.63 after 7509.8 sec [total]
done with UU for K = 13.45-16.00 Q = 90.51-107.63 after 7510.9 sec [total]
done with BB for K = 13.45-16.00 Q = 90.51-107.63 after 7511.9 sec [total]
done with UBTa for K = 13.45-16.00 Q = 90.51-107.63 after 7512.1 sec [total]
done with UBTb for K = 13.45-16.00 Q = 90.51-107.63 after 7512.3 sec [total]
done with UBTbA for K = 13.45-16.00 Q = 90.51-107.63 after 7512.5 sec [total]
done with UBTbC for K = 13.45-16.00 Q = 90.51-107.63 after 7512.9 sec [total]
done with H for K = 13.45-16.00 Q = 90.51-107.63 after 7513.9 sec [total]
done with H++ for K = 13.45-16.00 Q = 90.51-107.63 after 7517.2 sec [total]
done with H+- for K = 13.45-16.00 Q = 90.51-107.63 after 7518.2 sec [total]
done with H-+ for K = 13.45-16.00 Q = 90.51-107.63 after 7519.3 sec [total]
done with H-- for K = 13.45-16.00 Q = 90.51-107.63 after 7520.3 sec [total]
done with UU for K = 16.00-19.03 Q = 90.51-107.63 after 7521.6 sec [total]
done with BB for K = 16.00-19.03 Q = 90.51-107.63 after 7522.6 sec [total]
done with UBTa for K = 16.00-19.03 Q = 90.51-107.63 after 7522.8 sec [total]
done with UBTb for K = 16.00-19.03 Q = 90.51-107.63 after 7523.0 sec [total]
done with UBTbA for K = 16.00-19.03 Q = 90.51-107.63 after 7523.2 sec [total]
done with UBTbC for K = 16.00-19.03 Q = 90.51-107.63 after 7523.5 sec [total]
done with H for K = 16.00-19.03 Q = 90.51-107.63 after 7524.6 sec [total]
done with H++ for K = 16.00-19.03 Q = 90.51-107.63 after 7527.8 sec [total]
done with H+- for K = 16.00-19.03 Q = 90.51-107.63 after 7528.9 sec [total]
done with H-+ for K = 16.00-19.03 Q = 90.51-107.63 after 7530.0 sec [total]
done with H-- for K = 16.00-19.03 Q = 90.51-107.63 after 7531.1 sec [total]
done with UU for K = 19.03-22.63 Q = 90.51-107.63 after 7532.2 sec [total]
done with BB for K = 19.03-22.63 Q = 90.51-107.63 after 7533.2 sec [total]
done with UBTa for K = 19.03-22.63 Q = 90.51-107.63 after 7533.4 sec [total]
done with UBTb for K = 19.03-22.63 Q = 90.51-107.63 after 7533.6 sec [total]
done with UBTbA for K = 19.03-22.63 Q = 90.51-107.63 after 7533.8 sec [total]
done with UBTbC for K = 19.03-22.63 Q = 90.51-107.63 after 7534.1 sec [total]
done with H for K = 19.03-22.63 Q = 90.51-107.63 after 7535.2 sec [total]
done with H++ for K = 19.03-22.63 Q = 90.51-107.63 after 7538.5 sec [total]
done with H+- for K = 19.03-22.63 Q = 90.51-107.63 after 7539.5 sec [total]
done with H-+ for K = 19.03-22.63 Q = 90.51-107.63 after 7540.6 sec [total]
done with H-- for K = 19.03-22.63 Q = 90.51-107.63 after 7541.7 sec [total]
done with UU for K = 22.63-26.91 Q = 90.51-107.63 after 7542.8 sec [total]
done with BB for K = 22.63-26.91 Q = 90.51-107.63 after 7543.8 sec [total]
done with UBTa for K = 22.63-26.91 Q = 90.51-107.63 after 7544.0 sec [total]
done with UBTb for K = 22.63-26.91 Q = 90.51-107.63 after 7544.2 sec [total]
done with UBTbA for K = 22.63-26.91 Q = 90.51-107.63 after 7544.4 sec [total]
done with UBTbC for K = 22.63-26.91 Q = 90.51-107.63 after 7544.8 sec [total]
done with H for K = 22.63-26.91 Q = 90.51-107.63 after 7545.9 sec [total]
done with H++ for K = 22.63-26.91 Q = 90.51-107.63 after 7549.1 sec [total]
done with H+- for K = 22.63-26.91 Q = 90.51-107.63 after 7550.2 sec [total]
done with H-+ for K = 22.63-26.91 Q = 90.51-107.63 after 7551.3 sec [total]
done with H-- for K = 22.63-26.91 Q = 90.51-107.63 after 7552.3 sec [total]
done with UU for K = 26.91-32.00 Q = 90.51-107.63 after 7553.4 sec [total]
done with BB for K = 26.91-32.00 Q = 90.51-107.63 after 7554.5 sec [total]
done with UBTa for K = 26.91-32.00 Q = 90.51-107.63 after 7554.7 sec [total]
done with UBTb for K = 26.91-32.00 Q = 90.51-107.63 after 7554.9 sec [total]
done with UBTbA for K = 26.91-32.00 Q = 90.51-107.63 after 7555.1 sec [total]
done with UBTbC for K = 26.91-32.00 Q = 90.51-107.63 after 7555.4 sec [total]
done with H for K = 26.91-32.00 Q = 90.51-107.63 after 7556.5 sec [total]
done with H++ for K = 26.91-32.00 Q = 90.51-107.63 after 7559.6 sec [total]
done with H+- for K = 26.91-32.00 Q = 90.51-107.63 after 7560.8 sec [total]
done with H-+ for K = 26.91-32.00 Q = 90.51-107.63 after 7561.9 sec [total]
done with H-- for K = 26.91-32.00 Q = 90.51-107.63 after 7562.9 sec [total]
done with UU for K = 32.00-38.05 Q = 90.51-107.63 after 7564.0 sec [total]
done with BB for K = 32.00-38.05 Q = 90.51-107.63 after 7565.1 sec [total]
done with UBTa for K = 32.00-38.05 Q = 90.51-107.63 after 7565.3 sec [total]
done with UBTb for K = 32.00-38.05 Q = 90.51-107.63 after 7565.5 sec [total]
done with UBTbA for K = 32.00-38.05 Q = 90.51-107.63 after 7565.7 sec [total]
done with UBTbC for K = 32.00-38.05 Q = 90.51-107.63 after 7566.0 sec [total]
done with H for K = 32.00-38.05 Q = 90.51-107.63 after 7567.1 sec [total]
done with H++ for K = 32.00-38.05 Q = 90.51-107.63 after 7570.3 sec [total]
done with H+- for K = 32.00-38.05 Q = 90.51-107.63 after 7571.4 sec [total]
done with H-+ for K = 32.00-38.05 Q = 90.51-107.63 after 7572.5 sec [total]
done with H-- for K = 32.00-38.05 Q = 90.51-107.63 after 7573.5 sec [total]
done with UU for K = 38.05-45.25 Q = 90.51-107.63 after 7574.6 sec [total]
done with BB for K = 38.05-45.25 Q = 90.51-107.63 after 7575.7 sec [total]
done with UBTa for K = 38.05-45.25 Q = 90.51-107.63 after 7575.9 sec [total]
done with UBTb for K = 38.05-45.25 Q = 90.51-107.63 after 7576.1 sec [total]
done with UBTbA for K = 38.05-45.25 Q = 90.51-107.63 after 7576.3 sec [total]
done with UBTbC for K = 38.05-45.25 Q = 90.51-107.63 after 7576.6 sec [total]
done with H for K = 38.05-45.25 Q = 90.51-107.63 after 7577.7 sec [total]
done with H++ for K = 38.05-45.25 Q = 90.51-107.63 after 7580.9 sec [total]
done with H+- for K = 38.05-45.25 Q = 90.51-107.63 after 7582.0 sec [total]
done with H-+ for K = 38.05-45.25 Q = 90.51-107.63 after 7583.1 sec [total]
done with H-- for K = 38.05-45.25 Q = 90.51-107.63 after 7584.2 sec [total]
done with UU for K = 45.25-53.82 Q = 90.51-107.63 after 7585.2 sec [total]
done with BB for K = 45.25-53.82 Q = 90.51-107.63 after 7586.3 sec [total]
done with UBTa for K = 45.25-53.82 Q = 90.51-107.63 after 7586.5 sec [total]
done with UBTb for K = 45.25-53.82 Q = 90.51-107.63 after 7586.7 sec [total]
done with UBTbA for K = 45.25-53.82 Q = 90.51-107.63 after 7586.9 sec [total]
done with UBTbC for K = 45.25-53.82 Q = 90.51-107.63 after 7587.2 sec [total]
done with H for K = 45.25-53.82 Q = 90.51-107.63 after 7588.3 sec [total]
done with H++ for K = 45.25-53.82 Q = 90.51-107.63 after 7591.6 sec [total]
done with H+- for K = 45.25-53.82 Q = 90.51-107.63 after 7592.6 sec [total]
done with H-+ for K = 45.25-53.82 Q = 90.51-107.63 after 7593.7 sec [total]
done with H-- for K = 45.25-53.82 Q = 90.51-107.63 after 7594.8 sec [total]
done with UU for K = 53.82-64.00 Q = 90.51-107.63 after 7595.8 sec [total]
done with BB for K = 53.82-64.00 Q = 90.51-107.63 after 7597.0 sec [total]
done with UBTa for K = 53.82-64.00 Q = 90.51-107.63 after 7597.1 sec [total]
done with UBTb for K = 53.82-64.00 Q = 90.51-107.63 after 7597.3 sec [total]
done with UBTbA for K = 53.82-64.00 Q = 90.51-107.63 after 7597.5 sec [total]
done with UBTbC for K = 53.82-64.00 Q = 90.51-107.63 after 7597.9 sec [total]
done with H for K = 53.82-64.00 Q = 90.51-107.63 after 7599.0 sec [total]
done with H++ for K = 53.82-64.00 Q = 90.51-107.63 after 7602.1 sec [total]
done with H+- for K = 53.82-64.00 Q = 90.51-107.63 after 7603.2 sec [total]
done with H-+ for K = 53.82-64.00 Q = 90.51-107.63 after 7604.4 sec [total]
done with H-- for K = 53.82-64.00 Q = 90.51-107.63 after 7605.4 sec [total]
done with UU for K = 64.00-76.11 Q = 90.51-107.63 after 7606.6 sec [total]
done with BB for K = 64.00-76.11 Q = 90.51-107.63 after 7607.6 sec [total]
done with UBTa for K = 64.00-76.11 Q = 90.51-107.63 after 7607.8 sec [total]
done with UBTb for K = 64.00-76.11 Q = 90.51-107.63 after 7608.0 sec [total]
done with UBTbA for K = 64.00-76.11 Q = 90.51-107.63 after 7608.2 sec [total]
done with UBTbC for K = 64.00-76.11 Q = 90.51-107.63 after 7608.6 sec [total]
done with H for K = 64.00-76.11 Q = 90.51-107.63 after 7609.6 sec [total]
done with H++ for K = 64.00-76.11 Q = 90.51-107.63 after 7612.8 sec [total]
done with H+- for K = 64.00-76.11 Q = 90.51-107.63 after 7613.9 sec [total]
done with H-+ for K = 64.00-76.11 Q = 90.51-107.63 after 7615.0 sec [total]
done with H-- for K = 64.00-76.11 Q = 90.51-107.63 after 7616.1 sec [total]
done with UU for K = 76.11-90.51 Q = 90.51-107.63 after 7617.2 sec [total]
done with BB for K = 76.11-90.51 Q = 90.51-107.63 after 7618.2 sec [total]
done with UBTa for K = 76.11-90.51 Q = 90.51-107.63 after 7618.4 sec [total]
done with UBTb for K = 76.11-90.51 Q = 90.51-107.63 after 7618.6 sec [total]
done with UBTbA for K = 76.11-90.51 Q = 90.51-107.63 after 7618.9 sec [total]
done with UBTbC for K = 76.11-90.51 Q = 90.51-107.63 after 7619.2 sec [total]
done with H for K = 76.11-90.51 Q = 90.51-107.63 after 7620.2 sec [total]
done with H++ for K = 76.11-90.51 Q = 90.51-107.63 after 7623.4 sec [total]
done with H+- for K = 76.11-90.51 Q = 90.51-107.63 after 7624.5 sec [total]
done with H-+ for K = 76.11-90.51 Q = 90.51-107.63 after 7625.6 sec [total]
done with H-- for K = 76.11-90.51 Q = 90.51-107.63 after 7626.7 sec [total]
done with UU for K = 90.51-107.63 Q = 90.51-107.63 after 7627.8 sec [total]
done with BB for K = 90.51-107.63 Q = 90.51-107.63 after 7628.9 sec [total]
done with UBTa for K = 90.51-107.63 Q = 90.51-107.63 after 7629.0 sec [total]
done with UBTb for K = 90.51-107.63 Q = 90.51-107.63 after 7629.2 sec [total]
done with UBTbA for K = 90.51-107.63 Q = 90.51-107.63 after 7629.4 sec [total]
done with UBTbC for K = 90.51-107.63 Q = 90.51-107.63 after 7629.8 sec [total]
done with H for K = 90.51-107.63 Q = 90.51-107.63 after 7630.9 sec [total]
done with H++ for K = 90.51-107.63 Q = 90.51-107.63 after 7634.1 sec [total]
done with H+- for K = 90.51-107.63 Q = 90.51-107.63 after 7635.1 sec [total]
done with H-+ for K = 90.51-107.63 Q = 90.51-107.63 after 7636.2 sec [total]
done with H-- for K = 90.51-107.63 Q = 90.51-107.63 after 7637.3 sec [total]
done with UU for K = 107.63-128.00 Q = 90.51-107.63 after 7638.5 sec [total]
done with BB for K = 107.63-128.00 Q = 90.51-107.63 after 7639.5 sec [total]
done with UBTa for K = 107.63-128.00 Q = 90.51-107.63 after 7639.7 sec [total]
done with UBTb for K = 107.63-128.00 Q = 90.51-107.63 after 7639.9 sec [total]
done with UBTbA for K = 107.63-128.00 Q = 90.51-107.63 after 7640.1 sec [total]
done with UBTbC for K = 107.63-128.00 Q = 90.51-107.63 after 7640.5 sec [total]
done with H for K = 107.63-128.00 Q = 90.51-107.63 after 7641.5 sec [total]
done with H++ for K = 107.63-128.00 Q = 90.51-107.63 after 7644.7 sec [total]
done with H+- for K = 107.63-128.00 Q = 90.51-107.63 after 7645.8 sec [total]
done with H-+ for K = 107.63-128.00 Q = 90.51-107.63 after 7646.9 sec [total]
done with H-- for K = 107.63-128.00 Q = 90.51-107.63 after 7648.0 sec [total]
done with UU for K = 128.00-152.22 Q = 90.51-107.63 after 7649.1 sec [total]
done with BB for K = 128.00-152.22 Q = 90.51-107.63 after 7650.1 sec [total]
done with UBTa for K = 128.00-152.22 Q = 90.51-107.63 after 7650.3 sec [total]
done with UBTb for K = 128.00-152.22 Q = 90.51-107.63 after 7650.5 sec [total]
done with UBTbA for K = 128.00-152.22 Q = 90.51-107.63 after 7650.7 sec [total]
done with UBTbC for K = 128.00-152.22 Q = 90.51-107.63 after 7651.1 sec [total]
done with H for K = 128.00-152.22 Q = 90.51-107.63 after 7652.1 sec [total]
done with H++ for K = 128.00-152.22 Q = 90.51-107.63 after 7655.3 sec [total]
done with H+- for K = 128.00-152.22 Q = 90.51-107.63 after 7656.4 sec [total]
done with H-+ for K = 128.00-152.22 Q = 90.51-107.63 after 7657.5 sec [total]
done with H-- for K = 128.00-152.22 Q = 90.51-107.63 after 7658.6 sec [total]
done with UU for K = 152.22-181.02 Q = 90.51-107.63 after 7659.7 sec [total]
done with BB for K = 152.22-181.02 Q = 90.51-107.63 after 7660.7 sec [total]
done with UBTa for K = 152.22-181.02 Q = 90.51-107.63 after 7660.9 sec [total]
done with UBTb for K = 152.22-181.02 Q = 90.51-107.63 after 7661.1 sec [total]
done with UBTbA for K = 152.22-181.02 Q = 90.51-107.63 after 7661.3 sec [total]
done with UBTbC for K = 152.22-181.02 Q = 90.51-107.63 after 7661.7 sec [total]
done with H for K = 152.22-181.02 Q = 90.51-107.63 after 7662.7 sec [total]
done with H++ for K = 152.22-181.02 Q = 90.51-107.63 after 7666.0 sec [total]
done with H+- for K = 152.22-181.02 Q = 90.51-107.63 after 7667.1 sec [total]
done with H-+ for K = 152.22-181.02 Q = 90.51-107.63 after 7668.2 sec [total]
done with H-- for K = 152.22-181.02 Q = 90.51-107.63 after 7669.2 sec [total]
done with UU for K = 181.02-215.27 Q = 90.51-107.63 after 7670.3 sec [total]
done with BB for K = 181.02-215.27 Q = 90.51-107.63 after 7671.3 sec [total]
done with UBTa for K = 181.02-215.27 Q = 90.51-107.63 after 7671.5 sec [total]
done with UBTb for K = 181.02-215.27 Q = 90.51-107.63 after 7671.7 sec [total]
done with UBTbA for K = 181.02-215.27 Q = 90.51-107.63 after 7671.9 sec [total]
done with UBTbC for K = 181.02-215.27 Q = 90.51-107.63 after 7672.3 sec [total]
done with H for K = 181.02-215.27 Q = 90.51-107.63 after 7673.4 sec [total]
done with H++ for K = 181.02-215.27 Q = 90.51-107.63 after 7676.5 sec [total]
done with H+- for K = 181.02-215.27 Q = 90.51-107.63 after 7677.6 sec [total]
done with H-+ for K = 181.02-215.27 Q = 90.51-107.63 after 7678.7 sec [total]
done with H-- for K = 181.02-215.27 Q = 90.51-107.63 after 7679.8 sec [total]
done with UU for K = 215.27-256.00 Q = 90.51-107.63 after 7680.9 sec [total]
done with BB for K = 215.27-256.00 Q = 90.51-107.63 after 7682.0 sec [total]
done with UBTa for K = 215.27-256.00 Q = 90.51-107.63 after 7682.2 sec [total]
done with UBTb for K = 215.27-256.00 Q = 90.51-107.63 after 7682.3 sec [total]
done with UBTbA for K = 215.27-256.00 Q = 90.51-107.63 after 7682.6 sec [total]
done with UBTbC for K = 215.27-256.00 Q = 90.51-107.63 after 7682.9 sec [total]
done with H for K = 215.27-256.00 Q = 90.51-107.63 after 7684.0 sec [total]
done with H++ for K = 215.27-256.00 Q = 90.51-107.63 after 7687.1 sec [total]
done with H+- for K = 215.27-256.00 Q = 90.51-107.63 after 7688.2 sec [total]
done with H-+ for K = 215.27-256.00 Q = 90.51-107.63 after 7689.4 sec [total]
done with H-- for K = 215.27-256.00 Q = 90.51-107.63 after 7690.4 sec [total]
done with UU for K = 256.00-304.44 Q = 90.51-107.63 after 7691.5 sec [total]
done with BB for K = 256.00-304.44 Q = 90.51-107.63 after 7692.6 sec [total]
done with UBTa for K = 256.00-304.44 Q = 90.51-107.63 after 7692.8 sec [total]
done with UBTb for K = 256.00-304.44 Q = 90.51-107.63 after 7693.0 sec [total]
done with UBTbA for K = 256.00-304.44 Q = 90.51-107.63 after 7693.2 sec [total]
done with UBTbC for K = 256.00-304.44 Q = 90.51-107.63 after 7693.5 sec [total]
done with H for K = 256.00-304.44 Q = 90.51-107.63 after 7694.6 sec [total]
done with H++ for K = 256.00-304.44 Q = 90.51-107.63 after 7697.8 sec [total]
done with H+- for K = 256.00-304.44 Q = 90.51-107.63 after 7698.9 sec [total]
done with H-+ for K = 256.00-304.44 Q = 90.51-107.63 after 7699.9 sec [total]
done with H-- for K = 256.00-304.44 Q = 90.51-107.63 after 7701.0 sec [total]
done with UU for K = 304.44-362.04 Q = 90.51-107.63 after 7702.1 sec [total]
done with BB for K = 304.44-362.04 Q = 90.51-107.63 after 7703.2 sec [total]
done with UBTa for K = 304.44-362.04 Q = 90.51-107.63 after 7703.4 sec [total]
done with UBTb for K = 304.44-362.04 Q = 90.51-107.63 after 7703.6 sec [total]
done with UBTbA for K = 304.44-362.04 Q = 90.51-107.63 after 7703.8 sec [total]
done with UBTbC for K = 304.44-362.04 Q = 90.51-107.63 after 7704.2 sec [total]
done with H for K = 304.44-362.04 Q = 90.51-107.63 after 7705.2 sec [total]
done with H++ for K = 304.44-362.04 Q = 90.51-107.63 after 7708.4 sec [total]
done with H+- for K = 304.44-362.04 Q = 90.51-107.63 after 7709.5 sec [total]
done with H-+ for K = 304.44-362.04 Q = 90.51-107.63 after 7710.7 sec [total]
done with H-- for K = 304.44-362.04 Q = 90.51-107.63 after 7711.7 sec [total]
done with UU for K = 362.04-430.54 Q = 90.51-107.63 after 7712.7 sec [total]
done with BB for K = 362.04-430.54 Q = 90.51-107.63 after 7713.8 sec [total]
done with UBTa for K = 362.04-430.54 Q = 90.51-107.63 after 7714.0 sec [total]
done with UBTb for K = 362.04-430.54 Q = 90.51-107.63 after 7714.2 sec [total]
done with UBTbA for K = 362.04-430.54 Q = 90.51-107.63 after 7714.4 sec [total]
done with UBTbC for K = 362.04-430.54 Q = 90.51-107.63 after 7714.8 sec [total]
done with H for K = 362.04-430.54 Q = 90.51-107.63 after 7715.8 sec [total]
done with H++ for K = 362.04-430.54 Q = 90.51-107.63 after 7719.0 sec [total]
done with H+- for K = 362.04-430.54 Q = 90.51-107.63 after 7720.1 sec [total]
done with H-+ for K = 362.04-430.54 Q = 90.51-107.63 after 7721.2 sec [total]
done with H-- for K = 362.04-430.54 Q = 90.51-107.63 after 7722.3 sec [total]
done with UU for K = 430.54-512.00 Q = 90.51-107.63 after 7723.4 sec [total]
done with BB for K = 430.54-512.00 Q = 90.51-107.63 after 7724.5 sec [total]
done with UBTa for K = 430.54-512.00 Q = 90.51-107.63 after 7724.7 sec [total]
done with UBTb for K = 430.54-512.00 Q = 90.51-107.63 after 7724.8 sec [total]
done with UBTbA for K = 430.54-512.00 Q = 90.51-107.63 after 7725.0 sec [total]
done with UBTbC for K = 430.54-512.00 Q = 90.51-107.63 after 7725.4 sec [total]
done with H for K = 430.54-512.00 Q = 90.51-107.63 after 7726.5 sec [total]
done with H++ for K = 430.54-512.00 Q = 90.51-107.63 after 7729.7 sec [total]
done with H+- for K = 430.54-512.00 Q = 90.51-107.63 after 7730.8 sec [total]
done with H-+ for K = 430.54-512.00 Q = 90.51-107.63 after 7731.9 sec [total]
done with H-- for K = 430.54-512.00 Q = 90.51-107.63 after 7733.0 sec [total]
done with UU for K = 512.00-608.87 Q = 90.51-107.63 after 7734.1 sec [total]
done with BB for K = 512.00-608.87 Q = 90.51-107.63 after 7735.1 sec [total]
done with UBTa for K = 512.00-608.87 Q = 90.51-107.63 after 7735.3 sec [total]
done with UBTb for K = 512.00-608.87 Q = 90.51-107.63 after 7735.5 sec [total]
done with UBTbA for K = 512.00-608.87 Q = 90.51-107.63 after 7735.7 sec [total]
done with UBTbC for K = 512.00-608.87 Q = 90.51-107.63 after 7736.0 sec [total]
done with H for K = 512.00-608.87 Q = 90.51-107.63 after 7737.1 sec [total]
done with H++ for K = 512.00-608.87 Q = 90.51-107.63 after 7740.4 sec [total]
done with H+- for K = 512.00-608.87 Q = 90.51-107.63 after 7741.4 sec [total]
done with H-+ for K = 512.00-608.87 Q = 90.51-107.63 after 7742.5 sec [total]
done with H-- for K = 512.00-608.87 Q = 90.51-107.63 after 7743.5 sec [total]
done with UU for K = 608.87-724.08 Q = 90.51-107.63 after 7744.7 sec [total]
done with BB for K = 608.87-724.08 Q = 90.51-107.63 after 7745.7 sec [total]
done with UBTa for K = 608.87-724.08 Q = 90.51-107.63 after 7745.9 sec [total]
done with UBTb for K = 608.87-724.08 Q = 90.51-107.63 after 7746.1 sec [total]
done with UBTbA for K = 608.87-724.08 Q = 90.51-107.63 after 7746.3 sec [total]
done with UBTbC for K = 608.87-724.08 Q = 90.51-107.63 after 7746.6 sec [total]
done with H for K = 608.87-724.08 Q = 90.51-107.63 after 7747.7 sec [total]
done with H++ for K = 608.87-724.08 Q = 90.51-107.63 after 7750.9 sec [total]
done with H+- for K = 608.87-724.08 Q = 90.51-107.63 after 7752.0 sec [total]
done with H-+ for K = 608.87-724.08 Q = 90.51-107.63 after 7753.1 sec [total]
done with H-- for K = 608.87-724.08 Q = 90.51-107.63 after 7754.1 sec [total]
done with UU for K = 724.08-861.08 Q = 90.51-107.63 after 7755.3 sec [total]
done with BB for K = 724.08-861.08 Q = 90.51-107.63 after 7756.3 sec [total]
done with UBTa for K = 724.08-861.08 Q = 90.51-107.63 after 7756.5 sec [total]
done with UBTb for K = 724.08-861.08 Q = 90.51-107.63 after 7756.7 sec [total]
done with UBTbA for K = 724.08-861.08 Q = 90.51-107.63 after 7756.9 sec [total]
done with UBTbC for K = 724.08-861.08 Q = 90.51-107.63 after 7757.3 sec [total]
done with H for K = 724.08-861.08 Q = 90.51-107.63 after 7758.3 sec [total]
done with H++ for K = 724.08-861.08 Q = 90.51-107.63 after 7761.6 sec [total]
done with H+- for K = 724.08-861.08 Q = 90.51-107.63 after 7762.6 sec [total]
done with H-+ for K = 724.08-861.08 Q = 90.51-107.63 after 7763.7 sec [total]
done with H-- for K = 724.08-861.08 Q = 90.51-107.63 after 7764.8 sec [total]
done with UU for K = 861.08-1024.00 Q = 90.51-107.63 after 7765.9 sec [total]
done with BB for K = 861.08-1024.00 Q = 90.51-107.63 after 7766.9 sec [total]
done with UBTa for K = 861.08-1024.00 Q = 90.51-107.63 after 7767.1 sec [total]
done with UBTb for K = 861.08-1024.00 Q = 90.51-107.63 after 7767.3 sec [total]
done with UBTbA for K = 861.08-1024.00 Q = 90.51-107.63 after 7767.5 sec [total]
done with UBTbC for K = 861.08-1024.00 Q = 90.51-107.63 after 7767.8 sec [total]
done with H for K = 861.08-1024.00 Q = 90.51-107.63 after 7768.9 sec [total]
done with H++ for K = 861.08-1024.00 Q = 90.51-107.63 after 7772.1 sec [total]
done with H+- for K = 861.08-1024.00 Q = 90.51-107.63 after 7773.2 sec [total]
done with H-+ for K = 861.08-1024.00 Q = 90.51-107.63 after 7774.3 sec [total]
done with H-- for K = 861.08-1024.00 Q = 90.51-107.63 after 7775.3 sec [total]
done with UU for K = 0.00-3.36 Q = 107.63-128.00 after 7778.5 sec [total]
done with BB for K = 0.00-3.36 Q = 107.63-128.00 after 7781.7 sec [total]
done with UBTa for K = 0.00-3.36 Q = 107.63-128.00 after 7783.5 sec [total]
done with UBTb for K = 0.00-3.36 Q = 107.63-128.00 after 7785.2 sec [total]
done with UBTbA for K = 0.00-3.36 Q = 107.63-128.00 after 7787.0 sec [total]
done with UBTbC for K = 0.00-3.36 Q = 107.63-128.00 after 7787.3 sec [total]
done with H for K = 0.00-3.36 Q = 107.63-128.00 after 7788.4 sec [total]
done with H++ for K = 0.00-3.36 Q = 107.63-128.00 after 7791.7 sec [total]
done with H+- for K = 0.00-3.36 Q = 107.63-128.00 after 7792.7 sec [total]
done with H-+ for K = 0.00-3.36 Q = 107.63-128.00 after 7793.8 sec [total]
done with H-- for K = 0.00-3.36 Q = 107.63-128.00 after 7794.9 sec [total]
done with UU for K = 3.36-4.00 Q = 107.63-128.00 after 7796.0 sec [total]
done with BB for K = 3.36-4.00 Q = 107.63-128.00 after 7797.1 sec [total]
done with UBTa for K = 3.36-4.00 Q = 107.63-128.00 after 7797.3 sec [total]
done with UBTb for K = 3.36-4.00 Q = 107.63-128.00 after 7797.5 sec [total]
done with UBTbA for K = 3.36-4.00 Q = 107.63-128.00 after 7797.6 sec [total]
done with UBTbC for K = 3.36-4.00 Q = 107.63-128.00 after 7798.0 sec [total]
done with H for K = 3.36-4.00 Q = 107.63-128.00 after 7799.1 sec [total]
done with H++ for K = 3.36-4.00 Q = 107.63-128.00 after 7802.3 sec [total]
done with H+- for K = 3.36-4.00 Q = 107.63-128.00 after 7803.4 sec [total]
done with H-+ for K = 3.36-4.00 Q = 107.63-128.00 after 7804.5 sec [total]
done with H-- for K = 3.36-4.00 Q = 107.63-128.00 after 7805.6 sec [total]
done with UU for K = 4.00-4.76 Q = 107.63-128.00 after 7806.8 sec [total]
done with BB for K = 4.00-4.76 Q = 107.63-128.00 after 7807.8 sec [total]
done with UBTa for K = 4.00-4.76 Q = 107.63-128.00 after 7808.0 sec [total]
done with UBTb for K = 4.00-4.76 Q = 107.63-128.00 after 7808.1 sec [total]
done with UBTbA for K = 4.00-4.76 Q = 107.63-128.00 after 7808.3 sec [total]
done with UBTbC for K = 4.00-4.76 Q = 107.63-128.00 after 7808.7 sec [total]
done with H for K = 4.00-4.76 Q = 107.63-128.00 after 7809.8 sec [total]
done with H++ for K = 4.00-4.76 Q = 107.63-128.00 after 7813.0 sec [total]
done with H+- for K = 4.00-4.76 Q = 107.63-128.00 after 7814.1 sec [total]
done with H-+ for K = 4.00-4.76 Q = 107.63-128.00 after 7815.2 sec [total]
done with H-- for K = 4.00-4.76 Q = 107.63-128.00 after 7816.3 sec [total]
done with UU for K = 4.76-5.66 Q = 107.63-128.00 after 7817.3 sec [total]
done with BB for K = 4.76-5.66 Q = 107.63-128.00 after 7818.4 sec [total]
done with UBTa for K = 4.76-5.66 Q = 107.63-128.00 after 7818.6 sec [total]
done with UBTb for K = 4.76-5.66 Q = 107.63-128.00 after 7818.9 sec [total]
done with UBTbA for K = 4.76-5.66 Q = 107.63-128.00 after 7819.1 sec [total]
done with UBTbC for K = 4.76-5.66 Q = 107.63-128.00 after 7819.4 sec [total]
done with H for K = 4.76-5.66 Q = 107.63-128.00 after 7820.4 sec [total]
done with H++ for K = 4.76-5.66 Q = 107.63-128.00 after 7823.7 sec [total]
done with H+- for K = 4.76-5.66 Q = 107.63-128.00 after 7824.8 sec [total]
done with H-+ for K = 4.76-5.66 Q = 107.63-128.00 after 7825.9 sec [total]
done with H-- for K = 4.76-5.66 Q = 107.63-128.00 after 7826.9 sec [total]
done with UU for K = 5.66-6.73 Q = 107.63-128.00 after 7828.0 sec [total]
done with BB for K = 5.66-6.73 Q = 107.63-128.00 after 7829.1 sec [total]
done with UBTa for K = 5.66-6.73 Q = 107.63-128.00 after 7829.3 sec [total]
done with UBTb for K = 5.66-6.73 Q = 107.63-128.00 after 7829.5 sec [total]
done with UBTbA for K = 5.66-6.73 Q = 107.63-128.00 after 7829.7 sec [total]
done with UBTbC for K = 5.66-6.73 Q = 107.63-128.00 after 7830.0 sec [total]
done with H for K = 5.66-6.73 Q = 107.63-128.00 after 7831.1 sec [total]
done with H++ for K = 5.66-6.73 Q = 107.63-128.00 after 7834.3 sec [total]
done with H+- for K = 5.66-6.73 Q = 107.63-128.00 after 7835.4 sec [total]
done with H-+ for K = 5.66-6.73 Q = 107.63-128.00 after 7836.4 sec [total]
done with H-- for K = 5.66-6.73 Q = 107.63-128.00 after 7837.5 sec [total]
done with UU for K = 6.73-8.00 Q = 107.63-128.00 after 7838.6 sec [total]
done with BB for K = 6.73-8.00 Q = 107.63-128.00 after 7839.7 sec [total]
done with UBTa for K = 6.73-8.00 Q = 107.63-128.00 after 7839.9 sec [total]
done with UBTb for K = 6.73-8.00 Q = 107.63-128.00 after 7840.1 sec [total]
done with UBTbA for K = 6.73-8.00 Q = 107.63-128.00 after 7840.3 sec [total]
done with UBTbC for K = 6.73-8.00 Q = 107.63-128.00 after 7840.6 sec [total]
done with H for K = 6.73-8.00 Q = 107.63-128.00 after 7841.7 sec [total]
done with H++ for K = 6.73-8.00 Q = 107.63-128.00 after 7844.9 sec [total]
done with H+- for K = 6.73-8.00 Q = 107.63-128.00 after 7846.0 sec [total]
done with H-+ for K = 6.73-8.00 Q = 107.63-128.00 after 7847.1 sec [total]
done with H-- for K = 6.73-8.00 Q = 107.63-128.00 after 7848.1 sec [total]
done with UU for K = 8.00-9.51 Q = 107.63-128.00 after 7849.2 sec [total]
done with BB for K = 8.00-9.51 Q = 107.63-128.00 after 7850.3 sec [total]
done with UBTa for K = 8.00-9.51 Q = 107.63-128.00 after 7850.5 sec [total]
done with UBTb for K = 8.00-9.51 Q = 107.63-128.00 after 7850.7 sec [total]
done with UBTbA for K = 8.00-9.51 Q = 107.63-128.00 after 7850.9 sec [total]
done with UBTbC for K = 8.00-9.51 Q = 107.63-128.00 after 7851.3 sec [total]
done with H for K = 8.00-9.51 Q = 107.63-128.00 after 7852.3 sec [total]
done with H++ for K = 8.00-9.51 Q = 107.63-128.00 after 7855.5 sec [total]
done with H+- for K = 8.00-9.51 Q = 107.63-128.00 after 7856.6 sec [total]
done with H-+ for K = 8.00-9.51 Q = 107.63-128.00 after 7857.7 sec [total]
done with H-- for K = 8.00-9.51 Q = 107.63-128.00 after 7858.7 sec [total]
done with UU for K = 9.51-11.31 Q = 107.63-128.00 after 7859.9 sec [total]
done with BB for K = 9.51-11.31 Q = 107.63-128.00 after 7861.0 sec [total]
done with UBTa for K = 9.51-11.31 Q = 107.63-128.00 after 7861.1 sec [total]
done with UBTb for K = 9.51-11.31 Q = 107.63-128.00 after 7861.3 sec [total]
done with UBTbA for K = 9.51-11.31 Q = 107.63-128.00 after 7861.6 sec [total]
done with UBTbC for K = 9.51-11.31 Q = 107.63-128.00 after 7861.9 sec [total]
done with H for K = 9.51-11.31 Q = 107.63-128.00 after 7863.0 sec [total]
done with H++ for K = 9.51-11.31 Q = 107.63-128.00 after 7866.2 sec [total]
done with H+- for K = 9.51-11.31 Q = 107.63-128.00 after 7867.2 sec [total]
done with H-+ for K = 9.51-11.31 Q = 107.63-128.00 after 7868.3 sec [total]
done with H-- for K = 9.51-11.31 Q = 107.63-128.00 after 7869.3 sec [total]
done with UU for K = 11.31-13.45 Q = 107.63-128.00 after 7870.5 sec [total]
done with BB for K = 11.31-13.45 Q = 107.63-128.00 after 7871.6 sec [total]
done with UBTa for K = 11.31-13.45 Q = 107.63-128.00 after 7871.8 sec [total]
done with UBTb for K = 11.31-13.45 Q = 107.63-128.00 after 7872.0 sec [total]
done with UBTbA for K = 11.31-13.45 Q = 107.63-128.00 after 7872.2 sec [total]
done with UBTbC for K = 11.31-13.45 Q = 107.63-128.00 after 7872.5 sec [total]
done with H for K = 11.31-13.45 Q = 107.63-128.00 after 7873.6 sec [total]
done with H++ for K = 11.31-13.45 Q = 107.63-128.00 after 7876.8 sec [total]
done with H+- for K = 11.31-13.45 Q = 107.63-128.00 after 7877.9 sec [total]
done with H-+ for K = 11.31-13.45 Q = 107.63-128.00 after 7879.0 sec [total]
done with H-- for K = 11.31-13.45 Q = 107.63-128.00 after 7880.0 sec [total]
done with UU for K = 13.45-16.00 Q = 107.63-128.00 after 7881.1 sec [total]
done with BB for K = 13.45-16.00 Q = 107.63-128.00 after 7882.2 sec [total]
done with UBTa for K = 13.45-16.00 Q = 107.63-128.00 after 7882.4 sec [total]
done with UBTb for K = 13.45-16.00 Q = 107.63-128.00 after 7882.6 sec [total]
done with UBTbA for K = 13.45-16.00 Q = 107.63-128.00 after 7882.7 sec [total]
done with UBTbC for K = 13.45-16.00 Q = 107.63-128.00 after 7883.1 sec [total]
done with H for K = 13.45-16.00 Q = 107.63-128.00 after 7884.2 sec [total]
done with H++ for K = 13.45-16.00 Q = 107.63-128.00 after 7887.4 sec [total]
done with H+- for K = 13.45-16.00 Q = 107.63-128.00 after 7888.5 sec [total]
done with H-+ for K = 13.45-16.00 Q = 107.63-128.00 after 7889.6 sec [total]
done with H-- for K = 13.45-16.00 Q = 107.63-128.00 after 7890.7 sec [total]
done with UU for K = 16.00-19.03 Q = 107.63-128.00 after 7891.8 sec [total]
done with BB for K = 16.00-19.03 Q = 107.63-128.00 after 7892.8 sec [total]
done with UBTa for K = 16.00-19.03 Q = 107.63-128.00 after 7893.0 sec [total]
done with UBTb for K = 16.00-19.03 Q = 107.63-128.00 after 7893.2 sec [total]
done with UBTbA for K = 16.00-19.03 Q = 107.63-128.00 after 7893.4 sec [total]
done with UBTbC for K = 16.00-19.03 Q = 107.63-128.00 after 7893.7 sec [total]
done with H for K = 16.00-19.03 Q = 107.63-128.00 after 7894.8 sec [total]
done with H++ for K = 16.00-19.03 Q = 107.63-128.00 after 7898.1 sec [total]
done with H+- for K = 16.00-19.03 Q = 107.63-128.00 after 7899.1 sec [total]
done with H-+ for K = 16.00-19.03 Q = 107.63-128.00 after 7900.2 sec [total]
done with H-- for K = 16.00-19.03 Q = 107.63-128.00 after 7901.3 sec [total]
done with UU for K = 19.03-22.63 Q = 107.63-128.00 after 7902.4 sec [total]
done with BB for K = 19.03-22.63 Q = 107.63-128.00 after 7903.4 sec [total]
done with UBTa for K = 19.03-22.63 Q = 107.63-128.00 after 7903.6 sec [total]
done with UBTb for K = 19.03-22.63 Q = 107.63-128.00 after 7903.8 sec [total]
done with UBTbA for K = 19.03-22.63 Q = 107.63-128.00 after 7904.0 sec [total]
done with UBTbC for K = 19.03-22.63 Q = 107.63-128.00 after 7904.3 sec [total]
done with H for K = 19.03-22.63 Q = 107.63-128.00 after 7905.4 sec [total]
done with H++ for K = 19.03-22.63 Q = 107.63-128.00 after 7908.6 sec [total]
done with H+- for K = 19.03-22.63 Q = 107.63-128.00 after 7909.7 sec [total]
done with H-+ for K = 19.03-22.63 Q = 107.63-128.00 after 7910.8 sec [total]
done with H-- for K = 19.03-22.63 Q = 107.63-128.00 after 7911.8 sec [total]
done with UU for K = 22.63-26.91 Q = 107.63-128.00 after 7913.0 sec [total]
done with BB for K = 22.63-26.91 Q = 107.63-128.00 after 7914.0 sec [total]
done with UBTa for K = 22.63-26.91 Q = 107.63-128.00 after 7914.2 sec [total]
done with UBTb for K = 22.63-26.91 Q = 107.63-128.00 after 7914.4 sec [total]
done with UBTbA for K = 22.63-26.91 Q = 107.63-128.00 after 7914.6 sec [total]
done with UBTbC for K = 22.63-26.91 Q = 107.63-128.00 after 7915.0 sec [total]
done with H for K = 22.63-26.91 Q = 107.63-128.00 after 7916.0 sec [total]
done with H++ for K = 22.63-26.91 Q = 107.63-128.00 after 7919.2 sec [total]
done with H+- for K = 22.63-26.91 Q = 107.63-128.00 after 7920.3 sec [total]
done with H-+ for K = 22.63-26.91 Q = 107.63-128.00 after 7921.4 sec [total]
done with H-- for K = 22.63-26.91 Q = 107.63-128.00 after 7922.5 sec [total]
done with UU for K = 26.91-32.00 Q = 107.63-128.00 after 7923.6 sec [total]
done with BB for K = 26.91-32.00 Q = 107.63-128.00 after 7924.7 sec [total]
done with UBTa for K = 26.91-32.00 Q = 107.63-128.00 after 7924.9 sec [total]
done with UBTb for K = 26.91-32.00 Q = 107.63-128.00 after 7925.1 sec [total]
done with UBTbA for K = 26.91-32.00 Q = 107.63-128.00 after 7925.3 sec [total]
done with UBTbC for K = 26.91-32.00 Q = 107.63-128.00 after 7925.7 sec [total]
done with H for K = 26.91-32.00 Q = 107.63-128.00 after 7926.7 sec [total]
done with H++ for K = 26.91-32.00 Q = 107.63-128.00 after 7929.8 sec [total]
done with H+- for K = 26.91-32.00 Q = 107.63-128.00 after 7931.0 sec [total]
done with H-+ for K = 26.91-32.00 Q = 107.63-128.00 after 7932.1 sec [total]
done with H-- for K = 26.91-32.00 Q = 107.63-128.00 after 7933.1 sec [total]
done with UU for K = 32.00-38.05 Q = 107.63-128.00 after 7934.2 sec [total]
done with BB for K = 32.00-38.05 Q = 107.63-128.00 after 7935.3 sec [total]
done with UBTa for K = 32.00-38.05 Q = 107.63-128.00 after 7935.5 sec [total]
done with UBTb for K = 32.00-38.05 Q = 107.63-128.00 after 7935.7 sec [total]
done with UBTbA for K = 32.00-38.05 Q = 107.63-128.00 after 7935.9 sec [total]
done with UBTbC for K = 32.00-38.05 Q = 107.63-128.00 after 7936.2 sec [total]
done with H for K = 32.00-38.05 Q = 107.63-128.00 after 7937.3 sec [total]
done with H++ for K = 32.00-38.05 Q = 107.63-128.00 after 7940.5 sec [total]
done with H+- for K = 32.00-38.05 Q = 107.63-128.00 after 7941.6 sec [total]
done with H-+ for K = 32.00-38.05 Q = 107.63-128.00 after 7942.7 sec [total]
done with H-- for K = 32.00-38.05 Q = 107.63-128.00 after 7943.8 sec [total]
done with UU for K = 38.05-45.25 Q = 107.63-128.00 after 7944.9 sec [total]
done with BB for K = 38.05-45.25 Q = 107.63-128.00 after 7945.9 sec [total]
done with UBTa for K = 38.05-45.25 Q = 107.63-128.00 after 7946.1 sec [total]
done with UBTb for K = 38.05-45.25 Q = 107.63-128.00 after 7946.3 sec [total]
done with UBTbA for K = 38.05-45.25 Q = 107.63-128.00 after 7946.5 sec [total]
done with UBTbC for K = 38.05-45.25 Q = 107.63-128.00 after 7946.8 sec [total]
done with H for K = 38.05-45.25 Q = 107.63-128.00 after 7947.9 sec [total]
done with H++ for K = 38.05-45.25 Q = 107.63-128.00 after 7951.1 sec [total]
done with H+- for K = 38.05-45.25 Q = 107.63-128.00 after 7952.3 sec [total]
done with H-+ for K = 38.05-45.25 Q = 107.63-128.00 after 7953.4 sec [total]
done with H-- for K = 38.05-45.25 Q = 107.63-128.00 after 7954.4 sec [total]
done with UU for K = 45.25-53.82 Q = 107.63-128.00 after 7955.5 sec [total]
done with BB for K = 45.25-53.82 Q = 107.63-128.00 after 7956.5 sec [total]
done with UBTa for K = 45.25-53.82 Q = 107.63-128.00 after 7956.7 sec [total]
done with UBTb for K = 45.25-53.82 Q = 107.63-128.00 after 7956.9 sec [total]
done with UBTbA for K = 45.25-53.82 Q = 107.63-128.00 after 7957.1 sec [total]
done with UBTbC for K = 45.25-53.82 Q = 107.63-128.00 after 7957.5 sec [total]
done with H for K = 45.25-53.82 Q = 107.63-128.00 after 7958.6 sec [total]
done with H++ for K = 45.25-53.82 Q = 107.63-128.00 after 7961.8 sec [total]
done with H+- for K = 45.25-53.82 Q = 107.63-128.00 after 7962.8 sec [total]
done with H-+ for K = 45.25-53.82 Q = 107.63-128.00 after 7964.0 sec [total]
done with H-- for K = 45.25-53.82 Q = 107.63-128.00 after 7965.0 sec [total]
done with UU for K = 53.82-64.00 Q = 107.63-128.00 after 7966.1 sec [total]
done with BB for K = 53.82-64.00 Q = 107.63-128.00 after 7967.2 sec [total]
done with UBTa for K = 53.82-64.00 Q = 107.63-128.00 after 7967.4 sec [total]
done with UBTb for K = 53.82-64.00 Q = 107.63-128.00 after 7967.6 sec [total]
done with UBTbA for K = 53.82-64.00 Q = 107.63-128.00 after 7967.8 sec [total]
done with UBTbC for K = 53.82-64.00 Q = 107.63-128.00 after 7968.1 sec [total]
done with H for K = 53.82-64.00 Q = 107.63-128.00 after 7969.2 sec [total]
done with H++ for K = 53.82-64.00 Q = 107.63-128.00 after 7972.4 sec [total]
done with H+- for K = 53.82-64.00 Q = 107.63-128.00 after 7973.5 sec [total]
done with H-+ for K = 53.82-64.00 Q = 107.63-128.00 after 7974.6 sec [total]
done with H-- for K = 53.82-64.00 Q = 107.63-128.00 after 7975.7 sec [total]
done with UU for K = 64.00-76.11 Q = 107.63-128.00 after 7976.8 sec [total]
done with BB for K = 64.00-76.11 Q = 107.63-128.00 after 7977.8 sec [total]
done with UBTa for K = 64.00-76.11 Q = 107.63-128.00 after 7978.0 sec [total]
done with UBTb for K = 64.00-76.11 Q = 107.63-128.00 after 7978.2 sec [total]
done with UBTbA for K = 64.00-76.11 Q = 107.63-128.00 after 7978.4 sec [total]
done with UBTbC for K = 64.00-76.11 Q = 107.63-128.00 after 7978.8 sec [total]
done with H for K = 64.00-76.11 Q = 107.63-128.00 after 7979.8 sec [total]
done with H++ for K = 64.00-76.11 Q = 107.63-128.00 after 7983.0 sec [total]
done with H+- for K = 64.00-76.11 Q = 107.63-128.00 after 7984.2 sec [total]
done with H-+ for K = 64.00-76.11 Q = 107.63-128.00 after 7985.3 sec [total]
done with H-- for K = 64.00-76.11 Q = 107.63-128.00 after 7986.3 sec [total]
done with UU for K = 76.11-90.51 Q = 107.63-128.00 after 7987.5 sec [total]
done with BB for K = 76.11-90.51 Q = 107.63-128.00 after 7988.5 sec [total]
done with UBTa for K = 76.11-90.51 Q = 107.63-128.00 after 7988.7 sec [total]
done with UBTb for K = 76.11-90.51 Q = 107.63-128.00 after 7988.9 sec [total]
done with UBTbA for K = 76.11-90.51 Q = 107.63-128.00 after 7989.1 sec [total]
done with UBTbC for K = 76.11-90.51 Q = 107.63-128.00 after 7989.4 sec [total]
done with H for K = 76.11-90.51 Q = 107.63-128.00 after 7990.5 sec [total]
done with H++ for K = 76.11-90.51 Q = 107.63-128.00 after 7993.7 sec [total]
done with H+- for K = 76.11-90.51 Q = 107.63-128.00 after 7994.8 sec [total]
done with H-+ for K = 76.11-90.51 Q = 107.63-128.00 after 7995.9 sec [total]
done with H-- for K = 76.11-90.51 Q = 107.63-128.00 after 7996.9 sec [total]
done with UU for K = 90.51-107.63 Q = 107.63-128.00 after 7998.0 sec [total]
done with BB for K = 90.51-107.63 Q = 107.63-128.00 after 7999.1 sec [total]
done with UBTa for K = 90.51-107.63 Q = 107.63-128.00 after 7999.3 sec [total]
done with UBTb for K = 90.51-107.63 Q = 107.63-128.00 after 7999.5 sec [total]
done with UBTbA for K = 90.51-107.63 Q = 107.63-128.00 after 7999.6 sec [total]
done with UBTbC for K = 90.51-107.63 Q = 107.63-128.00 after 8000.0 sec [total]
done with H for K = 90.51-107.63 Q = 107.63-128.00 after 8001.1 sec [total]
done with H++ for K = 90.51-107.63 Q = 107.63-128.00 after 8004.3 sec [total]
done with H+- for K = 90.51-107.63 Q = 107.63-128.00 after 8005.4 sec [total]
done with H-+ for K = 90.51-107.63 Q = 107.63-128.00 after 8006.5 sec [total]
done with H-- for K = 90.51-107.63 Q = 107.63-128.00 after 8007.6 sec [total]
done with UU for K = 107.63-128.00 Q = 107.63-128.00 after 8008.6 sec [total]
done with BB for K = 107.63-128.00 Q = 107.63-128.00 after 8009.7 sec [total]
done with UBTa for K = 107.63-128.00 Q = 107.63-128.00 after 8009.9 sec [total]
done with UBTb for K = 107.63-128.00 Q = 107.63-128.00 after 8010.1 sec [total]
done with UBTbA for K = 107.63-128.00 Q = 107.63-128.00 after 8010.3 sec [total]
done with UBTbC for K = 107.63-128.00 Q = 107.63-128.00 after 8010.6 sec [total]
done with H for K = 107.63-128.00 Q = 107.63-128.00 after 8011.7 sec [total]
done with H++ for K = 107.63-128.00 Q = 107.63-128.00 after 8014.8 sec [total]
done with H+- for K = 107.63-128.00 Q = 107.63-128.00 after 8016.0 sec [total]
done with H-+ for K = 107.63-128.00 Q = 107.63-128.00 after 8017.0 sec [total]
done with H-- for K = 107.63-128.00 Q = 107.63-128.00 after 8018.1 sec [total]
done with UU for K = 128.00-152.22 Q = 107.63-128.00 after 8019.3 sec [total]
done with BB for K = 128.00-152.22 Q = 107.63-128.00 after 8020.3 sec [total]
done with UBTa for K = 128.00-152.22 Q = 107.63-128.00 after 8020.5 sec [total]
done with UBTb for K = 128.00-152.22 Q = 107.63-128.00 after 8020.7 sec [total]
done with UBTbA for K = 128.00-152.22 Q = 107.63-128.00 after 8020.9 sec [total]
done with UBTbC for K = 128.00-152.22 Q = 107.63-128.00 after 8021.2 sec [total]
done with H for K = 128.00-152.22 Q = 107.63-128.00 after 8022.3 sec [total]
done with H++ for K = 128.00-152.22 Q = 107.63-128.00 after 8025.5 sec [total]
done with H+- for K = 128.00-152.22 Q = 107.63-128.00 after 8026.7 sec [total]
done with H-+ for K = 128.00-152.22 Q = 107.63-128.00 after 8027.7 sec [total]
done with H-- for K = 128.00-152.22 Q = 107.63-128.00 after 8028.8 sec [total]
done with UU for K = 152.22-181.02 Q = 107.63-128.00 after 8029.8 sec [total]
done with BB for K = 152.22-181.02 Q = 107.63-128.00 after 8030.9 sec [total]
done with UBTa for K = 152.22-181.02 Q = 107.63-128.00 after 8031.1 sec [total]
done with UBTb for K = 152.22-181.02 Q = 107.63-128.00 after 8031.3 sec [total]
done with UBTbA for K = 152.22-181.02 Q = 107.63-128.00 after 8031.5 sec [total]
done with UBTbC for K = 152.22-181.02 Q = 107.63-128.00 after 8031.9 sec [total]
done with H for K = 152.22-181.02 Q = 107.63-128.00 after 8032.9 sec [total]
done with H++ for K = 152.22-181.02 Q = 107.63-128.00 after 8036.1 sec [total]
done with H+- for K = 152.22-181.02 Q = 107.63-128.00 after 8037.2 sec [total]
done with H-+ for K = 152.22-181.02 Q = 107.63-128.00 after 8038.4 sec [total]
done with H-- for K = 152.22-181.02 Q = 107.63-128.00 after 8039.4 sec [total]
done with UU for K = 181.02-215.27 Q = 107.63-128.00 after 8040.4 sec [total]
done with BB for K = 181.02-215.27 Q = 107.63-128.00 after 8041.5 sec [total]
done with UBTa for K = 181.02-215.27 Q = 107.63-128.00 after 8041.7 sec [total]
done with UBTb for K = 181.02-215.27 Q = 107.63-128.00 after 8041.9 sec [total]
done with UBTbA for K = 181.02-215.27 Q = 107.63-128.00 after 8042.1 sec [total]
done with UBTbC for K = 181.02-215.27 Q = 107.63-128.00 after 8042.5 sec [total]
done with H for K = 181.02-215.27 Q = 107.63-128.00 after 8043.5 sec [total]
done with H++ for K = 181.02-215.27 Q = 107.63-128.00 after 8046.8 sec [total]
done with H+- for K = 181.02-215.27 Q = 107.63-128.00 after 8047.9 sec [total]
done with H-+ for K = 181.02-215.27 Q = 107.63-128.00 after 8048.9 sec [total]
done with H-- for K = 181.02-215.27 Q = 107.63-128.00 after 8050.0 sec [total]
done with UU for K = 215.27-256.00 Q = 107.63-128.00 after 8051.1 sec [total]
done with BB for K = 215.27-256.00 Q = 107.63-128.00 after 8052.2 sec [total]
done with UBTa for K = 215.27-256.00 Q = 107.63-128.00 after 8052.4 sec [total]
done with UBTb for K = 215.27-256.00 Q = 107.63-128.00 after 8052.5 sec [total]
done with UBTbA for K = 215.27-256.00 Q = 107.63-128.00 after 8052.7 sec [total]
done with UBTbC for K = 215.27-256.00 Q = 107.63-128.00 after 8053.1 sec [total]
done with H for K = 215.27-256.00 Q = 107.63-128.00 after 8054.2 sec [total]
done with H++ for K = 215.27-256.00 Q = 107.63-128.00 after 8057.4 sec [total]
done with H+- for K = 215.27-256.00 Q = 107.63-128.00 after 8058.5 sec [total]
done with H-+ for K = 215.27-256.00 Q = 107.63-128.00 after 8059.7 sec [total]
done with H-- for K = 215.27-256.00 Q = 107.63-128.00 after 8060.7 sec [total]
done with UU for K = 256.00-304.44 Q = 107.63-128.00 after 8061.8 sec [total]
done with BB for K = 256.00-304.44 Q = 107.63-128.00 after 8062.8 sec [total]
done with UBTa for K = 256.00-304.44 Q = 107.63-128.00 after 8063.0 sec [total]
done with UBTb for K = 256.00-304.44 Q = 107.63-128.00 after 8063.2 sec [total]
done with UBTbA for K = 256.00-304.44 Q = 107.63-128.00 after 8063.4 sec [total]
done with UBTbC for K = 256.00-304.44 Q = 107.63-128.00 after 8063.8 sec [total]
done with H for K = 256.00-304.44 Q = 107.63-128.00 after 8064.9 sec [total]
done with H++ for K = 256.00-304.44 Q = 107.63-128.00 after 8068.0 sec [total]
done with H+- for K = 256.00-304.44 Q = 107.63-128.00 after 8069.2 sec [total]
done with H-+ for K = 256.00-304.44 Q = 107.63-128.00 after 8070.3 sec [total]
done with H-- for K = 256.00-304.44 Q = 107.63-128.00 after 8071.3 sec [total]
done with UU for K = 304.44-362.04 Q = 107.63-128.00 after 8072.3 sec [total]
done with BB for K = 304.44-362.04 Q = 107.63-128.00 after 8073.4 sec [total]
done with UBTa for K = 304.44-362.04 Q = 107.63-128.00 after 8073.6 sec [total]
done with UBTb for K = 304.44-362.04 Q = 107.63-128.00 after 8073.8 sec [total]
done with UBTbA for K = 304.44-362.04 Q = 107.63-128.00 after 8074.0 sec [total]
done with UBTbC for K = 304.44-362.04 Q = 107.63-128.00 after 8074.3 sec [total]
done with H for K = 304.44-362.04 Q = 107.63-128.00 after 8075.5 sec [total]
done with H++ for K = 304.44-362.04 Q = 107.63-128.00 after 8078.7 sec [total]
done with H+- for K = 304.44-362.04 Q = 107.63-128.00 after 8079.8 sec [total]
done with H-+ for K = 304.44-362.04 Q = 107.63-128.00 after 8080.9 sec [total]
done with H-- for K = 304.44-362.04 Q = 107.63-128.00 after 8081.9 sec [total]
done with UU for K = 362.04-430.54 Q = 107.63-128.00 after 8083.1 sec [total]
done with BB for K = 362.04-430.54 Q = 107.63-128.00 after 8084.1 sec [total]
done with UBTa for K = 362.04-430.54 Q = 107.63-128.00 after 8084.3 sec [total]
done with UBTb for K = 362.04-430.54 Q = 107.63-128.00 after 8084.5 sec [total]
done with UBTbA for K = 362.04-430.54 Q = 107.63-128.00 after 8084.6 sec [total]
done with UBTbC for K = 362.04-430.54 Q = 107.63-128.00 after 8085.0 sec [total]
done with H for K = 362.04-430.54 Q = 107.63-128.00 after 8086.1 sec [total]
done with H++ for K = 362.04-430.54 Q = 107.63-128.00 after 8089.4 sec [total]
done with H+- for K = 362.04-430.54 Q = 107.63-128.00 after 8090.4 sec [total]
done with H-+ for K = 362.04-430.54 Q = 107.63-128.00 after 8091.5 sec [total]
done with H-- for K = 362.04-430.54 Q = 107.63-128.00 after 8092.6 sec [total]
done with UU for K = 430.54-512.00 Q = 107.63-128.00 after 8093.6 sec [total]
done with BB for K = 430.54-512.00 Q = 107.63-128.00 after 8094.8 sec [total]
done with UBTa for K = 430.54-512.00 Q = 107.63-128.00 after 8094.9 sec [total]
done with UBTb for K = 430.54-512.00 Q = 107.63-128.00 after 8095.1 sec [total]
done with UBTbA for K = 430.54-512.00 Q = 107.63-128.00 after 8095.3 sec [total]
done with UBTbC for K = 430.54-512.00 Q = 107.63-128.00 after 8095.7 sec [total]
done with H for K = 430.54-512.00 Q = 107.63-128.00 after 8096.7 sec [total]
done with H++ for K = 430.54-512.00 Q = 107.63-128.00 after 8100.0 sec [total]
done with H+- for K = 430.54-512.00 Q = 107.63-128.00 after 8101.1 sec [total]
done with H-+ for K = 430.54-512.00 Q = 107.63-128.00 after 8102.2 sec [total]
done with H-- for K = 430.54-512.00 Q = 107.63-128.00 after 8103.2 sec [total]
done with UU for K = 512.00-608.87 Q = 107.63-128.00 after 8104.3 sec [total]
done with BB for K = 512.00-608.87 Q = 107.63-128.00 after 8105.4 sec [total]
done with UBTa for K = 512.00-608.87 Q = 107.63-128.00 after 8105.6 sec [total]
done with UBTb for K = 512.00-608.87 Q = 107.63-128.00 after 8105.8 sec [total]
done with UBTbA for K = 512.00-608.87 Q = 107.63-128.00 after 8106.0 sec [total]
done with UBTbC for K = 512.00-608.87 Q = 107.63-128.00 after 8106.3 sec [total]
done with H for K = 512.00-608.87 Q = 107.63-128.00 after 8107.4 sec [total]
done with H++ for K = 512.00-608.87 Q = 107.63-128.00 after 8110.6 sec [total]
done with H+- for K = 512.00-608.87 Q = 107.63-128.00 after 8111.7 sec [total]
done with H-+ for K = 512.00-608.87 Q = 107.63-128.00 after 8112.8 sec [total]
done with H-- for K = 512.00-608.87 Q = 107.63-128.00 after 8113.8 sec [total]
done with UU for K = 608.87-724.08 Q = 107.63-128.00 after 8115.0 sec [total]
done with BB for K = 608.87-724.08 Q = 107.63-128.00 after 8116.0 sec [total]
done with UBTa for K = 608.87-724.08 Q = 107.63-128.00 after 8116.2 sec [total]
done with UBTb for K = 608.87-724.08 Q = 107.63-128.00 after 8116.4 sec [total]
done with UBTbA for K = 608.87-724.08 Q = 107.63-128.00 after 8116.6 sec [total]
done with UBTbC for K = 608.87-724.08 Q = 107.63-128.00 after 8117.0 sec [total]
done with H for K = 608.87-724.08 Q = 107.63-128.00 after 8118.0 sec [total]
done with H++ for K = 608.87-724.08 Q = 107.63-128.00 after 8121.3 sec [total]
done with H+- for K = 608.87-724.08 Q = 107.63-128.00 after 8122.3 sec [total]
done with H-+ for K = 608.87-724.08 Q = 107.63-128.00 after 8123.4 sec [total]
done with H-- for K = 608.87-724.08 Q = 107.63-128.00 after 8124.4 sec [total]
done with UU for K = 724.08-861.08 Q = 107.63-128.00 after 8125.6 sec [total]
done with BB for K = 724.08-861.08 Q = 107.63-128.00 after 8126.7 sec [total]
done with UBTa for K = 724.08-861.08 Q = 107.63-128.00 after 8126.8 sec [total]
done with UBTb for K = 724.08-861.08 Q = 107.63-128.00 after 8127.0 sec [total]
done with UBTbA for K = 724.08-861.08 Q = 107.63-128.00 after 8127.2 sec [total]
done with UBTbC for K = 724.08-861.08 Q = 107.63-128.00 after 8127.6 sec [total]
done with H for K = 724.08-861.08 Q = 107.63-128.00 after 8128.6 sec [total]
done with H++ for K = 724.08-861.08 Q = 107.63-128.00 after 8131.9 sec [total]
done with H+- for K = 724.08-861.08 Q = 107.63-128.00 after 8132.9 sec [total]
done with H-+ for K = 724.08-861.08 Q = 107.63-128.00 after 8134.0 sec [total]
done with H-- for K = 724.08-861.08 Q = 107.63-128.00 after 8135.1 sec [total]
done with UU for K = 861.08-1024.00 Q = 107.63-128.00 after 8136.2 sec [total]
done with BB for K = 861.08-1024.00 Q = 107.63-128.00 after 8137.3 sec [total]
done with UBTa for K = 861.08-1024.00 Q = 107.63-128.00 after 8137.4 sec [total]
done with UBTb for K = 861.08-1024.00 Q = 107.63-128.00 after 8137.6 sec [total]
done with UBTbA for K = 861.08-1024.00 Q = 107.63-128.00 after 8137.8 sec [total]
done with UBTbC for K = 861.08-1024.00 Q = 107.63-128.00 after 8138.2 sec [total]
done with H for K = 861.08-1024.00 Q = 107.63-128.00 after 8139.3 sec [total]
done with H++ for K = 861.08-1024.00 Q = 107.63-128.00 after 8142.4 sec [total]
done with H+- for K = 861.08-1024.00 Q = 107.63-128.00 after 8143.5 sec [total]
done with H-+ for K = 861.08-1024.00 Q = 107.63-128.00 after 8144.6 sec [total]
done with H-- for K = 861.08-1024.00 Q = 107.63-128.00 after 8145.7 sec [total]
done with UU for K = 0.00-3.36 Q = 128.00-152.22 after 8148.9 sec [total]
done with BB for K = 0.00-3.36 Q = 128.00-152.22 after 8152.1 sec [total]
done with UBTa for K = 0.00-3.36 Q = 128.00-152.22 after 8153.7 sec [total]
done with UBTb for K = 0.00-3.36 Q = 128.00-152.22 after 8155.6 sec [total]
done with UBTbA for K = 0.00-3.36 Q = 128.00-152.22 after 8157.3 sec [total]
done with UBTbC for K = 0.00-3.36 Q = 128.00-152.22 after 8157.7 sec [total]
done with H for K = 0.00-3.36 Q = 128.00-152.22 after 8158.8 sec [total]
done with H++ for K = 0.00-3.36 Q = 128.00-152.22 after 8162.1 sec [total]
done with H+- for K = 0.00-3.36 Q = 128.00-152.22 after 8163.1 sec [total]
done with H-+ for K = 0.00-3.36 Q = 128.00-152.22 after 8164.2 sec [total]
done with H-- for K = 0.00-3.36 Q = 128.00-152.22 after 8165.2 sec [total]
done with UU for K = 3.36-4.00 Q = 128.00-152.22 after 8166.4 sec [total]
done with BB for K = 3.36-4.00 Q = 128.00-152.22 after 8167.4 sec [total]
done with UBTa for K = 3.36-4.00 Q = 128.00-152.22 after 8167.6 sec [total]
done with UBTb for K = 3.36-4.00 Q = 128.00-152.22 after 8167.8 sec [total]
done with UBTbA for K = 3.36-4.00 Q = 128.00-152.22 after 8168.0 sec [total]
done with UBTbC for K = 3.36-4.00 Q = 128.00-152.22 after 8168.4 sec [total]
done with H for K = 3.36-4.00 Q = 128.00-152.22 after 8169.4 sec [total]
done with H++ for K = 3.36-4.00 Q = 128.00-152.22 after 8172.6 sec [total]
done with H+- for K = 3.36-4.00 Q = 128.00-152.22 after 8173.7 sec [total]
done with H-+ for K = 3.36-4.00 Q = 128.00-152.22 after 8174.8 sec [total]
done with H-- for K = 3.36-4.00 Q = 128.00-152.22 after 8175.8 sec [total]
done with UU for K = 4.00-4.76 Q = 128.00-152.22 after 8176.9 sec [total]
done with BB for K = 4.00-4.76 Q = 128.00-152.22 after 8178.0 sec [total]
done with UBTa for K = 4.00-4.76 Q = 128.00-152.22 after 8178.2 sec [total]
done with UBTb for K = 4.00-4.76 Q = 128.00-152.22 after 8178.4 sec [total]
done with UBTbA for K = 4.00-4.76 Q = 128.00-152.22 after 8178.6 sec [total]
done with UBTbC for K = 4.00-4.76 Q = 128.00-152.22 after 8179.0 sec [total]
done with H for K = 4.00-4.76 Q = 128.00-152.22 after 8180.0 sec [total]
done with H++ for K = 4.00-4.76 Q = 128.00-152.22 after 8183.3 sec [total]
done with H+- for K = 4.00-4.76 Q = 128.00-152.22 after 8184.3 sec [total]
done with H-+ for K = 4.00-4.76 Q = 128.00-152.22 after 8185.4 sec [total]
done with H-- for K = 4.00-4.76 Q = 128.00-152.22 after 8186.5 sec [total]
done with UU for K = 4.76-5.66 Q = 128.00-152.22 after 8187.6 sec [total]
done with BB for K = 4.76-5.66 Q = 128.00-152.22 after 8188.7 sec [total]
done with UBTa for K = 4.76-5.66 Q = 128.00-152.22 after 8188.8 sec [total]
done with UBTb for K = 4.76-5.66 Q = 128.00-152.22 after 8189.0 sec [total]
done with UBTbA for K = 4.76-5.66 Q = 128.00-152.22 after 8189.2 sec [total]
done with UBTbC for K = 4.76-5.66 Q = 128.00-152.22 after 8189.6 sec [total]
done with H for K = 4.76-5.66 Q = 128.00-152.22 after 8190.7 sec [total]
done with H++ for K = 4.76-5.66 Q = 128.00-152.22 after 8193.8 sec [total]
done with H+- for K = 4.76-5.66 Q = 128.00-152.22 after 8195.0 sec [total]
done with H-+ for K = 4.76-5.66 Q = 128.00-152.22 after 8196.1 sec [total]
done with H-- for K = 4.76-5.66 Q = 128.00-152.22 after 8197.1 sec [total]
done with UU for K = 5.66-6.73 Q = 128.00-152.22 after 8198.2 sec [total]
done with BB for K = 5.66-6.73 Q = 128.00-152.22 after 8199.3 sec [total]
done with UBTa for K = 5.66-6.73 Q = 128.00-152.22 after 8199.4 sec [total]
done with UBTb for K = 5.66-6.73 Q = 128.00-152.22 after 8199.6 sec [total]
done with UBTbA for K = 5.66-6.73 Q = 128.00-152.22 after 8199.8 sec [total]
done with UBTbC for K = 5.66-6.73 Q = 128.00-152.22 after 8200.2 sec [total]
done with H for K = 5.66-6.73 Q = 128.00-152.22 after 8201.3 sec [total]
done with H++ for K = 5.66-6.73 Q = 128.00-152.22 after 8204.4 sec [total]
done with H+- for K = 5.66-6.73 Q = 128.00-152.22 after 8205.5 sec [total]
done with H-+ for K = 5.66-6.73 Q = 128.00-152.22 after 8206.6 sec [total]
done with H-- for K = 5.66-6.73 Q = 128.00-152.22 after 8207.7 sec [total]
done with UU for K = 6.73-8.00 Q = 128.00-152.22 after 8208.8 sec [total]
done with BB for K = 6.73-8.00 Q = 128.00-152.22 after 8209.9 sec [total]
done with UBTa for K = 6.73-8.00 Q = 128.00-152.22 after 8210.1 sec [total]
done with UBTb for K = 6.73-8.00 Q = 128.00-152.22 after 8210.3 sec [total]
done with UBTbA for K = 6.73-8.00 Q = 128.00-152.22 after 8210.5 sec [total]
done with UBTbC for K = 6.73-8.00 Q = 128.00-152.22 after 8210.8 sec [total]
done with H for K = 6.73-8.00 Q = 128.00-152.22 after 8211.9 sec [total]
done with H++ for K = 6.73-8.00 Q = 128.00-152.22 after 8215.1 sec [total]
done with H+- for K = 6.73-8.00 Q = 128.00-152.22 after 8216.2 sec [total]
done with H-+ for K = 6.73-8.00 Q = 128.00-152.22 after 8217.3 sec [total]
done with H-- for K = 6.73-8.00 Q = 128.00-152.22 after 8218.4 sec [total]
done with UU for K = 8.00-9.51 Q = 128.00-152.22 after 8219.4 sec [total]
done with BB for K = 8.00-9.51 Q = 128.00-152.22 after 8220.5 sec [total]
done with UBTa for K = 8.00-9.51 Q = 128.00-152.22 after 8220.7 sec [total]
done with UBTb for K = 8.00-9.51 Q = 128.00-152.22 after 8220.9 sec [total]
done with UBTbA for K = 8.00-9.51 Q = 128.00-152.22 after 8221.1 sec [total]
done with UBTbC for K = 8.00-9.51 Q = 128.00-152.22 after 8221.4 sec [total]
done with H for K = 8.00-9.51 Q = 128.00-152.22 after 8222.5 sec [total]
done with H++ for K = 8.00-9.51 Q = 128.00-152.22 after 8225.7 sec [total]
done with H+- for K = 8.00-9.51 Q = 128.00-152.22 after 8226.7 sec [total]
done with H-+ for K = 8.00-9.51 Q = 128.00-152.22 after 8227.8 sec [total]
done with H-- for K = 8.00-9.51 Q = 128.00-152.22 after 8228.9 sec [total]
done with UU for K = 9.51-11.31 Q = 128.00-152.22 after 8230.0 sec [total]
done with BB for K = 9.51-11.31 Q = 128.00-152.22 after 8231.1 sec [total]
done with UBTa for K = 9.51-11.31 Q = 128.00-152.22 after 8231.3 sec [total]
done with UBTb for K = 9.51-11.31 Q = 128.00-152.22 after 8231.5 sec [total]
done with UBTbA for K = 9.51-11.31 Q = 128.00-152.22 after 8231.7 sec [total]
done with UBTbC for K = 9.51-11.31 Q = 128.00-152.22 after 8232.0 sec [total]
done with H for K = 9.51-11.31 Q = 128.00-152.22 after 8233.1 sec [total]
done with H++ for K = 9.51-11.31 Q = 128.00-152.22 after 8236.3 sec [total]
done with H+- for K = 9.51-11.31 Q = 128.00-152.22 after 8237.4 sec [total]
done with H-+ for K = 9.51-11.31 Q = 128.00-152.22 after 8238.5 sec [total]
done with H-- for K = 9.51-11.31 Q = 128.00-152.22 after 8239.5 sec [total]
done with UU for K = 11.31-13.45 Q = 128.00-152.22 after 8240.7 sec [total]
done with BB for K = 11.31-13.45 Q = 128.00-152.22 after 8241.7 sec [total]
done with UBTa for K = 11.31-13.45 Q = 128.00-152.22 after 8241.9 sec [total]
done with UBTb for K = 11.31-13.45 Q = 128.00-152.22 after 8242.1 sec [total]
done with UBTbA for K = 11.31-13.45 Q = 128.00-152.22 after 8242.3 sec [total]
done with UBTbC for K = 11.31-13.45 Q = 128.00-152.22 after 8242.6 sec [total]
done with H for K = 11.31-13.45 Q = 128.00-152.22 after 8243.7 sec [total]
done with H++ for K = 11.31-13.45 Q = 128.00-152.22 after 8247.0 sec [total]
done with H+- for K = 11.31-13.45 Q = 128.00-152.22 after 8248.0 sec [total]
done with H-+ for K = 11.31-13.45 Q = 128.00-152.22 after 8249.1 sec [total]
done with H-- for K = 11.31-13.45 Q = 128.00-152.22 after 8250.1 sec [total]
done with UU for K = 13.45-16.00 Q = 128.00-152.22 after 8251.2 sec [total]
done with BB for K = 13.45-16.00 Q = 128.00-152.22 after 8252.3 sec [total]
done with UBTa for K = 13.45-16.00 Q = 128.00-152.22 after 8252.5 sec [total]
done with UBTb for K = 13.45-16.00 Q = 128.00-152.22 after 8252.7 sec [total]
done with UBTbA for K = 13.45-16.00 Q = 128.00-152.22 after 8252.9 sec [total]
done with UBTbC for K = 13.45-16.00 Q = 128.00-152.22 after 8253.3 sec [total]
done with H for K = 13.45-16.00 Q = 128.00-152.22 after 8254.3 sec [total]
done with H++ for K = 13.45-16.00 Q = 128.00-152.22 after 8257.5 sec [total]
done with H+- for K = 13.45-16.00 Q = 128.00-152.22 after 8258.6 sec [total]
done with H-+ for K = 13.45-16.00 Q = 128.00-152.22 after 8259.7 sec [total]
done with H-- for K = 13.45-16.00 Q = 128.00-152.22 after 8260.7 sec [total]
done with UU for K = 16.00-19.03 Q = 128.00-152.22 after 8261.8 sec [total]
done with BB for K = 16.00-19.03 Q = 128.00-152.22 after 8262.9 sec [total]
done with UBTa for K = 16.00-19.03 Q = 128.00-152.22 after 8263.1 sec [total]
done with UBTb for K = 16.00-19.03 Q = 128.00-152.22 after 8263.3 sec [total]
done with UBTbA for K = 16.00-19.03 Q = 128.00-152.22 after 8263.5 sec [total]
done with UBTbC for K = 16.00-19.03 Q = 128.00-152.22 after 8263.8 sec [total]
done with H for K = 16.00-19.03 Q = 128.00-152.22 after 8264.9 sec [total]
done with H++ for K = 16.00-19.03 Q = 128.00-152.22 after 8268.1 sec [total]
done with H+- for K = 16.00-19.03 Q = 128.00-152.22 after 8269.2 sec [total]
done with H-+ for K = 16.00-19.03 Q = 128.00-152.22 after 8270.3 sec [total]
done with H-- for K = 16.00-19.03 Q = 128.00-152.22 after 8271.3 sec [total]
done with UU for K = 19.03-22.63 Q = 128.00-152.22 after 8272.5 sec [total]
done with BB for K = 19.03-22.63 Q = 128.00-152.22 after 8273.5 sec [total]
done with UBTa for K = 19.03-22.63 Q = 128.00-152.22 after 8273.7 sec [total]
done with UBTb for K = 19.03-22.63 Q = 128.00-152.22 after 8273.9 sec [total]
done with UBTbA for K = 19.03-22.63 Q = 128.00-152.22 after 8274.1 sec [total]
done with UBTbC for K = 19.03-22.63 Q = 128.00-152.22 after 8274.5 sec [total]
done with H for K = 19.03-22.63 Q = 128.00-152.22 after 8275.5 sec [total]
done with H++ for K = 19.03-22.63 Q = 128.00-152.22 after 8278.9 sec [total]
done with H+- for K = 19.03-22.63 Q = 128.00-152.22 after 8279.8 sec [total]
done with H-+ for K = 19.03-22.63 Q = 128.00-152.22 after 8280.9 sec [total]
done with H-- for K = 19.03-22.63 Q = 128.00-152.22 after 8281.9 sec [total]
done with UU for K = 22.63-26.91 Q = 128.00-152.22 after 8283.1 sec [total]
done with BB for K = 22.63-26.91 Q = 128.00-152.22 after 8284.2 sec [total]
done with UBTa for K = 22.63-26.91 Q = 128.00-152.22 after 8284.4 sec [total]
done with UBTb for K = 22.63-26.91 Q = 128.00-152.22 after 8284.6 sec [total]
done with UBTbA for K = 22.63-26.91 Q = 128.00-152.22 after 8284.8 sec [total]
done with UBTbC for K = 22.63-26.91 Q = 128.00-152.22 after 8285.1 sec [total]
done with H for K = 22.63-26.91 Q = 128.00-152.22 after 8286.2 sec [total]
done with H++ for K = 22.63-26.91 Q = 128.00-152.22 after 8289.4 sec [total]
done with H+- for K = 22.63-26.91 Q = 128.00-152.22 after 8290.5 sec [total]
done with H-+ for K = 22.63-26.91 Q = 128.00-152.22 after 8291.6 sec [total]
done with H-- for K = 22.63-26.91 Q = 128.00-152.22 after 8292.6 sec [total]
done with UU for K = 26.91-32.00 Q = 128.00-152.22 after 8293.8 sec [total]
done with BB for K = 26.91-32.00 Q = 128.00-152.22 after 8294.8 sec [total]
done with UBTa for K = 26.91-32.00 Q = 128.00-152.22 after 8295.0 sec [total]
done with UBTb for K = 26.91-32.00 Q = 128.00-152.22 after 8295.2 sec [total]
done with UBTbA for K = 26.91-32.00 Q = 128.00-152.22 after 8295.4 sec [total]
done with UBTbC for K = 26.91-32.00 Q = 128.00-152.22 after 8295.7 sec [total]
done with H for K = 26.91-32.00 Q = 128.00-152.22 after 8296.8 sec [total]
done with H++ for K = 26.91-32.00 Q = 128.00-152.22 after 8300.1 sec [total]
done with H+- for K = 26.91-32.00 Q = 128.00-152.22 after 8301.1 sec [total]
done with H-+ for K = 26.91-32.00 Q = 128.00-152.22 after 8302.3 sec [total]
done with H-- for K = 26.91-32.00 Q = 128.00-152.22 after 8303.3 sec [total]
done with UU for K = 32.00-38.05 Q = 128.00-152.22 after 8304.4 sec [total]
done with BB for K = 32.00-38.05 Q = 128.00-152.22 after 8305.5 sec [total]
done with UBTa for K = 32.00-38.05 Q = 128.00-152.22 after 8305.7 sec [total]
done with UBTb for K = 32.00-38.05 Q = 128.00-152.22 after 8305.9 sec [total]
done with UBTbA for K = 32.00-38.05 Q = 128.00-152.22 after 8306.1 sec [total]
done with UBTbC for K = 32.00-38.05 Q = 128.00-152.22 after 8306.4 sec [total]
done with H for K = 32.00-38.05 Q = 128.00-152.22 after 8307.5 sec [total]
done with H++ for K = 32.00-38.05 Q = 128.00-152.22 after 8310.7 sec [total]
done with H+- for K = 32.00-38.05 Q = 128.00-152.22 after 8311.8 sec [total]
done with H-+ for K = 32.00-38.05 Q = 128.00-152.22 after 8312.9 sec [total]
done with H-- for K = 32.00-38.05 Q = 128.00-152.22 after 8313.9 sec [total]
done with UU for K = 38.05-45.25 Q = 128.00-152.22 after 8315.1 sec [total]
done with BB for K = 38.05-45.25 Q = 128.00-152.22 after 8316.1 sec [total]
done with UBTa for K = 38.05-45.25 Q = 128.00-152.22 after 8316.3 sec [total]
done with UBTb for K = 38.05-45.25 Q = 128.00-152.22 after 8316.5 sec [total]
done with UBTbA for K = 38.05-45.25 Q = 128.00-152.22 after 8316.8 sec [total]
done with UBTbC for K = 38.05-45.25 Q = 128.00-152.22 after 8317.1 sec [total]
done with H for K = 38.05-45.25 Q = 128.00-152.22 after 8318.2 sec [total]
done with H++ for K = 38.05-45.25 Q = 128.00-152.22 after 8321.3 sec [total]
done with H+- for K = 38.05-45.25 Q = 128.00-152.22 after 8322.4 sec [total]
done with H-+ for K = 38.05-45.25 Q = 128.00-152.22 after 8323.6 sec [total]
done with H-- for K = 38.05-45.25 Q = 128.00-152.22 after 8324.6 sec [total]
done with UU for K = 45.25-53.82 Q = 128.00-152.22 after 8325.7 sec [total]
done with BB for K = 45.25-53.82 Q = 128.00-152.22 after 8326.8 sec [total]
done with UBTa for K = 45.25-53.82 Q = 128.00-152.22 after 8327.0 sec [total]
done with UBTb for K = 45.25-53.82 Q = 128.00-152.22 after 8327.1 sec [total]
done with UBTbA for K = 45.25-53.82 Q = 128.00-152.22 after 8327.4 sec [total]
done with UBTbC for K = 45.25-53.82 Q = 128.00-152.22 after 8327.7 sec [total]
done with H for K = 45.25-53.82 Q = 128.00-152.22 after 8328.8 sec [total]
done with H++ for K = 45.25-53.82 Q = 128.00-152.22 after 8331.9 sec [total]
done with H+- for K = 45.25-53.82 Q = 128.00-152.22 after 8333.1 sec [total]
done with H-+ for K = 45.25-53.82 Q = 128.00-152.22 after 8334.2 sec [total]
done with H-- for K = 45.25-53.82 Q = 128.00-152.22 after 8335.2 sec [total]
done with UU for K = 53.82-64.00 Q = 128.00-152.22 after 8336.4 sec [total]
done with BB for K = 53.82-64.00 Q = 128.00-152.22 after 8337.4 sec [total]
done with UBTa for K = 53.82-64.00 Q = 128.00-152.22 after 8337.6 sec [total]
done with UBTb for K = 53.82-64.00 Q = 128.00-152.22 after 8337.8 sec [total]
done with UBTbA for K = 53.82-64.00 Q = 128.00-152.22 after 8338.0 sec [total]
done with UBTbC for K = 53.82-64.00 Q = 128.00-152.22 after 8338.3 sec [total]
done with H for K = 53.82-64.00 Q = 128.00-152.22 after 8339.4 sec [total]
done with H++ for K = 53.82-64.00 Q = 128.00-152.22 after 8342.6 sec [total]
done with H+- for K = 53.82-64.00 Q = 128.00-152.22 after 8343.7 sec [total]
done with H-+ for K = 53.82-64.00 Q = 128.00-152.22 after 8344.8 sec [total]
done with H-- for K = 53.82-64.00 Q = 128.00-152.22 after 8345.9 sec [total]
done with UU for K = 64.00-76.11 Q = 128.00-152.22 after 8347.0 sec [total]
done with BB for K = 64.00-76.11 Q = 128.00-152.22 after 8348.1 sec [total]
done with UBTa for K = 64.00-76.11 Q = 128.00-152.22 after 8348.3 sec [total]
done with UBTb for K = 64.00-76.11 Q = 128.00-152.22 after 8348.5 sec [total]
done with UBTbA for K = 64.00-76.11 Q = 128.00-152.22 after 8348.6 sec [total]
done with UBTbC for K = 64.00-76.11 Q = 128.00-152.22 after 8349.0 sec [total]
done with H for K = 64.00-76.11 Q = 128.00-152.22 after 8350.1 sec [total]
done with H++ for K = 64.00-76.11 Q = 128.00-152.22 after 8353.3 sec [total]
done with H+- for K = 64.00-76.11 Q = 128.00-152.22 after 8354.4 sec [total]
done with H-+ for K = 64.00-76.11 Q = 128.00-152.22 after 8355.5 sec [total]
done with H-- for K = 64.00-76.11 Q = 128.00-152.22 after 8356.5 sec [total]
done with UU for K = 76.11-90.51 Q = 128.00-152.22 after 8357.6 sec [total]
done with BB for K = 76.11-90.51 Q = 128.00-152.22 after 8358.6 sec [total]
done with UBTa for K = 76.11-90.51 Q = 128.00-152.22 after 8358.8 sec [total]
done with UBTb for K = 76.11-90.51 Q = 128.00-152.22 after 8359.0 sec [total]
done with UBTbA for K = 76.11-90.51 Q = 128.00-152.22 after 8359.2 sec [total]
done with UBTbC for K = 76.11-90.51 Q = 128.00-152.22 after 8359.6 sec [total]
done with H for K = 76.11-90.51 Q = 128.00-152.22 after 8360.7 sec [total]
done with H++ for K = 76.11-90.51 Q = 128.00-152.22 after 8363.9 sec [total]
done with H+- for K = 76.11-90.51 Q = 128.00-152.22 after 8365.0 sec [total]
done with H-+ for K = 76.11-90.51 Q = 128.00-152.22 after 8366.1 sec [total]
done with H-- for K = 76.11-90.51 Q = 128.00-152.22 after 8367.1 sec [total]
done with UU for K = 90.51-107.63 Q = 128.00-152.22 after 8368.2 sec [total]
done with BB for K = 90.51-107.63 Q = 128.00-152.22 after 8369.3 sec [total]
done with UBTa for K = 90.51-107.63 Q = 128.00-152.22 after 8369.5 sec [total]
done with UBTb for K = 90.51-107.63 Q = 128.00-152.22 after 8369.7 sec [total]
done with UBTbA for K = 90.51-107.63 Q = 128.00-152.22 after 8369.9 sec [total]
done with UBTbC for K = 90.51-107.63 Q = 128.00-152.22 after 8370.2 sec [total]
done with H for K = 90.51-107.63 Q = 128.00-152.22 after 8371.3 sec [total]
done with H++ for K = 90.51-107.63 Q = 128.00-152.22 after 8374.4 sec [total]
done with H+- for K = 90.51-107.63 Q = 128.00-152.22 after 8375.6 sec [total]
done with H-+ for K = 90.51-107.63 Q = 128.00-152.22 after 8376.7 sec [total]
done with H-- for K = 90.51-107.63 Q = 128.00-152.22 after 8377.7 sec [total]
done with UU for K = 107.63-128.00 Q = 128.00-152.22 after 8378.8 sec [total]
done with BB for K = 107.63-128.00 Q = 128.00-152.22 after 8379.9 sec [total]
done with UBTa for K = 107.63-128.00 Q = 128.00-152.22 after 8380.1 sec [total]
done with UBTb for K = 107.63-128.00 Q = 128.00-152.22 after 8380.3 sec [total]
done with UBTbA for K = 107.63-128.00 Q = 128.00-152.22 after 8380.5 sec [total]
done with UBTbC for K = 107.63-128.00 Q = 128.00-152.22 after 8380.9 sec [total]
done with H for K = 107.63-128.00 Q = 128.00-152.22 after 8381.9 sec [total]
done with H++ for K = 107.63-128.00 Q = 128.00-152.22 after 8385.2 sec [total]
done with H+- for K = 107.63-128.00 Q = 128.00-152.22 after 8386.2 sec [total]
done with H-+ for K = 107.63-128.00 Q = 128.00-152.22 after 8387.3 sec [total]
done with H-- for K = 107.63-128.00 Q = 128.00-152.22 after 8388.4 sec [total]
done with UU for K = 128.00-152.22 Q = 128.00-152.22 after 8389.5 sec [total]
done with BB for K = 128.00-152.22 Q = 128.00-152.22 after 8390.5 sec [total]
done with UBTa for K = 128.00-152.22 Q = 128.00-152.22 after 8390.7 sec [total]
done with UBTb for K = 128.00-152.22 Q = 128.00-152.22 after 8390.9 sec [total]
done with UBTbA for K = 128.00-152.22 Q = 128.00-152.22 after 8391.1 sec [total]
done with UBTbC for K = 128.00-152.22 Q = 128.00-152.22 after 8391.5 sec [total]
done with H for K = 128.00-152.22 Q = 128.00-152.22 after 8392.5 sec [total]
done with H++ for K = 128.00-152.22 Q = 128.00-152.22 after 8395.8 sec [total]
done with H+- for K = 128.00-152.22 Q = 128.00-152.22 after 8396.9 sec [total]
done with H-+ for K = 128.00-152.22 Q = 128.00-152.22 after 8397.9 sec [total]
done with H-- for K = 128.00-152.22 Q = 128.00-152.22 after 8399.0 sec [total]
done with UU for K = 152.22-181.02 Q = 128.00-152.22 after 8400.0 sec [total]
done with BB for K = 152.22-181.02 Q = 128.00-152.22 after 8401.1 sec [total]
done with UBTa for K = 152.22-181.02 Q = 128.00-152.22 after 8401.3 sec [total]
done with UBTb for K = 152.22-181.02 Q = 128.00-152.22 after 8401.5 sec [total]
done with UBTbA for K = 152.22-181.02 Q = 128.00-152.22 after 8401.7 sec [total]
done with UBTbC for K = 152.22-181.02 Q = 128.00-152.22 after 8402.0 sec [total]
done with H for K = 152.22-181.02 Q = 128.00-152.22 after 8403.1 sec [total]
done with H++ for K = 152.22-181.02 Q = 128.00-152.22 after 8406.4 sec [total]
done with H+- for K = 152.22-181.02 Q = 128.00-152.22 after 8407.4 sec [total]
done with H-+ for K = 152.22-181.02 Q = 128.00-152.22 after 8408.5 sec [total]
done with H-- for K = 152.22-181.02 Q = 128.00-152.22 after 8409.5 sec [total]
done with UU for K = 181.02-215.27 Q = 128.00-152.22 after 8410.6 sec [total]
done with BB for K = 181.02-215.27 Q = 128.00-152.22 after 8411.7 sec [total]
done with UBTa for K = 181.02-215.27 Q = 128.00-152.22 after 8411.9 sec [total]
done with UBTb for K = 181.02-215.27 Q = 128.00-152.22 after 8412.1 sec [total]
done with UBTbA for K = 181.02-215.27 Q = 128.00-152.22 after 8412.3 sec [total]
done with UBTbC for K = 181.02-215.27 Q = 128.00-152.22 after 8412.6 sec [total]
done with H for K = 181.02-215.27 Q = 128.00-152.22 after 8413.7 sec [total]
done with H++ for K = 181.02-215.27 Q = 128.00-152.22 after 8416.9 sec [total]
done with H+- for K = 181.02-215.27 Q = 128.00-152.22 after 8418.0 sec [total]
done with H-+ for K = 181.02-215.27 Q = 128.00-152.22 after 8419.1 sec [total]
done with H-- for K = 181.02-215.27 Q = 128.00-152.22 after 8420.1 sec [total]
done with UU for K = 215.27-256.00 Q = 128.00-152.22 after 8421.2 sec [total]
done with BB for K = 215.27-256.00 Q = 128.00-152.22 after 8422.3 sec [total]
done with UBTa for K = 215.27-256.00 Q = 128.00-152.22 after 8422.5 sec [total]
done with UBTb for K = 215.27-256.00 Q = 128.00-152.22 after 8422.6 sec [total]
done with UBTbA for K = 215.27-256.00 Q = 128.00-152.22 after 8422.8 sec [total]
done with UBTbC for K = 215.27-256.00 Q = 128.00-152.22 after 8423.2 sec [total]
done with H for K = 215.27-256.00 Q = 128.00-152.22 after 8424.3 sec [total]
done with H++ for K = 215.27-256.00 Q = 128.00-152.22 after 8427.6 sec [total]
done with H+- for K = 215.27-256.00 Q = 128.00-152.22 after 8428.6 sec [total]
done with H-+ for K = 215.27-256.00 Q = 128.00-152.22 after 8429.7 sec [total]
done with H-- for K = 215.27-256.00 Q = 128.00-152.22 after 8430.8 sec [total]
done with UU for K = 256.00-304.44 Q = 128.00-152.22 after 8431.8 sec [total]
done with BB for K = 256.00-304.44 Q = 128.00-152.22 after 8432.9 sec [total]
done with UBTa for K = 256.00-304.44 Q = 128.00-152.22 after 8433.1 sec [total]
done with UBTb for K = 256.00-304.44 Q = 128.00-152.22 after 8433.3 sec [total]
done with UBTbA for K = 256.00-304.44 Q = 128.00-152.22 after 8433.5 sec [total]
done with UBTbC for K = 256.00-304.44 Q = 128.00-152.22 after 8433.9 sec [total]
done with H for K = 256.00-304.44 Q = 128.00-152.22 after 8434.9 sec [total]
done with H++ for K = 256.00-304.44 Q = 128.00-152.22 after 8438.1 sec [total]
done with H+- for K = 256.00-304.44 Q = 128.00-152.22 after 8439.2 sec [total]
done with H-+ for K = 256.00-304.44 Q = 128.00-152.22 after 8440.3 sec [total]
done with H-- for K = 256.00-304.44 Q = 128.00-152.22 after 8441.3 sec [total]
done with UU for K = 304.44-362.04 Q = 128.00-152.22 after 8442.5 sec [total]
done with BB for K = 304.44-362.04 Q = 128.00-152.22 after 8443.6 sec [total]
done with UBTa for K = 304.44-362.04 Q = 128.00-152.22 after 8443.7 sec [total]
done with UBTb for K = 304.44-362.04 Q = 128.00-152.22 after 8443.9 sec [total]
done with UBTbA for K = 304.44-362.04 Q = 128.00-152.22 after 8444.1 sec [total]
done with UBTbC for K = 304.44-362.04 Q = 128.00-152.22 after 8444.5 sec [total]
done with H for K = 304.44-362.04 Q = 128.00-152.22 after 8445.6 sec [total]
done with H++ for K = 304.44-362.04 Q = 128.00-152.22 after 8448.8 sec [total]
done with H+- for K = 304.44-362.04 Q = 128.00-152.22 after 8449.9 sec [total]
done with H-+ for K = 304.44-362.04 Q = 128.00-152.22 after 8451.0 sec [total]
done with H-- for K = 304.44-362.04 Q = 128.00-152.22 after 8452.1 sec [total]
done with UU for K = 362.04-430.54 Q = 128.00-152.22 after 8453.2 sec [total]
done with BB for K = 362.04-430.54 Q = 128.00-152.22 after 8454.3 sec [total]
done with UBTa for K = 362.04-430.54 Q = 128.00-152.22 after 8454.4 sec [total]
done with UBTb for K = 362.04-430.54 Q = 128.00-152.22 after 8454.6 sec [total]
done with UBTbA for K = 362.04-430.54 Q = 128.00-152.22 after 8454.8 sec [total]
done with UBTbC for K = 362.04-430.54 Q = 128.00-152.22 after 8455.2 sec [total]
done with H for K = 362.04-430.54 Q = 128.00-152.22 after 8456.2 sec [total]
done with H++ for K = 362.04-430.54 Q = 128.00-152.22 after 8459.5 sec [total]
done with H+- for K = 362.04-430.54 Q = 128.00-152.22 after 8460.6 sec [total]
done with H-+ for K = 362.04-430.54 Q = 128.00-152.22 after 8461.6 sec [total]
done with H-- for K = 362.04-430.54 Q = 128.00-152.22 after 8462.7 sec [total]
done with UU for K = 430.54-512.00 Q = 128.00-152.22 after 8463.8 sec [total]
done with BB for K = 430.54-512.00 Q = 128.00-152.22 after 8464.9 sec [total]
done with UBTa for K = 430.54-512.00 Q = 128.00-152.22 after 8465.1 sec [total]
done with UBTb for K = 430.54-512.00 Q = 128.00-152.22 after 8465.2 sec [total]
done with UBTbA for K = 430.54-512.00 Q = 128.00-152.22 after 8465.4 sec [total]
done with UBTbC for K = 430.54-512.00 Q = 128.00-152.22 after 8465.8 sec [total]
done with H for K = 430.54-512.00 Q = 128.00-152.22 after 8466.9 sec [total]
done with H++ for K = 430.54-512.00 Q = 128.00-152.22 after 8470.2 sec [total]
done with H+- for K = 430.54-512.00 Q = 128.00-152.22 after 8471.2 sec [total]
done with H-+ for K = 430.54-512.00 Q = 128.00-152.22 after 8472.3 sec [total]
done with H-- for K = 430.54-512.00 Q = 128.00-152.22 after 8473.4 sec [total]
done with UU for K = 512.00-608.87 Q = 128.00-152.22 after 8474.5 sec [total]
done with BB for K = 512.00-608.87 Q = 128.00-152.22 after 8475.6 sec [total]
done with UBTa for K = 512.00-608.87 Q = 128.00-152.22 after 8475.7 sec [total]
done with UBTb for K = 512.00-608.87 Q = 128.00-152.22 after 8475.9 sec [total]
done with UBTbA for K = 512.00-608.87 Q = 128.00-152.22 after 8476.1 sec [total]
done with UBTbC for K = 512.00-608.87 Q = 128.00-152.22 after 8476.5 sec [total]
done with H for K = 512.00-608.87 Q = 128.00-152.22 after 8477.6 sec [total]
done with H++ for K = 512.00-608.87 Q = 128.00-152.22 after 8480.8 sec [total]
done with H+- for K = 512.00-608.87 Q = 128.00-152.22 after 8481.8 sec [total]
done with H-+ for K = 512.00-608.87 Q = 128.00-152.22 after 8483.0 sec [total]
done with H-- for K = 512.00-608.87 Q = 128.00-152.22 after 8484.0 sec [total]
done with UU for K = 608.87-724.08 Q = 128.00-152.22 after 8485.1 sec [total]
done with BB for K = 608.87-724.08 Q = 128.00-152.22 after 8486.2 sec [total]
done with UBTa for K = 608.87-724.08 Q = 128.00-152.22 after 8486.4 sec [total]
done with UBTb for K = 608.87-724.08 Q = 128.00-152.22 after 8486.6 sec [total]
done with UBTbA for K = 608.87-724.08 Q = 128.00-152.22 after 8486.8 sec [total]
done with UBTbC for K = 608.87-724.08 Q = 128.00-152.22 after 8487.1 sec [total]
done with H for K = 608.87-724.08 Q = 128.00-152.22 after 8488.2 sec [total]
done with H++ for K = 608.87-724.08 Q = 128.00-152.22 after 8491.4 sec [total]
done with H+- for K = 608.87-724.08 Q = 128.00-152.22 after 8492.5 sec [total]
done with H-+ for K = 608.87-724.08 Q = 128.00-152.22 after 8493.5 sec [total]
done with H-- for K = 608.87-724.08 Q = 128.00-152.22 after 8494.6 sec [total]
done with UU for K = 724.08-861.08 Q = 128.00-152.22 after 8495.8 sec [total]
done with BB for K = 724.08-861.08 Q = 128.00-152.22 after 8496.9 sec [total]
done with UBTa for K = 724.08-861.08 Q = 128.00-152.22 after 8497.0 sec [total]
done with UBTb for K = 724.08-861.08 Q = 128.00-152.22 after 8497.2 sec [total]
done with UBTbA for K = 724.08-861.08 Q = 128.00-152.22 after 8497.4 sec [total]
done with UBTbC for K = 724.08-861.08 Q = 128.00-152.22 after 8497.7 sec [total]
done with H for K = 724.08-861.08 Q = 128.00-152.22 after 8498.8 sec [total]
done with H++ for K = 724.08-861.08 Q = 128.00-152.22 after 8502.0 sec [total]
done with H+- for K = 724.08-861.08 Q = 128.00-152.22 after 8503.2 sec [total]
done with H-+ for K = 724.08-861.08 Q = 128.00-152.22 after 8504.3 sec [total]
done with H-- for K = 724.08-861.08 Q = 128.00-152.22 after 8505.3 sec [total]
done with UU for K = 861.08-1024.00 Q = 128.00-152.22 after 8506.5 sec [total]
done with BB for K = 861.08-1024.00 Q = 128.00-152.22 after 8507.5 sec [total]
done with UBTa for K = 861.08-1024.00 Q = 128.00-152.22 after 8507.7 sec [total]
done with UBTb for K = 861.08-1024.00 Q = 128.00-152.22 after 8507.9 sec [total]
done with UBTbA for K = 861.08-1024.00 Q = 128.00-152.22 after 8508.1 sec [total]
done with UBTbC for K = 861.08-1024.00 Q = 128.00-152.22 after 8508.5 sec [total]
done with H for K = 861.08-1024.00 Q = 128.00-152.22 after 8509.5 sec [total]
done with H++ for K = 861.08-1024.00 Q = 128.00-152.22 after 8512.8 sec [total]
done with H+- for K = 861.08-1024.00 Q = 128.00-152.22 after 8513.9 sec [total]
done with H-+ for K = 861.08-1024.00 Q = 128.00-152.22 after 8515.2 sec [total]
done with H-- for K = 861.08-1024.00 Q = 128.00-152.22 after 8515.9 sec [total]
done with UU for K = 0.00-3.36 Q = 152.22-181.02 after 8519.0 sec [total]
done with BB for K = 0.00-3.36 Q = 152.22-181.02 after 8522.1 sec [total]
done with UBTa for K = 0.00-3.36 Q = 152.22-181.02 after 8523.9 sec [total]
done with UBTb for K = 0.00-3.36 Q = 152.22-181.02 after 8525.8 sec [total]
done with UBTbA for K = 0.00-3.36 Q = 152.22-181.02 after 8527.5 sec [total]
done with UBTbC for K = 0.00-3.36 Q = 152.22-181.02 after 8527.9 sec [total]
done with H for K = 0.00-3.36 Q = 152.22-181.02 after 8528.9 sec [total]
done with H++ for K = 0.00-3.36 Q = 152.22-181.02 after 8532.2 sec [total]
done with H+- for K = 0.00-3.36 Q = 152.22-181.02 after 8533.2 sec [total]
done with H-+ for K = 0.00-3.36 Q = 152.22-181.02 after 8534.3 sec [total]
done with H-- for K = 0.00-3.36 Q = 152.22-181.02 after 8535.5 sec [total]
done with UU for K = 3.36-4.00 Q = 152.22-181.02 after 8536.5 sec [total]
done with BB for K = 3.36-4.00 Q = 152.22-181.02 after 8537.6 sec [total]
done with UBTa for K = 3.36-4.00 Q = 152.22-181.02 after 8537.8 sec [total]
done with UBTb for K = 3.36-4.00 Q = 152.22-181.02 after 8538.0 sec [total]
done with UBTbA for K = 3.36-4.00 Q = 152.22-181.02 after 8538.2 sec [total]
done with UBTbC for K = 3.36-4.00 Q = 152.22-181.02 after 8538.6 sec [total]
done with H for K = 3.36-4.00 Q = 152.22-181.02 after 8539.6 sec [total]
done with H++ for K = 3.36-4.00 Q = 152.22-181.02 after 8542.9 sec [total]
done with H+- for K = 3.36-4.00 Q = 152.22-181.02 after 8543.9 sec [total]
done with H-+ for K = 3.36-4.00 Q = 152.22-181.02 after 8545.0 sec [total]
done with H-- for K = 3.36-4.00 Q = 152.22-181.02 after 8546.1 sec [total]
done with UU for K = 4.00-4.76 Q = 152.22-181.02 after 8547.2 sec [total]
done with BB for K = 4.00-4.76 Q = 152.22-181.02 after 8548.3 sec [total]
done with UBTa for K = 4.00-4.76 Q = 152.22-181.02 after 8548.4 sec [total]
done with UBTb for K = 4.00-4.76 Q = 152.22-181.02 after 8548.6 sec [total]
done with UBTbA for K = 4.00-4.76 Q = 152.22-181.02 after 8548.8 sec [total]
done with UBTbC for K = 4.00-4.76 Q = 152.22-181.02 after 8549.2 sec [total]
done with H for K = 4.00-4.76 Q = 152.22-181.02 after 8550.2 sec [total]
done with H++ for K = 4.00-4.76 Q = 152.22-181.02 after 8553.5 sec [total]
done with H+- for K = 4.00-4.76 Q = 152.22-181.02 after 8554.6 sec [total]
done with H-+ for K = 4.00-4.76 Q = 152.22-181.02 after 8555.6 sec [total]
done with H-- for K = 4.00-4.76 Q = 152.22-181.02 after 8556.7 sec [total]
done with UU for K = 4.76-5.66 Q = 152.22-181.02 after 8557.8 sec [total]
done with BB for K = 4.76-5.66 Q = 152.22-181.02 after 8558.8 sec [total]
done with UBTa for K = 4.76-5.66 Q = 152.22-181.02 after 8559.0 sec [total]
done with UBTb for K = 4.76-5.66 Q = 152.22-181.02 after 8559.2 sec [total]
done with UBTbA for K = 4.76-5.66 Q = 152.22-181.02 after 8559.4 sec [total]
done with UBTbC for K = 4.76-5.66 Q = 152.22-181.02 after 8559.7 sec [total]
done with H for K = 4.76-5.66 Q = 152.22-181.02 after 8560.8 sec [total]
done with H++ for K = 4.76-5.66 Q = 152.22-181.02 after 8564.1 sec [total]
done with H+- for K = 4.76-5.66 Q = 152.22-181.02 after 8565.1 sec [total]
done with H-+ for K = 4.76-5.66 Q = 152.22-181.02 after 8566.2 sec [total]
done with H-- for K = 4.76-5.66 Q = 152.22-181.02 after 8567.3 sec [total]
done with UU for K = 5.66-6.73 Q = 152.22-181.02 after 8568.4 sec [total]
done with BB for K = 5.66-6.73 Q = 152.22-181.02 after 8569.5 sec [total]
done with UBTa for K = 5.66-6.73 Q = 152.22-181.02 after 8569.7 sec [total]
done with UBTb for K = 5.66-6.73 Q = 152.22-181.02 after 8569.9 sec [total]
done with UBTbA for K = 5.66-6.73 Q = 152.22-181.02 after 8570.1 sec [total]
done with UBTbC for K = 5.66-6.73 Q = 152.22-181.02 after 8570.5 sec [total]
done with H for K = 5.66-6.73 Q = 152.22-181.02 after 8571.5 sec [total]
done with H++ for K = 5.66-6.73 Q = 152.22-181.02 after 8574.8 sec [total]
done with H+- for K = 5.66-6.73 Q = 152.22-181.02 after 8575.8 sec [total]
done with H-+ for K = 5.66-6.73 Q = 152.22-181.02 after 8576.9 sec [total]
done with H-- for K = 5.66-6.73 Q = 152.22-181.02 after 8578.0 sec [total]
done with UU for K = 6.73-8.00 Q = 152.22-181.02 after 8579.1 sec [total]
done with BB for K = 6.73-8.00 Q = 152.22-181.02 after 8580.1 sec [total]
done with UBTa for K = 6.73-8.00 Q = 152.22-181.02 after 8580.3 sec [total]
done with UBTb for K = 6.73-8.00 Q = 152.22-181.02 after 8580.5 sec [total]
done with UBTbA for K = 6.73-8.00 Q = 152.22-181.02 after 8580.7 sec [total]
done with UBTbC for K = 6.73-8.00 Q = 152.22-181.02 after 8581.0 sec [total]
done with H for K = 6.73-8.00 Q = 152.22-181.02 after 8582.2 sec [total]
done with H++ for K = 6.73-8.00 Q = 152.22-181.02 after 8585.4 sec [total]
done with H+- for K = 6.73-8.00 Q = 152.22-181.02 after 8586.5 sec [total]
done with H-+ for K = 6.73-8.00 Q = 152.22-181.02 after 8587.6 sec [total]
done with H-- for K = 6.73-8.00 Q = 152.22-181.02 after 8588.6 sec [total]
done with UU for K = 8.00-9.51 Q = 152.22-181.02 after 8589.7 sec [total]
done with BB for K = 8.00-9.51 Q = 152.22-181.02 after 8590.8 sec [total]
done with UBTa for K = 8.00-9.51 Q = 152.22-181.02 after 8591.0 sec [total]
done with UBTb for K = 8.00-9.51 Q = 152.22-181.02 after 8591.2 sec [total]
done with UBTbA for K = 8.00-9.51 Q = 152.22-181.02 after 8591.4 sec [total]
done with UBTbC for K = 8.00-9.51 Q = 152.22-181.02 after 8591.8 sec [total]
done with H for K = 8.00-9.51 Q = 152.22-181.02 after 8592.8 sec [total]
done with H++ for K = 8.00-9.51 Q = 152.22-181.02 after 8596.1 sec [total]
done with H+- for K = 8.00-9.51 Q = 152.22-181.02 after 8597.1 sec [total]
done with H-+ for K = 8.00-9.51 Q = 152.22-181.02 after 8598.2 sec [total]
done with H-- for K = 8.00-9.51 Q = 152.22-181.02 after 8599.2 sec [total]
done with UU for K = 9.51-11.31 Q = 152.22-181.02 after 8600.4 sec [total]
done with BB for K = 9.51-11.31 Q = 152.22-181.02 after 8601.4 sec [total]
done with UBTa for K = 9.51-11.31 Q = 152.22-181.02 after 8601.6 sec [total]
done with UBTb for K = 9.51-11.31 Q = 152.22-181.02 after 8601.8 sec [total]
done with UBTbA for K = 9.51-11.31 Q = 152.22-181.02 after 8602.0 sec [total]
done with UBTbC for K = 9.51-11.31 Q = 152.22-181.02 after 8602.4 sec [total]
done with H for K = 9.51-11.31 Q = 152.22-181.02 after 8603.4 sec [total]
done with H++ for K = 9.51-11.31 Q = 152.22-181.02 after 8606.7 sec [total]
done with H+- for K = 9.51-11.31 Q = 152.22-181.02 after 8607.7 sec [total]
done with H-+ for K = 9.51-11.31 Q = 152.22-181.02 after 8608.9 sec [total]
done with H-- for K = 9.51-11.31 Q = 152.22-181.02 after 8609.9 sec [total]
done with UU for K = 11.31-13.45 Q = 152.22-181.02 after 8610.9 sec [total]
done with BB for K = 11.31-13.45 Q = 152.22-181.02 after 8612.0 sec [total]
done with UBTa for K = 11.31-13.45 Q = 152.22-181.02 after 8612.2 sec [total]
done with UBTb for K = 11.31-13.45 Q = 152.22-181.02 after 8612.4 sec [total]
done with UBTbA for K = 11.31-13.45 Q = 152.22-181.02 after 8612.6 sec [total]
done with UBTbC for K = 11.31-13.45 Q = 152.22-181.02 after 8613.0 sec [total]
done with H for K = 11.31-13.45 Q = 152.22-181.02 after 8614.0 sec [total]
done with H++ for K = 11.31-13.45 Q = 152.22-181.02 after 8617.2 sec [total]
done with H+- for K = 11.31-13.45 Q = 152.22-181.02 after 8618.3 sec [total]
done with H-+ for K = 11.31-13.45 Q = 152.22-181.02 after 8619.4 sec [total]
done with H-- for K = 11.31-13.45 Q = 152.22-181.02 after 8620.4 sec [total]
done with UU for K = 13.45-16.00 Q = 152.22-181.02 after 8621.6 sec [total]
done with BB for K = 13.45-16.00 Q = 152.22-181.02 after 8622.7 sec [total]
done with UBTa for K = 13.45-16.00 Q = 152.22-181.02 after 8622.9 sec [total]
done with UBTb for K = 13.45-16.00 Q = 152.22-181.02 after 8623.1 sec [total]
done with UBTbA for K = 13.45-16.00 Q = 152.22-181.02 after 8623.2 sec [total]
done with UBTbC for K = 13.45-16.00 Q = 152.22-181.02 after 8623.6 sec [total]
done with H for K = 13.45-16.00 Q = 152.22-181.02 after 8624.7 sec [total]
done with H++ for K = 13.45-16.00 Q = 152.22-181.02 after 8627.9 sec [total]
done with H+- for K = 13.45-16.00 Q = 152.22-181.02 after 8629.0 sec [total]
done with H-+ for K = 13.45-16.00 Q = 152.22-181.02 after 8630.0 sec [total]
done with H-- for K = 13.45-16.00 Q = 152.22-181.02 after 8631.1 sec [total]
done with UU for K = 16.00-19.03 Q = 152.22-181.02 after 8632.2 sec [total]
done with BB for K = 16.00-19.03 Q = 152.22-181.02 after 8633.3 sec [total]
done with UBTa for K = 16.00-19.03 Q = 152.22-181.02 after 8633.5 sec [total]
done with UBTb for K = 16.00-19.03 Q = 152.22-181.02 after 8633.7 sec [total]
done with UBTbA for K = 16.00-19.03 Q = 152.22-181.02 after 8633.9 sec [total]
done with UBTbC for K = 16.00-19.03 Q = 152.22-181.02 after 8634.3 sec [total]
done with H for K = 16.00-19.03 Q = 152.22-181.02 after 8635.3 sec [total]
done with H++ for K = 16.00-19.03 Q = 152.22-181.02 after 8638.5 sec [total]
done with H+- for K = 16.00-19.03 Q = 152.22-181.02 after 8639.6 sec [total]
done with H-+ for K = 16.00-19.03 Q = 152.22-181.02 after 8640.7 sec [total]
done with H-- for K = 16.00-19.03 Q = 152.22-181.02 after 8641.8 sec [total]
done with UU for K = 19.03-22.63 Q = 152.22-181.02 after 8642.9 sec [total]
done with BB for K = 19.03-22.63 Q = 152.22-181.02 after 8643.9 sec [total]
done with UBTa for K = 19.03-22.63 Q = 152.22-181.02 after 8644.1 sec [total]
done with UBTb for K = 19.03-22.63 Q = 152.22-181.02 after 8644.3 sec [total]
done with UBTbA for K = 19.03-22.63 Q = 152.22-181.02 after 8644.5 sec [total]
done with UBTbC for K = 19.03-22.63 Q = 152.22-181.02 after 8644.8 sec [total]
done with H for K = 19.03-22.63 Q = 152.22-181.02 after 8645.9 sec [total]
done with H++ for K = 19.03-22.63 Q = 152.22-181.02 after 8649.1 sec [total]
done with H+- for K = 19.03-22.63 Q = 152.22-181.02 after 8650.3 sec [total]
done with H-+ for K = 19.03-22.63 Q = 152.22-181.02 after 8651.4 sec [total]
done with H-- for K = 19.03-22.63 Q = 152.22-181.02 after 8652.4 sec [total]
done with UU for K = 22.63-26.91 Q = 152.22-181.02 after 8653.6 sec [total]
done with BB for K = 22.63-26.91 Q = 152.22-181.02 after 8654.6 sec [total]
done with UBTa for K = 22.63-26.91 Q = 152.22-181.02 after 8654.8 sec [total]
done with UBTb for K = 22.63-26.91 Q = 152.22-181.02 after 8655.0 sec [total]
done with UBTbA for K = 22.63-26.91 Q = 152.22-181.02 after 8655.2 sec [total]
done with UBTbC for K = 22.63-26.91 Q = 152.22-181.02 after 8655.5 sec [total]
done with H for K = 22.63-26.91 Q = 152.22-181.02 after 8656.6 sec [total]
done with H++ for K = 22.63-26.91 Q = 152.22-181.02 after 8659.8 sec [total]
done with H+- for K = 22.63-26.91 Q = 152.22-181.02 after 8660.9 sec [total]
done with H-+ for K = 22.63-26.91 Q = 152.22-181.02 after 8662.0 sec [total]
done with H-- for K = 22.63-26.91 Q = 152.22-181.02 after 8663.0 sec [total]
done with UU for K = 26.91-32.00 Q = 152.22-181.02 after 8664.1 sec [total]
done with BB for K = 26.91-32.00 Q = 152.22-181.02 after 8665.2 sec [total]
done with UBTa for K = 26.91-32.00 Q = 152.22-181.02 after 8665.4 sec [total]
done with UBTb for K = 26.91-32.00 Q = 152.22-181.02 after 8665.6 sec [total]
done with UBTbA for K = 26.91-32.00 Q = 152.22-181.02 after 8665.8 sec [total]
done with UBTbC for K = 26.91-32.00 Q = 152.22-181.02 after 8666.1 sec [total]
done with H for K = 26.91-32.00 Q = 152.22-181.02 after 8667.2 sec [total]
done with H++ for K = 26.91-32.00 Q = 152.22-181.02 after 8670.5 sec [total]
done with H+- for K = 26.91-32.00 Q = 152.22-181.02 after 8671.6 sec [total]
done with H-+ for K = 26.91-32.00 Q = 152.22-181.02 after 8672.7 sec [total]
done with H-- for K = 26.91-32.00 Q = 152.22-181.02 after 8673.7 sec [total]
done with UU for K = 32.00-38.05 Q = 152.22-181.02 after 8674.8 sec [total]
done with BB for K = 32.00-38.05 Q = 152.22-181.02 after 8675.9 sec [total]
done with UBTa for K = 32.00-38.05 Q = 152.22-181.02 after 8676.1 sec [total]
done with UBTb for K = 32.00-38.05 Q = 152.22-181.02 after 8676.3 sec [total]
done with UBTbA for K = 32.00-38.05 Q = 152.22-181.02 after 8676.5 sec [total]
done with UBTbC for K = 32.00-38.05 Q = 152.22-181.02 after 8676.8 sec [total]
done with H for K = 32.00-38.05 Q = 152.22-181.02 after 8677.9 sec [total]
done with H++ for K = 32.00-38.05 Q = 152.22-181.02 after 8681.1 sec [total]
done with H+- for K = 32.00-38.05 Q = 152.22-181.02 after 8682.2 sec [total]
done with H-+ for K = 32.00-38.05 Q = 152.22-181.02 after 8683.3 sec [total]
done with H-- for K = 32.00-38.05 Q = 152.22-181.02 after 8684.4 sec [total]
done with UU for K = 38.05-45.25 Q = 152.22-181.02 after 8685.5 sec [total]
done with BB for K = 38.05-45.25 Q = 152.22-181.02 after 8686.5 sec [total]
done with UBTa for K = 38.05-45.25 Q = 152.22-181.02 after 8686.7 sec [total]
done with UBTb for K = 38.05-45.25 Q = 152.22-181.02 after 8686.9 sec [total]
done with UBTbA for K = 38.05-45.25 Q = 152.22-181.02 after 8687.1 sec [total]
done with UBTbC for K = 38.05-45.25 Q = 152.22-181.02 after 8687.5 sec [total]
done with H for K = 38.05-45.25 Q = 152.22-181.02 after 8688.6 sec [total]
done with H++ for K = 38.05-45.25 Q = 152.22-181.02 after 8691.8 sec [total]
done with H+- for K = 38.05-45.25 Q = 152.22-181.02 after 8692.8 sec [total]
done with H-+ for K = 38.05-45.25 Q = 152.22-181.02 after 8694.0 sec [total]
done with H-- for K = 38.05-45.25 Q = 152.22-181.02 after 8695.0 sec [total]
done with UU for K = 45.25-53.82 Q = 152.22-181.02 after 8696.1 sec [total]
done with BB for K = 45.25-53.82 Q = 152.22-181.02 after 8697.2 sec [total]
done with UBTa for K = 45.25-53.82 Q = 152.22-181.02 after 8697.4 sec [total]
done with UBTb for K = 45.25-53.82 Q = 152.22-181.02 after 8697.6 sec [total]
done with UBTbA for K = 45.25-53.82 Q = 152.22-181.02 after 8697.8 sec [total]
done with UBTbC for K = 45.25-53.82 Q = 152.22-181.02 after 8698.1 sec [total]
done with H for K = 45.25-53.82 Q = 152.22-181.02 after 8699.2 sec [total]
done with H++ for K = 45.25-53.82 Q = 152.22-181.02 after 8702.4 sec [total]
done with H+- for K = 45.25-53.82 Q = 152.22-181.02 after 8703.5 sec [total]
done with H-+ for K = 45.25-53.82 Q = 152.22-181.02 after 8704.5 sec [total]
done with H-- for K = 45.25-53.82 Q = 152.22-181.02 after 8705.6 sec [total]
done with UU for K = 53.82-64.00 Q = 152.22-181.02 after 8706.8 sec [total]
done with BB for K = 53.82-64.00 Q = 152.22-181.02 after 8707.9 sec [total]
done with UBTa for K = 53.82-64.00 Q = 152.22-181.02 after 8708.0 sec [total]
done with UBTb for K = 53.82-64.00 Q = 152.22-181.02 after 8708.2 sec [total]
done with UBTbA for K = 53.82-64.00 Q = 152.22-181.02 after 8708.4 sec [total]
done with UBTbC for K = 53.82-64.00 Q = 152.22-181.02 after 8708.8 sec [total]
done with H for K = 53.82-64.00 Q = 152.22-181.02 after 8709.9 sec [total]
done with H++ for K = 53.82-64.00 Q = 152.22-181.02 after 8713.1 sec [total]
done with H+- for K = 53.82-64.00 Q = 152.22-181.02 after 8714.2 sec [total]
done with H-+ for K = 53.82-64.00 Q = 152.22-181.02 after 8715.3 sec [total]
done with H-- for K = 53.82-64.00 Q = 152.22-181.02 after 8716.3 sec [total]
done with UU for K = 64.00-76.11 Q = 152.22-181.02 after 8717.5 sec [total]
done with BB for K = 64.00-76.11 Q = 152.22-181.02 after 8718.5 sec [total]
done with UBTa for K = 64.00-76.11 Q = 152.22-181.02 after 8718.7 sec [total]
done with UBTb for K = 64.00-76.11 Q = 152.22-181.02 after 8718.9 sec [total]
done with UBTbA for K = 64.00-76.11 Q = 152.22-181.02 after 8719.1 sec [total]
done with UBTbC for K = 64.00-76.11 Q = 152.22-181.02 after 8719.5 sec [total]
done with H for K = 64.00-76.11 Q = 152.22-181.02 after 8720.5 sec [total]
done with H++ for K = 64.00-76.11 Q = 152.22-181.02 after 8723.7 sec [total]
done with H+- for K = 64.00-76.11 Q = 152.22-181.02 after 8724.8 sec [total]
done with H-+ for K = 64.00-76.11 Q = 152.22-181.02 after 8725.9 sec [total]
done with H-- for K = 64.00-76.11 Q = 152.22-181.02 after 8726.9 sec [total]
done with UU for K = 76.11-90.51 Q = 152.22-181.02 after 8728.0 sec [total]
done with BB for K = 76.11-90.51 Q = 152.22-181.02 after 8729.1 sec [total]
done with UBTa for K = 76.11-90.51 Q = 152.22-181.02 after 8729.3 sec [total]
done with UBTb for K = 76.11-90.51 Q = 152.22-181.02 after 8729.5 sec [total]
done with UBTbA for K = 76.11-90.51 Q = 152.22-181.02 after 8729.7 sec [total]
done with UBTbC for K = 76.11-90.51 Q = 152.22-181.02 after 8730.1 sec [total]
done with H for K = 76.11-90.51 Q = 152.22-181.02 after 8731.1 sec [total]
done with H++ for K = 76.11-90.51 Q = 152.22-181.02 after 8734.3 sec [total]
done with H+- for K = 76.11-90.51 Q = 152.22-181.02 after 8735.4 sec [total]
done with H-+ for K = 76.11-90.51 Q = 152.22-181.02 after 8736.6 sec [total]
done with H-- for K = 76.11-90.51 Q = 152.22-181.02 after 8737.5 sec [total]
done with UU for K = 90.51-107.63 Q = 152.22-181.02 after 8738.6 sec [total]
done with BB for K = 90.51-107.63 Q = 152.22-181.02 after 8739.7 sec [total]
done with UBTa for K = 90.51-107.63 Q = 152.22-181.02 after 8739.9 sec [total]
done with UBTb for K = 90.51-107.63 Q = 152.22-181.02 after 8740.1 sec [total]
done with UBTbA for K = 90.51-107.63 Q = 152.22-181.02 after 8740.3 sec [total]
done with UBTbC for K = 90.51-107.63 Q = 152.22-181.02 after 8740.6 sec [total]
done with H for K = 90.51-107.63 Q = 152.22-181.02 after 8741.7 sec [total]
done with H++ for K = 90.51-107.63 Q = 152.22-181.02 after 8744.9 sec [total]
done with H+- for K = 90.51-107.63 Q = 152.22-181.02 after 8745.9 sec [total]
done with H-+ for K = 90.51-107.63 Q = 152.22-181.02 after 8747.1 sec [total]
done with H-- for K = 90.51-107.63 Q = 152.22-181.02 after 8748.1 sec [total]
done with UU for K = 107.63-128.00 Q = 152.22-181.02 after 8749.2 sec [total]
done with BB for K = 107.63-128.00 Q = 152.22-181.02 after 8750.3 sec [total]
done with UBTa for K = 107.63-128.00 Q = 152.22-181.02 after 8750.5 sec [total]
done with UBTb for K = 107.63-128.00 Q = 152.22-181.02 after 8750.7 sec [total]
done with UBTbA for K = 107.63-128.00 Q = 152.22-181.02 after 8750.9 sec [total]
done with UBTbC for K = 107.63-128.00 Q = 152.22-181.02 after 8751.2 sec [total]
done with H for K = 107.63-128.00 Q = 152.22-181.02 after 8752.3 sec [total]
done with H++ for K = 107.63-128.00 Q = 152.22-181.02 after 8755.5 sec [total]
done with H+- for K = 107.63-128.00 Q = 152.22-181.02 after 8756.5 sec [total]
done with H-+ for K = 107.63-128.00 Q = 152.22-181.02 after 8757.7 sec [total]
done with H-- for K = 107.63-128.00 Q = 152.22-181.02 after 8758.7 sec [total]
done with UU for K = 128.00-152.22 Q = 152.22-181.02 after 8759.8 sec [total]
done with BB for K = 128.00-152.22 Q = 152.22-181.02 after 8760.9 sec [total]
done with UBTa for K = 128.00-152.22 Q = 152.22-181.02 after 8761.1 sec [total]
done with UBTb for K = 128.00-152.22 Q = 152.22-181.02 after 8761.3 sec [total]
done with UBTbA for K = 128.00-152.22 Q = 152.22-181.02 after 8761.4 sec [total]
done with UBTbC for K = 128.00-152.22 Q = 152.22-181.02 after 8761.8 sec [total]
done with H for K = 128.00-152.22 Q = 152.22-181.02 after 8762.9 sec [total]
done with H++ for K = 128.00-152.22 Q = 152.22-181.02 after 8766.2 sec [total]
done with H+- for K = 128.00-152.22 Q = 152.22-181.02 after 8767.2 sec [total]
done with H-+ for K = 128.00-152.22 Q = 152.22-181.02 after 8768.3 sec [total]
done with H-- for K = 128.00-152.22 Q = 152.22-181.02 after 8769.3 sec [total]
done with UU for K = 152.22-181.02 Q = 152.22-181.02 after 8770.5 sec [total]
done with BB for K = 152.22-181.02 Q = 152.22-181.02 after 8771.6 sec [total]
done with UBTa for K = 152.22-181.02 Q = 152.22-181.02 after 8771.8 sec [total]
done with UBTb for K = 152.22-181.02 Q = 152.22-181.02 after 8772.0 sec [total]
done with UBTbA for K = 152.22-181.02 Q = 152.22-181.02 after 8772.2 sec [total]
done with UBTbC for K = 152.22-181.02 Q = 152.22-181.02 after 8772.5 sec [total]
done with H for K = 152.22-181.02 Q = 152.22-181.02 after 8773.6 sec [total]
done with H++ for K = 152.22-181.02 Q = 152.22-181.02 after 8776.8 sec [total]
done with H+- for K = 152.22-181.02 Q = 152.22-181.02 after 8777.9 sec [total]
done with H-+ for K = 152.22-181.02 Q = 152.22-181.02 after 8779.0 sec [total]
done with H-- for K = 152.22-181.02 Q = 152.22-181.02 after 8780.0 sec [total]
done with UU for K = 181.02-215.27 Q = 152.22-181.02 after 8781.1 sec [total]
done with BB for K = 181.02-215.27 Q = 152.22-181.02 after 8782.2 sec [total]
done with UBTa for K = 181.02-215.27 Q = 152.22-181.02 after 8782.4 sec [total]
done with UBTb for K = 181.02-215.27 Q = 152.22-181.02 after 8782.6 sec [total]
done with UBTbA for K = 181.02-215.27 Q = 152.22-181.02 after 8782.8 sec [total]
done with UBTbC for K = 181.02-215.27 Q = 152.22-181.02 after 8783.2 sec [total]
done with H for K = 181.02-215.27 Q = 152.22-181.02 after 8784.2 sec [total]
done with H++ for K = 181.02-215.27 Q = 152.22-181.02 after 8787.5 sec [total]
done with H+- for K = 181.02-215.27 Q = 152.22-181.02 after 8788.5 sec [total]
done with H-+ for K = 181.02-215.27 Q = 152.22-181.02 after 8789.6 sec [total]
done with H-- for K = 181.02-215.27 Q = 152.22-181.02 after 8790.7 sec [total]
done with UU for K = 215.27-256.00 Q = 152.22-181.02 after 8791.8 sec [total]
done with BB for K = 215.27-256.00 Q = 152.22-181.02 after 8792.8 sec [total]
done with UBTa for K = 215.27-256.00 Q = 152.22-181.02 after 8793.0 sec [total]
done with UBTb for K = 215.27-256.00 Q = 152.22-181.02 after 8793.2 sec [total]
done with UBTbA for K = 215.27-256.00 Q = 152.22-181.02 after 8793.4 sec [total]
done with UBTbC for K = 215.27-256.00 Q = 152.22-181.02 after 8793.8 sec [total]
done with H for K = 215.27-256.00 Q = 152.22-181.02 after 8794.8 sec [total]
done with H++ for K = 215.27-256.00 Q = 152.22-181.02 after 8798.0 sec [total]
done with H+- for K = 215.27-256.00 Q = 152.22-181.02 after 8799.1 sec [total]
done with H-+ for K = 215.27-256.00 Q = 152.22-181.02 after 8800.2 sec [total]
done with H-- for K = 215.27-256.00 Q = 152.22-181.02 after 8801.3 sec [total]
done with UU for K = 256.00-304.44 Q = 152.22-181.02 after 8802.4 sec [total]
done with BB for K = 256.00-304.44 Q = 152.22-181.02 after 8803.4 sec [total]
done with UBTa for K = 256.00-304.44 Q = 152.22-181.02 after 8803.6 sec [total]
done with UBTb for K = 256.00-304.44 Q = 152.22-181.02 after 8803.8 sec [total]
done with UBTbA for K = 256.00-304.44 Q = 152.22-181.02 after 8804.0 sec [total]
done with UBTbC for K = 256.00-304.44 Q = 152.22-181.02 after 8804.4 sec [total]
done with H for K = 256.00-304.44 Q = 152.22-181.02 after 8805.5 sec [total]
done with H++ for K = 256.00-304.44 Q = 152.22-181.02 after 8808.7 sec [total]
done with H+- for K = 256.00-304.44 Q = 152.22-181.02 after 8809.8 sec [total]
done with H-+ for K = 256.00-304.44 Q = 152.22-181.02 after 8810.9 sec [total]
done with H-- for K = 256.00-304.44 Q = 152.22-181.02 after 8811.9 sec [total]
done with UU for K = 304.44-362.04 Q = 152.22-181.02 after 8813.0 sec [total]
done with BB for K = 304.44-362.04 Q = 152.22-181.02 after 8814.1 sec [total]
done with UBTa for K = 304.44-362.04 Q = 152.22-181.02 after 8814.2 sec [total]
done with UBTb for K = 304.44-362.04 Q = 152.22-181.02 after 8814.4 sec [total]
done with UBTbA for K = 304.44-362.04 Q = 152.22-181.02 after 8814.6 sec [total]
done with UBTbC for K = 304.44-362.04 Q = 152.22-181.02 after 8815.0 sec [total]
done with H for K = 304.44-362.04 Q = 152.22-181.02 after 8816.1 sec [total]
done with H++ for K = 304.44-362.04 Q = 152.22-181.02 after 8819.2 sec [total]
done with H+- for K = 304.44-362.04 Q = 152.22-181.02 after 8820.4 sec [total]
done with H-+ for K = 304.44-362.04 Q = 152.22-181.02 after 8821.5 sec [total]
done with H-- for K = 304.44-362.04 Q = 152.22-181.02 after 8822.5 sec [total]
done with UU for K = 362.04-430.54 Q = 152.22-181.02 after 8823.6 sec [total]
done with BB for K = 362.04-430.54 Q = 152.22-181.02 after 8824.6 sec [total]
done with UBTa for K = 362.04-430.54 Q = 152.22-181.02 after 8824.8 sec [total]
done with UBTb for K = 362.04-430.54 Q = 152.22-181.02 after 8825.0 sec [total]
done with UBTbA for K = 362.04-430.54 Q = 152.22-181.02 after 8825.3 sec [total]
done with UBTbC for K = 362.04-430.54 Q = 152.22-181.02 after 8825.6 sec [total]
done with H for K = 362.04-430.54 Q = 152.22-181.02 after 8826.6 sec [total]
done with H++ for K = 362.04-430.54 Q = 152.22-181.02 after 8829.9 sec [total]
done with H+- for K = 362.04-430.54 Q = 152.22-181.02 after 8830.9 sec [total]
done with H-+ for K = 362.04-430.54 Q = 152.22-181.02 after 8832.0 sec [total]
done with H-- for K = 362.04-430.54 Q = 152.22-181.02 after 8833.1 sec [total]
done with UU for K = 430.54-512.00 Q = 152.22-181.02 after 8834.2 sec [total]
done with BB for K = 430.54-512.00 Q = 152.22-181.02 after 8835.3 sec [total]
done with UBTa for K = 430.54-512.00 Q = 152.22-181.02 after 8835.4 sec [total]
done with UBTb for K = 430.54-512.00 Q = 152.22-181.02 after 8835.6 sec [total]
done with UBTbA for K = 430.54-512.00 Q = 152.22-181.02 after 8835.8 sec [total]
done with UBTbC for K = 430.54-512.00 Q = 152.22-181.02 after 8836.2 sec [total]
done with H for K = 430.54-512.00 Q = 152.22-181.02 after 8837.2 sec [total]
done with H++ for K = 430.54-512.00 Q = 152.22-181.02 after 8840.4 sec [total]
done with H+- for K = 430.54-512.00 Q = 152.22-181.02 after 8841.5 sec [total]
done with H-+ for K = 430.54-512.00 Q = 152.22-181.02 after 8842.6 sec [total]
done with H-- for K = 430.54-512.00 Q = 152.22-181.02 after 8843.6 sec [total]
done with UU for K = 512.00-608.87 Q = 152.22-181.02 after 8844.8 sec [total]
done with BB for K = 512.00-608.87 Q = 152.22-181.02 after 8845.9 sec [total]
done with UBTa for K = 512.00-608.87 Q = 152.22-181.02 after 8846.1 sec [total]
done with UBTb for K = 512.00-608.87 Q = 152.22-181.02 after 8846.3 sec [total]
done with UBTbA for K = 512.00-608.87 Q = 152.22-181.02 after 8846.5 sec [total]
done with UBTbC for K = 512.00-608.87 Q = 152.22-181.02 after 8846.8 sec [total]
done with H for K = 512.00-608.87 Q = 152.22-181.02 after 8847.9 sec [total]
done with H++ for K = 512.00-608.87 Q = 152.22-181.02 after 8851.1 sec [total]
done with H+- for K = 512.00-608.87 Q = 152.22-181.02 after 8852.1 sec [total]
done with H-+ for K = 512.00-608.87 Q = 152.22-181.02 after 8853.3 sec [total]
done with H-- for K = 512.00-608.87 Q = 152.22-181.02 after 8854.3 sec [total]
done with UU for K = 608.87-724.08 Q = 152.22-181.02 after 8855.4 sec [total]
done with BB for K = 608.87-724.08 Q = 152.22-181.02 after 8856.5 sec [total]
done with UBTa for K = 608.87-724.08 Q = 152.22-181.02 after 8856.7 sec [total]
done with UBTb for K = 608.87-724.08 Q = 152.22-181.02 after 8856.9 sec [total]
done with UBTbA for K = 608.87-724.08 Q = 152.22-181.02 after 8857.1 sec [total]
done with UBTbC for K = 608.87-724.08 Q = 152.22-181.02 after 8857.5 sec [total]
done with H for K = 608.87-724.08 Q = 152.22-181.02 after 8858.5 sec [total]
done with H++ for K = 608.87-724.08 Q = 152.22-181.02 after 8861.7 sec [total]
done with H+- for K = 608.87-724.08 Q = 152.22-181.02 after 8862.7 sec [total]
done with H-+ for K = 608.87-724.08 Q = 152.22-181.02 after 8863.9 sec [total]
done with H-- for K = 608.87-724.08 Q = 152.22-181.02 after 8865.0 sec [total]
done with UU for K = 724.08-861.08 Q = 152.22-181.02 after 8866.1 sec [total]
done with BB for K = 724.08-861.08 Q = 152.22-181.02 after 8867.1 sec [total]
done with UBTa for K = 724.08-861.08 Q = 152.22-181.02 after 8867.3 sec [total]
done with UBTb for K = 724.08-861.08 Q = 152.22-181.02 after 8867.5 sec [total]
done with UBTbA for K = 724.08-861.08 Q = 152.22-181.02 after 8867.7 sec [total]
done with UBTbC for K = 724.08-861.08 Q = 152.22-181.02 after 8868.0 sec [total]
done with H for K = 724.08-861.08 Q = 152.22-181.02 after 8869.1 sec [total]
done with H++ for K = 724.08-861.08 Q = 152.22-181.02 after 8872.3 sec [total]
done with H+- for K = 724.08-861.08 Q = 152.22-181.02 after 8873.4 sec [total]
done with H-+ for K = 724.08-861.08 Q = 152.22-181.02 after 8874.5 sec [total]
done with H-- for K = 724.08-861.08 Q = 152.22-181.02 after 8875.5 sec [total]
done with UU for K = 861.08-1024.00 Q = 152.22-181.02 after 8876.7 sec [total]
done with BB for K = 861.08-1024.00 Q = 152.22-181.02 after 8877.7 sec [total]
done with UBTa for K = 861.08-1024.00 Q = 152.22-181.02 after 8877.9 sec [total]
done with UBTb for K = 861.08-1024.00 Q = 152.22-181.02 after 8878.1 sec [total]
done with UBTbA for K = 861.08-1024.00 Q = 152.22-181.02 after 8878.3 sec [total]
done with UBTbC for K = 861.08-1024.00 Q = 152.22-181.02 after 8878.6 sec [total]
done with H for K = 861.08-1024.00 Q = 152.22-181.02 after 8879.7 sec [total]
done with H++ for K = 861.08-1024.00 Q = 152.22-181.02 after 8883.0 sec [total]
done with H+- for K = 861.08-1024.00 Q = 152.22-181.02 after 8884.0 sec [total]
done with H-+ for K = 861.08-1024.00 Q = 152.22-181.02 after 8885.1 sec [total]
done with H-- for K = 861.08-1024.00 Q = 152.22-181.02 after 8886.2 sec [total]
done with UU for K = 0.00-3.36 Q = 181.02-215.27 after 8889.4 sec [total]
done with BB for K = 0.00-3.36 Q = 181.02-215.27 after 8892.5 sec [total]
done with UBTa for K = 0.00-3.36 Q = 181.02-215.27 after 8894.4 sec [total]
done with UBTb for K = 0.00-3.36 Q = 181.02-215.27 after 8896.1 sec [total]
done with UBTbA for K = 0.00-3.36 Q = 181.02-215.27 after 8897.8 sec [total]
done with UBTbC for K = 0.00-3.36 Q = 181.02-215.27 after 8898.1 sec [total]
done with H for K = 0.00-3.36 Q = 181.02-215.27 after 8899.2 sec [total]
done with H++ for K = 0.00-3.36 Q = 181.02-215.27 after 8902.4 sec [total]
done with H+- for K = 0.00-3.36 Q = 181.02-215.27 after 8903.5 sec [total]
done with H-+ for K = 0.00-3.36 Q = 181.02-215.27 after 8904.6 sec [total]
done with H-- for K = 0.00-3.36 Q = 181.02-215.27 after 8905.7 sec [total]
done with UU for K = 3.36-4.00 Q = 181.02-215.27 after 8906.8 sec [total]
done with BB for K = 3.36-4.00 Q = 181.02-215.27 after 8907.9 sec [total]
done with UBTa for K = 3.36-4.00 Q = 181.02-215.27 after 8908.1 sec [total]
done with UBTb for K = 3.36-4.00 Q = 181.02-215.27 after 8908.3 sec [total]
done with UBTbA for K = 3.36-4.00 Q = 181.02-215.27 after 8908.5 sec [total]
done with UBTbC for K = 3.36-4.00 Q = 181.02-215.27 after 8908.8 sec [total]
done with H for K = 3.36-4.00 Q = 181.02-215.27 after 8909.9 sec [total]
done with H++ for K = 3.36-4.00 Q = 181.02-215.27 after 8913.2 sec [total]
done with H+- for K = 3.36-4.00 Q = 181.02-215.27 after 8914.2 sec [total]
done with H-+ for K = 3.36-4.00 Q = 181.02-215.27 after 8915.3 sec [total]
done with H-- for K = 3.36-4.00 Q = 181.02-215.27 after 8916.3 sec [total]
done with UU for K = 4.00-4.76 Q = 181.02-215.27 after 8917.5 sec [total]
done with BB for K = 4.00-4.76 Q = 181.02-215.27 after 8918.5 sec [total]
done with UBTa for K = 4.00-4.76 Q = 181.02-215.27 after 8918.7 sec [total]
done with UBTb for K = 4.00-4.76 Q = 181.02-215.27 after 8918.9 sec [total]
done with UBTbA for K = 4.00-4.76 Q = 181.02-215.27 after 8919.1 sec [total]
done with UBTbC for K = 4.00-4.76 Q = 181.02-215.27 after 8919.5 sec [total]
done with H for K = 4.00-4.76 Q = 181.02-215.27 after 8920.5 sec [total]
done with H++ for K = 4.00-4.76 Q = 181.02-215.27 after 8923.8 sec [total]
done with H+- for K = 4.00-4.76 Q = 181.02-215.27 after 8924.8 sec [total]
done with H-+ for K = 4.00-4.76 Q = 181.02-215.27 after 8925.9 sec [total]
done with H-- for K = 4.00-4.76 Q = 181.02-215.27 after 8927.0 sec [total]
done with UU for K = 4.76-5.66 Q = 181.02-215.27 after 8928.1 sec [total]
done with BB for K = 4.76-5.66 Q = 181.02-215.27 after 8929.2 sec [total]
done with UBTa for K = 4.76-5.66 Q = 181.02-215.27 after 8929.3 sec [total]
done with UBTb for K = 4.76-5.66 Q = 181.02-215.27 after 8929.5 sec [total]
done with UBTbA for K = 4.76-5.66 Q = 181.02-215.27 after 8929.8 sec [total]
done with UBTbC for K = 4.76-5.66 Q = 181.02-215.27 after 8930.1 sec [total]
done with H for K = 4.76-5.66 Q = 181.02-215.27 after 8931.2 sec [total]
done with H++ for K = 4.76-5.66 Q = 181.02-215.27 after 8934.4 sec [total]
done with H+- for K = 4.76-5.66 Q = 181.02-215.27 after 8935.4 sec [total]
done with H-+ for K = 4.76-5.66 Q = 181.02-215.27 after 8936.5 sec [total]
done with H-- for K = 4.76-5.66 Q = 181.02-215.27 after 8937.6 sec [total]
done with UU for K = 5.66-6.73 Q = 181.02-215.27 after 8938.7 sec [total]
done with BB for K = 5.66-6.73 Q = 181.02-215.27 after 8939.8 sec [total]
done with UBTa for K = 5.66-6.73 Q = 181.02-215.27 after 8940.0 sec [total]
done with UBTb for K = 5.66-6.73 Q = 181.02-215.27 after 8940.2 sec [total]
done with UBTbA for K = 5.66-6.73 Q = 181.02-215.27 after 8940.3 sec [total]
done with UBTbC for K = 5.66-6.73 Q = 181.02-215.27 after 8940.7 sec [total]
done with H for K = 5.66-6.73 Q = 181.02-215.27 after 8941.8 sec [total]
done with H++ for K = 5.66-6.73 Q = 181.02-215.27 after 8945.1 sec [total]
done with H+- for K = 5.66-6.73 Q = 181.02-215.27 after 8946.1 sec [total]
done with H-+ for K = 5.66-6.73 Q = 181.02-215.27 after 8947.2 sec [total]
done with H-- for K = 5.66-6.73 Q = 181.02-215.27 after 8948.2 sec [total]
done with UU for K = 6.73-8.00 Q = 181.02-215.27 after 8949.4 sec [total]
done with BB for K = 6.73-8.00 Q = 181.02-215.27 after 8950.5 sec [total]
done with UBTa for K = 6.73-8.00 Q = 181.02-215.27 after 8950.6 sec [total]
done with UBTb for K = 6.73-8.00 Q = 181.02-215.27 after 8950.8 sec [total]
done with UBTbA for K = 6.73-8.00 Q = 181.02-215.27 after 8951.1 sec [total]
done with UBTbC for K = 6.73-8.00 Q = 181.02-215.27 after 8951.4 sec [total]
done with H for K = 6.73-8.00 Q = 181.02-215.27 after 8952.5 sec [total]
done with H++ for K = 6.73-8.00 Q = 181.02-215.27 after 8955.7 sec [total]
done with H+- for K = 6.73-8.00 Q = 181.02-215.27 after 8956.8 sec [total]
done with H-+ for K = 6.73-8.00 Q = 181.02-215.27 after 8957.9 sec [total]
done with H-- for K = 6.73-8.00 Q = 181.02-215.27 after 8958.9 sec [total]
done with UU for K = 8.00-9.51 Q = 181.02-215.27 after 8960.0 sec [total]
done with BB for K = 8.00-9.51 Q = 181.02-215.27 after 8961.0 sec [total]
done with UBTa for K = 8.00-9.51 Q = 181.02-215.27 after 8961.2 sec [total]
done with UBTb for K = 8.00-9.51 Q = 181.02-215.27 after 8961.4 sec [total]
done with UBTbA for K = 8.00-9.51 Q = 181.02-215.27 after 8961.6 sec [total]
done with UBTbC for K = 8.00-9.51 Q = 181.02-215.27 after 8962.0 sec [total]
done with H for K = 8.00-9.51 Q = 181.02-215.27 after 8963.1 sec [total]
done with H++ for K = 8.00-9.51 Q = 181.02-215.27 after 8966.3 sec [total]
done with H+- for K = 8.00-9.51 Q = 181.02-215.27 after 8967.4 sec [total]
done with H-+ for K = 8.00-9.51 Q = 181.02-215.27 after 8968.5 sec [total]
done with H-- for K = 8.00-9.51 Q = 181.02-215.27 after 8969.5 sec [total]
done with UU for K = 9.51-11.31 Q = 181.02-215.27 after 8970.7 sec [total]
done with BB for K = 9.51-11.31 Q = 181.02-215.27 after 8971.7 sec [total]
done with UBTa for K = 9.51-11.31 Q = 181.02-215.27 after 8971.9 sec [total]
done with UBTb for K = 9.51-11.31 Q = 181.02-215.27 after 8972.1 sec [total]
done with UBTbA for K = 9.51-11.31 Q = 181.02-215.27 after 8972.3 sec [total]
done with UBTbC for K = 9.51-11.31 Q = 181.02-215.27 after 8972.7 sec [total]
done with H for K = 9.51-11.31 Q = 181.02-215.27 after 8973.7 sec [total]
done with H++ for K = 9.51-11.31 Q = 181.02-215.27 after 8976.9 sec [total]
done with H+- for K = 9.51-11.31 Q = 181.02-215.27 after 8978.0 sec [total]
done with H-+ for K = 9.51-11.31 Q = 181.02-215.27 after 8979.1 sec [total]
done with H-- for K = 9.51-11.31 Q = 181.02-215.27 after 8980.1 sec [total]
done with UU for K = 11.31-13.45 Q = 181.02-215.27 after 8981.3 sec [total]
done with BB for K = 11.31-13.45 Q = 181.02-215.27 after 8982.4 sec [total]
done with UBTa for K = 11.31-13.45 Q = 181.02-215.27 after 8982.6 sec [total]
done with UBTb for K = 11.31-13.45 Q = 181.02-215.27 after 8982.7 sec [total]
done with UBTbA for K = 11.31-13.45 Q = 181.02-215.27 after 8982.9 sec [total]
done with UBTbC for K = 11.31-13.45 Q = 181.02-215.27 after 8983.3 sec [total]
done with H for K = 11.31-13.45 Q = 181.02-215.27 after 8984.4 sec [total]
done with H++ for K = 11.31-13.45 Q = 181.02-215.27 after 8987.7 sec [total]
done with H+- for K = 11.31-13.45 Q = 181.02-215.27 after 8988.7 sec [total]
done with H-+ for K = 11.31-13.45 Q = 181.02-215.27 after 8989.8 sec [total]
done with H-- for K = 11.31-13.45 Q = 181.02-215.27 after 8990.9 sec [total]
done with UU for K = 13.45-16.00 Q = 181.02-215.27 after 8991.9 sec [total]
done with BB for K = 13.45-16.00 Q = 181.02-215.27 after 8993.0 sec [total]
done with UBTa for K = 13.45-16.00 Q = 181.02-215.27 after 8993.2 sec [total]
done with UBTb for K = 13.45-16.00 Q = 181.02-215.27 after 8993.4 sec [total]
done with UBTbA for K = 13.45-16.00 Q = 181.02-215.27 after 8993.6 sec [total]
done with UBTbC for K = 13.45-16.00 Q = 181.02-215.27 after 8993.9 sec [total]
done with H for K = 13.45-16.00 Q = 181.02-215.27 after 8995.0 sec [total]
done with H++ for K = 13.45-16.00 Q = 181.02-215.27 after 8998.2 sec [total]
done with H+- for K = 13.45-16.00 Q = 181.02-215.27 after 8999.3 sec [total]
done with H-+ for K = 13.45-16.00 Q = 181.02-215.27 after 9000.4 sec [total]
done with H-- for K = 13.45-16.00 Q = 181.02-215.27 after 9001.5 sec [total]
done with UU for K = 16.00-19.03 Q = 181.02-215.27 after 9002.6 sec [total]
done with BB for K = 16.00-19.03 Q = 181.02-215.27 after 9003.6 sec [total]
done with UBTa for K = 16.00-19.03 Q = 181.02-215.27 after 9003.8 sec [total]
done with UBTb for K = 16.00-19.03 Q = 181.02-215.27 after 9004.0 sec [total]
done with UBTbA for K = 16.00-19.03 Q = 181.02-215.27 after 9004.2 sec [total]
done with UBTbC for K = 16.00-19.03 Q = 181.02-215.27 after 9004.6 sec [total]
done with H for K = 16.00-19.03 Q = 181.02-215.27 after 9005.7 sec [total]
done with H++ for K = 16.00-19.03 Q = 181.02-215.27 after 9008.9 sec [total]
done with H+- for K = 16.00-19.03 Q = 181.02-215.27 after 9010.0 sec [total]
done with H-+ for K = 16.00-19.03 Q = 181.02-215.27 after 9011.1 sec [total]
done with H-- for K = 16.00-19.03 Q = 181.02-215.27 after 9012.1 sec [total]
done with UU for K = 19.03-22.63 Q = 181.02-215.27 after 9013.2 sec [total]
done with BB for K = 19.03-22.63 Q = 181.02-215.27 after 9014.3 sec [total]
done with UBTa for K = 19.03-22.63 Q = 181.02-215.27 after 9014.5 sec [total]
done with UBTb for K = 19.03-22.63 Q = 181.02-215.27 after 9014.7 sec [total]
done with UBTbA for K = 19.03-22.63 Q = 181.02-215.27 after 9014.9 sec [total]
done with UBTbC for K = 19.03-22.63 Q = 181.02-215.27 after 9015.2 sec [total]
done with H for K = 19.03-22.63 Q = 181.02-215.27 after 9016.3 sec [total]
done with H++ for K = 19.03-22.63 Q = 181.02-215.27 after 9019.5 sec [total]
done with H+- for K = 19.03-22.63 Q = 181.02-215.27 after 9020.5 sec [total]
done with H-+ for K = 19.03-22.63 Q = 181.02-215.27 after 9021.7 sec [total]
done with H-- for K = 19.03-22.63 Q = 181.02-215.27 after 9022.7 sec [total]
done with UU for K = 22.63-26.91 Q = 181.02-215.27 after 9023.8 sec [total]
done with BB for K = 22.63-26.91 Q = 181.02-215.27 after 9024.9 sec [total]
done with UBTa for K = 22.63-26.91 Q = 181.02-215.27 after 9025.1 sec [total]
done with UBTb for K = 22.63-26.91 Q = 181.02-215.27 after 9025.3 sec [total]
done with UBTbA for K = 22.63-26.91 Q = 181.02-215.27 after 9025.4 sec [total]
done with UBTbC for K = 22.63-26.91 Q = 181.02-215.27 after 9025.8 sec [total]
done with H for K = 22.63-26.91 Q = 181.02-215.27 after 9026.9 sec [total]
done with H++ for K = 22.63-26.91 Q = 181.02-215.27 after 9030.2 sec [total]
done with H+- for K = 22.63-26.91 Q = 181.02-215.27 after 9031.2 sec [total]
done with H-+ for K = 22.63-26.91 Q = 181.02-215.27 after 9032.3 sec [total]
done with H-- for K = 22.63-26.91 Q = 181.02-215.27 after 9033.3 sec [total]
done with UU for K = 26.91-32.00 Q = 181.02-215.27 after 9034.5 sec [total]
done with BB for K = 26.91-32.00 Q = 181.02-215.27 after 9035.6 sec [total]
done with UBTa for K = 26.91-32.00 Q = 181.02-215.27 after 9035.7 sec [total]
done with UBTb for K = 26.91-32.00 Q = 181.02-215.27 after 9035.9 sec [total]
done with UBTbA for K = 26.91-32.00 Q = 181.02-215.27 after 9036.1 sec [total]
done with UBTbC for K = 26.91-32.00 Q = 181.02-215.27 after 9036.5 sec [total]
done with H for K = 26.91-32.00 Q = 181.02-215.27 after 9037.6 sec [total]
done with H++ for K = 26.91-32.00 Q = 181.02-215.27 after 9040.8 sec [total]
done with H+- for K = 26.91-32.00 Q = 181.02-215.27 after 9041.8 sec [total]
done with H-+ for K = 26.91-32.00 Q = 181.02-215.27 after 9042.9 sec [total]
done with H-- for K = 26.91-32.00 Q = 181.02-215.27 after 9044.0 sec [total]
done with UU for K = 32.00-38.05 Q = 181.02-215.27 after 9045.2 sec [total]
done with BB for K = 32.00-38.05 Q = 181.02-215.27 after 9046.2 sec [total]
done with UBTa for K = 32.00-38.05 Q = 181.02-215.27 after 9046.4 sec [total]
done with UBTb for K = 32.00-38.05 Q = 181.02-215.27 after 9046.6 sec [total]
done with UBTbA for K = 32.00-38.05 Q = 181.02-215.27 after 9046.7 sec [total]
done with UBTbC for K = 32.00-38.05 Q = 181.02-215.27 after 9047.1 sec [total]
done with H for K = 32.00-38.05 Q = 181.02-215.27 after 9048.2 sec [total]
done with H++ for K = 32.00-38.05 Q = 181.02-215.27 after 9051.4 sec [total]
done with H+- for K = 32.00-38.05 Q = 181.02-215.27 after 9052.5 sec [total]
done with H-+ for K = 32.00-38.05 Q = 181.02-215.27 after 9053.6 sec [total]
done with H-- for K = 32.00-38.05 Q = 181.02-215.27 after 9054.6 sec [total]
done with UU for K = 38.05-45.25 Q = 181.02-215.27 after 9055.8 sec [total]
done with BB for K = 38.05-45.25 Q = 181.02-215.27 after 9056.8 sec [total]
done with UBTa for K = 38.05-45.25 Q = 181.02-215.27 after 9057.0 sec [total]
done with UBTb for K = 38.05-45.25 Q = 181.02-215.27 after 9057.2 sec [total]
done with UBTbA for K = 38.05-45.25 Q = 181.02-215.27 after 9057.4 sec [total]
done with UBTbC for K = 38.05-45.25 Q = 181.02-215.27 after 9057.8 sec [total]
done with H for K = 38.05-45.25 Q = 181.02-215.27 after 9058.9 sec [total]
done with H++ for K = 38.05-45.25 Q = 181.02-215.27 after 9062.1 sec [total]
done with H+- for K = 38.05-45.25 Q = 181.02-215.27 after 9063.2 sec [total]
done with H-+ for K = 38.05-45.25 Q = 181.02-215.27 after 9064.3 sec [total]
done with H-- for K = 38.05-45.25 Q = 181.02-215.27 after 9065.3 sec [total]
done with UU for K = 45.25-53.82 Q = 181.02-215.27 after 9066.4 sec [total]
done with BB for K = 45.25-53.82 Q = 181.02-215.27 after 9067.4 sec [total]
done with UBTa for K = 45.25-53.82 Q = 181.02-215.27 after 9067.6 sec [total]
done with UBTb for K = 45.25-53.82 Q = 181.02-215.27 after 9067.8 sec [total]
done with UBTbA for K = 45.25-53.82 Q = 181.02-215.27 after 9068.0 sec [total]
done with UBTbC for K = 45.25-53.82 Q = 181.02-215.27 after 9068.4 sec [total]
done with H for K = 45.25-53.82 Q = 181.02-215.27 after 9069.5 sec [total]
done with H++ for K = 45.25-53.82 Q = 181.02-215.27 after 9072.8 sec [total]
done with H+- for K = 45.25-53.82 Q = 181.02-215.27 after 9073.8 sec [total]
done with H-+ for K = 45.25-53.82 Q = 181.02-215.27 after 9074.9 sec [total]
done with H-- for K = 45.25-53.82 Q = 181.02-215.27 after 9075.9 sec [total]
done with UU for K = 53.82-64.00 Q = 181.02-215.27 after 9077.0 sec [total]
done with BB for K = 53.82-64.00 Q = 181.02-215.27 after 9078.1 sec [total]
done with UBTa for K = 53.82-64.00 Q = 181.02-215.27 after 9078.2 sec [total]
done with UBTb for K = 53.82-64.00 Q = 181.02-215.27 after 9078.4 sec [total]
done with UBTbA for K = 53.82-64.00 Q = 181.02-215.27 after 9078.6 sec [total]
done with UBTbC for K = 53.82-64.00 Q = 181.02-215.27 after 9079.0 sec [total]
done with H for K = 53.82-64.00 Q = 181.02-215.27 after 9080.1 sec [total]
done with H++ for K = 53.82-64.00 Q = 181.02-215.27 after 9083.3 sec [total]
done with H+- for K = 53.82-64.00 Q = 181.02-215.27 after 9084.4 sec [total]
done with H-+ for K = 53.82-64.00 Q = 181.02-215.27 after 9085.5 sec [total]
done with H-- for K = 53.82-64.00 Q = 181.02-215.27 after 9086.6 sec [total]
done with UU for K = 64.00-76.11 Q = 181.02-215.27 after 9087.7 sec [total]
done with BB for K = 64.00-76.11 Q = 181.02-215.27 after 9088.7 sec [total]
done with UBTa for K = 64.00-76.11 Q = 181.02-215.27 after 9088.9 sec [total]
done with UBTb for K = 64.00-76.11 Q = 181.02-215.27 after 9089.1 sec [total]
done with UBTbA for K = 64.00-76.11 Q = 181.02-215.27 after 9089.3 sec [total]
done with UBTbC for K = 64.00-76.11 Q = 181.02-215.27 after 9089.6 sec [total]
done with H for K = 64.00-76.11 Q = 181.02-215.27 after 9090.7 sec [total]
done with H++ for K = 64.00-76.11 Q = 181.02-215.27 after 9093.9 sec [total]
done with H+- for K = 64.00-76.11 Q = 181.02-215.27 after 9095.0 sec [total]
done with H-+ for K = 64.00-76.11 Q = 181.02-215.27 after 9096.1 sec [total]
done with H-- for K = 64.00-76.11 Q = 181.02-215.27 after 9097.1 sec [total]
done with UU for K = 76.11-90.51 Q = 181.02-215.27 after 9098.2 sec [total]
done with BB for K = 76.11-90.51 Q = 181.02-215.27 after 9099.3 sec [total]
done with UBTa for K = 76.11-90.51 Q = 181.02-215.27 after 9099.5 sec [total]
done with UBTb for K = 76.11-90.51 Q = 181.02-215.27 after 9099.7 sec [total]
done with UBTbA for K = 76.11-90.51 Q = 181.02-215.27 after 9100.0 sec [total]
done with UBTbC for K = 76.11-90.51 Q = 181.02-215.27 after 9100.3 sec [total]
done with H for K = 76.11-90.51 Q = 181.02-215.27 after 9101.3 sec [total]
done with H++ for K = 76.11-90.51 Q = 181.02-215.27 after 9104.6 sec [total]
done with H+- for K = 76.11-90.51 Q = 181.02-215.27 after 9105.6 sec [total]
done with H-+ for K = 76.11-90.51 Q = 181.02-215.27 after 9106.7 sec [total]
done with H-- for K = 76.11-90.51 Q = 181.02-215.27 after 9107.8 sec [total]
done with UU for K = 90.51-107.63 Q = 181.02-215.27 after 9108.9 sec [total]
done with BB for K = 90.51-107.63 Q = 181.02-215.27 after 9109.9 sec [total]
done with UBTa for K = 90.51-107.63 Q = 181.02-215.27 after 9110.1 sec [total]
done with UBTb for K = 90.51-107.63 Q = 181.02-215.27 after 9110.3 sec [total]
done with UBTbA for K = 90.51-107.63 Q = 181.02-215.27 after 9110.5 sec [total]
done with UBTbC for K = 90.51-107.63 Q = 181.02-215.27 after 9110.9 sec [total]
done with H for K = 90.51-107.63 Q = 181.02-215.27 after 9112.0 sec [total]
done with H++ for K = 90.51-107.63 Q = 181.02-215.27 after 9115.3 sec [total]
done with H+- for K = 90.51-107.63 Q = 181.02-215.27 after 9116.3 sec [total]
done with H-+ for K = 90.51-107.63 Q = 181.02-215.27 after 9117.4 sec [total]
done with H-- for K = 90.51-107.63 Q = 181.02-215.27 after 9118.4 sec [total]
done with UU for K = 107.63-128.00 Q = 181.02-215.27 after 9119.6 sec [total]
done with BB for K = 107.63-128.00 Q = 181.02-215.27 after 9120.6 sec [total]
done with UBTa for K = 107.63-128.00 Q = 181.02-215.27 after 9120.8 sec [total]
done with UBTb for K = 107.63-128.00 Q = 181.02-215.27 after 9121.0 sec [total]
done with UBTbA for K = 107.63-128.00 Q = 181.02-215.27 after 9121.2 sec [total]
done with UBTbC for K = 107.63-128.00 Q = 181.02-215.27 after 9121.6 sec [total]
done with H for K = 107.63-128.00 Q = 181.02-215.27 after 9122.6 sec [total]
done with H++ for K = 107.63-128.00 Q = 181.02-215.27 after 9125.9 sec [total]
done with H+- for K = 107.63-128.00 Q = 181.02-215.27 after 9127.0 sec [total]
done with H-+ for K = 107.63-128.00 Q = 181.02-215.27 after 9128.1 sec [total]
done with H-- for K = 107.63-128.00 Q = 181.02-215.27 after 9129.1 sec [total]
done with UU for K = 128.00-152.22 Q = 181.02-215.27 after 9130.2 sec [total]
done with BB for K = 128.00-152.22 Q = 181.02-215.27 after 9131.2 sec [total]
done with UBTa for K = 128.00-152.22 Q = 181.02-215.27 after 9131.4 sec [total]
done with UBTb for K = 128.00-152.22 Q = 181.02-215.27 after 9131.6 sec [total]
done with UBTbA for K = 128.00-152.22 Q = 181.02-215.27 after 9131.8 sec [total]
done with UBTbC for K = 128.00-152.22 Q = 181.02-215.27 after 9132.2 sec [total]
done with H for K = 128.00-152.22 Q = 181.02-215.27 after 9133.3 sec [total]
done with H++ for K = 128.00-152.22 Q = 181.02-215.27 after 9136.5 sec [total]
done with H+- for K = 128.00-152.22 Q = 181.02-215.27 after 9137.5 sec [total]
done with H-+ for K = 128.00-152.22 Q = 181.02-215.27 after 9138.6 sec [total]
done with H-- for K = 128.00-152.22 Q = 181.02-215.27 after 9139.7 sec [total]
done with UU for K = 152.22-181.02 Q = 181.02-215.27 after 9140.8 sec [total]
done with BB for K = 152.22-181.02 Q = 181.02-215.27 after 9141.9 sec [total]
done with UBTa for K = 152.22-181.02 Q = 181.02-215.27 after 9142.1 sec [total]
done with UBTb for K = 152.22-181.02 Q = 181.02-215.27 after 9142.3 sec [total]
done with UBTbA for K = 152.22-181.02 Q = 181.02-215.27 after 9142.5 sec [total]
done with UBTbC for K = 152.22-181.02 Q = 181.02-215.27 after 9142.8 sec [total]
done with H for K = 152.22-181.02 Q = 181.02-215.27 after 9143.9 sec [total]
done with H++ for K = 152.22-181.02 Q = 181.02-215.27 after 9147.1 sec [total]
done with H+- for K = 152.22-181.02 Q = 181.02-215.27 after 9148.2 sec [total]
done with H-+ for K = 152.22-181.02 Q = 181.02-215.27 after 9149.3 sec [total]
done with H-- for K = 152.22-181.02 Q = 181.02-215.27 after 9150.3 sec [total]
done with UU for K = 181.02-215.27 Q = 181.02-215.27 after 9151.5 sec [total]
done with BB for K = 181.02-215.27 Q = 181.02-215.27 after 9152.5 sec [total]
done with UBTa for K = 181.02-215.27 Q = 181.02-215.27 after 9152.7 sec [total]
done with UBTb for K = 181.02-215.27 Q = 181.02-215.27 after 9152.9 sec [total]
done with UBTbA for K = 181.02-215.27 Q = 181.02-215.27 after 9153.1 sec [total]
done with UBTbC for K = 181.02-215.27 Q = 181.02-215.27 after 9153.5 sec [total]
done with H for K = 181.02-215.27 Q = 181.02-215.27 after 9154.5 sec [total]
done with H++ for K = 181.02-215.27 Q = 181.02-215.27 after 9157.8 sec [total]
done with H+- for K = 181.02-215.27 Q = 181.02-215.27 after 9158.8 sec [total]
done with H-+ for K = 181.02-215.27 Q = 181.02-215.27 after 9159.9 sec [total]
done with H-- for K = 181.02-215.27 Q = 181.02-215.27 after 9161.0 sec [total]
done with UU for K = 215.27-256.00 Q = 181.02-215.27 after 9162.1 sec [total]
done with BB for K = 215.27-256.00 Q = 181.02-215.27 after 9163.2 sec [total]
done with UBTa for K = 215.27-256.00 Q = 181.02-215.27 after 9163.4 sec [total]
done with UBTb for K = 215.27-256.00 Q = 181.02-215.27 after 9163.6 sec [total]
done with UBTbA for K = 215.27-256.00 Q = 181.02-215.27 after 9163.8 sec [total]
done with UBTbC for K = 215.27-256.00 Q = 181.02-215.27 after 9164.1 sec [total]
done with H for K = 215.27-256.00 Q = 181.02-215.27 after 9165.2 sec [total]
done with H++ for K = 215.27-256.00 Q = 181.02-215.27 after 9168.4 sec [total]
done with H+- for K = 215.27-256.00 Q = 181.02-215.27 after 9169.5 sec [total]
done with H-+ for K = 215.27-256.00 Q = 181.02-215.27 after 9170.6 sec [total]
done with H-- for K = 215.27-256.00 Q = 181.02-215.27 after 9171.6 sec [total]
done with UU for K = 256.00-304.44 Q = 181.02-215.27 after 9172.7 sec [total]
done with BB for K = 256.00-304.44 Q = 181.02-215.27 after 9173.8 sec [total]
done with UBTa for K = 256.00-304.44 Q = 181.02-215.27 after 9174.0 sec [total]
done with UBTb for K = 256.00-304.44 Q = 181.02-215.27 after 9174.1 sec [total]
done with UBTbA for K = 256.00-304.44 Q = 181.02-215.27 after 9174.3 sec [total]
done with UBTbC for K = 256.00-304.44 Q = 181.02-215.27 after 9174.7 sec [total]
done with H for K = 256.00-304.44 Q = 181.02-215.27 after 9175.8 sec [total]
done with H++ for K = 256.00-304.44 Q = 181.02-215.27 after 9179.0 sec [total]
done with H+- for K = 256.00-304.44 Q = 181.02-215.27 after 9180.0 sec [total]
done with H-+ for K = 256.00-304.44 Q = 181.02-215.27 after 9181.1 sec [total]
done with H-- for K = 256.00-304.44 Q = 181.02-215.27 after 9182.2 sec [total]
done with UU for K = 304.44-362.04 Q = 181.02-215.27 after 9183.3 sec [total]
done with BB for K = 304.44-362.04 Q = 181.02-215.27 after 9184.4 sec [total]
done with UBTa for K = 304.44-362.04 Q = 181.02-215.27 after 9184.6 sec [total]
done with UBTb for K = 304.44-362.04 Q = 181.02-215.27 after 9184.8 sec [total]
done with UBTbA for K = 304.44-362.04 Q = 181.02-215.27 after 9185.0 sec [total]
done with UBTbC for K = 304.44-362.04 Q = 181.02-215.27 after 9185.3 sec [total]
done with H for K = 304.44-362.04 Q = 181.02-215.27 after 9186.4 sec [total]
done with H++ for K = 304.44-362.04 Q = 181.02-215.27 after 9189.7 sec [total]
done with H+- for K = 304.44-362.04 Q = 181.02-215.27 after 9190.7 sec [total]
done with H-+ for K = 304.44-362.04 Q = 181.02-215.27 after 9191.8 sec [total]
done with H-- for K = 304.44-362.04 Q = 181.02-215.27 after 9192.9 sec [total]
done with UU for K = 362.04-430.54 Q = 181.02-215.27 after 9194.0 sec [total]
done with BB for K = 362.04-430.54 Q = 181.02-215.27 after 9195.1 sec [total]
done with UBTa for K = 362.04-430.54 Q = 181.02-215.27 after 9195.3 sec [total]
done with UBTb for K = 362.04-430.54 Q = 181.02-215.27 after 9195.4 sec [total]
done with UBTbA for K = 362.04-430.54 Q = 181.02-215.27 after 9195.6 sec [total]
done with UBTbC for K = 362.04-430.54 Q = 181.02-215.27 after 9196.0 sec [total]
done with H for K = 362.04-430.54 Q = 181.02-215.27 after 9197.1 sec [total]
done with H++ for K = 362.04-430.54 Q = 181.02-215.27 after 9200.2 sec [total]
done with H+- for K = 362.04-430.54 Q = 181.02-215.27 after 9201.4 sec [total]
done with H-+ for K = 362.04-430.54 Q = 181.02-215.27 after 9202.5 sec [total]
done with H-- for K = 362.04-430.54 Q = 181.02-215.27 after 9203.5 sec [total]
done with UU for K = 430.54-512.00 Q = 181.02-215.27 after 9204.7 sec [total]
done with BB for K = 430.54-512.00 Q = 181.02-215.27 after 9205.7 sec [total]
done with UBTa for K = 430.54-512.00 Q = 181.02-215.27 after 9205.9 sec [total]
done with UBTb for K = 430.54-512.00 Q = 181.02-215.27 after 9206.1 sec [total]
done with UBTbA for K = 430.54-512.00 Q = 181.02-215.27 after 9206.3 sec [total]
done with UBTbC for K = 430.54-512.00 Q = 181.02-215.27 after 9206.6 sec [total]
done with H for K = 430.54-512.00 Q = 181.02-215.27 after 9207.7 sec [total]
done with H++ for K = 430.54-512.00 Q = 181.02-215.27 after 9211.0 sec [total]
done with H+- for K = 430.54-512.00 Q = 181.02-215.27 after 9212.0 sec [total]
done with H-+ for K = 430.54-512.00 Q = 181.02-215.27 after 9213.1 sec [total]
done with H-- for K = 430.54-512.00 Q = 181.02-215.27 after 9214.2 sec [total]
done with UU for K = 512.00-608.87 Q = 181.02-215.27 after 9215.3 sec [total]
done with BB for K = 512.00-608.87 Q = 181.02-215.27 after 9216.3 sec [total]
done with UBTa for K = 512.00-608.87 Q = 181.02-215.27 after 9216.5 sec [total]
done with UBTb for K = 512.00-608.87 Q = 181.02-215.27 after 9216.7 sec [total]
done with UBTbA for K = 512.00-608.87 Q = 181.02-215.27 after 9216.9 sec [total]
done with UBTbC for K = 512.00-608.87 Q = 181.02-215.27 after 9217.3 sec [total]
done with H for K = 512.00-608.87 Q = 181.02-215.27 after 9218.4 sec [total]
done with H++ for K = 512.00-608.87 Q = 181.02-215.27 after 9221.5 sec [total]
done with H+- for K = 512.00-608.87 Q = 181.02-215.27 after 9222.6 sec [total]
done with H-+ for K = 512.00-608.87 Q = 181.02-215.27 after 9223.7 sec [total]
done with H-- for K = 512.00-608.87 Q = 181.02-215.27 after 9224.8 sec [total]
done with UU for K = 608.87-724.08 Q = 181.02-215.27 after 9225.9 sec [total]
done with BB for K = 608.87-724.08 Q = 181.02-215.27 after 9226.9 sec [total]
done with UBTa for K = 608.87-724.08 Q = 181.02-215.27 after 9227.1 sec [total]
done with UBTb for K = 608.87-724.08 Q = 181.02-215.27 after 9227.3 sec [total]
done with UBTbA for K = 608.87-724.08 Q = 181.02-215.27 after 9227.5 sec [total]
done with UBTbC for K = 608.87-724.08 Q = 181.02-215.27 after 9227.9 sec [total]
done with H for K = 608.87-724.08 Q = 181.02-215.27 after 9228.9 sec [total]
done with H++ for K = 608.87-724.08 Q = 181.02-215.27 after 9232.1 sec [total]
done with H+- for K = 608.87-724.08 Q = 181.02-215.27 after 9233.2 sec [total]
done with H-+ for K = 608.87-724.08 Q = 181.02-215.27 after 9234.4 sec [total]
done with H-- for K = 608.87-724.08 Q = 181.02-215.27 after 9235.4 sec [total]
done with UU for K = 724.08-861.08 Q = 181.02-215.27 after 9236.5 sec [total]
done with BB for K = 724.08-861.08 Q = 181.02-215.27 after 9237.5 sec [total]
done with UBTa for K = 724.08-861.08 Q = 181.02-215.27 after 9237.7 sec [total]
done with UBTb for K = 724.08-861.08 Q = 181.02-215.27 after 9237.9 sec [total]
done with UBTbA for K = 724.08-861.08 Q = 181.02-215.27 after 9238.1 sec [total]
done with UBTbC for K = 724.08-861.08 Q = 181.02-215.27 after 9238.5 sec [total]
done with H for K = 724.08-861.08 Q = 181.02-215.27 after 9239.5 sec [total]
done with H++ for K = 724.08-861.08 Q = 181.02-215.27 after 9242.7 sec [total]
done with H+- for K = 724.08-861.08 Q = 181.02-215.27 after 9243.9 sec [total]
done with H-+ for K = 724.08-861.08 Q = 181.02-215.27 after 9245.0 sec [total]
done with H-- for K = 724.08-861.08 Q = 181.02-215.27 after 9246.0 sec [total]
done with UU for K = 861.08-1024.00 Q = 181.02-215.27 after 9247.1 sec [total]
done with BB for K = 861.08-1024.00 Q = 181.02-215.27 after 9248.1 sec [total]
done with UBTa for K = 861.08-1024.00 Q = 181.02-215.27 after 9248.3 sec [total]
done with UBTb for K = 861.08-1024.00 Q = 181.02-215.27 after 9248.5 sec [total]
done with UBTbA for K = 861.08-1024.00 Q = 181.02-215.27 after 9248.7 sec [total]
done with UBTbC for K = 861.08-1024.00 Q = 181.02-215.27 after 9249.0 sec [total]
done with H for K = 861.08-1024.00 Q = 181.02-215.27 after 9250.1 sec [total]
done with H++ for K = 861.08-1024.00 Q = 181.02-215.27 after 9253.3 sec [total]
done with H+- for K = 861.08-1024.00 Q = 181.02-215.27 after 9254.4 sec [total]
done with H-+ for K = 861.08-1024.00 Q = 181.02-215.27 after 9255.5 sec [total]
done with H-- for K = 861.08-1024.00 Q = 181.02-215.27 after 9256.5 sec [total]
done with UU for K = 0.00-3.36 Q = 215.27-256.00 after 9259.7 sec [total]
done with BB for K = 0.00-3.36 Q = 215.27-256.00 after 9262.9 sec [total]
done with UBTa for K = 0.00-3.36 Q = 215.27-256.00 after 9264.5 sec [total]
done with UBTb for K = 0.00-3.36 Q = 215.27-256.00 after 9266.3 sec [total]
done with UBTbA for K = 0.00-3.36 Q = 215.27-256.00 after 9268.1 sec [total]
done with UBTbC for K = 0.00-3.36 Q = 215.27-256.00 after 9268.4 sec [total]
done with H for K = 0.00-3.36 Q = 215.27-256.00 after 9269.6 sec [total]
done with H++ for K = 0.00-3.36 Q = 215.27-256.00 after 9272.8 sec [total]
done with H+- for K = 0.00-3.36 Q = 215.27-256.00 after 9273.9 sec [total]
done with H-+ for K = 0.00-3.36 Q = 215.27-256.00 after 9275.0 sec [total]
done with H-- for K = 0.00-3.36 Q = 215.27-256.00 after 9276.1 sec [total]
done with UU for K = 3.36-4.00 Q = 215.27-256.00 after 9277.2 sec [total]
done with BB for K = 3.36-4.00 Q = 215.27-256.00 after 9278.2 sec [total]
done with UBTa for K = 3.36-4.00 Q = 215.27-256.00 after 9278.4 sec [total]
done with UBTb for K = 3.36-4.00 Q = 215.27-256.00 after 9278.6 sec [total]
done with UBTbA for K = 3.36-4.00 Q = 215.27-256.00 after 9278.8 sec [total]
done with UBTbC for K = 3.36-4.00 Q = 215.27-256.00 after 9279.1 sec [total]
done with H for K = 3.36-4.00 Q = 215.27-256.00 after 9280.2 sec [total]
done with H++ for K = 3.36-4.00 Q = 215.27-256.00 after 9283.4 sec [total]
done with H+- for K = 3.36-4.00 Q = 215.27-256.00 after 9284.5 sec [total]
done with H-+ for K = 3.36-4.00 Q = 215.27-256.00 after 9285.6 sec [total]
done with H-- for K = 3.36-4.00 Q = 215.27-256.00 after 9286.6 sec [total]
done with UU for K = 4.00-4.76 Q = 215.27-256.00 after 9287.8 sec [total]
done with BB for K = 4.00-4.76 Q = 215.27-256.00 after 9288.8 sec [total]
done with UBTa for K = 4.00-4.76 Q = 215.27-256.00 after 9289.0 sec [total]
done with UBTb for K = 4.00-4.76 Q = 215.27-256.00 after 9289.2 sec [total]
done with UBTbA for K = 4.00-4.76 Q = 215.27-256.00 after 9289.4 sec [total]
done with UBTbC for K = 4.00-4.76 Q = 215.27-256.00 after 9289.8 sec [total]
done with H for K = 4.00-4.76 Q = 215.27-256.00 after 9290.8 sec [total]
done with H++ for K = 4.00-4.76 Q = 215.27-256.00 after 9294.1 sec [total]
done with H+- for K = 4.00-4.76 Q = 215.27-256.00 after 9295.1 sec [total]
done with H-+ for K = 4.00-4.76 Q = 215.27-256.00 after 9296.2 sec [total]
done with H-- for K = 4.00-4.76 Q = 215.27-256.00 after 9297.3 sec [total]
done with UU for K = 4.76-5.66 Q = 215.27-256.00 after 9298.4 sec [total]
done with BB for K = 4.76-5.66 Q = 215.27-256.00 after 9299.5 sec [total]
done with UBTa for K = 4.76-5.66 Q = 215.27-256.00 after 9299.6 sec [total]
done with UBTb for K = 4.76-5.66 Q = 215.27-256.00 after 9299.8 sec [total]
done with UBTbA for K = 4.76-5.66 Q = 215.27-256.00 after 9300.1 sec [total]
done with UBTbC for K = 4.76-5.66 Q = 215.27-256.00 after 9300.4 sec [total]
done with H for K = 4.76-5.66 Q = 215.27-256.00 after 9301.5 sec [total]
done with H++ for K = 4.76-5.66 Q = 215.27-256.00 after 9304.7 sec [total]
done with H+- for K = 4.76-5.66 Q = 215.27-256.00 after 9305.7 sec [total]
done with H-+ for K = 4.76-5.66 Q = 215.27-256.00 after 9306.8 sec [total]
done with H-- for K = 4.76-5.66 Q = 215.27-256.00 after 9307.9 sec [total]
done with UU for K = 5.66-6.73 Q = 215.27-256.00 after 9309.0 sec [total]
done with BB for K = 5.66-6.73 Q = 215.27-256.00 after 9310.1 sec [total]
done with UBTa for K = 5.66-6.73 Q = 215.27-256.00 after 9310.2 sec [total]
done with UBTb for K = 5.66-6.73 Q = 215.27-256.00 after 9310.4 sec [total]
done with UBTbA for K = 5.66-6.73 Q = 215.27-256.00 after 9310.6 sec [total]
done with UBTbC for K = 5.66-6.73 Q = 215.27-256.00 after 9311.0 sec [total]
done with H for K = 5.66-6.73 Q = 215.27-256.00 after 9312.1 sec [total]
done with H++ for K = 5.66-6.73 Q = 215.27-256.00 after 9315.3 sec [total]
done with H+- for K = 5.66-6.73 Q = 215.27-256.00 after 9316.4 sec [total]
done with H-+ for K = 5.66-6.73 Q = 215.27-256.00 after 9317.4 sec [total]
done with H-- for K = 5.66-6.73 Q = 215.27-256.00 after 9318.5 sec [total]
done with UU for K = 6.73-8.00 Q = 215.27-256.00 after 9319.7 sec [total]
done with BB for K = 6.73-8.00 Q = 215.27-256.00 after 9320.7 sec [total]
done with UBTa for K = 6.73-8.00 Q = 215.27-256.00 after 9320.9 sec [total]
done with UBTb for K = 6.73-8.00 Q = 215.27-256.00 after 9321.1 sec [total]
done with UBTbA for K = 6.73-8.00 Q = 215.27-256.00 after 9321.3 sec [total]
done with UBTbC for K = 6.73-8.00 Q = 215.27-256.00 after 9321.7 sec [total]
done with H for K = 6.73-8.00 Q = 215.27-256.00 after 9322.7 sec [total]
done with H++ for K = 6.73-8.00 Q = 215.27-256.00 after 9326.0 sec [total]
done with H+- for K = 6.73-8.00 Q = 215.27-256.00 after 9327.0 sec [total]
done with H-+ for K = 6.73-8.00 Q = 215.27-256.00 after 9328.1 sec [total]
done with H-- for K = 6.73-8.00 Q = 215.27-256.00 after 9329.1 sec [total]
done with UU for K = 8.00-9.51 Q = 215.27-256.00 after 9330.3 sec [total]
done with BB for K = 8.00-9.51 Q = 215.27-256.00 after 9331.4 sec [total]
done with UBTa for K = 8.00-9.51 Q = 215.27-256.00 after 9331.6 sec [total]
done with UBTb for K = 8.00-9.51 Q = 215.27-256.00 after 9331.8 sec [total]
done with UBTbA for K = 8.00-9.51 Q = 215.27-256.00 after 9332.0 sec [total]
done with UBTbC for K = 8.00-9.51 Q = 215.27-256.00 after 9332.3 sec [total]
done with H for K = 8.00-9.51 Q = 215.27-256.00 after 9333.4 sec [total]
done with H++ for K = 8.00-9.51 Q = 215.27-256.00 after 9336.6 sec [total]
done with H+- for K = 8.00-9.51 Q = 215.27-256.00 after 9337.7 sec [total]
done with H-+ for K = 8.00-9.51 Q = 215.27-256.00 after 9338.8 sec [total]
done with H-- for K = 8.00-9.51 Q = 215.27-256.00 after 9339.8 sec [total]
done with UU for K = 9.51-11.31 Q = 215.27-256.00 after 9341.0 sec [total]
done with BB for K = 9.51-11.31 Q = 215.27-256.00 after 9342.0 sec [total]
done with UBTa for K = 9.51-11.31 Q = 215.27-256.00 after 9342.2 sec [total]
done with UBTb for K = 9.51-11.31 Q = 215.27-256.00 after 9342.4 sec [total]
done with UBTbA for K = 9.51-11.31 Q = 215.27-256.00 after 9342.6 sec [total]
done with UBTbC for K = 9.51-11.31 Q = 215.27-256.00 after 9342.9 sec [total]
done with H for K = 9.51-11.31 Q = 215.27-256.00 after 9344.0 sec [total]
done with H++ for K = 9.51-11.31 Q = 215.27-256.00 after 9347.3 sec [total]
done with H+- for K = 9.51-11.31 Q = 215.27-256.00 after 9348.3 sec [total]
done with H-+ for K = 9.51-11.31 Q = 215.27-256.00 after 9349.4 sec [total]
done with H-- for K = 9.51-11.31 Q = 215.27-256.00 after 9350.4 sec [total]
done with UU for K = 11.31-13.45 Q = 215.27-256.00 after 9351.6 sec [total]
done with BB for K = 11.31-13.45 Q = 215.27-256.00 after 9352.6 sec [total]
done with UBTa for K = 11.31-13.45 Q = 215.27-256.00 after 9352.8 sec [total]
done with UBTb for K = 11.31-13.45 Q = 215.27-256.00 after 9353.0 sec [total]
done with UBTbA for K = 11.31-13.45 Q = 215.27-256.00 after 9353.2 sec [total]
done with UBTbC for K = 11.31-13.45 Q = 215.27-256.00 after 9353.6 sec [total]
done with H for K = 11.31-13.45 Q = 215.27-256.00 after 9354.6 sec [total]
done with H++ for K = 11.31-13.45 Q = 215.27-256.00 after 9358.0 sec [total]
done with H+- for K = 11.31-13.45 Q = 215.27-256.00 after 9359.0 sec [total]
done with H-+ for K = 11.31-13.45 Q = 215.27-256.00 after 9360.1 sec [total]
done with H-- for K = 11.31-13.45 Q = 215.27-256.00 after 9361.1 sec [total]
done with UU for K = 13.45-16.00 Q = 215.27-256.00 after 9362.2 sec [total]
done with BB for K = 13.45-16.00 Q = 215.27-256.00 after 9363.3 sec [total]
done with UBTa for K = 13.45-16.00 Q = 215.27-256.00 after 9363.4 sec [total]
done with UBTb for K = 13.45-16.00 Q = 215.27-256.00 after 9363.6 sec [total]
done with UBTbA for K = 13.45-16.00 Q = 215.27-256.00 after 9363.9 sec [total]
done with UBTbC for K = 13.45-16.00 Q = 215.27-256.00 after 9364.2 sec [total]
done with H for K = 13.45-16.00 Q = 215.27-256.00 after 9365.3 sec [total]
done with H++ for K = 13.45-16.00 Q = 215.27-256.00 after 9368.4 sec [total]
done with H+- for K = 13.45-16.00 Q = 215.27-256.00 after 9369.6 sec [total]
done with H-+ for K = 13.45-16.00 Q = 215.27-256.00 after 9370.7 sec [total]
done with H-- for K = 13.45-16.00 Q = 215.27-256.00 after 9371.7 sec [total]
done with UU for K = 16.00-19.03 Q = 215.27-256.00 after 9372.8 sec [total]
done with BB for K = 16.00-19.03 Q = 215.27-256.00 after 9373.8 sec [total]
done with UBTa for K = 16.00-19.03 Q = 215.27-256.00 after 9374.0 sec [total]
done with UBTb for K = 16.00-19.03 Q = 215.27-256.00 after 9374.2 sec [total]
done with UBTbA for K = 16.00-19.03 Q = 215.27-256.00 after 9374.4 sec [total]
done with UBTbC for K = 16.00-19.03 Q = 215.27-256.00 after 9374.8 sec [total]
done with H for K = 16.00-19.03 Q = 215.27-256.00 after 9375.9 sec [total]
done with H++ for K = 16.00-19.03 Q = 215.27-256.00 after 9379.1 sec [total]
done with H+- for K = 16.00-19.03 Q = 215.27-256.00 after 9380.1 sec [total]
done with H-+ for K = 16.00-19.03 Q = 215.27-256.00 after 9381.3 sec [total]
done with H-- for K = 16.00-19.03 Q = 215.27-256.00 after 9382.3 sec [total]
done with UU for K = 19.03-22.63 Q = 215.27-256.00 after 9383.4 sec [total]
done with BB for K = 19.03-22.63 Q = 215.27-256.00 after 9384.4 sec [total]
done with UBTa for K = 19.03-22.63 Q = 215.27-256.00 after 9384.6 sec [total]
done with UBTb for K = 19.03-22.63 Q = 215.27-256.00 after 9384.8 sec [total]
done with UBTbA for K = 19.03-22.63 Q = 215.27-256.00 after 9385.0 sec [total]
done with UBTbC for K = 19.03-22.63 Q = 215.27-256.00 after 9385.4 sec [total]
done with H for K = 19.03-22.63 Q = 215.27-256.00 after 9386.5 sec [total]
done with H++ for K = 19.03-22.63 Q = 215.27-256.00 after 9389.6 sec [total]
done with H+- for K = 19.03-22.63 Q = 215.27-256.00 after 9390.8 sec [total]
done with H-+ for K = 19.03-22.63 Q = 215.27-256.00 after 9392.0 sec [total]
done with H-- for K = 19.03-22.63 Q = 215.27-256.00 after 9392.9 sec [total]
done with UU for K = 22.63-26.91 Q = 215.27-256.00 after 9394.0 sec [total]
done with BB for K = 22.63-26.91 Q = 215.27-256.00 after 9395.0 sec [total]
done with UBTa for K = 22.63-26.91 Q = 215.27-256.00 after 9395.2 sec [total]
done with UBTb for K = 22.63-26.91 Q = 215.27-256.00 after 9395.4 sec [total]
done with UBTbA for K = 22.63-26.91 Q = 215.27-256.00 after 9395.6 sec [total]
done with UBTbC for K = 22.63-26.91 Q = 215.27-256.00 after 9396.0 sec [total]
done with H for K = 22.63-26.91 Q = 215.27-256.00 after 9397.0 sec [total]
done with H++ for K = 22.63-26.91 Q = 215.27-256.00 after 9400.3 sec [total]
done with H+- for K = 22.63-26.91 Q = 215.27-256.00 after 9401.3 sec [total]
done with H-+ for K = 22.63-26.91 Q = 215.27-256.00 after 9402.4 sec [total]
done with H-- for K = 22.63-26.91 Q = 215.27-256.00 after 9403.4 sec [total]
done with UU for K = 26.91-32.00 Q = 215.27-256.00 after 9404.6 sec [total]
done with BB for K = 26.91-32.00 Q = 215.27-256.00 after 9405.6 sec [total]
done with UBTa for K = 26.91-32.00 Q = 215.27-256.00 after 9405.8 sec [total]
done with UBTb for K = 26.91-32.00 Q = 215.27-256.00 after 9406.0 sec [total]
done with UBTbA for K = 26.91-32.00 Q = 215.27-256.00 after 9406.3 sec [total]
done with UBTbC for K = 26.91-32.00 Q = 215.27-256.00 after 9406.6 sec [total]
done with H for K = 26.91-32.00 Q = 215.27-256.00 after 9407.6 sec [total]
done with H++ for K = 26.91-32.00 Q = 215.27-256.00 after 9410.9 sec [total]
done with H+- for K = 26.91-32.00 Q = 215.27-256.00 after 9412.0 sec [total]
done with H-+ for K = 26.91-32.00 Q = 215.27-256.00 after 9413.1 sec [total]
done with H-- for K = 26.91-32.00 Q = 215.27-256.00 after 9414.1 sec [total]
done with UU for K = 32.00-38.05 Q = 215.27-256.00 after 9415.2 sec [total]
done with BB for K = 32.00-38.05 Q = 215.27-256.00 after 9416.2 sec [total]
done with UBTa for K = 32.00-38.05 Q = 215.27-256.00 after 9416.5 sec [total]
done with UBTb for K = 32.00-38.05 Q = 215.27-256.00 after 9416.6 sec [total]
done with UBTbA for K = 32.00-38.05 Q = 215.27-256.00 after 9416.8 sec [total]
done with UBTbC for K = 32.00-38.05 Q = 215.27-256.00 after 9417.2 sec [total]
done with H for K = 32.00-38.05 Q = 215.27-256.00 after 9418.2 sec [total]
done with H++ for K = 32.00-38.05 Q = 215.27-256.00 after 9421.5 sec [total]
done with H+- for K = 32.00-38.05 Q = 215.27-256.00 after 9422.5 sec [total]
done with H-+ for K = 32.00-38.05 Q = 215.27-256.00 after 9423.6 sec [total]
done with H-- for K = 32.00-38.05 Q = 215.27-256.00 after 9424.7 sec [total]
done with UU for K = 38.05-45.25 Q = 215.27-256.00 after 9425.8 sec [total]
done with BB for K = 38.05-45.25 Q = 215.27-256.00 after 9426.9 sec [total]
done with UBTa for K = 38.05-45.25 Q = 215.27-256.00 after 9427.0 sec [total]
done with UBTb for K = 38.05-45.25 Q = 215.27-256.00 after 9427.2 sec [total]
done with UBTbA for K = 38.05-45.25 Q = 215.27-256.00 after 9427.4 sec [total]
done with UBTbC for K = 38.05-45.25 Q = 215.27-256.00 after 9427.8 sec [total]
done with H for K = 38.05-45.25 Q = 215.27-256.00 after 9428.9 sec [total]
done with H++ for K = 38.05-45.25 Q = 215.27-256.00 after 9432.0 sec [total]
done with H+- for K = 38.05-45.25 Q = 215.27-256.00 after 9433.1 sec [total]
done with H-+ for K = 38.05-45.25 Q = 215.27-256.00 after 9434.2 sec [total]
done with H-- for K = 38.05-45.25 Q = 215.27-256.00 after 9435.3 sec [total]
done with UU for K = 45.25-53.82 Q = 215.27-256.00 after 9436.4 sec [total]
done with BB for K = 45.25-53.82 Q = 215.27-256.00 after 9437.5 sec [total]
done with UBTa for K = 45.25-53.82 Q = 215.27-256.00 after 9437.7 sec [total]
done with UBTb for K = 45.25-53.82 Q = 215.27-256.00 after 9437.9 sec [total]
done with UBTbA for K = 45.25-53.82 Q = 215.27-256.00 after 9438.1 sec [total]
done with UBTbC for K = 45.25-53.82 Q = 215.27-256.00 after 9438.4 sec [total]
done with H for K = 45.25-53.82 Q = 215.27-256.00 after 9439.5 sec [total]
done with H++ for K = 45.25-53.82 Q = 215.27-256.00 after 9442.7 sec [total]
done with H+- for K = 45.25-53.82 Q = 215.27-256.00 after 9443.8 sec [total]
done with H-+ for K = 45.25-53.82 Q = 215.27-256.00 after 9444.9 sec [total]
done with H-- for K = 45.25-53.82 Q = 215.27-256.00 after 9445.9 sec [total]
done with UU for K = 53.82-64.00 Q = 215.27-256.00 after 9447.0 sec [total]
done with BB for K = 53.82-64.00 Q = 215.27-256.00 after 9448.1 sec [total]
done with UBTa for K = 53.82-64.00 Q = 215.27-256.00 after 9448.3 sec [total]
done with UBTb for K = 53.82-64.00 Q = 215.27-256.00 after 9448.4 sec [total]
done with UBTbA for K = 53.82-64.00 Q = 215.27-256.00 after 9448.6 sec [total]
done with UBTbC for K = 53.82-64.00 Q = 215.27-256.00 after 9449.0 sec [total]
done with H for K = 53.82-64.00 Q = 215.27-256.00 after 9450.1 sec [total]
done with H++ for K = 53.82-64.00 Q = 215.27-256.00 after 9453.3 sec [total]
done with H+- for K = 53.82-64.00 Q = 215.27-256.00 after 9454.3 sec [total]
done with H-+ for K = 53.82-64.00 Q = 215.27-256.00 after 9455.4 sec [total]
done with H-- for K = 53.82-64.00 Q = 215.27-256.00 after 9456.5 sec [total]
done with UU for K = 64.00-76.11 Q = 215.27-256.00 after 9457.6 sec [total]
done with BB for K = 64.00-76.11 Q = 215.27-256.00 after 9458.7 sec [total]
done with UBTa for K = 64.00-76.11 Q = 215.27-256.00 after 9458.9 sec [total]
done with UBTb for K = 64.00-76.11 Q = 215.27-256.00 after 9459.1 sec [total]
done with UBTbA for K = 64.00-76.11 Q = 215.27-256.00 after 9459.3 sec [total]
done with UBTbC for K = 64.00-76.11 Q = 215.27-256.00 after 9459.7 sec [total]
done with H for K = 64.00-76.11 Q = 215.27-256.00 after 9460.7 sec [total]
done with H++ for K = 64.00-76.11 Q = 215.27-256.00 after 9464.0 sec [total]
done with H+- for K = 64.00-76.11 Q = 215.27-256.00 after 9465.0 sec [total]
done with H-+ for K = 64.00-76.11 Q = 215.27-256.00 after 9466.1 sec [total]
done with H-- for K = 64.00-76.11 Q = 215.27-256.00 after 9467.1 sec [total]
done with UU for K = 76.11-90.51 Q = 215.27-256.00 after 9468.3 sec [total]
done with BB for K = 76.11-90.51 Q = 215.27-256.00 after 9469.4 sec [total]
done with UBTa for K = 76.11-90.51 Q = 215.27-256.00 after 9469.6 sec [total]
done with UBTb for K = 76.11-90.51 Q = 215.27-256.00 after 9469.7 sec [total]
done with UBTbA for K = 76.11-90.51 Q = 215.27-256.00 after 9469.9 sec [total]
done with UBTbC for K = 76.11-90.51 Q = 215.27-256.00 after 9470.3 sec [total]
done with H for K = 76.11-90.51 Q = 215.27-256.00 after 9471.4 sec [total]
done with H++ for K = 76.11-90.51 Q = 215.27-256.00 after 9474.6 sec [total]
done with H+- for K = 76.11-90.51 Q = 215.27-256.00 after 9475.7 sec [total]
done with H-+ for K = 76.11-90.51 Q = 215.27-256.00 after 9476.8 sec [total]
done with H-- for K = 76.11-90.51 Q = 215.27-256.00 after 9477.8 sec [total]
done with UU for K = 90.51-107.63 Q = 215.27-256.00 after 9479.0 sec [total]
done with BB for K = 90.51-107.63 Q = 215.27-256.00 after 9480.0 sec [total]
done with UBTa for K = 90.51-107.63 Q = 215.27-256.00 after 9480.2 sec [total]
done with UBTb for K = 90.51-107.63 Q = 215.27-256.00 after 9480.4 sec [total]
done with UBTbA for K = 90.51-107.63 Q = 215.27-256.00 after 9480.6 sec [total]
done with UBTbC for K = 90.51-107.63 Q = 215.27-256.00 after 9481.0 sec [total]
done with H for K = 90.51-107.63 Q = 215.27-256.00 after 9482.0 sec [total]
done with H++ for K = 90.51-107.63 Q = 215.27-256.00 after 9485.2 sec [total]
done with H+- for K = 90.51-107.63 Q = 215.27-256.00 after 9486.4 sec [total]
done with H-+ for K = 90.51-107.63 Q = 215.27-256.00 after 9487.5 sec [total]
done with H-- for K = 90.51-107.63 Q = 215.27-256.00 after 9488.5 sec [total]
done with UU for K = 107.63-128.00 Q = 215.27-256.00 after 9489.5 sec [total]
done with BB for K = 107.63-128.00 Q = 215.27-256.00 after 9490.6 sec [total]
done with UBTa for K = 107.63-128.00 Q = 215.27-256.00 after 9490.8 sec [total]
done with UBTb for K = 107.63-128.00 Q = 215.27-256.00 after 9491.0 sec [total]
done with UBTbA for K = 107.63-128.00 Q = 215.27-256.00 after 9491.2 sec [total]
done with UBTbC for K = 107.63-128.00 Q = 215.27-256.00 after 9491.5 sec [total]
done with H for K = 107.63-128.00 Q = 215.27-256.00 after 9492.6 sec [total]
done with H++ for K = 107.63-128.00 Q = 215.27-256.00 after 9495.9 sec [total]
done with H+- for K = 107.63-128.00 Q = 215.27-256.00 after 9496.9 sec [total]
done with H-+ for K = 107.63-128.00 Q = 215.27-256.00 after 9498.0 sec [total]
done with H-- for K = 107.63-128.00 Q = 215.27-256.00 after 9499.0 sec [total]
done with UU for K = 128.00-152.22 Q = 215.27-256.00 after 9500.1 sec [total]
done with BB for K = 128.00-152.22 Q = 215.27-256.00 after 9501.2 sec [total]
done with UBTa for K = 128.00-152.22 Q = 215.27-256.00 after 9501.4 sec [total]
done with UBTb for K = 128.00-152.22 Q = 215.27-256.00 after 9501.6 sec [total]
done with UBTbA for K = 128.00-152.22 Q = 215.27-256.00 after 9501.8 sec [total]
done with UBTbC for K = 128.00-152.22 Q = 215.27-256.00 after 9502.2 sec [total]
done with H for K = 128.00-152.22 Q = 215.27-256.00 after 9503.3 sec [total]
done with H++ for K = 128.00-152.22 Q = 215.27-256.00 after 9506.4 sec [total]
done with H+- for K = 128.00-152.22 Q = 215.27-256.00 after 9507.5 sec [total]
done with H-+ for K = 128.00-152.22 Q = 215.27-256.00 after 9508.6 sec [total]
done with H-- for K = 128.00-152.22 Q = 215.27-256.00 after 9509.7 sec [total]
done with UU for K = 152.22-181.02 Q = 215.27-256.00 after 9510.8 sec [total]
done with BB for K = 152.22-181.02 Q = 215.27-256.00 after 9511.9 sec [total]
done with UBTa for K = 152.22-181.02 Q = 215.27-256.00 after 9512.1 sec [total]
done with UBTb for K = 152.22-181.02 Q = 215.27-256.00 after 9512.3 sec [total]
done with UBTbA for K = 152.22-181.02 Q = 215.27-256.00 after 9512.5 sec [total]
done with UBTbC for K = 152.22-181.02 Q = 215.27-256.00 after 9512.8 sec [total]
done with H for K = 152.22-181.02 Q = 215.27-256.00 after 9513.9 sec [total]
done with H++ for K = 152.22-181.02 Q = 215.27-256.00 after 9517.1 sec [total]
done with H+- for K = 152.22-181.02 Q = 215.27-256.00 after 9518.1 sec [total]
done with H-+ for K = 152.22-181.02 Q = 215.27-256.00 after 9519.2 sec [total]
done with H-- for K = 152.22-181.02 Q = 215.27-256.00 after 9520.3 sec [total]
done with UU for K = 181.02-215.27 Q = 215.27-256.00 after 9521.4 sec [total]
done with BB for K = 181.02-215.27 Q = 215.27-256.00 after 9522.5 sec [total]
done with UBTa for K = 181.02-215.27 Q = 215.27-256.00 after 9522.7 sec [total]
done with UBTb for K = 181.02-215.27 Q = 215.27-256.00 after 9522.9 sec [total]
done with UBTbA for K = 181.02-215.27 Q = 215.27-256.00 after 9523.1 sec [total]
done with UBTbC for K = 181.02-215.27 Q = 215.27-256.00 after 9523.5 sec [total]
done with H for K = 181.02-215.27 Q = 215.27-256.00 after 9524.5 sec [total]
done with H++ for K = 181.02-215.27 Q = 215.27-256.00 after 9527.7 sec [total]
done with H+- for K = 181.02-215.27 Q = 215.27-256.00 after 9528.8 sec [total]
done with H-+ for K = 181.02-215.27 Q = 215.27-256.00 after 9529.9 sec [total]
done with H-- for K = 181.02-215.27 Q = 215.27-256.00 after 9530.9 sec [total]
done with UU for K = 215.27-256.00 Q = 215.27-256.00 after 9532.0 sec [total]
done with BB for K = 215.27-256.00 Q = 215.27-256.00 after 9533.1 sec [total]
done with UBTa for K = 215.27-256.00 Q = 215.27-256.00 after 9533.3 sec [total]
done with UBTb for K = 215.27-256.00 Q = 215.27-256.00 after 9533.5 sec [total]
done with UBTbA for K = 215.27-256.00 Q = 215.27-256.00 after 9533.7 sec [total]
done with UBTbC for K = 215.27-256.00 Q = 215.27-256.00 after 9534.0 sec [total]
done with H for K = 215.27-256.00 Q = 215.27-256.00 after 9535.1 sec [total]
done with H++ for K = 215.27-256.00 Q = 215.27-256.00 after 9538.3 sec [total]
done with H+- for K = 215.27-256.00 Q = 215.27-256.00 after 9539.4 sec [total]
done with H-+ for K = 215.27-256.00 Q = 215.27-256.00 after 9540.5 sec [total]
done with H-- for K = 215.27-256.00 Q = 215.27-256.00 after 9541.5 sec [total]
done with UU for K = 256.00-304.44 Q = 215.27-256.00 after 9542.6 sec [total]
done with BB for K = 256.00-304.44 Q = 215.27-256.00 after 9543.8 sec [total]
done with UBTa for K = 256.00-304.44 Q = 215.27-256.00 after 9543.9 sec [total]
done with UBTb for K = 256.00-304.44 Q = 215.27-256.00 after 9544.1 sec [total]
done with UBTbA for K = 256.00-304.44 Q = 215.27-256.00 after 9544.3 sec [total]
done with UBTbC for K = 256.00-304.44 Q = 215.27-256.00 after 9544.7 sec [total]
done with H for K = 256.00-304.44 Q = 215.27-256.00 after 9545.7 sec [total]
done with H++ for K = 256.00-304.44 Q = 215.27-256.00 after 9549.0 sec [total]
done with H+- for K = 256.00-304.44 Q = 215.27-256.00 after 9550.0 sec [total]
done with H-+ for K = 256.00-304.44 Q = 215.27-256.00 after 9551.1 sec [total]
done with H-- for K = 256.00-304.44 Q = 215.27-256.00 after 9552.1 sec [total]
done with UU for K = 304.44-362.04 Q = 215.27-256.00 after 9553.3 sec [total]
done with BB for K = 304.44-362.04 Q = 215.27-256.00 after 9554.3 sec [total]
done with UBTa for K = 304.44-362.04 Q = 215.27-256.00 after 9554.5 sec [total]
done with UBTb for K = 304.44-362.04 Q = 215.27-256.00 after 9554.7 sec [total]
done with UBTbA for K = 304.44-362.04 Q = 215.27-256.00 after 9554.9 sec [total]
done with UBTbC for K = 304.44-362.04 Q = 215.27-256.00 after 9555.3 sec [total]
done with H for K = 304.44-362.04 Q = 215.27-256.00 after 9556.3 sec [total]
done with H++ for K = 304.44-362.04 Q = 215.27-256.00 after 9559.6 sec [total]
done with H+- for K = 304.44-362.04 Q = 215.27-256.00 after 9560.6 sec [total]
done with H-+ for K = 304.44-362.04 Q = 215.27-256.00 after 9561.7 sec [total]
done with H-- for K = 304.44-362.04 Q = 215.27-256.00 after 9562.8 sec [total]
done with UU for K = 362.04-430.54 Q = 215.27-256.00 after 9563.9 sec [total]
done with BB for K = 362.04-430.54 Q = 215.27-256.00 after 9565.0 sec [total]
done with UBTa for K = 362.04-430.54 Q = 215.27-256.00 after 9565.1 sec [total]
done with UBTb for K = 362.04-430.54 Q = 215.27-256.00 after 9565.3 sec [total]
done with UBTbA for K = 362.04-430.54 Q = 215.27-256.00 after 9565.5 sec [total]
done with UBTbC for K = 362.04-430.54 Q = 215.27-256.00 after 9565.9 sec [total]
done with H for K = 362.04-430.54 Q = 215.27-256.00 after 9567.0 sec [total]
done with H++ for K = 362.04-430.54 Q = 215.27-256.00 after 9570.3 sec [total]
done with H+- for K = 362.04-430.54 Q = 215.27-256.00 after 9571.3 sec [total]
done with H-+ for K = 362.04-430.54 Q = 215.27-256.00 after 9572.4 sec [total]
done with H-- for K = 362.04-430.54 Q = 215.27-256.00 after 9573.4 sec [total]
done with UU for K = 430.54-512.00 Q = 215.27-256.00 after 9574.5 sec [total]
done with BB for K = 430.54-512.00 Q = 215.27-256.00 after 9575.6 sec [total]
done with UBTa for K = 430.54-512.00 Q = 215.27-256.00 after 9575.8 sec [total]
done with UBTb for K = 430.54-512.00 Q = 215.27-256.00 after 9575.9 sec [total]
done with UBTbA for K = 430.54-512.00 Q = 215.27-256.00 after 9576.1 sec [total]
done with UBTbC for K = 430.54-512.00 Q = 215.27-256.00 after 9576.5 sec [total]
done with H for K = 430.54-512.00 Q = 215.27-256.00 after 9577.6 sec [total]
done with H++ for K = 430.54-512.00 Q = 215.27-256.00 after 9580.8 sec [total]
done with H+- for K = 430.54-512.00 Q = 215.27-256.00 after 9581.9 sec [total]
done with H-+ for K = 430.54-512.00 Q = 215.27-256.00 after 9583.0 sec [total]
done with H-- for K = 430.54-512.00 Q = 215.27-256.00 after 9584.1 sec [total]
done with UU for K = 512.00-608.87 Q = 215.27-256.00 after 9585.2 sec [total]
done with BB for K = 512.00-608.87 Q = 215.27-256.00 after 9586.2 sec [total]
done with UBTa for K = 512.00-608.87 Q = 215.27-256.00 after 9586.4 sec [total]
done with UBTb for K = 512.00-608.87 Q = 215.27-256.00 after 9586.6 sec [total]
done with UBTbA for K = 512.00-608.87 Q = 215.27-256.00 after 9586.8 sec [total]
done with UBTbC for K = 512.00-608.87 Q = 215.27-256.00 after 9587.1 sec [total]
done with H for K = 512.00-608.87 Q = 215.27-256.00 after 9588.2 sec [total]
done with H++ for K = 512.00-608.87 Q = 215.27-256.00 after 9591.5 sec [total]
done with H+- for K = 512.00-608.87 Q = 215.27-256.00 after 9592.5 sec [total]
done with H-+ for K = 512.00-608.87 Q = 215.27-256.00 after 9593.6 sec [total]
done with H-- for K = 512.00-608.87 Q = 215.27-256.00 after 9594.7 sec [total]
done with UU for K = 608.87-724.08 Q = 215.27-256.00 after 9595.8 sec [total]
done with BB for K = 608.87-724.08 Q = 215.27-256.00 after 9596.8 sec [total]
done with UBTa for K = 608.87-724.08 Q = 215.27-256.00 after 9597.0 sec [total]
done with UBTb for K = 608.87-724.08 Q = 215.27-256.00 after 9597.2 sec [total]
done with UBTbA for K = 608.87-724.08 Q = 215.27-256.00 after 9597.4 sec [total]
done with UBTbC for K = 608.87-724.08 Q = 215.27-256.00 after 9597.8 sec [total]
done with H for K = 608.87-724.08 Q = 215.27-256.00 after 9598.9 sec [total]
done with H++ for K = 608.87-724.08 Q = 215.27-256.00 after 9602.1 sec [total]
done with H+- for K = 608.87-724.08 Q = 215.27-256.00 after 9603.1 sec [total]
done with H-+ for K = 608.87-724.08 Q = 215.27-256.00 after 9604.2 sec [total]
done with H-- for K = 608.87-724.08 Q = 215.27-256.00 after 9605.3 sec [total]
done with UU for K = 724.08-861.08 Q = 215.27-256.00 after 9606.4 sec [total]
done with BB for K = 724.08-861.08 Q = 215.27-256.00 after 9607.5 sec [total]
done with UBTa for K = 724.08-861.08 Q = 215.27-256.00 after 9607.7 sec [total]
done with UBTb for K = 724.08-861.08 Q = 215.27-256.00 after 9607.9 sec [total]
done with UBTbA for K = 724.08-861.08 Q = 215.27-256.00 after 9608.1 sec [total]
done with UBTbC for K = 724.08-861.08 Q = 215.27-256.00 after 9608.4 sec [total]
done with H for K = 724.08-861.08 Q = 215.27-256.00 after 9609.5 sec [total]
done with H++ for K = 724.08-861.08 Q = 215.27-256.00 after 9612.7 sec [total]
done with H+- for K = 724.08-861.08 Q = 215.27-256.00 after 9613.8 sec [total]
done with H-+ for K = 724.08-861.08 Q = 215.27-256.00 after 9614.9 sec [total]
done with H-- for K = 724.08-861.08 Q = 215.27-256.00 after 9615.9 sec [total]
done with UU for K = 861.08-1024.00 Q = 215.27-256.00 after 9617.0 sec [total]
done with BB for K = 861.08-1024.00 Q = 215.27-256.00 after 9618.1 sec [total]
done with UBTa for K = 861.08-1024.00 Q = 215.27-256.00 after 9618.3 sec [total]
done with UBTb for K = 861.08-1024.00 Q = 215.27-256.00 after 9618.5 sec [total]
done with UBTbA for K = 861.08-1024.00 Q = 215.27-256.00 after 9618.7 sec [total]
done with UBTbC for K = 861.08-1024.00 Q = 215.27-256.00 after 9619.0 sec [total]
done with H for K = 861.08-1024.00 Q = 215.27-256.00 after 9620.1 sec [total]
done with H++ for K = 861.08-1024.00 Q = 215.27-256.00 after 9623.3 sec [total]
done with H+- for K = 861.08-1024.00 Q = 215.27-256.00 after 9624.4 sec [total]
done with H-+ for K = 861.08-1024.00 Q = 215.27-256.00 after 9625.5 sec [total]
done with H-- for K = 861.08-1024.00 Q = 215.27-256.00 after 9626.5 sec [total]
done with UU for K = 0.00-3.36 Q = 256.00-304.44 after 9629.8 sec [total]
done with BB for K = 0.00-3.36 Q = 256.00-304.44 after 9633.0 sec [total]
done with UBTa for K = 0.00-3.36 Q = 256.00-304.44 after 9634.8 sec [total]
done with UBTb for K = 0.00-3.36 Q = 256.00-304.44 after 9636.5 sec [total]
done with UBTbA for K = 0.00-3.36 Q = 256.00-304.44 after 9638.3 sec [total]
done with UBTbC for K = 0.00-3.36 Q = 256.00-304.44 after 9638.7 sec [total]
done with H for K = 0.00-3.36 Q = 256.00-304.44 after 9639.7 sec [total]
done with H++ for K = 0.00-3.36 Q = 256.00-304.44 after 9643.0 sec [total]
done with H+- for K = 0.00-3.36 Q = 256.00-304.44 after 9644.0 sec [total]
done with H-+ for K = 0.00-3.36 Q = 256.00-304.44 after 9645.2 sec [total]
done with H-- for K = 0.00-3.36 Q = 256.00-304.44 after 9646.2 sec [total]
done with UU for K = 3.36-4.00 Q = 256.00-304.44 after 9647.3 sec [total]
done with BB for K = 3.36-4.00 Q = 256.00-304.44 after 9648.4 sec [total]
done with UBTa for K = 3.36-4.00 Q = 256.00-304.44 after 9648.5 sec [total]
done with UBTb for K = 3.36-4.00 Q = 256.00-304.44 after 9648.7 sec [total]
done with UBTbA for K = 3.36-4.00 Q = 256.00-304.44 after 9648.9 sec [total]
done with UBTbC for K = 3.36-4.00 Q = 256.00-304.44 after 9649.3 sec [total]
done with H for K = 3.36-4.00 Q = 256.00-304.44 after 9650.4 sec [total]
done with H++ for K = 3.36-4.00 Q = 256.00-304.44 after 9653.6 sec [total]
done with H+- for K = 3.36-4.00 Q = 256.00-304.44 after 9654.6 sec [total]
done with H-+ for K = 3.36-4.00 Q = 256.00-304.44 after 9655.8 sec [total]
done with H-- for K = 3.36-4.00 Q = 256.00-304.44 after 9656.8 sec [total]
done with UU for K = 4.00-4.76 Q = 256.00-304.44 after 9657.9 sec [total]
done with BB for K = 4.00-4.76 Q = 256.00-304.44 after 9658.9 sec [total]
done with UBTa for K = 4.00-4.76 Q = 256.00-304.44 after 9659.1 sec [total]
done with UBTb for K = 4.00-4.76 Q = 256.00-304.44 after 9659.3 sec [total]
done with UBTbA for K = 4.00-4.76 Q = 256.00-304.44 after 9659.5 sec [total]
done with UBTbC for K = 4.00-4.76 Q = 256.00-304.44 after 9659.9 sec [total]
done with H for K = 4.00-4.76 Q = 256.00-304.44 after 9660.9 sec [total]
done with H++ for K = 4.00-4.76 Q = 256.00-304.44 after 9664.2 sec [total]
done with H+- for K = 4.00-4.76 Q = 256.00-304.44 after 9665.2 sec [total]
done with H-+ for K = 4.00-4.76 Q = 256.00-304.44 after 9666.3 sec [total]
done with H-- for K = 4.00-4.76 Q = 256.00-304.44 after 9667.4 sec [total]
done with UU for K = 4.76-5.66 Q = 256.00-304.44 after 9668.5 sec [total]
done with BB for K = 4.76-5.66 Q = 256.00-304.44 after 9669.5 sec [total]
done with UBTa for K = 4.76-5.66 Q = 256.00-304.44 after 9669.7 sec [total]
done with UBTb for K = 4.76-5.66 Q = 256.00-304.44 after 9669.9 sec [total]
done with UBTbA for K = 4.76-5.66 Q = 256.00-304.44 after 9670.1 sec [total]
done with UBTbC for K = 4.76-5.66 Q = 256.00-304.44 after 9670.5 sec [total]
done with H for K = 4.76-5.66 Q = 256.00-304.44 after 9671.5 sec [total]
done with H++ for K = 4.76-5.66 Q = 256.00-304.44 after 9674.8 sec [total]
done with H+- for K = 4.76-5.66 Q = 256.00-304.44 after 9675.8 sec [total]
done with H-+ for K = 4.76-5.66 Q = 256.00-304.44 after 9676.9 sec [total]
done with H-- for K = 4.76-5.66 Q = 256.00-304.44 after 9678.0 sec [total]
done with UU for K = 5.66-6.73 Q = 256.00-304.44 after 9679.1 sec [total]
done with BB for K = 5.66-6.73 Q = 256.00-304.44 after 9680.2 sec [total]
done with UBTa for K = 5.66-6.73 Q = 256.00-304.44 after 9680.3 sec [total]
done with UBTb for K = 5.66-6.73 Q = 256.00-304.44 after 9680.6 sec [total]
done with UBTbA for K = 5.66-6.73 Q = 256.00-304.44 after 9680.8 sec [total]
done with UBTbC for K = 5.66-6.73 Q = 256.00-304.44 after 9681.1 sec [total]
done with H for K = 5.66-6.73 Q = 256.00-304.44 after 9682.1 sec [total]
done with H++ for K = 5.66-6.73 Q = 256.00-304.44 after 9685.4 sec [total]
done with H+- for K = 5.66-6.73 Q = 256.00-304.44 after 9686.4 sec [total]
done with H-+ for K = 5.66-6.73 Q = 256.00-304.44 after 9687.5 sec [total]
done with H-- for K = 5.66-6.73 Q = 256.00-304.44 after 9688.6 sec [total]
done with UU for K = 6.73-8.00 Q = 256.00-304.44 after 9689.7 sec [total]
done with BB for K = 6.73-8.00 Q = 256.00-304.44 after 9690.8 sec [total]
done with UBTa for K = 6.73-8.00 Q = 256.00-304.44 after 9690.9 sec [total]
done with UBTb for K = 6.73-8.00 Q = 256.00-304.44 after 9691.1 sec [total]
done with UBTbA for K = 6.73-8.00 Q = 256.00-304.44 after 9691.4 sec [total]
done with UBTbC for K = 6.73-8.00 Q = 256.00-304.44 after 9691.7 sec [total]
done with H for K = 6.73-8.00 Q = 256.00-304.44 after 9692.8 sec [total]
done with H++ for K = 6.73-8.00 Q = 256.00-304.44 after 9696.0 sec [total]
done with H+- for K = 6.73-8.00 Q = 256.00-304.44 after 9697.0 sec [total]
done with H-+ for K = 6.73-8.00 Q = 256.00-304.44 after 9698.1 sec [total]
done with H-- for K = 6.73-8.00 Q = 256.00-304.44 after 9699.2 sec [total]
done with UU for K = 8.00-9.51 Q = 256.00-304.44 after 9700.4 sec [total]
done with BB for K = 8.00-9.51 Q = 256.00-304.44 after 9701.4 sec [total]
done with UBTa for K = 8.00-9.51 Q = 256.00-304.44 after 9701.6 sec [total]
done with UBTb for K = 8.00-9.51 Q = 256.00-304.44 after 9701.8 sec [total]
done with UBTbA for K = 8.00-9.51 Q = 256.00-304.44 after 9702.0 sec [total]
done with UBTbC for K = 8.00-9.51 Q = 256.00-304.44 after 9702.3 sec [total]
done with H for K = 8.00-9.51 Q = 256.00-304.44 after 9703.4 sec [total]
done with H++ for K = 8.00-9.51 Q = 256.00-304.44 after 9706.7 sec [total]
done with H+- for K = 8.00-9.51 Q = 256.00-304.44 after 9707.7 sec [total]
done with H-+ for K = 8.00-9.51 Q = 256.00-304.44 after 9708.9 sec [total]
done with H-- for K = 8.00-9.51 Q = 256.00-304.44 after 9709.9 sec [total]
done with UU for K = 9.51-11.31 Q = 256.00-304.44 after 9711.0 sec [total]
done with BB for K = 9.51-11.31 Q = 256.00-304.44 after 9712.1 sec [total]
done with UBTa for K = 9.51-11.31 Q = 256.00-304.44 after 9712.2 sec [total]
done with UBTb for K = 9.51-11.31 Q = 256.00-304.44 after 9712.4 sec [total]
done with UBTbA for K = 9.51-11.31 Q = 256.00-304.44 after 9712.7 sec [total]
done with UBTbC for K = 9.51-11.31 Q = 256.00-304.44 after 9713.1 sec [total]
done with H for K = 9.51-11.31 Q = 256.00-304.44 after 9714.1 sec [total]
done with H++ for K = 9.51-11.31 Q = 256.00-304.44 after 9717.3 sec [total]
done with H+- for K = 9.51-11.31 Q = 256.00-304.44 after 9718.4 sec [total]
done with H-+ for K = 9.51-11.31 Q = 256.00-304.44 after 9719.5 sec [total]
done with H-- for K = 9.51-11.31 Q = 256.00-304.44 after 9720.5 sec [total]
done with UU for K = 11.31-13.45 Q = 256.00-304.44 after 9721.5 sec [total]
done with BB for K = 11.31-13.45 Q = 256.00-304.44 after 9722.6 sec [total]
done with UBTa for K = 11.31-13.45 Q = 256.00-304.44 after 9722.8 sec [total]
done with UBTb for K = 11.31-13.45 Q = 256.00-304.44 after 9723.0 sec [total]
done with UBTbA for K = 11.31-13.45 Q = 256.00-304.44 after 9723.2 sec [total]
done with UBTbC for K = 11.31-13.45 Q = 256.00-304.44 after 9723.6 sec [total]
done with H for K = 11.31-13.45 Q = 256.00-304.44 after 9724.6 sec [total]
done with H++ for K = 11.31-13.45 Q = 256.00-304.44 after 9727.9 sec [total]
done with H+- for K = 11.31-13.45 Q = 256.00-304.44 after 9728.9 sec [total]
done with H-+ for K = 11.31-13.45 Q = 256.00-304.44 after 9730.0 sec [total]
done with H-- for K = 11.31-13.45 Q = 256.00-304.44 after 9731.1 sec [total]
done with UU for K = 13.45-16.00 Q = 256.00-304.44 after 9732.2 sec [total]
done with BB for K = 13.45-16.00 Q = 256.00-304.44 after 9733.3 sec [total]
done with UBTa for K = 13.45-16.00 Q = 256.00-304.44 after 9733.5 sec [total]
done with UBTb for K = 13.45-16.00 Q = 256.00-304.44 after 9733.7 sec [total]
done with UBTbA for K = 13.45-16.00 Q = 256.00-304.44 after 9733.9 sec [total]
done with UBTbC for K = 13.45-16.00 Q = 256.00-304.44 after 9734.2 sec [total]
done with H for K = 13.45-16.00 Q = 256.00-304.44 after 9735.3 sec [total]
done with H++ for K = 13.45-16.00 Q = 256.00-304.44 after 9738.6 sec [total]
done with H+- for K = 13.45-16.00 Q = 256.00-304.44 after 9739.6 sec [total]
done with H-+ for K = 13.45-16.00 Q = 256.00-304.44 after 9740.7 sec [total]
done with H-- for K = 13.45-16.00 Q = 256.00-304.44 after 9741.8 sec [total]
done with UU for K = 16.00-19.03 Q = 256.00-304.44 after 9742.9 sec [total]
done with BB for K = 16.00-19.03 Q = 256.00-304.44 after 9743.9 sec [total]
done with UBTa for K = 16.00-19.03 Q = 256.00-304.44 after 9744.1 sec [total]
done with UBTb for K = 16.00-19.03 Q = 256.00-304.44 after 9744.3 sec [total]
done with UBTbA for K = 16.00-19.03 Q = 256.00-304.44 after 9744.5 sec [total]
done with UBTbC for K = 16.00-19.03 Q = 256.00-304.44 after 9744.9 sec [total]
done with H for K = 16.00-19.03 Q = 256.00-304.44 after 9745.9 sec [total]
done with H++ for K = 16.00-19.03 Q = 256.00-304.44 after 9749.2 sec [total]
done with H+- for K = 16.00-19.03 Q = 256.00-304.44 after 9750.2 sec [total]
done with H-+ for K = 16.00-19.03 Q = 256.00-304.44 after 9751.3 sec [total]
done with H-- for K = 16.00-19.03 Q = 256.00-304.44 after 9752.4 sec [total]
done with UU for K = 19.03-22.63 Q = 256.00-304.44 after 9753.5 sec [total]
done with BB for K = 19.03-22.63 Q = 256.00-304.44 after 9754.5 sec [total]
done with UBTa for K = 19.03-22.63 Q = 256.00-304.44 after 9754.7 sec [total]
done with UBTb for K = 19.03-22.63 Q = 256.00-304.44 after 9754.9 sec [total]
done with UBTbA for K = 19.03-22.63 Q = 256.00-304.44 after 9755.1 sec [total]
done with UBTbC for K = 19.03-22.63 Q = 256.00-304.44 after 9755.5 sec [total]
done with H for K = 19.03-22.63 Q = 256.00-304.44 after 9756.6 sec [total]
done with H++ for K = 19.03-22.63 Q = 256.00-304.44 after 9759.8 sec [total]
done with H+- for K = 19.03-22.63 Q = 256.00-304.44 after 9760.9 sec [total]
done with H-+ for K = 19.03-22.63 Q = 256.00-304.44 after 9762.0 sec [total]
done with H-- for K = 19.03-22.63 Q = 256.00-304.44 after 9763.0 sec [total]
done with UU for K = 22.63-26.91 Q = 256.00-304.44 after 9764.0 sec [total]
done with BB for K = 22.63-26.91 Q = 256.00-304.44 after 9765.2 sec [total]
done with UBTa for K = 22.63-26.91 Q = 256.00-304.44 after 9765.4 sec [total]
done with UBTb for K = 22.63-26.91 Q = 256.00-304.44 after 9765.5 sec [total]
done with UBTbA for K = 22.63-26.91 Q = 256.00-304.44 after 9765.7 sec [total]
done with UBTbC for K = 22.63-26.91 Q = 256.00-304.44 after 9766.1 sec [total]
done with H for K = 22.63-26.91 Q = 256.00-304.44 after 9767.2 sec [total]
done with H++ for K = 22.63-26.91 Q = 256.00-304.44 after 9770.5 sec [total]
done with H+- for K = 22.63-26.91 Q = 256.00-304.44 after 9771.5 sec [total]
done with H-+ for K = 22.63-26.91 Q = 256.00-304.44 after 9772.6 sec [total]
done with H-- for K = 22.63-26.91 Q = 256.00-304.44 after 9773.6 sec [total]
done with UU for K = 26.91-32.00 Q = 256.00-304.44 after 9774.7 sec [total]
done with BB for K = 26.91-32.00 Q = 256.00-304.44 after 9775.8 sec [total]
done with UBTa for K = 26.91-32.00 Q = 256.00-304.44 after 9776.0 sec [total]
done with UBTb for K = 26.91-32.00 Q = 256.00-304.44 after 9776.2 sec [total]
done with UBTbA for K = 26.91-32.00 Q = 256.00-304.44 after 9776.4 sec [total]
done with UBTbC for K = 26.91-32.00 Q = 256.00-304.44 after 9776.8 sec [total]
done with H for K = 26.91-32.00 Q = 256.00-304.44 after 9777.8 sec [total]
done with H++ for K = 26.91-32.00 Q = 256.00-304.44 after 9781.0 sec [total]
done with H+- for K = 26.91-32.00 Q = 256.00-304.44 after 9782.2 sec [total]
done with H-+ for K = 26.91-32.00 Q = 256.00-304.44 after 9783.2 sec [total]
done with H-- for K = 26.91-32.00 Q = 256.00-304.44 after 9784.3 sec [total]
done with UU for K = 32.00-38.05 Q = 256.00-304.44 after 9785.4 sec [total]
done with BB for K = 32.00-38.05 Q = 256.00-304.44 after 9786.4 sec [total]
done with UBTa for K = 32.00-38.05 Q = 256.00-304.44 after 9786.6 sec [total]
done with UBTb for K = 32.00-38.05 Q = 256.00-304.44 after 9786.8 sec [total]
done with UBTbA for K = 32.00-38.05 Q = 256.00-304.44 after 9787.0 sec [total]
done with UBTbC for K = 32.00-38.05 Q = 256.00-304.44 after 9787.3 sec [total]
done with H for K = 32.00-38.05 Q = 256.00-304.44 after 9788.4 sec [total]
done with H++ for K = 32.00-38.05 Q = 256.00-304.44 after 9791.7 sec [total]
done with H+- for K = 32.00-38.05 Q = 256.00-304.44 after 9792.8 sec [total]
done with H-+ for K = 32.00-38.05 Q = 256.00-304.44 after 9793.9 sec [total]
done with H-- for K = 32.00-38.05 Q = 256.00-304.44 after 9794.9 sec [total]
done with UU for K = 38.05-45.25 Q = 256.00-304.44 after 9796.0 sec [total]
done with BB for K = 38.05-45.25 Q = 256.00-304.44 after 9797.1 sec [total]
done with UBTa for K = 38.05-45.25 Q = 256.00-304.44 after 9797.3 sec [total]
done with UBTb for K = 38.05-45.25 Q = 256.00-304.44 after 9797.5 sec [total]
done with UBTbA for K = 38.05-45.25 Q = 256.00-304.44 after 9797.7 sec [total]
done with UBTbC for K = 38.05-45.25 Q = 256.00-304.44 after 9798.0 sec [total]
done with H for K = 38.05-45.25 Q = 256.00-304.44 after 9799.1 sec [total]
done with H++ for K = 38.05-45.25 Q = 256.00-304.44 after 9802.3 sec [total]
done with H+- for K = 38.05-45.25 Q = 256.00-304.44 after 9803.4 sec [total]
done with H-+ for K = 38.05-45.25 Q = 256.00-304.44 after 9804.5 sec [total]
done with H-- for K = 38.05-45.25 Q = 256.00-304.44 after 9805.5 sec [total]
done with UU for K = 45.25-53.82 Q = 256.00-304.44 after 9806.7 sec [total]
done with BB for K = 45.25-53.82 Q = 256.00-304.44 after 9807.8 sec [total]
done with UBTa for K = 45.25-53.82 Q = 256.00-304.44 after 9808.0 sec [total]
done with UBTb for K = 45.25-53.82 Q = 256.00-304.44 after 9808.1 sec [total]
done with UBTbA for K = 45.25-53.82 Q = 256.00-304.44 after 9808.3 sec [total]
done with UBTbC for K = 45.25-53.82 Q = 256.00-304.44 after 9808.7 sec [total]
done with H for K = 45.25-53.82 Q = 256.00-304.44 after 9809.8 sec [total]
done with H++ for K = 45.25-53.82 Q = 256.00-304.44 after 9813.0 sec [total]
done with H+- for K = 45.25-53.82 Q = 256.00-304.44 after 9814.1 sec [total]
done with H-+ for K = 45.25-53.82 Q = 256.00-304.44 after 9815.2 sec [total]
done with H-- for K = 45.25-53.82 Q = 256.00-304.44 after 9816.2 sec [total]
done with UU for K = 53.82-64.00 Q = 256.00-304.44 after 9817.3 sec [total]
done with BB for K = 53.82-64.00 Q = 256.00-304.44 after 9818.4 sec [total]
done with UBTa for K = 53.82-64.00 Q = 256.00-304.44 after 9818.6 sec [total]
done with UBTb for K = 53.82-64.00 Q = 256.00-304.44 after 9818.8 sec [total]
done with UBTbA for K = 53.82-64.00 Q = 256.00-304.44 after 9819.0 sec [total]
done with UBTbC for K = 53.82-64.00 Q = 256.00-304.44 after 9819.4 sec [total]
done with H for K = 53.82-64.00 Q = 256.00-304.44 after 9820.4 sec [total]
done with H++ for K = 53.82-64.00 Q = 256.00-304.44 after 9823.6 sec [total]
done with H+- for K = 53.82-64.00 Q = 256.00-304.44 after 9824.7 sec [total]
done with H-+ for K = 53.82-64.00 Q = 256.00-304.44 after 9825.8 sec [total]
done with H-- for K = 53.82-64.00 Q = 256.00-304.44 after 9826.9 sec [total]
done with UU for K = 64.00-76.11 Q = 256.00-304.44 after 9828.0 sec [total]
done with BB for K = 64.00-76.11 Q = 256.00-304.44 after 9829.0 sec [total]
done with UBTa for K = 64.00-76.11 Q = 256.00-304.44 after 9829.2 sec [total]
done with UBTb for K = 64.00-76.11 Q = 256.00-304.44 after 9829.4 sec [total]
done with UBTbA for K = 64.00-76.11 Q = 256.00-304.44 after 9829.6 sec [total]
done with UBTbC for K = 64.00-76.11 Q = 256.00-304.44 after 9830.0 sec [total]
done with H for K = 64.00-76.11 Q = 256.00-304.44 after 9831.0 sec [total]
done with H++ for K = 64.00-76.11 Q = 256.00-304.44 after 9834.3 sec [total]
done with H+- for K = 64.00-76.11 Q = 256.00-304.44 after 9835.3 sec [total]
done with H-+ for K = 64.00-76.11 Q = 256.00-304.44 after 9836.4 sec [total]
done with H-- for K = 64.00-76.11 Q = 256.00-304.44 after 9837.5 sec [total]
done with UU for K = 76.11-90.51 Q = 256.00-304.44 after 9838.6 sec [total]
done with BB for K = 76.11-90.51 Q = 256.00-304.44 after 9839.7 sec [total]
done with UBTa for K = 76.11-90.51 Q = 256.00-304.44 after 9839.8 sec [total]
done with UBTb for K = 76.11-90.51 Q = 256.00-304.44 after 9840.0 sec [total]
done with UBTbA for K = 76.11-90.51 Q = 256.00-304.44 after 9840.3 sec [total]
done with UBTbC for K = 76.11-90.51 Q = 256.00-304.44 after 9840.6 sec [total]
done with H for K = 76.11-90.51 Q = 256.00-304.44 after 9841.7 sec [total]
done with H++ for K = 76.11-90.51 Q = 256.00-304.44 after 9844.9 sec [total]
done with H+- for K = 76.11-90.51 Q = 256.00-304.44 after 9846.0 sec [total]
done with H-+ for K = 76.11-90.51 Q = 256.00-304.44 after 9847.0 sec [total]
done with H-- for K = 76.11-90.51 Q = 256.00-304.44 after 9848.1 sec [total]
done with UU for K = 90.51-107.63 Q = 256.00-304.44 after 9849.3 sec [total]
done with BB for K = 90.51-107.63 Q = 256.00-304.44 after 9850.3 sec [total]
done with UBTa for K = 90.51-107.63 Q = 256.00-304.44 after 9850.5 sec [total]
done with UBTb for K = 90.51-107.63 Q = 256.00-304.44 after 9850.7 sec [total]
done with UBTbA for K = 90.51-107.63 Q = 256.00-304.44 after 9850.9 sec [total]
done with UBTbC for K = 90.51-107.63 Q = 256.00-304.44 after 9851.2 sec [total]
done with H for K = 90.51-107.63 Q = 256.00-304.44 after 9852.3 sec [total]
done with H++ for K = 90.51-107.63 Q = 256.00-304.44 after 9855.6 sec [total]
done with H+- for K = 90.51-107.63 Q = 256.00-304.44 after 9856.6 sec [total]
done with H-+ for K = 90.51-107.63 Q = 256.00-304.44 after 9857.7 sec [total]
done with H-- for K = 90.51-107.63 Q = 256.00-304.44 after 9858.8 sec [total]
done with UU for K = 107.63-128.00 Q = 256.00-304.44 after 9859.9 sec [total]
done with BB for K = 107.63-128.00 Q = 256.00-304.44 after 9861.0 sec [total]
done with UBTa for K = 107.63-128.00 Q = 256.00-304.44 after 9861.2 sec [total]
done with UBTb for K = 107.63-128.00 Q = 256.00-304.44 after 9861.4 sec [total]
done with UBTbA for K = 107.63-128.00 Q = 256.00-304.44 after 9861.6 sec [total]
done with UBTbC for K = 107.63-128.00 Q = 256.00-304.44 after 9861.9 sec [total]
done with H for K = 107.63-128.00 Q = 256.00-304.44 after 9863.0 sec [total]
done with H++ for K = 107.63-128.00 Q = 256.00-304.44 after 9866.2 sec [total]
done with H+- for K = 107.63-128.00 Q = 256.00-304.44 after 9867.3 sec [total]
done with H-+ for K = 107.63-128.00 Q = 256.00-304.44 after 9868.4 sec [total]
done with H-- for K = 107.63-128.00 Q = 256.00-304.44 after 9869.4 sec [total]
done with UU for K = 128.00-152.22 Q = 256.00-304.44 after 9870.6 sec [total]
done with BB for K = 128.00-152.22 Q = 256.00-304.44 after 9871.6 sec [total]
done with UBTa for K = 128.00-152.22 Q = 256.00-304.44 after 9871.8 sec [total]
done with UBTb for K = 128.00-152.22 Q = 256.00-304.44 after 9872.0 sec [total]
done with UBTbA for K = 128.00-152.22 Q = 256.00-304.44 after 9872.2 sec [total]
done with UBTbC for K = 128.00-152.22 Q = 256.00-304.44 after 9872.6 sec [total]
done with H for K = 128.00-152.22 Q = 256.00-304.44 after 9873.6 sec [total]
done with H++ for K = 128.00-152.22 Q = 256.00-304.44 after 9876.9 sec [total]
done with H+- for K = 128.00-152.22 Q = 256.00-304.44 after 9877.9 sec [total]
done with H-+ for K = 128.00-152.22 Q = 256.00-304.44 after 9879.1 sec [total]
done with H-- for K = 128.00-152.22 Q = 256.00-304.44 after 9880.1 sec [total]
done with UU for K = 152.22-181.02 Q = 256.00-304.44 after 9881.3 sec [total]
done with BB for K = 152.22-181.02 Q = 256.00-304.44 after 9882.3 sec [total]
done with UBTa for K = 152.22-181.02 Q = 256.00-304.44 after 9882.5 sec [total]
done with UBTb for K = 152.22-181.02 Q = 256.00-304.44 after 9882.7 sec [total]
done with UBTbA for K = 152.22-181.02 Q = 256.00-304.44 after 9882.9 sec [total]
done with UBTbC for K = 152.22-181.02 Q = 256.00-304.44 after 9883.2 sec [total]
done with H for K = 152.22-181.02 Q = 256.00-304.44 after 9884.3 sec [total]
done with H++ for K = 152.22-181.02 Q = 256.00-304.44 after 9887.6 sec [total]
done with H+- for K = 152.22-181.02 Q = 256.00-304.44 after 9888.6 sec [total]
done with H-+ for K = 152.22-181.02 Q = 256.00-304.44 after 9889.7 sec [total]
done with H-- for K = 152.22-181.02 Q = 256.00-304.44 after 9890.7 sec [total]
done with UU for K = 181.02-215.27 Q = 256.00-304.44 after 9891.8 sec [total]
done with BB for K = 181.02-215.27 Q = 256.00-304.44 after 9892.9 sec [total]
done with UBTa for K = 181.02-215.27 Q = 256.00-304.44 after 9893.1 sec [total]
done with UBTb for K = 181.02-215.27 Q = 256.00-304.44 after 9893.3 sec [total]
done with UBTbA for K = 181.02-215.27 Q = 256.00-304.44 after 9893.5 sec [total]
done with UBTbC for K = 181.02-215.27 Q = 256.00-304.44 after 9893.8 sec [total]
done with H for K = 181.02-215.27 Q = 256.00-304.44 after 9894.9 sec [total]
done with H++ for K = 181.02-215.27 Q = 256.00-304.44 after 9898.2 sec [total]
done with H+- for K = 181.02-215.27 Q = 256.00-304.44 after 9899.3 sec [total]
done with H-+ for K = 181.02-215.27 Q = 256.00-304.44 after 9900.4 sec [total]
done with H-- for K = 181.02-215.27 Q = 256.00-304.44 after 9901.4 sec [total]
done with UU for K = 215.27-256.00 Q = 256.00-304.44 after 9902.5 sec [total]
done with BB for K = 215.27-256.00 Q = 256.00-304.44 after 9903.6 sec [total]
done with UBTa for K = 215.27-256.00 Q = 256.00-304.44 after 9903.8 sec [total]
done with UBTb for K = 215.27-256.00 Q = 256.00-304.44 after 9904.0 sec [total]
done with UBTbA for K = 215.27-256.00 Q = 256.00-304.44 after 9904.2 sec [total]
done with UBTbC for K = 215.27-256.00 Q = 256.00-304.44 after 9904.5 sec [total]
done with H for K = 215.27-256.00 Q = 256.00-304.44 after 9905.6 sec [total]
done with H++ for K = 215.27-256.00 Q = 256.00-304.44 after 9908.7 sec [total]
done with H+- for K = 215.27-256.00 Q = 256.00-304.44 after 9909.9 sec [total]
done with H-+ for K = 215.27-256.00 Q = 256.00-304.44 after 9911.0 sec [total]
done with H-- for K = 215.27-256.00 Q = 256.00-304.44 after 9912.0 sec [total]
done with UU for K = 256.00-304.44 Q = 256.00-304.44 after 9913.1 sec [total]
done with BB for K = 256.00-304.44 Q = 256.00-304.44 after 9914.2 sec [total]
done with UBTa for K = 256.00-304.44 Q = 256.00-304.44 after 9914.4 sec [total]
done with UBTb for K = 256.00-304.44 Q = 256.00-304.44 after 9914.6 sec [total]
done with UBTbA for K = 256.00-304.44 Q = 256.00-304.44 after 9914.8 sec [total]
done with UBTbC for K = 256.00-304.44 Q = 256.00-304.44 after 9915.1 sec [total]
done with H for K = 256.00-304.44 Q = 256.00-304.44 after 9916.2 sec [total]
done with H++ for K = 256.00-304.44 Q = 256.00-304.44 after 9919.5 sec [total]
done with H+- for K = 256.00-304.44 Q = 256.00-304.44 after 9920.5 sec [total]
done with H-+ for K = 256.00-304.44 Q = 256.00-304.44 after 9921.6 sec [total]
done with H-- for K = 256.00-304.44 Q = 256.00-304.44 after 9922.7 sec [total]
done with UU for K = 304.44-362.04 Q = 256.00-304.44 after 9923.8 sec [total]
done with BB for K = 304.44-362.04 Q = 256.00-304.44 after 9924.8 sec [total]
done with UBTa for K = 304.44-362.04 Q = 256.00-304.44 after 9925.0 sec [total]
done with UBTb for K = 304.44-362.04 Q = 256.00-304.44 after 9925.2 sec [total]
done with UBTbA for K = 304.44-362.04 Q = 256.00-304.44 after 9925.4 sec [total]
done with UBTbC for K = 304.44-362.04 Q = 256.00-304.44 after 9925.8 sec [total]
done with H for K = 304.44-362.04 Q = 256.00-304.44 after 9926.9 sec [total]
done with H++ for K = 304.44-362.04 Q = 256.00-304.44 after 9930.1 sec [total]
done with H+- for K = 304.44-362.04 Q = 256.00-304.44 after 9931.1 sec [total]
done with H-+ for K = 304.44-362.04 Q = 256.00-304.44 after 9932.2 sec [total]
done with H-- for K = 304.44-362.04 Q = 256.00-304.44 after 9933.3 sec [total]
done with UU for K = 362.04-430.54 Q = 256.00-304.44 after 9934.4 sec [total]
done with BB for K = 362.04-430.54 Q = 256.00-304.44 after 9935.5 sec [total]
done with UBTa for K = 362.04-430.54 Q = 256.00-304.44 after 9935.6 sec [total]
done with UBTb for K = 362.04-430.54 Q = 256.00-304.44 after 9935.8 sec [total]
done with UBTbA for K = 362.04-430.54 Q = 256.00-304.44 after 9936.0 sec [total]
done with UBTbC for K = 362.04-430.54 Q = 256.00-304.44 after 9936.4 sec [total]
done with H for K = 362.04-430.54 Q = 256.00-304.44 after 9937.5 sec [total]
done with H++ for K = 362.04-430.54 Q = 256.00-304.44 after 9940.7 sec [total]
done with H+- for K = 362.04-430.54 Q = 256.00-304.44 after 9941.8 sec [total]
done with H-+ for K = 362.04-430.54 Q = 256.00-304.44 after 9942.8 sec [total]
done with H-- for K = 362.04-430.54 Q = 256.00-304.44 after 9943.9 sec [total]
done with UU for K = 430.54-512.00 Q = 256.00-304.44 after 9945.1 sec [total]
done with BB for K = 430.54-512.00 Q = 256.00-304.44 after 9946.1 sec [total]
done with UBTa for K = 430.54-512.00 Q = 256.00-304.44 after 9946.3 sec [total]
done with UBTb for K = 430.54-512.00 Q = 256.00-304.44 after 9946.5 sec [total]
done with UBTbA for K = 430.54-512.00 Q = 256.00-304.44 after 9946.7 sec [total]
done with UBTbC for K = 430.54-512.00 Q = 256.00-304.44 after 9947.1 sec [total]
done with H for K = 430.54-512.00 Q = 256.00-304.44 after 9948.1 sec [total]
done with H++ for K = 430.54-512.00 Q = 256.00-304.44 after 9951.4 sec [total]
done with H+- for K = 430.54-512.00 Q = 256.00-304.44 after 9952.4 sec [total]
done with H-+ for K = 430.54-512.00 Q = 256.00-304.44 after 9953.5 sec [total]
done with H-- for K = 430.54-512.00 Q = 256.00-304.44 after 9954.5 sec [total]
done with UU for K = 512.00-608.87 Q = 256.00-304.44 after 9955.6 sec [total]
done with BB for K = 512.00-608.87 Q = 256.00-304.44 after 9956.6 sec [total]
done with UBTa for K = 512.00-608.87 Q = 256.00-304.44 after 9956.8 sec [total]
done with UBTb for K = 512.00-608.87 Q = 256.00-304.44 after 9957.0 sec [total]
done with UBTbA for K = 512.00-608.87 Q = 256.00-304.44 after 9957.2 sec [total]
done with UBTbC for K = 512.00-608.87 Q = 256.00-304.44 after 9957.6 sec [total]
done with H for K = 512.00-608.87 Q = 256.00-304.44 after 9958.6 sec [total]
done with H++ for K = 512.00-608.87 Q = 256.00-304.44 after 9961.9 sec [total]
done with H+- for K = 512.00-608.87 Q = 256.00-304.44 after 9963.0 sec [total]
done with H-+ for K = 512.00-608.87 Q = 256.00-304.44 after 9964.1 sec [total]
done with H-- for K = 512.00-608.87 Q = 256.00-304.44 after 9965.1 sec [total]
done with UU for K = 608.87-724.08 Q = 256.00-304.44 after 9966.2 sec [total]
done with BB for K = 608.87-724.08 Q = 256.00-304.44 after 9967.3 sec [total]
done with UBTa for K = 608.87-724.08 Q = 256.00-304.44 after 9967.4 sec [total]
done with UBTb for K = 608.87-724.08 Q = 256.00-304.44 after 9967.6 sec [total]
done with UBTbA for K = 608.87-724.08 Q = 256.00-304.44 after 9967.8 sec [total]
done with UBTbC for K = 608.87-724.08 Q = 256.00-304.44 after 9968.2 sec [total]
done with H for K = 608.87-724.08 Q = 256.00-304.44 after 9969.3 sec [total]
done with H++ for K = 608.87-724.08 Q = 256.00-304.44 after 9972.4 sec [total]
done with H+- for K = 608.87-724.08 Q = 256.00-304.44 after 9973.5 sec [total]
done with H-+ for K = 608.87-724.08 Q = 256.00-304.44 after 9974.7 sec [total]
done with H-- for K = 608.87-724.08 Q = 256.00-304.44 after 9975.7 sec [total]
done with UU for K = 724.08-861.08 Q = 256.00-304.44 after 9976.8 sec [total]
done with BB for K = 724.08-861.08 Q = 256.00-304.44 after 9977.9 sec [total]
done with UBTa for K = 724.08-861.08 Q = 256.00-304.44 after 9978.1 sec [total]
done with UBTb for K = 724.08-861.08 Q = 256.00-304.44 after 9978.3 sec [total]
done with UBTbA for K = 724.08-861.08 Q = 256.00-304.44 after 9978.5 sec [total]
done with UBTbC for K = 724.08-861.08 Q = 256.00-304.44 after 9978.9 sec [total]
done with H for K = 724.08-861.08 Q = 256.00-304.44 after 9979.9 sec [total]
done with H++ for K = 724.08-861.08 Q = 256.00-304.44 after 9983.1 sec [total]
done with H+- for K = 724.08-861.08 Q = 256.00-304.44 after 9984.2 sec [total]
done with H-+ for K = 724.08-861.08 Q = 256.00-304.44 after 9985.4 sec [total]
done with H-- for K = 724.08-861.08 Q = 256.00-304.44 after 9986.4 sec [total]
done with UU for K = 861.08-1024.00 Q = 256.00-304.44 after 9987.4 sec [total]
done with BB for K = 861.08-1024.00 Q = 256.00-304.44 after 9988.5 sec [total]
done with UBTa for K = 861.08-1024.00 Q = 256.00-304.44 after 9988.7 sec [total]
done with UBTb for K = 861.08-1024.00 Q = 256.00-304.44 after 9988.9 sec [total]
done with UBTbA for K = 861.08-1024.00 Q = 256.00-304.44 after 9989.1 sec [total]
done with UBTbC for K = 861.08-1024.00 Q = 256.00-304.44 after 9989.4 sec [total]
done with H for K = 861.08-1024.00 Q = 256.00-304.44 after 9990.5 sec [total]
done with H++ for K = 861.08-1024.00 Q = 256.00-304.44 after 9993.7 sec [total]
done with H+- for K = 861.08-1024.00 Q = 256.00-304.44 after 9994.8 sec [total]
done with H-+ for K = 861.08-1024.00 Q = 256.00-304.44 after 9995.9 sec [total]
done with H-- for K = 861.08-1024.00 Q = 256.00-304.44 after 9996.9 sec [total]
done with UU for K = 0.00-3.36 Q = 304.44-362.04 after 10000.1 sec [total]
done with BB for K = 0.00-3.36 Q = 304.44-362.04 after 10003.3 sec [total]
done with UBTa for K = 0.00-3.36 Q = 304.44-362.04 after 10005.0 sec [total]
done with UBTb for K = 0.00-3.36 Q = 304.44-362.04 after 10006.7 sec [total]
done with UBTbA for K = 0.00-3.36 Q = 304.44-362.04 after 10008.5 sec [total]
done with UBTbC for K = 0.00-3.36 Q = 304.44-362.04 after 10008.8 sec [total]
done with H for K = 0.00-3.36 Q = 304.44-362.04 after 10009.9 sec [total]
done with H++ for K = 0.00-3.36 Q = 304.44-362.04 after 10013.2 sec [total]
done with H+- for K = 0.00-3.36 Q = 304.44-362.04 after 10014.2 sec [total]
done with H-+ for K = 0.00-3.36 Q = 304.44-362.04 after 10015.3 sec [total]
done with H-- for K = 0.00-3.36 Q = 304.44-362.04 after 10016.4 sec [total]
done with UU for K = 3.36-4.00 Q = 304.44-362.04 after 10017.5 sec [total]
done with BB for K = 3.36-4.00 Q = 304.44-362.04 after 10018.5 sec [total]
done with UBTa for K = 3.36-4.00 Q = 304.44-362.04 after 10018.7 sec [total]
done with UBTb for K = 3.36-4.00 Q = 304.44-362.04 after 10018.9 sec [total]
done with UBTbA for K = 3.36-4.00 Q = 304.44-362.04 after 10019.1 sec [total]
done with UBTbC for K = 3.36-4.00 Q = 304.44-362.04 after 10019.5 sec [total]
done with H for K = 3.36-4.00 Q = 304.44-362.04 after 10020.5 sec [total]
done with H++ for K = 3.36-4.00 Q = 304.44-362.04 after 10023.7 sec [total]
done with H+- for K = 3.36-4.00 Q = 304.44-362.04 after 10024.8 sec [total]
done with H-+ for K = 3.36-4.00 Q = 304.44-362.04 after 10025.9 sec [total]
done with H-- for K = 3.36-4.00 Q = 304.44-362.04 after 10026.9 sec [total]
done with UU for K = 4.00-4.76 Q = 304.44-362.04 after 10028.1 sec [total]
done with BB for K = 4.00-4.76 Q = 304.44-362.04 after 10029.1 sec [total]
done with UBTa for K = 4.00-4.76 Q = 304.44-362.04 after 10029.3 sec [total]
done with UBTb for K = 4.00-4.76 Q = 304.44-362.04 after 10029.5 sec [total]
done with UBTbA for K = 4.00-4.76 Q = 304.44-362.04 after 10029.7 sec [total]
done with UBTbC for K = 4.00-4.76 Q = 304.44-362.04 after 10030.1 sec [total]
done with H for K = 4.00-4.76 Q = 304.44-362.04 after 10031.1 sec [total]
done with H++ for K = 4.00-4.76 Q = 304.44-362.04 after 10034.4 sec [total]
done with H+- for K = 4.00-4.76 Q = 304.44-362.04 after 10035.4 sec [total]
done with H-+ for K = 4.00-4.76 Q = 304.44-362.04 after 10036.5 sec [total]
done with H-- for K = 4.00-4.76 Q = 304.44-362.04 after 10037.6 sec [total]
done with UU for K = 4.76-5.66 Q = 304.44-362.04 after 10038.6 sec [total]
done with BB for K = 4.76-5.66 Q = 304.44-362.04 after 10039.7 sec [total]
done with UBTa for K = 4.76-5.66 Q = 304.44-362.04 after 10039.9 sec [total]
done with UBTb for K = 4.76-5.66 Q = 304.44-362.04 after 10040.1 sec [total]
done with UBTbA for K = 4.76-5.66 Q = 304.44-362.04 after 10040.3 sec [total]
done with UBTbC for K = 4.76-5.66 Q = 304.44-362.04 after 10040.7 sec [total]
done with H for K = 4.76-5.66 Q = 304.44-362.04 after 10041.7 sec [total]
done with H++ for K = 4.76-5.66 Q = 304.44-362.04 after 10044.9 sec [total]
done with H+- for K = 4.76-5.66 Q = 304.44-362.04 after 10046.0 sec [total]
done with H-+ for K = 4.76-5.66 Q = 304.44-362.04 after 10047.1 sec [total]
done with H-- for K = 4.76-5.66 Q = 304.44-362.04 after 10048.1 sec [total]
done with UU for K = 5.66-6.73 Q = 304.44-362.04 after 10049.3 sec [total]
done with BB for K = 5.66-6.73 Q = 304.44-362.04 after 10050.4 sec [total]
done with UBTa for K = 5.66-6.73 Q = 304.44-362.04 after 10050.5 sec [total]
done with UBTb for K = 5.66-6.73 Q = 304.44-362.04 after 10050.7 sec [total]
done with UBTbA for K = 5.66-6.73 Q = 304.44-362.04 after 10050.9 sec [total]
done with UBTbC for K = 5.66-6.73 Q = 304.44-362.04 after 10051.3 sec [total]
done with H for K = 5.66-6.73 Q = 304.44-362.04 after 10052.4 sec [total]
done with H++ for K = 5.66-6.73 Q = 304.44-362.04 after 10055.6 sec [total]
done with H+- for K = 5.66-6.73 Q = 304.44-362.04 after 10056.7 sec [total]
done with H-+ for K = 5.66-6.73 Q = 304.44-362.04 after 10057.8 sec [total]
done with H-- for K = 5.66-6.73 Q = 304.44-362.04 after 10058.8 sec [total]
done with UU for K = 6.73-8.00 Q = 304.44-362.04 after 10059.9 sec [total]
done with BB for K = 6.73-8.00 Q = 304.44-362.04 after 10061.0 sec [total]
done with UBTa for K = 6.73-8.00 Q = 304.44-362.04 after 10061.2 sec [total]
done with UBTb for K = 6.73-8.00 Q = 304.44-362.04 after 10061.4 sec [total]
done with UBTbA for K = 6.73-8.00 Q = 304.44-362.04 after 10061.6 sec [total]
done with UBTbC for K = 6.73-8.00 Q = 304.44-362.04 after 10061.9 sec [total]
done with H for K = 6.73-8.00 Q = 304.44-362.04 after 10063.0 sec [total]
done with H++ for K = 6.73-8.00 Q = 304.44-362.04 after 10066.2 sec [total]
done with H+- for K = 6.73-8.00 Q = 304.44-362.04 after 10067.3 sec [total]
done with H-+ for K = 6.73-8.00 Q = 304.44-362.04 after 10068.4 sec [total]
done with H-- for K = 6.73-8.00 Q = 304.44-362.04 after 10069.4 sec [total]
done with UU for K = 8.00-9.51 Q = 304.44-362.04 after 10070.5 sec [total]
done with BB for K = 8.00-9.51 Q = 304.44-362.04 after 10071.6 sec [total]
done with UBTa for K = 8.00-9.51 Q = 304.44-362.04 after 10071.8 sec [total]
done with UBTb for K = 8.00-9.51 Q = 304.44-362.04 after 10072.0 sec [total]
done with UBTbA for K = 8.00-9.51 Q = 304.44-362.04 after 10072.2 sec [total]
done with UBTbC for K = 8.00-9.51 Q = 304.44-362.04 after 10072.5 sec [total]
done with H for K = 8.00-9.51 Q = 304.44-362.04 after 10073.6 sec [total]
done with H++ for K = 8.00-9.51 Q = 304.44-362.04 after 10076.8 sec [total]
done with H+- for K = 8.00-9.51 Q = 304.44-362.04 after 10077.9 sec [total]
done with H-+ for K = 8.00-9.51 Q = 304.44-362.04 after 10079.0 sec [total]
done with H-- for K = 8.00-9.51 Q = 304.44-362.04 after 10080.0 sec [total]
done with UU for K = 9.51-11.31 Q = 304.44-362.04 after 10081.2 sec [total]
done with BB for K = 9.51-11.31 Q = 304.44-362.04 after 10082.2 sec [total]
done with UBTa for K = 9.51-11.31 Q = 304.44-362.04 after 10082.4 sec [total]
done with UBTb for K = 9.51-11.31 Q = 304.44-362.04 after 10082.6 sec [total]
done with UBTbA for K = 9.51-11.31 Q = 304.44-362.04 after 10082.8 sec [total]
done with UBTbC for K = 9.51-11.31 Q = 304.44-362.04 after 10083.2 sec [total]
done with H for K = 9.51-11.31 Q = 304.44-362.04 after 10084.2 sec [total]
done with H++ for K = 9.51-11.31 Q = 304.44-362.04 after 10087.5 sec [total]
done with H+- for K = 9.51-11.31 Q = 304.44-362.04 after 10088.5 sec [total]
done with H-+ for K = 9.51-11.31 Q = 304.44-362.04 after 10089.6 sec [total]
done with H-- for K = 9.51-11.31 Q = 304.44-362.04 after 10090.7 sec [total]
done with UU for K = 11.31-13.45 Q = 304.44-362.04 after 10091.8 sec [total]
done with BB for K = 11.31-13.45 Q = 304.44-362.04 after 10092.9 sec [total]
done with UBTa for K = 11.31-13.45 Q = 304.44-362.04 after 10093.1 sec [total]
done with UBTb for K = 11.31-13.45 Q = 304.44-362.04 after 10093.2 sec [total]
done with UBTbA for K = 11.31-13.45 Q = 304.44-362.04 after 10093.4 sec [total]
done with UBTbC for K = 11.31-13.45 Q = 304.44-362.04 after 10093.8 sec [total]
done with H for K = 11.31-13.45 Q = 304.44-362.04 after 10094.9 sec [total]
done with H++ for K = 11.31-13.45 Q = 304.44-362.04 after 10098.1 sec [total]
done with H+- for K = 11.31-13.45 Q = 304.44-362.04 after 10099.2 sec [total]
done with H-+ for K = 11.31-13.45 Q = 304.44-362.04 after 10100.3 sec [total]
done with H-- for K = 11.31-13.45 Q = 304.44-362.04 after 10101.4 sec [total]
done with UU for K = 13.45-16.00 Q = 304.44-362.04 after 10102.4 sec [total]
done with BB for K = 13.45-16.00 Q = 304.44-362.04 after 10103.5 sec [total]
done with UBTa for K = 13.45-16.00 Q = 304.44-362.04 after 10103.7 sec [total]
done with UBTb for K = 13.45-16.00 Q = 304.44-362.04 after 10103.9 sec [total]
done with UBTbA for K = 13.45-16.00 Q = 304.44-362.04 after 10104.1 sec [total]
done with UBTbC for K = 13.45-16.00 Q = 304.44-362.04 after 10104.5 sec [total]
done with H for K = 13.45-16.00 Q = 304.44-362.04 after 10105.5 sec [total]
done with H++ for K = 13.45-16.00 Q = 304.44-362.04 after 10108.7 sec [total]
done with H+- for K = 13.45-16.00 Q = 304.44-362.04 after 10109.9 sec [total]
done with H-+ for K = 13.45-16.00 Q = 304.44-362.04 after 10110.9 sec [total]
done with H-- for K = 13.45-16.00 Q = 304.44-362.04 after 10112.0 sec [total]
done with UU for K = 16.00-19.03 Q = 304.44-362.04 after 10113.1 sec [total]
done with BB for K = 16.00-19.03 Q = 304.44-362.04 after 10114.2 sec [total]
done with UBTa for K = 16.00-19.03 Q = 304.44-362.04 after 10114.4 sec [total]
done with UBTb for K = 16.00-19.03 Q = 304.44-362.04 after 10114.6 sec [total]
done with UBTbA for K = 16.00-19.03 Q = 304.44-362.04 after 10114.8 sec [total]
done with UBTbC for K = 16.00-19.03 Q = 304.44-362.04 after 10115.1 sec [total]
done with H for K = 16.00-19.03 Q = 304.44-362.04 after 10116.2 sec [total]
done with H++ for K = 16.00-19.03 Q = 304.44-362.04 after 10119.4 sec [total]
done with H+- for K = 16.00-19.03 Q = 304.44-362.04 after 10120.5 sec [total]
done with H-+ for K = 16.00-19.03 Q = 304.44-362.04 after 10121.6 sec [total]
done with H-- for K = 16.00-19.03 Q = 304.44-362.04 after 10122.6 sec [total]
done with UU for K = 19.03-22.63 Q = 304.44-362.04 after 10123.7 sec [total]
done with BB for K = 19.03-22.63 Q = 304.44-362.04 after 10124.8 sec [total]
done with UBTa for K = 19.03-22.63 Q = 304.44-362.04 after 10125.0 sec [total]
done with UBTb for K = 19.03-22.63 Q = 304.44-362.04 after 10125.2 sec [total]
done with UBTbA for K = 19.03-22.63 Q = 304.44-362.04 after 10125.4 sec [total]
done with UBTbC for K = 19.03-22.63 Q = 304.44-362.04 after 10125.7 sec [total]
done with H for K = 19.03-22.63 Q = 304.44-362.04 after 10126.8 sec [total]
done with H++ for K = 19.03-22.63 Q = 304.44-362.04 after 10129.9 sec [total]
done with H+- for K = 19.03-22.63 Q = 304.44-362.04 after 10131.1 sec [total]
done with H-+ for K = 19.03-22.63 Q = 304.44-362.04 after 10132.2 sec [total]
done with H-- for K = 19.03-22.63 Q = 304.44-362.04 after 10133.3 sec [total]
done with UU for K = 22.63-26.91 Q = 304.44-362.04 after 10134.3 sec [total]
done with BB for K = 22.63-26.91 Q = 304.44-362.04 after 10135.4 sec [total]
done with UBTa for K = 22.63-26.91 Q = 304.44-362.04 after 10135.6 sec [total]
done with UBTb for K = 22.63-26.91 Q = 304.44-362.04 after 10135.8 sec [total]
done with UBTbA for K = 22.63-26.91 Q = 304.44-362.04 after 10136.0 sec [total]
done with UBTbC for K = 22.63-26.91 Q = 304.44-362.04 after 10136.4 sec [total]
done with H for K = 22.63-26.91 Q = 304.44-362.04 after 10137.4 sec [total]
done with H++ for K = 22.63-26.91 Q = 304.44-362.04 after 10140.6 sec [total]
done with H+- for K = 22.63-26.91 Q = 304.44-362.04 after 10141.7 sec [total]
done with H-+ for K = 22.63-26.91 Q = 304.44-362.04 after 10142.8 sec [total]
done with H-- for K = 22.63-26.91 Q = 304.44-362.04 after 10143.9 sec [total]
done with UU for K = 26.91-32.00 Q = 304.44-362.04 after 10145.0 sec [total]
done with BB for K = 26.91-32.00 Q = 304.44-362.04 after 10146.1 sec [total]
done with UBTa for K = 26.91-32.00 Q = 304.44-362.04 after 10146.2 sec [total]
done with UBTb for K = 26.91-32.00 Q = 304.44-362.04 after 10146.4 sec [total]
done with UBTbA for K = 26.91-32.00 Q = 304.44-362.04 after 10146.6 sec [total]
done with UBTbC for K = 26.91-32.00 Q = 304.44-362.04 after 10147.0 sec [total]
done with H for K = 26.91-32.00 Q = 304.44-362.04 after 10148.1 sec [total]
done with H++ for K = 26.91-32.00 Q = 304.44-362.04 after 10151.3 sec [total]
done with H+- for K = 26.91-32.00 Q = 304.44-362.04 after 10152.4 sec [total]
done with H-+ for K = 26.91-32.00 Q = 304.44-362.04 after 10153.5 sec [total]
done with H-- for K = 26.91-32.00 Q = 304.44-362.04 after 10154.5 sec [total]
done with UU for K = 32.00-38.05 Q = 304.44-362.04 after 10155.7 sec [total]
done with BB for K = 32.00-38.05 Q = 304.44-362.04 after 10156.7 sec [total]
done with UBTa for K = 32.00-38.05 Q = 304.44-362.04 after 10156.9 sec [total]
done with UBTb for K = 32.00-38.05 Q = 304.44-362.04 after 10157.1 sec [total]
done with UBTbA for K = 32.00-38.05 Q = 304.44-362.04 after 10157.3 sec [total]
done with UBTbC for K = 32.00-38.05 Q = 304.44-362.04 after 10157.7 sec [total]
done with H for K = 32.00-38.05 Q = 304.44-362.04 after 10158.7 sec [total]
done with H++ for K = 32.00-38.05 Q = 304.44-362.04 after 10161.9 sec [total]
done with H+- for K = 32.00-38.05 Q = 304.44-362.04 after 10163.0 sec [total]
done with H-+ for K = 32.00-38.05 Q = 304.44-362.04 after 10164.1 sec [total]
done with H-- for K = 32.00-38.05 Q = 304.44-362.04 after 10165.2 sec [total]
done with UU for K = 38.05-45.25 Q = 304.44-362.04 after 10166.3 sec [total]
done with BB for K = 38.05-45.25 Q = 304.44-362.04 after 10167.4 sec [total]
done with UBTa for K = 38.05-45.25 Q = 304.44-362.04 after 10167.5 sec [total]
done with UBTb for K = 38.05-45.25 Q = 304.44-362.04 after 10167.7 sec [total]
done with UBTbA for K = 38.05-45.25 Q = 304.44-362.04 after 10167.9 sec [total]
done with UBTbC for K = 38.05-45.25 Q = 304.44-362.04 after 10168.3 sec [total]
done with H for K = 38.05-45.25 Q = 304.44-362.04 after 10169.3 sec [total]
done with H++ for K = 38.05-45.25 Q = 304.44-362.04 after 10172.5 sec [total]
done with H+- for K = 38.05-45.25 Q = 304.44-362.04 after 10173.7 sec [total]
done with H-+ for K = 38.05-45.25 Q = 304.44-362.04 after 10174.7 sec [total]
done with H-- for K = 38.05-45.25 Q = 304.44-362.04 after 10175.8 sec [total]
done with UU for K = 45.25-53.82 Q = 304.44-362.04 after 10176.9 sec [total]
done with BB for K = 45.25-53.82 Q = 304.44-362.04 after 10178.0 sec [total]
done with UBTa for K = 45.25-53.82 Q = 304.44-362.04 after 10178.1 sec [total]
done with UBTb for K = 45.25-53.82 Q = 304.44-362.04 after 10178.3 sec [total]
done with UBTbA for K = 45.25-53.82 Q = 304.44-362.04 after 10178.6 sec [total]
done with UBTbC for K = 45.25-53.82 Q = 304.44-362.04 after 10178.9 sec [total]
done with H for K = 45.25-53.82 Q = 304.44-362.04 after 10179.9 sec [total]
done with H++ for K = 45.25-53.82 Q = 304.44-362.04 after 10183.2 sec [total]
done with H+- for K = 45.25-53.82 Q = 304.44-362.04 after 10184.3 sec [total]
done with H-+ for K = 45.25-53.82 Q = 304.44-362.04 after 10185.3 sec [total]
done with H-- for K = 45.25-53.82 Q = 304.44-362.04 after 10186.4 sec [total]
done with UU for K = 53.82-64.00 Q = 304.44-362.04 after 10187.5 sec [total]
done with BB for K = 53.82-64.00 Q = 304.44-362.04 after 10188.5 sec [total]
done with UBTa for K = 53.82-64.00 Q = 304.44-362.04 after 10188.7 sec [total]
done with UBTb for K = 53.82-64.00 Q = 304.44-362.04 after 10188.9 sec [total]
done with UBTbA for K = 53.82-64.00 Q = 304.44-362.04 after 10189.1 sec [total]
done with UBTbC for K = 53.82-64.00 Q = 304.44-362.04 after 10189.5 sec [total]
done with H for K = 53.82-64.00 Q = 304.44-362.04 after 10190.5 sec [total]
done with H++ for K = 53.82-64.00 Q = 304.44-362.04 after 10193.8 sec [total]
done with H+- for K = 53.82-64.00 Q = 304.44-362.04 after 10194.8 sec [total]
done with H-+ for K = 53.82-64.00 Q = 304.44-362.04 after 10195.9 sec [total]
done with H-- for K = 53.82-64.00 Q = 304.44-362.04 after 10197.0 sec [total]
done with UU for K = 64.00-76.11 Q = 304.44-362.04 after 10198.1 sec [total]
done with BB for K = 64.00-76.11 Q = 304.44-362.04 after 10199.2 sec [total]
done with UBTa for K = 64.00-76.11 Q = 304.44-362.04 after 10199.3 sec [total]
done with UBTb for K = 64.00-76.11 Q = 304.44-362.04 after 10199.5 sec [total]
done with UBTbA for K = 64.00-76.11 Q = 304.44-362.04 after 10199.7 sec [total]
done with UBTbC for K = 64.00-76.11 Q = 304.44-362.04 after 10200.1 sec [total]
done with H for K = 64.00-76.11 Q = 304.44-362.04 after 10201.2 sec [total]
done with H++ for K = 64.00-76.11 Q = 304.44-362.04 after 10204.4 sec [total]
done with H+- for K = 64.00-76.11 Q = 304.44-362.04 after 10205.5 sec [total]
done with H-+ for K = 64.00-76.11 Q = 304.44-362.04 after 10206.6 sec [total]
done with H-- for K = 64.00-76.11 Q = 304.44-362.04 after 10207.7 sec [total]
done with UU for K = 76.11-90.51 Q = 304.44-362.04 after 10208.8 sec [total]
done with BB for K = 76.11-90.51 Q = 304.44-362.04 after 10209.8 sec [total]
done with UBTa for K = 76.11-90.51 Q = 304.44-362.04 after 10210.0 sec [total]
done with UBTb for K = 76.11-90.51 Q = 304.44-362.04 after 10210.2 sec [total]
done with UBTbA for K = 76.11-90.51 Q = 304.44-362.04 after 10210.4 sec [total]
done with UBTbC for K = 76.11-90.51 Q = 304.44-362.04 after 10210.7 sec [total]
done with H for K = 76.11-90.51 Q = 304.44-362.04 after 10211.8 sec [total]
done with H++ for K = 76.11-90.51 Q = 304.44-362.04 after 10215.0 sec [total]
done with H+- for K = 76.11-90.51 Q = 304.44-362.04 after 10216.1 sec [total]
done with H-+ for K = 76.11-90.51 Q = 304.44-362.04 after 10217.2 sec [total]
done with H-- for K = 76.11-90.51 Q = 304.44-362.04 after 10218.3 sec [total]
done with UU for K = 90.51-107.63 Q = 304.44-362.04 after 10219.4 sec [total]
done with BB for K = 90.51-107.63 Q = 304.44-362.04 after 10220.4 sec [total]
done with UBTa for K = 90.51-107.63 Q = 304.44-362.04 after 10220.6 sec [total]
done with UBTb for K = 90.51-107.63 Q = 304.44-362.04 after 10220.8 sec [total]
done with UBTbA for K = 90.51-107.63 Q = 304.44-362.04 after 10221.0 sec [total]
done with UBTbC for K = 90.51-107.63 Q = 304.44-362.04 after 10221.3 sec [total]
done with H for K = 90.51-107.63 Q = 304.44-362.04 after 10222.4 sec [total]
done with H++ for K = 90.51-107.63 Q = 304.44-362.04 after 10225.6 sec [total]
done with H+- for K = 90.51-107.63 Q = 304.44-362.04 after 10226.7 sec [total]
done with H-+ for K = 90.51-107.63 Q = 304.44-362.04 after 10227.8 sec [total]
done with H-- for K = 90.51-107.63 Q = 304.44-362.04 after 10228.9 sec [total]
done with UU for K = 107.63-128.00 Q = 304.44-362.04 after 10230.0 sec [total]
done with BB for K = 107.63-128.00 Q = 304.44-362.04 after 10231.0 sec [total]
done with UBTa for K = 107.63-128.00 Q = 304.44-362.04 after 10231.2 sec [total]
done with UBTb for K = 107.63-128.00 Q = 304.44-362.04 after 10231.4 sec [total]
done with UBTbA for K = 107.63-128.00 Q = 304.44-362.04 after 10231.6 sec [total]
done with UBTbC for K = 107.63-128.00 Q = 304.44-362.04 after 10232.0 sec [total]
done with H for K = 107.63-128.00 Q = 304.44-362.04 after 10233.0 sec [total]
done with H++ for K = 107.63-128.00 Q = 304.44-362.04 after 10236.2 sec [total]
done with H+- for K = 107.63-128.00 Q = 304.44-362.04 after 10237.3 sec [total]
done with H-+ for K = 107.63-128.00 Q = 304.44-362.04 after 10238.4 sec [total]
done with H-- for K = 107.63-128.00 Q = 304.44-362.04 after 10239.5 sec [total]
done with UU for K = 128.00-152.22 Q = 304.44-362.04 after 10240.6 sec [total]
done with BB for K = 128.00-152.22 Q = 304.44-362.04 after 10241.7 sec [total]
done with UBTa for K = 128.00-152.22 Q = 304.44-362.04 after 10241.9 sec [total]
done with UBTb for K = 128.00-152.22 Q = 304.44-362.04 after 10242.0 sec [total]
done with UBTbA for K = 128.00-152.22 Q = 304.44-362.04 after 10242.2 sec [total]
done with UBTbC for K = 128.00-152.22 Q = 304.44-362.04 after 10242.6 sec [total]
done with H for K = 128.00-152.22 Q = 304.44-362.04 after 10243.7 sec [total]
done with H++ for K = 128.00-152.22 Q = 304.44-362.04 after 10246.9 sec [total]
done with H+- for K = 128.00-152.22 Q = 304.44-362.04 after 10247.9 sec [total]
done with H-+ for K = 128.00-152.22 Q = 304.44-362.04 after 10249.1 sec [total]
done with H-- for K = 128.00-152.22 Q = 304.44-362.04 after 10250.2 sec [total]
done with UU for K = 152.22-181.02 Q = 304.44-362.04 after 10251.3 sec [total]
done with BB for K = 152.22-181.02 Q = 304.44-362.04 after 10252.3 sec [total]
done with UBTa for K = 152.22-181.02 Q = 304.44-362.04 after 10252.5 sec [total]
done with UBTb for K = 152.22-181.02 Q = 304.44-362.04 after 10252.7 sec [total]
done with UBTbA for K = 152.22-181.02 Q = 304.44-362.04 after 10252.9 sec [total]
done with UBTbC for K = 152.22-181.02 Q = 304.44-362.04 after 10253.3 sec [total]
done with H for K = 152.22-181.02 Q = 304.44-362.04 after 10254.3 sec [total]
done with H++ for K = 152.22-181.02 Q = 304.44-362.04 after 10257.6 sec [total]
done with H+- for K = 152.22-181.02 Q = 304.44-362.04 after 10258.6 sec [total]
done with H-+ for K = 152.22-181.02 Q = 304.44-362.04 after 10259.8 sec [total]
done with H-- for K = 152.22-181.02 Q = 304.44-362.04 after 10260.8 sec [total]
done with UU for K = 181.02-215.27 Q = 304.44-362.04 after 10261.9 sec [total]
done with BB for K = 181.02-215.27 Q = 304.44-362.04 after 10263.0 sec [total]
done with UBTa for K = 181.02-215.27 Q = 304.44-362.04 after 10263.2 sec [total]
done with UBTb for K = 181.02-215.27 Q = 304.44-362.04 after 10263.4 sec [total]
done with UBTbA for K = 181.02-215.27 Q = 304.44-362.04 after 10263.6 sec [total]
done with UBTbC for K = 181.02-215.27 Q = 304.44-362.04 after 10263.9 sec [total]
done with H for K = 181.02-215.27 Q = 304.44-362.04 after 10265.0 sec [total]
done with H++ for K = 181.02-215.27 Q = 304.44-362.04 after 10268.2 sec [total]
done with H+- for K = 181.02-215.27 Q = 304.44-362.04 after 10269.3 sec [total]
done with H-+ for K = 181.02-215.27 Q = 304.44-362.04 after 10270.4 sec [total]
done with H-- for K = 181.02-215.27 Q = 304.44-362.04 after 10271.4 sec [total]
done with UU for K = 215.27-256.00 Q = 304.44-362.04 after 10272.5 sec [total]
done with BB for K = 215.27-256.00 Q = 304.44-362.04 after 10273.6 sec [total]
done with UBTa for K = 215.27-256.00 Q = 304.44-362.04 after 10273.8 sec [total]
done with UBTb for K = 215.27-256.00 Q = 304.44-362.04 after 10274.0 sec [total]
done with UBTbA for K = 215.27-256.00 Q = 304.44-362.04 after 10274.2 sec [total]
done with UBTbC for K = 215.27-256.00 Q = 304.44-362.04 after 10274.5 sec [total]
done with H for K = 215.27-256.00 Q = 304.44-362.04 after 10275.6 sec [total]
done with H++ for K = 215.27-256.00 Q = 304.44-362.04 after 10278.9 sec [total]
done with H+- for K = 215.27-256.00 Q = 304.44-362.04 after 10279.9 sec [total]
done with H-+ for K = 215.27-256.00 Q = 304.44-362.04 after 10281.1 sec [total]
done with H-- for K = 215.27-256.00 Q = 304.44-362.04 after 10282.1 sec [total]
done with UU for K = 256.00-304.44 Q = 304.44-362.04 after 10283.2 sec [total]
done with BB for K = 256.00-304.44 Q = 304.44-362.04 after 10284.3 sec [total]
done with UBTa for K = 256.00-304.44 Q = 304.44-362.04 after 10284.4 sec [total]
done with UBTb for K = 256.00-304.44 Q = 304.44-362.04 after 10284.6 sec [total]
done with UBTbA for K = 256.00-304.44 Q = 304.44-362.04 after 10284.8 sec [total]
done with UBTbC for K = 256.00-304.44 Q = 304.44-362.04 after 10285.2 sec [total]
done with H for K = 256.00-304.44 Q = 304.44-362.04 after 10286.3 sec [total]
done with H++ for K = 256.00-304.44 Q = 304.44-362.04 after 10289.5 sec [total]
done with H+- for K = 256.00-304.44 Q = 304.44-362.04 after 10290.6 sec [total]
done with H-+ for K = 256.00-304.44 Q = 304.44-362.04 after 10291.7 sec [total]
done with H-- for K = 256.00-304.44 Q = 304.44-362.04 after 10292.7 sec [total]
done with UU for K = 304.44-362.04 Q = 304.44-362.04 after 10293.9 sec [total]
done with BB for K = 304.44-362.04 Q = 304.44-362.04 after 10294.9 sec [total]
done with UBTa for K = 304.44-362.04 Q = 304.44-362.04 after 10295.1 sec [total]
done with UBTb for K = 304.44-362.04 Q = 304.44-362.04 after 10295.3 sec [total]
done with UBTbA for K = 304.44-362.04 Q = 304.44-362.04 after 10295.5 sec [total]
done with UBTbC for K = 304.44-362.04 Q = 304.44-362.04 after 10295.9 sec [total]
done with H for K = 304.44-362.04 Q = 304.44-362.04 after 10296.9 sec [total]
done with H++ for K = 304.44-362.04 Q = 304.44-362.04 after 10300.2 sec [total]
done with H+- for K = 304.44-362.04 Q = 304.44-362.04 after 10301.3 sec [total]
done with H-+ for K = 304.44-362.04 Q = 304.44-362.04 after 10302.3 sec [total]
done with H-- for K = 304.44-362.04 Q = 304.44-362.04 after 10303.3 sec [total]
done with UU for K = 362.04-430.54 Q = 304.44-362.04 after 10304.4 sec [total]
done with BB for K = 362.04-430.54 Q = 304.44-362.04 after 10305.5 sec [total]
done with UBTa for K = 362.04-430.54 Q = 304.44-362.04 after 10305.7 sec [total]
done with UBTb for K = 362.04-430.54 Q = 304.44-362.04 after 10305.9 sec [total]
done with UBTbA for K = 362.04-430.54 Q = 304.44-362.04 after 10306.1 sec [total]
done with UBTbC for K = 362.04-430.54 Q = 304.44-362.04 after 10306.4 sec [total]
done with H for K = 362.04-430.54 Q = 304.44-362.04 after 10307.5 sec [total]
done with H++ for K = 362.04-430.54 Q = 304.44-362.04 after 10310.7 sec [total]
done with H+- for K = 362.04-430.54 Q = 304.44-362.04 after 10311.8 sec [total]
done with H-+ for K = 362.04-430.54 Q = 304.44-362.04 after 10312.9 sec [total]
done with H-- for K = 362.04-430.54 Q = 304.44-362.04 after 10313.9 sec [total]
done with UU for K = 430.54-512.00 Q = 304.44-362.04 after 10315.1 sec [total]
done with BB for K = 430.54-512.00 Q = 304.44-362.04 after 10316.1 sec [total]
done with UBTa for K = 430.54-512.00 Q = 304.44-362.04 after 10316.3 sec [total]
done with UBTb for K = 430.54-512.00 Q = 304.44-362.04 after 10316.5 sec [total]
done with UBTbA for K = 430.54-512.00 Q = 304.44-362.04 after 10316.7 sec [total]
done with UBTbC for K = 430.54-512.00 Q = 304.44-362.04 after 10317.1 sec [total]
done with H for K = 430.54-512.00 Q = 304.44-362.04 after 10318.1 sec [total]
done with H++ for K = 430.54-512.00 Q = 304.44-362.04 after 10321.3 sec [total]
done with H+- for K = 430.54-512.00 Q = 304.44-362.04 after 10322.4 sec [total]
done with H-+ for K = 430.54-512.00 Q = 304.44-362.04 after 10323.6 sec [total]
done with H-- for K = 430.54-512.00 Q = 304.44-362.04 after 10324.6 sec [total]
done with UU for K = 512.00-608.87 Q = 304.44-362.04 after 10325.7 sec [total]
done with BB for K = 512.00-608.87 Q = 304.44-362.04 after 10326.7 sec [total]
done with UBTa for K = 512.00-608.87 Q = 304.44-362.04 after 10326.9 sec [total]
done with UBTb for K = 512.00-608.87 Q = 304.44-362.04 after 10327.1 sec [total]
done with UBTbA for K = 512.00-608.87 Q = 304.44-362.04 after 10327.3 sec [total]
done with UBTbC for K = 512.00-608.87 Q = 304.44-362.04 after 10327.6 sec [total]
done with H for K = 512.00-608.87 Q = 304.44-362.04 after 10328.7 sec [total]
done with H++ for K = 512.00-608.87 Q = 304.44-362.04 after 10332.0 sec [total]
done with H+- for K = 512.00-608.87 Q = 304.44-362.04 after 10333.0 sec [total]
done with H-+ for K = 512.00-608.87 Q = 304.44-362.04 after 10334.1 sec [total]
done with H-- for K = 512.00-608.87 Q = 304.44-362.04 after 10335.2 sec [total]
done with UU for K = 608.87-724.08 Q = 304.44-362.04 after 10336.3 sec [total]
done with BB for K = 608.87-724.08 Q = 304.44-362.04 after 10337.3 sec [total]
done with UBTa for K = 608.87-724.08 Q = 304.44-362.04 after 10337.5 sec [total]
done with UBTb for K = 608.87-724.08 Q = 304.44-362.04 after 10337.7 sec [total]
done with UBTbA for K = 608.87-724.08 Q = 304.44-362.04 after 10337.9 sec [total]
done with UBTbC for K = 608.87-724.08 Q = 304.44-362.04 after 10338.3 sec [total]
done with H for K = 608.87-724.08 Q = 304.44-362.04 after 10339.4 sec [total]
done with H++ for K = 608.87-724.08 Q = 304.44-362.04 after 10342.6 sec [total]
done with H+- for K = 608.87-724.08 Q = 304.44-362.04 after 10343.6 sec [total]
done with H-+ for K = 608.87-724.08 Q = 304.44-362.04 after 10344.7 sec [total]
done with H-- for K = 608.87-724.08 Q = 304.44-362.04 after 10345.8 sec [total]
done with UU for K = 724.08-861.08 Q = 304.44-362.04 after 10346.9 sec [total]
done with BB for K = 724.08-861.08 Q = 304.44-362.04 after 10348.0 sec [total]
done with UBTa for K = 724.08-861.08 Q = 304.44-362.04 after 10348.2 sec [total]
done with UBTb for K = 724.08-861.08 Q = 304.44-362.04 after 10348.4 sec [total]
done with UBTbA for K = 724.08-861.08 Q = 304.44-362.04 after 10348.6 sec [total]
done with UBTbC for K = 724.08-861.08 Q = 304.44-362.04 after 10348.9 sec [total]
done with H for K = 724.08-861.08 Q = 304.44-362.04 after 10350.0 sec [total]
done with H++ for K = 724.08-861.08 Q = 304.44-362.04 after 10353.2 sec [total]
done with H+- for K = 724.08-861.08 Q = 304.44-362.04 after 10354.3 sec [total]
done with H-+ for K = 724.08-861.08 Q = 304.44-362.04 after 10355.4 sec [total]
done with H-- for K = 724.08-861.08 Q = 304.44-362.04 after 10356.4 sec [total]
done with UU for K = 861.08-1024.00 Q = 304.44-362.04 after 10357.5 sec [total]
done with BB for K = 861.08-1024.00 Q = 304.44-362.04 after 10358.6 sec [total]
done with UBTa for K = 861.08-1024.00 Q = 304.44-362.04 after 10358.8 sec [total]
done with UBTb for K = 861.08-1024.00 Q = 304.44-362.04 after 10359.0 sec [total]
done with UBTbA for K = 861.08-1024.00 Q = 304.44-362.04 after 10359.2 sec [total]
done with UBTbC for K = 861.08-1024.00 Q = 304.44-362.04 after 10359.6 sec [total]
done with H for K = 861.08-1024.00 Q = 304.44-362.04 after 10360.6 sec [total]
done with H++ for K = 861.08-1024.00 Q = 304.44-362.04 after 10363.9 sec [total]
done with H+- for K = 861.08-1024.00 Q = 304.44-362.04 after 10365.1 sec [total]
done with H-+ for K = 861.08-1024.00 Q = 304.44-362.04 after 10366.1 sec [total]
done with H-- for K = 861.08-1024.00 Q = 304.44-362.04 after 10367.0 sec [total]
done with UU for K = 0.00-3.36 Q = 362.04-430.54 after 10370.1 sec [total]
done with BB for K = 0.00-3.36 Q = 362.04-430.54 after 10373.4 sec [total]
done with UBTa for K = 0.00-3.36 Q = 362.04-430.54 after 10375.1 sec [total]
done with UBTb for K = 0.00-3.36 Q = 362.04-430.54 after 10376.9 sec [total]
done with UBTbA for K = 0.00-3.36 Q = 362.04-430.54 after 10378.6 sec [total]
done with UBTbC for K = 0.00-3.36 Q = 362.04-430.54 after 10379.0 sec [total]
done with H for K = 0.00-3.36 Q = 362.04-430.54 after 10380.1 sec [total]
done with H++ for K = 0.00-3.36 Q = 362.04-430.54 after 10383.3 sec [total]
done with H+- for K = 0.00-3.36 Q = 362.04-430.54 after 10384.4 sec [total]
done with H-+ for K = 0.00-3.36 Q = 362.04-430.54 after 10385.6 sec [total]
done with H-- for K = 0.00-3.36 Q = 362.04-430.54 after 10386.5 sec [total]
done with UU for K = 3.36-4.00 Q = 362.04-430.54 after 10387.6 sec [total]
done with BB for K = 3.36-4.00 Q = 362.04-430.54 after 10388.7 sec [total]
done with UBTa for K = 3.36-4.00 Q = 362.04-430.54 after 10388.9 sec [total]
done with UBTb for K = 3.36-4.00 Q = 362.04-430.54 after 10389.0 sec [total]
done with UBTbA for K = 3.36-4.00 Q = 362.04-430.54 after 10389.2 sec [total]
done with UBTbC for K = 3.36-4.00 Q = 362.04-430.54 after 10389.6 sec [total]
done with H for K = 3.36-4.00 Q = 362.04-430.54 after 10390.7 sec [total]
done with H++ for K = 3.36-4.00 Q = 362.04-430.54 after 10393.9 sec [total]
done with H+- for K = 3.36-4.00 Q = 362.04-430.54 after 10395.0 sec [total]
done with H-+ for K = 3.36-4.00 Q = 362.04-430.54 after 10396.1 sec [total]
done with H-- for K = 3.36-4.00 Q = 362.04-430.54 after 10397.2 sec [total]
done with UU for K = 4.00-4.76 Q = 362.04-430.54 after 10398.3 sec [total]
done with BB for K = 4.00-4.76 Q = 362.04-430.54 after 10399.3 sec [total]
done with UBTa for K = 4.00-4.76 Q = 362.04-430.54 after 10399.5 sec [total]
done with UBTb for K = 4.00-4.76 Q = 362.04-430.54 after 10399.7 sec [total]
done with UBTbA for K = 4.00-4.76 Q = 362.04-430.54 after 10399.9 sec [total]
done with UBTbC for K = 4.00-4.76 Q = 362.04-430.54 after 10400.3 sec [total]
done with H for K = 4.00-4.76 Q = 362.04-430.54 after 10401.4 sec [total]
done with H++ for K = 4.00-4.76 Q = 362.04-430.54 after 10404.6 sec [total]
done with H+- for K = 4.00-4.76 Q = 362.04-430.54 after 10405.7 sec [total]
done with H-+ for K = 4.00-4.76 Q = 362.04-430.54 after 10406.8 sec [total]
done with H-- for K = 4.00-4.76 Q = 362.04-430.54 after 10407.8 sec [total]
done with UU for K = 4.76-5.66 Q = 362.04-430.54 after 10408.9 sec [total]
done with BB for K = 4.76-5.66 Q = 362.04-430.54 after 10410.0 sec [total]
done with UBTa for K = 4.76-5.66 Q = 362.04-430.54 after 10410.1 sec [total]
done with UBTb for K = 4.76-5.66 Q = 362.04-430.54 after 10410.3 sec [total]
done with UBTbA for K = 4.76-5.66 Q = 362.04-430.54 after 10410.5 sec [total]
done with UBTbC for K = 4.76-5.66 Q = 362.04-430.54 after 10410.9 sec [total]
done with H for K = 4.76-5.66 Q = 362.04-430.54 after 10412.0 sec [total]
done with H++ for K = 4.76-5.66 Q = 362.04-430.54 after 10415.1 sec [total]
done with H+- for K = 4.76-5.66 Q = 362.04-430.54 after 10416.2 sec [total]
done with H-+ for K = 4.76-5.66 Q = 362.04-430.54 after 10417.4 sec [total]
done with H-- for K = 4.76-5.66 Q = 362.04-430.54 after 10418.4 sec [total]
done with UU for K = 5.66-6.73 Q = 362.04-430.54 after 10419.5 sec [total]
done with BB for K = 5.66-6.73 Q = 362.04-430.54 after 10420.6 sec [total]
done with UBTa for K = 5.66-6.73 Q = 362.04-430.54 after 10420.8 sec [total]
done with UBTb for K = 5.66-6.73 Q = 362.04-430.54 after 10421.0 sec [total]
done with UBTbA for K = 5.66-6.73 Q = 362.04-430.54 after 10421.2 sec [total]
done with UBTbC for K = 5.66-6.73 Q = 362.04-430.54 after 10421.6 sec [total]
done with H for K = 5.66-6.73 Q = 362.04-430.54 after 10422.6 sec [total]
done with H++ for K = 5.66-6.73 Q = 362.04-430.54 after 10425.8 sec [total]
done with H+- for K = 5.66-6.73 Q = 362.04-430.54 after 10426.9 sec [total]
done with H-+ for K = 5.66-6.73 Q = 362.04-430.54 after 10428.0 sec [total]
done with H-- for K = 5.66-6.73 Q = 362.04-430.54 after 10429.1 sec [total]
done with UU for K = 6.73-8.00 Q = 362.04-430.54 after 10430.2 sec [total]
done with BB for K = 6.73-8.00 Q = 362.04-430.54 after 10431.2 sec [total]
done with UBTa for K = 6.73-8.00 Q = 362.04-430.54 after 10431.4 sec [total]
done with UBTb for K = 6.73-8.00 Q = 362.04-430.54 after 10431.6 sec [total]
done with UBTbA for K = 6.73-8.00 Q = 362.04-430.54 after 10431.8 sec [total]
done with UBTbC for K = 6.73-8.00 Q = 362.04-430.54 after 10432.2 sec [total]
done with H for K = 6.73-8.00 Q = 362.04-430.54 after 10433.2 sec [total]
done with H++ for K = 6.73-8.00 Q = 362.04-430.54 after 10436.4 sec [total]
done with H+- for K = 6.73-8.00 Q = 362.04-430.54 after 10437.5 sec [total]
done with H-+ for K = 6.73-8.00 Q = 362.04-430.54 after 10438.6 sec [total]
done with H-- for K = 6.73-8.00 Q = 362.04-430.54 after 10439.6 sec [total]
done with UU for K = 8.00-9.51 Q = 362.04-430.54 after 10440.8 sec [total]
done with BB for K = 8.00-9.51 Q = 362.04-430.54 after 10441.9 sec [total]
done with UBTa for K = 8.00-9.51 Q = 362.04-430.54 after 10442.1 sec [total]
done with UBTb for K = 8.00-9.51 Q = 362.04-430.54 after 10442.3 sec [total]
done with UBTbA for K = 8.00-9.51 Q = 362.04-430.54 after 10442.5 sec [total]
done with UBTbC for K = 8.00-9.51 Q = 362.04-430.54 after 10442.8 sec [total]
done with H for K = 8.00-9.51 Q = 362.04-430.54 after 10443.9 sec [total]
done with H++ for K = 8.00-9.51 Q = 362.04-430.54 after 10447.1 sec [total]
done with H+- for K = 8.00-9.51 Q = 362.04-430.54 after 10448.2 sec [total]
done with H-+ for K = 8.00-9.51 Q = 362.04-430.54 after 10449.3 sec [total]
done with H-- for K = 8.00-9.51 Q = 362.04-430.54 after 10450.3 sec [total]
done with UU for K = 9.51-11.31 Q = 362.04-430.54 after 10451.4 sec [total]
done with BB for K = 9.51-11.31 Q = 362.04-430.54 after 10452.5 sec [total]
done with UBTa for K = 9.51-11.31 Q = 362.04-430.54 after 10452.7 sec [total]
done with UBTb for K = 9.51-11.31 Q = 362.04-430.54 after 10452.9 sec [total]
done with UBTbA for K = 9.51-11.31 Q = 362.04-430.54 after 10453.1 sec [total]
done with UBTbC for K = 9.51-11.31 Q = 362.04-430.54 after 10453.4 sec [total]
done with H for K = 9.51-11.31 Q = 362.04-430.54 after 10454.5 sec [total]
done with H++ for K = 9.51-11.31 Q = 362.04-430.54 after 10457.6 sec [total]
done with H+- for K = 9.51-11.31 Q = 362.04-430.54 after 10458.7 sec [total]
done with H-+ for K = 9.51-11.31 Q = 362.04-430.54 after 10459.8 sec [total]
done with H-- for K = 9.51-11.31 Q = 362.04-430.54 after 10460.9 sec [total]
done with UU for K = 11.31-13.45 Q = 362.04-430.54 after 10462.0 sec [total]
done with BB for K = 11.31-13.45 Q = 362.04-430.54 after 10463.0 sec [total]
done with UBTa for K = 11.31-13.45 Q = 362.04-430.54 after 10463.2 sec [total]
done with UBTb for K = 11.31-13.45 Q = 362.04-430.54 after 10463.4 sec [total]
done with UBTbA for K = 11.31-13.45 Q = 362.04-430.54 after 10463.7 sec [total]
done with UBTbC for K = 11.31-13.45 Q = 362.04-430.54 after 10464.0 sec [total]
done with H for K = 11.31-13.45 Q = 362.04-430.54 after 10465.0 sec [total]
done with H++ for K = 11.31-13.45 Q = 362.04-430.54 after 10468.2 sec [total]
done with H+- for K = 11.31-13.45 Q = 362.04-430.54 after 10469.3 sec [total]
done with H-+ for K = 11.31-13.45 Q = 362.04-430.54 after 10470.5 sec [total]
done with H-- for K = 11.31-13.45 Q = 362.04-430.54 after 10471.5 sec [total]
done with UU for K = 13.45-16.00 Q = 362.04-430.54 after 10472.6 sec [total]
done with BB for K = 13.45-16.00 Q = 362.04-430.54 after 10473.6 sec [total]
done with UBTa for K = 13.45-16.00 Q = 362.04-430.54 after 10473.8 sec [total]
done with UBTb for K = 13.45-16.00 Q = 362.04-430.54 after 10474.0 sec [total]
done with UBTbA for K = 13.45-16.00 Q = 362.04-430.54 after 10474.2 sec [total]
done with UBTbC for K = 13.45-16.00 Q = 362.04-430.54 after 10474.6 sec [total]
done with H for K = 13.45-16.00 Q = 362.04-430.54 after 10475.7 sec [total]
done with H++ for K = 13.45-16.00 Q = 362.04-430.54 after 10478.8 sec [total]
done with H+- for K = 13.45-16.00 Q = 362.04-430.54 after 10479.9 sec [total]
done with H-+ for K = 13.45-16.00 Q = 362.04-430.54 after 10481.0 sec [total]
done with H-- for K = 13.45-16.00 Q = 362.04-430.54 after 10482.1 sec [total]
done with UU for K = 16.00-19.03 Q = 362.04-430.54 after 10483.2 sec [total]
done with BB for K = 16.00-19.03 Q = 362.04-430.54 after 10484.3 sec [total]
done with UBTa for K = 16.00-19.03 Q = 362.04-430.54 after 10484.5 sec [total]
done with UBTb for K = 16.00-19.03 Q = 362.04-430.54 after 10484.7 sec [total]
done with UBTbA for K = 16.00-19.03 Q = 362.04-430.54 after 10484.9 sec [total]
done with UBTbC for K = 16.00-19.03 Q = 362.04-430.54 after 10485.2 sec [total]
done with H for K = 16.00-19.03 Q = 362.04-430.54 after 10486.3 sec [total]
done with H++ for K = 16.00-19.03 Q = 362.04-430.54 after 10489.5 sec [total]
done with H+- for K = 16.00-19.03 Q = 362.04-430.54 after 10490.6 sec [total]
done with H-+ for K = 16.00-19.03 Q = 362.04-430.54 after 10491.7 sec [total]
done with H-- for K = 16.00-19.03 Q = 362.04-430.54 after 10492.7 sec [total]
done with UU for K = 19.03-22.63 Q = 362.04-430.54 after 10493.8 sec [total]
done with BB for K = 19.03-22.63 Q = 362.04-430.54 after 10494.9 sec [total]
done with UBTa for K = 19.03-22.63 Q = 362.04-430.54 after 10495.1 sec [total]
done with UBTb for K = 19.03-22.63 Q = 362.04-430.54 after 10495.3 sec [total]
done with UBTbA for K = 19.03-22.63 Q = 362.04-430.54 after 10495.5 sec [total]
done with UBTbC for K = 19.03-22.63 Q = 362.04-430.54 after 10495.8 sec [total]
done with H for K = 19.03-22.63 Q = 362.04-430.54 after 10496.9 sec [total]
done with H++ for K = 19.03-22.63 Q = 362.04-430.54 after 10500.1 sec [total]
done with H+- for K = 19.03-22.63 Q = 362.04-430.54 after 10501.2 sec [total]
done with H-+ for K = 19.03-22.63 Q = 362.04-430.54 after 10502.3 sec [total]
done with H-- for K = 19.03-22.63 Q = 362.04-430.54 after 10503.4 sec [total]
done with UU for K = 22.63-26.91 Q = 362.04-430.54 after 10504.5 sec [total]
done with BB for K = 22.63-26.91 Q = 362.04-430.54 after 10505.5 sec [total]
done with UBTa for K = 22.63-26.91 Q = 362.04-430.54 after 10505.7 sec [total]
done with UBTb for K = 22.63-26.91 Q = 362.04-430.54 after 10505.9 sec [total]
done with UBTbA for K = 22.63-26.91 Q = 362.04-430.54 after 10506.1 sec [total]
done with UBTbC for K = 22.63-26.91 Q = 362.04-430.54 after 10506.5 sec [total]
done with H for K = 22.63-26.91 Q = 362.04-430.54 after 10507.5 sec [total]
done with H++ for K = 22.63-26.91 Q = 362.04-430.54 after 10510.8 sec [total]
done with H+- for K = 22.63-26.91 Q = 362.04-430.54 after 10511.8 sec [total]
done with H-+ for K = 22.63-26.91 Q = 362.04-430.54 after 10512.9 sec [total]
done with H-- for K = 22.63-26.91 Q = 362.04-430.54 after 10514.0 sec [total]
done with UU for K = 26.91-32.00 Q = 362.04-430.54 after 10515.1 sec [total]
done with BB for K = 26.91-32.00 Q = 362.04-430.54 after 10516.2 sec [total]
done with UBTa for K = 26.91-32.00 Q = 362.04-430.54 after 10516.4 sec [total]
done with UBTb for K = 26.91-32.00 Q = 362.04-430.54 after 10516.5 sec [total]
done with UBTbA for K = 26.91-32.00 Q = 362.04-430.54 after 10516.8 sec [total]
done with UBTbC for K = 26.91-32.00 Q = 362.04-430.54 after 10517.1 sec [total]
done with H for K = 26.91-32.00 Q = 362.04-430.54 after 10518.2 sec [total]
done with H++ for K = 26.91-32.00 Q = 362.04-430.54 after 10521.5 sec [total]
done with H+- for K = 26.91-32.00 Q = 362.04-430.54 after 10522.5 sec [total]
done with H-+ for K = 26.91-32.00 Q = 362.04-430.54 after 10523.6 sec [total]
done with H-- for K = 26.91-32.00 Q = 362.04-430.54 after 10524.6 sec [total]
done with UU for K = 32.00-38.05 Q = 362.04-430.54 after 10525.7 sec [total]
done with BB for K = 32.00-38.05 Q = 362.04-430.54 after 10526.8 sec [total]
done with UBTa for K = 32.00-38.05 Q = 362.04-430.54 after 10527.0 sec [total]
done with UBTb for K = 32.00-38.05 Q = 362.04-430.54 after 10527.2 sec [total]
done with UBTbA for K = 32.00-38.05 Q = 362.04-430.54 after 10527.4 sec [total]
done with UBTbC for K = 32.00-38.05 Q = 362.04-430.54 after 10527.8 sec [total]
done with H for K = 32.00-38.05 Q = 362.04-430.54 after 10528.8 sec [total]
done with H++ for K = 32.00-38.05 Q = 362.04-430.54 after 10532.0 sec [total]
done with H+- for K = 32.00-38.05 Q = 362.04-430.54 after 10533.1 sec [total]
done with H-+ for K = 32.00-38.05 Q = 362.04-430.54 after 10534.2 sec [total]
done with H-- for K = 32.00-38.05 Q = 362.04-430.54 after 10535.3 sec [total]
done with UU for K = 38.05-45.25 Q = 362.04-430.54 after 10536.4 sec [total]
done with BB for K = 38.05-45.25 Q = 362.04-430.54 after 10537.4 sec [total]
done with UBTa for K = 38.05-45.25 Q = 362.04-430.54 after 10537.6 sec [total]
done with UBTb for K = 38.05-45.25 Q = 362.04-430.54 after 10537.8 sec [total]
done with UBTbA for K = 38.05-45.25 Q = 362.04-430.54 after 10538.0 sec [total]
done with UBTbC for K = 38.05-45.25 Q = 362.04-430.54 after 10538.4 sec [total]
done with H for K = 38.05-45.25 Q = 362.04-430.54 after 10539.5 sec [total]
done with H++ for K = 38.05-45.25 Q = 362.04-430.54 after 10542.7 sec [total]
done with H+- for K = 38.05-45.25 Q = 362.04-430.54 after 10543.8 sec [total]
done with H-+ for K = 38.05-45.25 Q = 362.04-430.54 after 10544.9 sec [total]
done with H-- for K = 38.05-45.25 Q = 362.04-430.54 after 10545.9 sec [total]
done with UU for K = 45.25-53.82 Q = 362.04-430.54 after 10547.0 sec [total]
done with BB for K = 45.25-53.82 Q = 362.04-430.54 after 10548.1 sec [total]
done with UBTa for K = 45.25-53.82 Q = 362.04-430.54 after 10548.3 sec [total]
done with UBTb for K = 45.25-53.82 Q = 362.04-430.54 after 10548.5 sec [total]
done with UBTbA for K = 45.25-53.82 Q = 362.04-430.54 after 10548.7 sec [total]
done with UBTbC for K = 45.25-53.82 Q = 362.04-430.54 after 10549.0 sec [total]
done with H for K = 45.25-53.82 Q = 362.04-430.54 after 10550.1 sec [total]
done with H++ for K = 45.25-53.82 Q = 362.04-430.54 after 10553.3 sec [total]
done with H+- for K = 45.25-53.82 Q = 362.04-430.54 after 10554.4 sec [total]
done with H-+ for K = 45.25-53.82 Q = 362.04-430.54 after 10555.5 sec [total]
done with H-- for K = 45.25-53.82 Q = 362.04-430.54 after 10556.6 sec [total]
done with UU for K = 53.82-64.00 Q = 362.04-430.54 after 10557.6 sec [total]
done with BB for K = 53.82-64.00 Q = 362.04-430.54 after 10558.7 sec [total]
done with UBTa for K = 53.82-64.00 Q = 362.04-430.54 after 10558.9 sec [total]
done with UBTb for K = 53.82-64.00 Q = 362.04-430.54 after 10559.1 sec [total]
done with UBTbA for K = 53.82-64.00 Q = 362.04-430.54 after 10559.3 sec [total]
done with UBTbC for K = 53.82-64.00 Q = 362.04-430.54 after 10559.6 sec [total]
done with H for K = 53.82-64.00 Q = 362.04-430.54 after 10560.7 sec [total]
done with H++ for K = 53.82-64.00 Q = 362.04-430.54 after 10564.0 sec [total]
done with H+- for K = 53.82-64.00 Q = 362.04-430.54 after 10565.0 sec [total]
done with H-+ for K = 53.82-64.00 Q = 362.04-430.54 after 10566.1 sec [total]
done with H-- for K = 53.82-64.00 Q = 362.04-430.54 after 10567.1 sec [total]
done with UU for K = 64.00-76.11 Q = 362.04-430.54 after 10568.3 sec [total]
done with BB for K = 64.00-76.11 Q = 362.04-430.54 after 10569.3 sec [total]
done with UBTa for K = 64.00-76.11 Q = 362.04-430.54 after 10569.5 sec [total]
done with UBTb for K = 64.00-76.11 Q = 362.04-430.54 after 10569.7 sec [total]
done with UBTbA for K = 64.00-76.11 Q = 362.04-430.54 after 10569.9 sec [total]
done with UBTbC for K = 64.00-76.11 Q = 362.04-430.54 after 10570.2 sec [total]
done with H for K = 64.00-76.11 Q = 362.04-430.54 after 10571.3 sec [total]
done with H++ for K = 64.00-76.11 Q = 362.04-430.54 after 10574.7 sec [total]
done with H+- for K = 64.00-76.11 Q = 362.04-430.54 after 10575.7 sec [total]
done with H-+ for K = 64.00-76.11 Q = 362.04-430.54 after 10576.7 sec [total]
done with H-- for K = 64.00-76.11 Q = 362.04-430.54 after 10577.8 sec [total]
done with UU for K = 76.11-90.51 Q = 362.04-430.54 after 10578.9 sec [total]
done with BB for K = 76.11-90.51 Q = 362.04-430.54 after 10580.0 sec [total]
done with UBTa for K = 76.11-90.51 Q = 362.04-430.54 after 10580.2 sec [total]
done with UBTb for K = 76.11-90.51 Q = 362.04-430.54 after 10580.4 sec [total]
done with UBTbA for K = 76.11-90.51 Q = 362.04-430.54 after 10580.6 sec [total]
done with UBTbC for K = 76.11-90.51 Q = 362.04-430.54 after 10581.0 sec [total]
done with H for K = 76.11-90.51 Q = 362.04-430.54 after 10582.0 sec [total]
done with H++ for K = 76.11-90.51 Q = 362.04-430.54 after 10585.2 sec [total]
done with H+- for K = 76.11-90.51 Q = 362.04-430.54 after 10586.3 sec [total]
done with H-+ for K = 76.11-90.51 Q = 362.04-430.54 after 10587.4 sec [total]
done with H-- for K = 76.11-90.51 Q = 362.04-430.54 after 10588.4 sec [total]
done with UU for K = 90.51-107.63 Q = 362.04-430.54 after 10589.5 sec [total]
done with BB for K = 90.51-107.63 Q = 362.04-430.54 after 10590.6 sec [total]
done with UBTa for K = 90.51-107.63 Q = 362.04-430.54 after 10590.8 sec [total]
done with UBTb for K = 90.51-107.63 Q = 362.04-430.54 after 10591.0 sec [total]
done with UBTbA for K = 90.51-107.63 Q = 362.04-430.54 after 10591.2 sec [total]
done with UBTbC for K = 90.51-107.63 Q = 362.04-430.54 after 10591.6 sec [total]
done with H for K = 90.51-107.63 Q = 362.04-430.54 after 10592.6 sec [total]
done with H++ for K = 90.51-107.63 Q = 362.04-430.54 after 10595.9 sec [total]
done with H+- for K = 90.51-107.63 Q = 362.04-430.54 after 10597.0 sec [total]
done with H-+ for K = 90.51-107.63 Q = 362.04-430.54 after 10598.1 sec [total]
done with H-- for K = 90.51-107.63 Q = 362.04-430.54 after 10599.1 sec [total]
done with UU for K = 107.63-128.00 Q = 362.04-430.54 after 10600.2 sec [total]
done with BB for K = 107.63-128.00 Q = 362.04-430.54 after 10601.2 sec [total]
done with UBTa for K = 107.63-128.00 Q = 362.04-430.54 after 10601.4 sec [total]
done with UBTb for K = 107.63-128.00 Q = 362.04-430.54 after 10601.6 sec [total]
done with UBTbA for K = 107.63-128.00 Q = 362.04-430.54 after 10601.8 sec [total]
done with UBTbC for K = 107.63-128.00 Q = 362.04-430.54 after 10602.2 sec [total]
done with H for K = 107.63-128.00 Q = 362.04-430.54 after 10603.2 sec [total]
done with H++ for K = 107.63-128.00 Q = 362.04-430.54 after 10606.5 sec [total]
done with H+- for K = 107.63-128.00 Q = 362.04-430.54 after 10607.5 sec [total]
done with H-+ for K = 107.63-128.00 Q = 362.04-430.54 after 10608.6 sec [total]
done with H-- for K = 107.63-128.00 Q = 362.04-430.54 after 10609.7 sec [total]
done with UU for K = 128.00-152.22 Q = 362.04-430.54 after 10610.7 sec [total]
done with BB for K = 128.00-152.22 Q = 362.04-430.54 after 10611.8 sec [total]
done with UBTa for K = 128.00-152.22 Q = 362.04-430.54 after 10612.0 sec [total]
done with UBTb for K = 128.00-152.22 Q = 362.04-430.54 after 10612.2 sec [total]
done with UBTbA for K = 128.00-152.22 Q = 362.04-430.54 after 10612.4 sec [total]
done with UBTbC for K = 128.00-152.22 Q = 362.04-430.54 after 10612.8 sec [total]
done with H for K = 128.00-152.22 Q = 362.04-430.54 after 10613.8 sec [total]
done with H++ for K = 128.00-152.22 Q = 362.04-430.54 after 10617.0 sec [total]
done with H+- for K = 128.00-152.22 Q = 362.04-430.54 after 10618.1 sec [total]
done with H-+ for K = 128.00-152.22 Q = 362.04-430.54 after 10619.2 sec [total]
done with H-- for K = 128.00-152.22 Q = 362.04-430.54 after 10620.3 sec [total]
done with UU for K = 152.22-181.02 Q = 362.04-430.54 after 10621.4 sec [total]
done with BB for K = 152.22-181.02 Q = 362.04-430.54 after 10622.5 sec [total]
done with UBTa for K = 152.22-181.02 Q = 362.04-430.54 after 10622.7 sec [total]
done with UBTb for K = 152.22-181.02 Q = 362.04-430.54 after 10622.8 sec [total]
done with UBTbA for K = 152.22-181.02 Q = 362.04-430.54 after 10623.0 sec [total]
done with UBTbC for K = 152.22-181.02 Q = 362.04-430.54 after 10623.4 sec [total]
done with H for K = 152.22-181.02 Q = 362.04-430.54 after 10624.5 sec [total]
done with H++ for K = 152.22-181.02 Q = 362.04-430.54 after 10627.7 sec [total]
done with H+- for K = 152.22-181.02 Q = 362.04-430.54 after 10628.8 sec [total]
done with H-+ for K = 152.22-181.02 Q = 362.04-430.54 after 10629.8 sec [total]
done with H-- for K = 152.22-181.02 Q = 362.04-430.54 after 10630.9 sec [total]
done with UU for K = 181.02-215.27 Q = 362.04-430.54 after 10632.0 sec [total]
done with BB for K = 181.02-215.27 Q = 362.04-430.54 after 10633.1 sec [total]
done with UBTa for K = 181.02-215.27 Q = 362.04-430.54 after 10633.3 sec [total]
done with UBTb for K = 181.02-215.27 Q = 362.04-430.54 after 10633.5 sec [total]
done with UBTbA for K = 181.02-215.27 Q = 362.04-430.54 after 10633.7 sec [total]
done with UBTbC for K = 181.02-215.27 Q = 362.04-430.54 after 10634.1 sec [total]
done with H for K = 181.02-215.27 Q = 362.04-430.54 after 10635.1 sec [total]
done with H++ for K = 181.02-215.27 Q = 362.04-430.54 after 10638.3 sec [total]
done with H+- for K = 181.02-215.27 Q = 362.04-430.54 after 10639.4 sec [total]
done with H-+ for K = 181.02-215.27 Q = 362.04-430.54 after 10640.5 sec [total]
done with H-- for K = 181.02-215.27 Q = 362.04-430.54 after 10641.6 sec [total]
done with UU for K = 215.27-256.00 Q = 362.04-430.54 after 10642.6 sec [total]
done with BB for K = 215.27-256.00 Q = 362.04-430.54 after 10643.8 sec [total]
done with UBTa for K = 215.27-256.00 Q = 362.04-430.54 after 10644.0 sec [total]
done with UBTb for K = 215.27-256.00 Q = 362.04-430.54 after 10644.2 sec [total]
done with UBTbA for K = 215.27-256.00 Q = 362.04-430.54 after 10644.4 sec [total]
done with UBTbC for K = 215.27-256.00 Q = 362.04-430.54 after 10644.7 sec [total]
done with H for K = 215.27-256.00 Q = 362.04-430.54 after 10645.8 sec [total]
done with H++ for K = 215.27-256.00 Q = 362.04-430.54 after 10649.0 sec [total]
done with H+- for K = 215.27-256.00 Q = 362.04-430.54 after 10650.1 sec [total]
done with H-+ for K = 215.27-256.00 Q = 362.04-430.54 after 10651.2 sec [total]
done with H-- for K = 215.27-256.00 Q = 362.04-430.54 after 10652.2 sec [total]
done with UU for K = 256.00-304.44 Q = 362.04-430.54 after 10653.3 sec [total]
done with BB for K = 256.00-304.44 Q = 362.04-430.54 after 10654.4 sec [total]
done with UBTa for K = 256.00-304.44 Q = 362.04-430.54 after 10654.6 sec [total]
done with UBTb for K = 256.00-304.44 Q = 362.04-430.54 after 10654.8 sec [total]
done with UBTbA for K = 256.00-304.44 Q = 362.04-430.54 after 10655.0 sec [total]
done with UBTbC for K = 256.00-304.44 Q = 362.04-430.54 after 10655.3 sec [total]
done with H for K = 256.00-304.44 Q = 362.04-430.54 after 10656.4 sec [total]
done with H++ for K = 256.00-304.44 Q = 362.04-430.54 after 10659.5 sec [total]
done with H+- for K = 256.00-304.44 Q = 362.04-430.54 after 10660.6 sec [total]
done with H-+ for K = 256.00-304.44 Q = 362.04-430.54 after 10661.7 sec [total]
done with H-- for K = 256.00-304.44 Q = 362.04-430.54 after 10662.8 sec [total]
done with UU for K = 304.44-362.04 Q = 362.04-430.54 after 10663.9 sec [total]
done with BB for K = 304.44-362.04 Q = 362.04-430.54 after 10665.0 sec [total]
done with UBTa for K = 304.44-362.04 Q = 362.04-430.54 after 10665.2 sec [total]
done with UBTb for K = 304.44-362.04 Q = 362.04-430.54 after 10665.4 sec [total]
done with UBTbA for K = 304.44-362.04 Q = 362.04-430.54 after 10665.6 sec [total]
done with UBTbC for K = 304.44-362.04 Q = 362.04-430.54 after 10665.9 sec [total]
done with H for K = 304.44-362.04 Q = 362.04-430.54 after 10667.0 sec [total]
done with H++ for K = 304.44-362.04 Q = 362.04-430.54 after 10670.2 sec [total]
done with H+- for K = 304.44-362.04 Q = 362.04-430.54 after 10671.3 sec [total]
done with H-+ for K = 304.44-362.04 Q = 362.04-430.54 after 10672.4 sec [total]
done with H-- for K = 304.44-362.04 Q = 362.04-430.54 after 10673.4 sec [total]
done with UU for K = 362.04-430.54 Q = 362.04-430.54 after 10674.6 sec [total]
done with BB for K = 362.04-430.54 Q = 362.04-430.54 after 10675.6 sec [total]
done with UBTa for K = 362.04-430.54 Q = 362.04-430.54 after 10675.8 sec [total]
done with UBTb for K = 362.04-430.54 Q = 362.04-430.54 after 10676.0 sec [total]
done with UBTbA for K = 362.04-430.54 Q = 362.04-430.54 after 10676.2 sec [total]
done with UBTbC for K = 362.04-430.54 Q = 362.04-430.54 after 10676.5 sec [total]
done with H for K = 362.04-430.54 Q = 362.04-430.54 after 10677.7 sec [total]
done with H++ for K = 362.04-430.54 Q = 362.04-430.54 after 10680.9 sec [total]
done with H+- for K = 362.04-430.54 Q = 362.04-430.54 after 10682.0 sec [total]
done with H-+ for K = 362.04-430.54 Q = 362.04-430.54 after 10683.1 sec [total]
done with H-- for K = 362.04-430.54 Q = 362.04-430.54 after 10684.1 sec [total]
done with UU for K = 430.54-512.00 Q = 362.04-430.54 after 10685.3 sec [total]
done with BB for K = 430.54-512.00 Q = 362.04-430.54 after 10686.3 sec [total]
done with UBTa for K = 430.54-512.00 Q = 362.04-430.54 after 10686.5 sec [total]
done with UBTb for K = 430.54-512.00 Q = 362.04-430.54 after 10686.7 sec [total]
done with UBTbA for K = 430.54-512.00 Q = 362.04-430.54 after 10686.9 sec [total]
done with UBTbC for K = 430.54-512.00 Q = 362.04-430.54 after 10687.3 sec [total]
done with H for K = 430.54-512.00 Q = 362.04-430.54 after 10688.3 sec [total]
done with H++ for K = 430.54-512.00 Q = 362.04-430.54 after 10691.6 sec [total]
done with H+- for K = 430.54-512.00 Q = 362.04-430.54 after 10692.6 sec [total]
done with H-+ for K = 430.54-512.00 Q = 362.04-430.54 after 10693.7 sec [total]
done with H-- for K = 430.54-512.00 Q = 362.04-430.54 after 10694.8 sec [total]
done with UU for K = 512.00-608.87 Q = 362.04-430.54 after 10695.8 sec [total]
done with BB for K = 512.00-608.87 Q = 362.04-430.54 after 10696.9 sec [total]
done with UBTa for K = 512.00-608.87 Q = 362.04-430.54 after 10697.1 sec [total]
done with UBTb for K = 512.00-608.87 Q = 362.04-430.54 after 10697.3 sec [total]
done with UBTbA for K = 512.00-608.87 Q = 362.04-430.54 after 10697.5 sec [total]
done with UBTbC for K = 512.00-608.87 Q = 362.04-430.54 after 10697.9 sec [total]
done with H for K = 512.00-608.87 Q = 362.04-430.54 after 10698.9 sec [total]
done with H++ for K = 512.00-608.87 Q = 362.04-430.54 after 10702.4 sec [total]
done with H+- for K = 512.00-608.87 Q = 362.04-430.54 after 10703.4 sec [total]
done with H-+ for K = 512.00-608.87 Q = 362.04-430.54 after 10704.5 sec [total]
done with H-- for K = 512.00-608.87 Q = 362.04-430.54 after 10705.3 sec [total]
done with UU for K = 608.87-724.08 Q = 362.04-430.54 after 10706.4 sec [total]
done with BB for K = 608.87-724.08 Q = 362.04-430.54 after 10707.5 sec [total]
done with UBTa for K = 608.87-724.08 Q = 362.04-430.54 after 10707.7 sec [total]
done with UBTb for K = 608.87-724.08 Q = 362.04-430.54 after 10707.9 sec [total]
done with UBTbA for K = 608.87-724.08 Q = 362.04-430.54 after 10708.1 sec [total]
done with UBTbC for K = 608.87-724.08 Q = 362.04-430.54 after 10708.4 sec [total]
done with H for K = 608.87-724.08 Q = 362.04-430.54 after 10709.5 sec [total]
done with H++ for K = 608.87-724.08 Q = 362.04-430.54 after 10712.7 sec [total]
done with H+- for K = 608.87-724.08 Q = 362.04-430.54 after 10713.8 sec [total]
done with H-+ for K = 608.87-724.08 Q = 362.04-430.54 after 10714.9 sec [total]
done with H-- for K = 608.87-724.08 Q = 362.04-430.54 after 10716.0 sec [total]
done with UU for K = 724.08-861.08 Q = 362.04-430.54 after 10717.1 sec [total]
done with BB for K = 724.08-861.08 Q = 362.04-430.54 after 10718.1 sec [total]
done with UBTa for K = 724.08-861.08 Q = 362.04-430.54 after 10718.3 sec [total]
done with UBTb for K = 724.08-861.08 Q = 362.04-430.54 after 10718.5 sec [total]
done with UBTbA for K = 724.08-861.08 Q = 362.04-430.54 after 10718.7 sec [total]
done with UBTbC for K = 724.08-861.08 Q = 362.04-430.54 after 10719.0 sec [total]
done with H for K = 724.08-861.08 Q = 362.04-430.54 after 10720.1 sec [total]
done with H++ for K = 724.08-861.08 Q = 362.04-430.54 after 10723.3 sec [total]
done with H+- for K = 724.08-861.08 Q = 362.04-430.54 after 10724.4 sec [total]
done with H-+ for K = 724.08-861.08 Q = 362.04-430.54 after 10725.5 sec [total]
done with H-- for K = 724.08-861.08 Q = 362.04-430.54 after 10726.5 sec [total]
done with UU for K = 861.08-1024.00 Q = 362.04-430.54 after 10727.7 sec [total]
done with BB for K = 861.08-1024.00 Q = 362.04-430.54 after 10728.7 sec [total]
done with UBTa for K = 861.08-1024.00 Q = 362.04-430.54 after 10728.9 sec [total]
done with UBTb for K = 861.08-1024.00 Q = 362.04-430.54 after 10729.1 sec [total]
done with UBTbA for K = 861.08-1024.00 Q = 362.04-430.54 after 10729.3 sec [total]
done with UBTbC for K = 861.08-1024.00 Q = 362.04-430.54 after 10729.6 sec [total]
done with H for K = 861.08-1024.00 Q = 362.04-430.54 after 10730.7 sec [total]
done with H++ for K = 861.08-1024.00 Q = 362.04-430.54 after 10733.9 sec [total]
done with H+- for K = 861.08-1024.00 Q = 362.04-430.54 after 10735.1 sec [total]
done with H-+ for K = 861.08-1024.00 Q = 362.04-430.54 after 10736.2 sec [total]
done with H-- for K = 861.08-1024.00 Q = 362.04-430.54 after 10737.1 sec [total]
done with UU for K = 0.00-3.36 Q = 430.54-512.00 after 10740.3 sec [total]
done with BB for K = 0.00-3.36 Q = 430.54-512.00 after 10743.5 sec [total]
done with UBTa for K = 0.00-3.36 Q = 430.54-512.00 after 10745.3 sec [total]
done with UBTb for K = 0.00-3.36 Q = 430.54-512.00 after 10747.0 sec [total]
done with UBTbA for K = 0.00-3.36 Q = 430.54-512.00 after 10748.8 sec [total]
done with UBTbC for K = 0.00-3.36 Q = 430.54-512.00 after 10749.2 sec [total]
done with H for K = 0.00-3.36 Q = 430.54-512.00 after 10750.3 sec [total]
done with H++ for K = 0.00-3.36 Q = 430.54-512.00 after 10753.5 sec [total]
done with H+- for K = 0.00-3.36 Q = 430.54-512.00 after 10754.6 sec [total]
done with H-+ for K = 0.00-3.36 Q = 430.54-512.00 after 10755.7 sec [total]
done with H-- for K = 0.00-3.36 Q = 430.54-512.00 after 10756.8 sec [total]
done with UU for K = 3.36-4.00 Q = 430.54-512.00 after 10757.9 sec [total]
done with BB for K = 3.36-4.00 Q = 430.54-512.00 after 10758.9 sec [total]
done with UBTa for K = 3.36-4.00 Q = 430.54-512.00 after 10759.1 sec [total]
done with UBTb for K = 3.36-4.00 Q = 430.54-512.00 after 10759.3 sec [total]
done with UBTbA for K = 3.36-4.00 Q = 430.54-512.00 after 10759.5 sec [total]
done with UBTbC for K = 3.36-4.00 Q = 430.54-512.00 after 10759.8 sec [total]
done with H for K = 3.36-4.00 Q = 430.54-512.00 after 10760.9 sec [total]
done with H++ for K = 3.36-4.00 Q = 430.54-512.00 after 10764.1 sec [total]
done with H+- for K = 3.36-4.00 Q = 430.54-512.00 after 10765.2 sec [total]
done with H-+ for K = 3.36-4.00 Q = 430.54-512.00 after 10766.3 sec [total]
done with H-- for K = 3.36-4.00 Q = 430.54-512.00 after 10767.4 sec [total]
done with UU for K = 4.00-4.76 Q = 430.54-512.00 after 10768.5 sec [total]
done with BB for K = 4.00-4.76 Q = 430.54-512.00 after 10769.6 sec [total]
done with UBTa for K = 4.00-4.76 Q = 430.54-512.00 after 10769.8 sec [total]
done with UBTb for K = 4.00-4.76 Q = 430.54-512.00 after 10769.9 sec [total]
done with UBTbA for K = 4.00-4.76 Q = 430.54-512.00 after 10770.1 sec [total]
done with UBTbC for K = 4.00-4.76 Q = 430.54-512.00 after 10770.5 sec [total]
done with H for K = 4.00-4.76 Q = 430.54-512.00 after 10771.6 sec [total]
done with H++ for K = 4.00-4.76 Q = 430.54-512.00 after 10774.7 sec [total]
done with H+- for K = 4.00-4.76 Q = 430.54-512.00 after 10775.8 sec [total]
done with H-+ for K = 4.00-4.76 Q = 430.54-512.00 after 10776.9 sec [total]
done with H-- for K = 4.00-4.76 Q = 430.54-512.00 after 10778.0 sec [total]
done with UU for K = 4.76-5.66 Q = 430.54-512.00 after 10779.1 sec [total]
done with BB for K = 4.76-5.66 Q = 430.54-512.00 after 10780.2 sec [total]
done with UBTa for K = 4.76-5.66 Q = 430.54-512.00 after 10780.4 sec [total]
done with UBTb for K = 4.76-5.66 Q = 430.54-512.00 after 10780.5 sec [total]
done with UBTbA for K = 4.76-5.66 Q = 430.54-512.00 after 10780.7 sec [total]
done with UBTbC for K = 4.76-5.66 Q = 430.54-512.00 after 10781.1 sec [total]
done with H for K = 4.76-5.66 Q = 430.54-512.00 after 10782.2 sec [total]
done with H++ for K = 4.76-5.66 Q = 430.54-512.00 after 10785.4 sec [total]
done with H+- for K = 4.76-5.66 Q = 430.54-512.00 after 10786.4 sec [total]
done with H-+ for K = 4.76-5.66 Q = 430.54-512.00 after 10787.6 sec [total]
done with H-- for K = 4.76-5.66 Q = 430.54-512.00 after 10788.6 sec [total]
done with UU for K = 5.66-6.73 Q = 430.54-512.00 after 10789.8 sec [total]
done with BB for K = 5.66-6.73 Q = 430.54-512.00 after 10790.8 sec [total]
done with UBTa for K = 5.66-6.73 Q = 430.54-512.00 after 10791.0 sec [total]
done with UBTb for K = 5.66-6.73 Q = 430.54-512.00 after 10791.2 sec [total]
done with UBTbA for K = 5.66-6.73 Q = 430.54-512.00 after 10791.5 sec [total]
done with UBTbC for K = 5.66-6.73 Q = 430.54-512.00 after 10791.8 sec [total]
done with H for K = 5.66-6.73 Q = 430.54-512.00 after 10792.9 sec [total]
done with H++ for K = 5.66-6.73 Q = 430.54-512.00 after 10796.1 sec [total]
done with H+- for K = 5.66-6.73 Q = 430.54-512.00 after 10797.2 sec [total]
done with H-+ for K = 5.66-6.73 Q = 430.54-512.00 after 10798.3 sec [total]
done with H-- for K = 5.66-6.73 Q = 430.54-512.00 after 10799.3 sec [total]
done with UU for K = 6.73-8.00 Q = 430.54-512.00 after 10800.4 sec [total]
done with BB for K = 6.73-8.00 Q = 430.54-512.00 after 10801.4 sec [total]
done with UBTa for K = 6.73-8.00 Q = 430.54-512.00 after 10801.6 sec [total]
done with UBTb for K = 6.73-8.00 Q = 430.54-512.00 after 10801.8 sec [total]
done with UBTbA for K = 6.73-8.00 Q = 430.54-512.00 after 10802.0 sec [total]
done with UBTbC for K = 6.73-8.00 Q = 430.54-512.00 after 10802.3 sec [total]
done with H for K = 6.73-8.00 Q = 430.54-512.00 after 10803.4 sec [total]
done with H++ for K = 6.73-8.00 Q = 430.54-512.00 after 10806.6 sec [total]
done with H+- for K = 6.73-8.00 Q = 430.54-512.00 after 10807.7 sec [total]
done with H-+ for K = 6.73-8.00 Q = 430.54-512.00 after 10808.8 sec [total]
done with H-- for K = 6.73-8.00 Q = 430.54-512.00 after 10809.9 sec [total]
done with UU for K = 8.00-9.51 Q = 430.54-512.00 after 10810.9 sec [total]
done with BB for K = 8.00-9.51 Q = 430.54-512.00 after 10812.0 sec [total]
done with UBTa for K = 8.00-9.51 Q = 430.54-512.00 after 10812.2 sec [total]
done with UBTb for K = 8.00-9.51 Q = 430.54-512.00 after 10812.4 sec [total]
done with UBTbA for K = 8.00-9.51 Q = 430.54-512.00 after 10812.5 sec [total]
done with UBTbC for K = 8.00-9.51 Q = 430.54-512.00 after 10812.9 sec [total]
done with H for K = 8.00-9.51 Q = 430.54-512.00 after 10814.0 sec [total]
done with H++ for K = 8.00-9.51 Q = 430.54-512.00 after 10817.2 sec [total]
done with H+- for K = 8.00-9.51 Q = 430.54-512.00 after 10818.4 sec [total]
done with H-+ for K = 8.00-9.51 Q = 430.54-512.00 after 10819.4 sec [total]
done with H-- for K = 8.00-9.51 Q = 430.54-512.00 after 10820.5 sec [total]
done with UU for K = 9.51-11.31 Q = 430.54-512.00 after 10821.5 sec [total]
done with BB for K = 9.51-11.31 Q = 430.54-512.00 after 10822.6 sec [total]
done with UBTa for K = 9.51-11.31 Q = 430.54-512.00 after 10822.8 sec [total]
done with UBTb for K = 9.51-11.31 Q = 430.54-512.00 after 10823.0 sec [total]
done with UBTbA for K = 9.51-11.31 Q = 430.54-512.00 after 10823.2 sec [total]
done with UBTbC for K = 9.51-11.31 Q = 430.54-512.00 after 10823.6 sec [total]
done with H for K = 9.51-11.31 Q = 430.54-512.00 after 10824.6 sec [total]
done with H++ for K = 9.51-11.31 Q = 430.54-512.00 after 10827.8 sec [total]
done with H+- for K = 9.51-11.31 Q = 430.54-512.00 after 10828.9 sec [total]
done with H-+ for K = 9.51-11.31 Q = 430.54-512.00 after 10830.0 sec [total]
done with H-- for K = 9.51-11.31 Q = 430.54-512.00 after 10831.1 sec [total]
done with UU for K = 11.31-13.45 Q = 430.54-512.00 after 10832.2 sec [total]
done with BB for K = 11.31-13.45 Q = 430.54-512.00 after 10833.2 sec [total]
done with UBTa for K = 11.31-13.45 Q = 430.54-512.00 after 10833.4 sec [total]
done with UBTb for K = 11.31-13.45 Q = 430.54-512.00 after 10833.6 sec [total]
done with UBTbA for K = 11.31-13.45 Q = 430.54-512.00 after 10833.8 sec [total]
done with UBTbC for K = 11.31-13.45 Q = 430.54-512.00 after 10834.2 sec [total]
done with H for K = 11.31-13.45 Q = 430.54-512.00 after 10835.3 sec [total]
done with H++ for K = 11.31-13.45 Q = 430.54-512.00 after 10838.5 sec [total]
done with H+- for K = 11.31-13.45 Q = 430.54-512.00 after 10839.5 sec [total]
done with H-+ for K = 11.31-13.45 Q = 430.54-512.00 after 10840.7 sec [total]
done with H-- for K = 11.31-13.45 Q = 430.54-512.00 after 10841.7 sec [total]
done with UU for K = 13.45-16.00 Q = 430.54-512.00 after 10842.8 sec [total]
done with BB for K = 13.45-16.00 Q = 430.54-512.00 after 10843.9 sec [total]
done with UBTa for K = 13.45-16.00 Q = 430.54-512.00 after 10844.1 sec [total]
done with UBTb for K = 13.45-16.00 Q = 430.54-512.00 after 10844.2 sec [total]
done with UBTbA for K = 13.45-16.00 Q = 430.54-512.00 after 10844.4 sec [total]
done with UBTbC for K = 13.45-16.00 Q = 430.54-512.00 after 10844.8 sec [total]
done with H for K = 13.45-16.00 Q = 430.54-512.00 after 10845.9 sec [total]
done with H++ for K = 13.45-16.00 Q = 430.54-512.00 after 10849.0 sec [total]
done with H+- for K = 13.45-16.00 Q = 430.54-512.00 after 10850.1 sec [total]
done with H-+ for K = 13.45-16.00 Q = 430.54-512.00 after 10851.3 sec [total]
done with H-- for K = 13.45-16.00 Q = 430.54-512.00 after 10852.3 sec [total]
done with UU for K = 16.00-19.03 Q = 430.54-512.00 after 10853.4 sec [total]
done with BB for K = 16.00-19.03 Q = 430.54-512.00 after 10854.5 sec [total]
done with UBTa for K = 16.00-19.03 Q = 430.54-512.00 after 10854.7 sec [total]
done with UBTb for K = 16.00-19.03 Q = 430.54-512.00 after 10854.9 sec [total]
done with UBTbA for K = 16.00-19.03 Q = 430.54-512.00 after 10855.1 sec [total]
done with UBTbC for K = 16.00-19.03 Q = 430.54-512.00 after 10855.4 sec [total]
done with H for K = 16.00-19.03 Q = 430.54-512.00 after 10856.5 sec [total]
done with H++ for K = 16.00-19.03 Q = 430.54-512.00 after 10859.7 sec [total]
done with H+- for K = 16.00-19.03 Q = 430.54-512.00 after 10860.8 sec [total]
done with H-+ for K = 16.00-19.03 Q = 430.54-512.00 after 10861.9 sec [total]
done with H-- for K = 16.00-19.03 Q = 430.54-512.00 after 10863.0 sec [total]
done with UU for K = 19.03-22.63 Q = 430.54-512.00 after 10864.1 sec [total]
done with BB for K = 19.03-22.63 Q = 430.54-512.00 after 10865.1 sec [total]
done with UBTa for K = 19.03-22.63 Q = 430.54-512.00 after 10865.3 sec [total]
done with UBTb for K = 19.03-22.63 Q = 430.54-512.00 after 10865.5 sec [total]
done with UBTbA for K = 19.03-22.63 Q = 430.54-512.00 after 10865.7 sec [total]
done with UBTbC for K = 19.03-22.63 Q = 430.54-512.00 after 10866.1 sec [total]
done with H for K = 19.03-22.63 Q = 430.54-512.00 after 10867.1 sec [total]
done with H++ for K = 19.03-22.63 Q = 430.54-512.00 after 10870.4 sec [total]
done with H+- for K = 19.03-22.63 Q = 430.54-512.00 after 10871.4 sec [total]
done with H-+ for K = 19.03-22.63 Q = 430.54-512.00 after 10872.5 sec [total]
done with H-- for K = 19.03-22.63 Q = 430.54-512.00 after 10873.5 sec [total]
done with UU for K = 22.63-26.91 Q = 430.54-512.00 after 10874.7 sec [total]
done with BB for K = 22.63-26.91 Q = 430.54-512.00 after 10875.8 sec [total]
done with UBTa for K = 22.63-26.91 Q = 430.54-512.00 after 10875.9 sec [total]
done with UBTb for K = 22.63-26.91 Q = 430.54-512.00 after 10876.1 sec [total]
done with UBTbA for K = 22.63-26.91 Q = 430.54-512.00 after 10876.3 sec [total]
done with UBTbC for K = 22.63-26.91 Q = 430.54-512.00 after 10876.7 sec [total]
done with H for K = 22.63-26.91 Q = 430.54-512.00 after 10877.8 sec [total]
done with H++ for K = 22.63-26.91 Q = 430.54-512.00 after 10881.0 sec [total]
done with H+- for K = 22.63-26.91 Q = 430.54-512.00 after 10882.0 sec [total]
done with H-+ for K = 22.63-26.91 Q = 430.54-512.00 after 10883.1 sec [total]
done with H-- for K = 22.63-26.91 Q = 430.54-512.00 after 10884.2 sec [total]
done with UU for K = 26.91-32.00 Q = 430.54-512.00 after 10885.3 sec [total]
done with BB for K = 26.91-32.00 Q = 430.54-512.00 after 10886.4 sec [total]
done with UBTa for K = 26.91-32.00 Q = 430.54-512.00 after 10886.5 sec [total]
done with UBTb for K = 26.91-32.00 Q = 430.54-512.00 after 10886.7 sec [total]
done with UBTbA for K = 26.91-32.00 Q = 430.54-512.00 after 10886.9 sec [total]
done with UBTbC for K = 26.91-32.00 Q = 430.54-512.00 after 10887.2 sec [total]
done with H for K = 26.91-32.00 Q = 430.54-512.00 after 10888.4 sec [total]
done with H++ for K = 26.91-32.00 Q = 430.54-512.00 after 10891.6 sec [total]
done with H+- for K = 26.91-32.00 Q = 430.54-512.00 after 10892.6 sec [total]
done with H-+ for K = 26.91-32.00 Q = 430.54-512.00 after 10893.7 sec [total]
done with H-- for K = 26.91-32.00 Q = 430.54-512.00 after 10894.8 sec [total]
done with UU for K = 32.00-38.05 Q = 430.54-512.00 after 10895.9 sec [total]
done with BB for K = 32.00-38.05 Q = 430.54-512.00 after 10897.0 sec [total]
done with UBTa for K = 32.00-38.05 Q = 430.54-512.00 after 10897.2 sec [total]
done with UBTb for K = 32.00-38.05 Q = 430.54-512.00 after 10897.4 sec [total]
done with UBTbA for K = 32.00-38.05 Q = 430.54-512.00 after 10897.6 sec [total]
done with UBTbC for K = 32.00-38.05 Q = 430.54-512.00 after 10898.0 sec [total]
done with H for K = 32.00-38.05 Q = 430.54-512.00 after 10899.0 sec [total]
done with H++ for K = 32.00-38.05 Q = 430.54-512.00 after 10902.2 sec [total]
done with H+- for K = 32.00-38.05 Q = 430.54-512.00 after 10903.3 sec [total]
done with H-+ for K = 32.00-38.05 Q = 430.54-512.00 after 10904.4 sec [total]
done with H-- for K = 32.00-38.05 Q = 430.54-512.00 after 10905.4 sec [total]
done with UU for K = 38.05-45.25 Q = 430.54-512.00 after 10906.6 sec [total]
done with BB for K = 38.05-45.25 Q = 430.54-512.00 after 10907.6 sec [total]
done with UBTa for K = 38.05-45.25 Q = 430.54-512.00 after 10907.8 sec [total]
done with UBTb for K = 38.05-45.25 Q = 430.54-512.00 after 10908.0 sec [total]
done with UBTbA for K = 38.05-45.25 Q = 430.54-512.00 after 10908.2 sec [total]
done with UBTbC for K = 38.05-45.25 Q = 430.54-512.00 after 10908.5 sec [total]
done with H for K = 38.05-45.25 Q = 430.54-512.00 after 10909.6 sec [total]
done with H++ for K = 38.05-45.25 Q = 430.54-512.00 after 10912.9 sec [total]
done with H+- for K = 38.05-45.25 Q = 430.54-512.00 after 10914.0 sec [total]
done with H-+ for K = 38.05-45.25 Q = 430.54-512.00 after 10915.1 sec [total]
done with H-- for K = 38.05-45.25 Q = 430.54-512.00 after 10916.1 sec [total]
done with UU for K = 45.25-53.82 Q = 430.54-512.00 after 10917.1 sec [total]
done with BB for K = 45.25-53.82 Q = 430.54-512.00 after 10918.2 sec [total]
done with UBTa for K = 45.25-53.82 Q = 430.54-512.00 after 10918.4 sec [total]
done with UBTb for K = 45.25-53.82 Q = 430.54-512.00 after 10918.6 sec [total]
done with UBTbA for K = 45.25-53.82 Q = 430.54-512.00 after 10918.8 sec [total]
done with UBTbC for K = 45.25-53.82 Q = 430.54-512.00 after 10919.2 sec [total]
done with H for K = 45.25-53.82 Q = 430.54-512.00 after 10920.2 sec [total]
done with H++ for K = 45.25-53.82 Q = 430.54-512.00 after 10923.5 sec [total]
done with H+- for K = 45.25-53.82 Q = 430.54-512.00 after 10924.6 sec [total]
done with H-+ for K = 45.25-53.82 Q = 430.54-512.00 after 10925.7 sec [total]
done with H-- for K = 45.25-53.82 Q = 430.54-512.00 after 10926.7 sec [total]
done with UU for K = 53.82-64.00 Q = 430.54-512.00 after 10927.8 sec [total]
done with BB for K = 53.82-64.00 Q = 430.54-512.00 after 10928.8 sec [total]
done with UBTa for K = 53.82-64.00 Q = 430.54-512.00 after 10929.0 sec [total]
done with UBTb for K = 53.82-64.00 Q = 430.54-512.00 after 10929.2 sec [total]
done with UBTbA for K = 53.82-64.00 Q = 430.54-512.00 after 10929.4 sec [total]
done with UBTbC for K = 53.82-64.00 Q = 430.54-512.00 after 10929.8 sec [total]
done with H for K = 53.82-64.00 Q = 430.54-512.00 after 10930.9 sec [total]
done with H++ for K = 53.82-64.00 Q = 430.54-512.00 after 10934.1 sec [total]
done with H+- for K = 53.82-64.00 Q = 430.54-512.00 after 10935.3 sec [total]
done with H-+ for K = 53.82-64.00 Q = 430.54-512.00 after 10936.4 sec [total]
done with H-- for K = 53.82-64.00 Q = 430.54-512.00 after 10937.3 sec [total]
done with UU for K = 64.00-76.11 Q = 430.54-512.00 after 10938.4 sec [total]
done with BB for K = 64.00-76.11 Q = 430.54-512.00 after 10939.5 sec [total]
done with UBTa for K = 64.00-76.11 Q = 430.54-512.00 after 10939.7 sec [total]
done with UBTb for K = 64.00-76.11 Q = 430.54-512.00 after 10939.9 sec [total]
done with UBTbA for K = 64.00-76.11 Q = 430.54-512.00 after 10940.0 sec [total]
done with UBTbC for K = 64.00-76.11 Q = 430.54-512.00 after 10940.4 sec [total]
done with H for K = 64.00-76.11 Q = 430.54-512.00 after 10941.5 sec [total]
done with H++ for K = 64.00-76.11 Q = 430.54-512.00 after 10944.7 sec [total]
done with H+- for K = 64.00-76.11 Q = 430.54-512.00 after 10945.8 sec [total]
done with H-+ for K = 64.00-76.11 Q = 430.54-512.00 after 10946.9 sec [total]
done with H-- for K = 64.00-76.11 Q = 430.54-512.00 after 10948.0 sec [total]
done with UU for K = 76.11-90.51 Q = 430.54-512.00 after 10949.1 sec [total]
done with BB for K = 76.11-90.51 Q = 430.54-512.00 after 10950.1 sec [total]
done with UBTa for K = 76.11-90.51 Q = 430.54-512.00 after 10950.3 sec [total]
done with UBTb for K = 76.11-90.51 Q = 430.54-512.00 after 10950.5 sec [total]
done with UBTbA for K = 76.11-90.51 Q = 430.54-512.00 after 10950.7 sec [total]
done with UBTbC for K = 76.11-90.51 Q = 430.54-512.00 after 10951.0 sec [total]
done with H for K = 76.11-90.51 Q = 430.54-512.00 after 10952.1 sec [total]
done with H++ for K = 76.11-90.51 Q = 430.54-512.00 after 10955.3 sec [total]
done with H+- for K = 76.11-90.51 Q = 430.54-512.00 after 10956.4 sec [total]
done with H-+ for K = 76.11-90.51 Q = 430.54-512.00 after 10957.5 sec [total]
done with H-- for K = 76.11-90.51 Q = 430.54-512.00 after 10958.5 sec [total]
done with UU for K = 90.51-107.63 Q = 430.54-512.00 after 10959.7 sec [total]
done with BB for K = 90.51-107.63 Q = 430.54-512.00 after 10960.7 sec [total]
done with UBTa for K = 90.51-107.63 Q = 430.54-512.00 after 10960.9 sec [total]
done with UBTb for K = 90.51-107.63 Q = 430.54-512.00 after 10961.1 sec [total]
done with UBTbA for K = 90.51-107.63 Q = 430.54-512.00 after 10961.3 sec [total]
done with UBTbC for K = 90.51-107.63 Q = 430.54-512.00 after 10961.7 sec [total]
done with H for K = 90.51-107.63 Q = 430.54-512.00 after 10962.8 sec [total]
done with H++ for K = 90.51-107.63 Q = 430.54-512.00 after 10966.0 sec [total]
done with H+- for K = 90.51-107.63 Q = 430.54-512.00 after 10967.0 sec [total]
done with H-+ for K = 90.51-107.63 Q = 430.54-512.00 after 10968.1 sec [total]
done with H-- for K = 90.51-107.63 Q = 430.54-512.00 after 10969.2 sec [total]
done with UU for K = 107.63-128.00 Q = 430.54-512.00 after 10970.3 sec [total]
done with BB for K = 107.63-128.00 Q = 430.54-512.00 after 10971.4 sec [total]
done with UBTa for K = 107.63-128.00 Q = 430.54-512.00 after 10971.6 sec [total]
done with UBTb for K = 107.63-128.00 Q = 430.54-512.00 after 10971.8 sec [total]
done with UBTbA for K = 107.63-128.00 Q = 430.54-512.00 after 10972.0 sec [total]
done with UBTbC for K = 107.63-128.00 Q = 430.54-512.00 after 10972.3 sec [total]
done with H for K = 107.63-128.00 Q = 430.54-512.00 after 10973.4 sec [total]
done with H++ for K = 107.63-128.00 Q = 430.54-512.00 after 10976.5 sec [total]
done with H+- for K = 107.63-128.00 Q = 430.54-512.00 after 10977.7 sec [total]
done with H-+ for K = 107.63-128.00 Q = 430.54-512.00 after 10978.8 sec [total]
done with H-- for K = 107.63-128.00 Q = 430.54-512.00 after 10979.9 sec [total]
done with UU for K = 128.00-152.22 Q = 430.54-512.00 after 10980.9 sec [total]
done with BB for K = 128.00-152.22 Q = 430.54-512.00 after 10982.0 sec [total]
done with UBTa for K = 128.00-152.22 Q = 430.54-512.00 after 10982.2 sec [total]
done with UBTb for K = 128.00-152.22 Q = 430.54-512.00 after 10982.4 sec [total]
done with UBTbA for K = 128.00-152.22 Q = 430.54-512.00 after 10982.6 sec [total]
done with UBTbC for K = 128.00-152.22 Q = 430.54-512.00 after 10982.9 sec [total]
done with H for K = 128.00-152.22 Q = 430.54-512.00 after 10984.0 sec [total]
done with H++ for K = 128.00-152.22 Q = 430.54-512.00 after 10987.2 sec [total]
done with H+- for K = 128.00-152.22 Q = 430.54-512.00 after 10988.3 sec [total]
done with H-+ for K = 128.00-152.22 Q = 430.54-512.00 after 10989.4 sec [total]
done with H-- for K = 128.00-152.22 Q = 430.54-512.00 after 10990.5 sec [total]
done with UU for K = 152.22-181.02 Q = 430.54-512.00 after 10991.5 sec [total]
done with BB for K = 152.22-181.02 Q = 430.54-512.00 after 10992.7 sec [total]
done with UBTa for K = 152.22-181.02 Q = 430.54-512.00 after 10992.9 sec [total]
done with UBTb for K = 152.22-181.02 Q = 430.54-512.00 after 10993.1 sec [total]
done with UBTbA for K = 152.22-181.02 Q = 430.54-512.00 after 10993.3 sec [total]
done with UBTbC for K = 152.22-181.02 Q = 430.54-512.00 after 10993.6 sec [total]
done with H for K = 152.22-181.02 Q = 430.54-512.00 after 10994.7 sec [total]
done with H++ for K = 152.22-181.02 Q = 430.54-512.00 after 10997.8 sec [total]
done with H+- for K = 152.22-181.02 Q = 430.54-512.00 after 10999.0 sec [total]
done with H-+ for K = 152.22-181.02 Q = 430.54-512.00 after 11000.2 sec [total]
done with H-- for K = 152.22-181.02 Q = 430.54-512.00 after 11001.1 sec [total]
done with UU for K = 181.02-215.27 Q = 430.54-512.00 after 11002.2 sec [total]
done with BB for K = 181.02-215.27 Q = 430.54-512.00 after 11003.3 sec [total]
done with UBTa for K = 181.02-215.27 Q = 430.54-512.00 after 11003.5 sec [total]
done with UBTb for K = 181.02-215.27 Q = 430.54-512.00 after 11003.6 sec [total]
done with UBTbA for K = 181.02-215.27 Q = 430.54-512.00 after 11003.8 sec [total]
done with UBTbC for K = 181.02-215.27 Q = 430.54-512.00 after 11004.2 sec [total]
done with H for K = 181.02-215.27 Q = 430.54-512.00 after 11005.3 sec [total]
done with H++ for K = 181.02-215.27 Q = 430.54-512.00 after 11008.5 sec [total]
done with H+- for K = 181.02-215.27 Q = 430.54-512.00 after 11009.5 sec [total]
done with H-+ for K = 181.02-215.27 Q = 430.54-512.00 after 11010.7 sec [total]
done with H-- for K = 181.02-215.27 Q = 430.54-512.00 after 11011.7 sec [total]
done with UU for K = 215.27-256.00 Q = 430.54-512.00 after 11012.9 sec [total]
done with BB for K = 215.27-256.00 Q = 430.54-512.00 after 11013.9 sec [total]
done with UBTa for K = 215.27-256.00 Q = 430.54-512.00 after 11014.1 sec [total]
done with UBTb for K = 215.27-256.00 Q = 430.54-512.00 after 11014.3 sec [total]
done with UBTbA for K = 215.27-256.00 Q = 430.54-512.00 after 11014.5 sec [total]
done with UBTbC for K = 215.27-256.00 Q = 430.54-512.00 after 11014.8 sec [total]
done with H for K = 215.27-256.00 Q = 430.54-512.00 after 11015.9 sec [total]
done with H++ for K = 215.27-256.00 Q = 430.54-512.00 after 11019.1 sec [total]
done with H+- for K = 215.27-256.00 Q = 430.54-512.00 after 11020.2 sec [total]
done with H-+ for K = 215.27-256.00 Q = 430.54-512.00 after 11021.3 sec [total]
done with H-- for K = 215.27-256.00 Q = 430.54-512.00 after 11022.3 sec [total]
done with UU for K = 256.00-304.44 Q = 430.54-512.00 after 11023.5 sec [total]
done with BB for K = 256.00-304.44 Q = 430.54-512.00 after 11024.5 sec [total]
done with UBTa for K = 256.00-304.44 Q = 430.54-512.00 after 11024.7 sec [total]
done with UBTb for K = 256.00-304.44 Q = 430.54-512.00 after 11024.9 sec [total]
done with UBTbA for K = 256.00-304.44 Q = 430.54-512.00 after 11025.2 sec [total]
done with UBTbC for K = 256.00-304.44 Q = 430.54-512.00 after 11025.5 sec [total]
done with H for K = 256.00-304.44 Q = 430.54-512.00 after 11026.5 sec [total]
done with H++ for K = 256.00-304.44 Q = 430.54-512.00 after 11029.8 sec [total]
done with H+- for K = 256.00-304.44 Q = 430.54-512.00 after 11030.9 sec [total]
done with H-+ for K = 256.00-304.44 Q = 430.54-512.00 after 11031.9 sec [total]
done with H-- for K = 256.00-304.44 Q = 430.54-512.00 after 11033.0 sec [total]
done with UU for K = 304.44-362.04 Q = 430.54-512.00 after 11034.1 sec [total]
done with BB for K = 304.44-362.04 Q = 430.54-512.00 after 11035.2 sec [total]
done with UBTa for K = 304.44-362.04 Q = 430.54-512.00 after 11035.4 sec [total]
done with UBTb for K = 304.44-362.04 Q = 430.54-512.00 after 11035.6 sec [total]
done with UBTbA for K = 304.44-362.04 Q = 430.54-512.00 after 11035.8 sec [total]
done with UBTbC for K = 304.44-362.04 Q = 430.54-512.00 after 11036.1 sec [total]
done with H for K = 304.44-362.04 Q = 430.54-512.00 after 11037.2 sec [total]
done with H++ for K = 304.44-362.04 Q = 430.54-512.00 after 11040.3 sec [total]
done with H+- for K = 304.44-362.04 Q = 430.54-512.00 after 11041.4 sec [total]
done with H-+ for K = 304.44-362.04 Q = 430.54-512.00 after 11042.5 sec [total]
done with H-- for K = 304.44-362.04 Q = 430.54-512.00 after 11043.6 sec [total]
done with UU for K = 362.04-430.54 Q = 430.54-512.00 after 11044.7 sec [total]
done with BB for K = 362.04-430.54 Q = 430.54-512.00 after 11045.8 sec [total]
done with UBTa for K = 362.04-430.54 Q = 430.54-512.00 after 11046.0 sec [total]
done with UBTb for K = 362.04-430.54 Q = 430.54-512.00 after 11046.2 sec [total]
done with UBTbA for K = 362.04-430.54 Q = 430.54-512.00 after 11046.4 sec [total]
done with UBTbC for K = 362.04-430.54 Q = 430.54-512.00 after 11046.7 sec [total]
done with H for K = 362.04-430.54 Q = 430.54-512.00 after 11047.8 sec [total]
done with H++ for K = 362.04-430.54 Q = 430.54-512.00 after 11051.0 sec [total]
done with H+- for K = 362.04-430.54 Q = 430.54-512.00 after 11052.1 sec [total]
done with H-+ for K = 362.04-430.54 Q = 430.54-512.00 after 11053.2 sec [total]
done with H-- for K = 362.04-430.54 Q = 430.54-512.00 after 11054.2 sec [total]
done with UU for K = 430.54-512.00 Q = 430.54-512.00 after 11055.3 sec [total]
done with BB for K = 430.54-512.00 Q = 430.54-512.00 after 11056.4 sec [total]
done with UBTa for K = 430.54-512.00 Q = 430.54-512.00 after 11056.6 sec [total]
done with UBTb for K = 430.54-512.00 Q = 430.54-512.00 after 11056.8 sec [total]
done with UBTbA for K = 430.54-512.00 Q = 430.54-512.00 after 11057.0 sec [total]
done with UBTbC for K = 430.54-512.00 Q = 430.54-512.00 after 11057.4 sec [total]
done with H for K = 430.54-512.00 Q = 430.54-512.00 after 11058.4 sec [total]
done with H++ for K = 430.54-512.00 Q = 430.54-512.00 after 11061.6 sec [total]
done with H+- for K = 430.54-512.00 Q = 430.54-512.00 after 11062.7 sec [total]
done with H-+ for K = 430.54-512.00 Q = 430.54-512.00 after 11063.8 sec [total]
done with H-- for K = 430.54-512.00 Q = 430.54-512.00 after 11064.8 sec [total]
done with UU for K = 512.00-608.87 Q = 430.54-512.00 after 11066.0 sec [total]
done with BB for K = 512.00-608.87 Q = 430.54-512.00 after 11067.0 sec [total]
done with UBTa for K = 512.00-608.87 Q = 430.54-512.00 after 11067.2 sec [total]
done with UBTb for K = 512.00-608.87 Q = 430.54-512.00 after 11067.4 sec [total]
done with UBTbA for K = 512.00-608.87 Q = 430.54-512.00 after 11067.6 sec [total]
done with UBTbC for K = 512.00-608.87 Q = 430.54-512.00 after 11068.0 sec [total]
done with H for K = 512.00-608.87 Q = 430.54-512.00 after 11069.0 sec [total]
done with H++ for K = 512.00-608.87 Q = 430.54-512.00 after 11072.4 sec [total]
done with H+- for K = 512.00-608.87 Q = 430.54-512.00 after 11073.3 sec [total]
done with H-+ for K = 512.00-608.87 Q = 430.54-512.00 after 11074.4 sec [total]
done with H-- for K = 512.00-608.87 Q = 430.54-512.00 after 11075.5 sec [total]
done with UU for K = 608.87-724.08 Q = 430.54-512.00 after 11076.6 sec [total]
done with BB for K = 608.87-724.08 Q = 430.54-512.00 after 11077.6 sec [total]
done with UBTa for K = 608.87-724.08 Q = 430.54-512.00 after 11077.8 sec [total]
done with UBTb for K = 608.87-724.08 Q = 430.54-512.00 after 11078.0 sec [total]
done with UBTbA for K = 608.87-724.08 Q = 430.54-512.00 after 11078.2 sec [total]
done with UBTbC for K = 608.87-724.08 Q = 430.54-512.00 after 11078.6 sec [total]
done with H for K = 608.87-724.08 Q = 430.54-512.00 after 11079.6 sec [total]
done with H++ for K = 608.87-724.08 Q = 430.54-512.00 after 11082.8 sec [total]
done with H+- for K = 608.87-724.08 Q = 430.54-512.00 after 11083.9 sec [total]
done with H-+ for K = 608.87-724.08 Q = 430.54-512.00 after 11085.0 sec [total]
done with H-- for K = 608.87-724.08 Q = 430.54-512.00 after 11086.0 sec [total]
done with UU for K = 724.08-861.08 Q = 430.54-512.00 after 11087.1 sec [total]
done with BB for K = 724.08-861.08 Q = 430.54-512.00 after 11088.2 sec [total]
done with UBTa for K = 724.08-861.08 Q = 430.54-512.00 after 11088.4 sec [total]
done with UBTb for K = 724.08-861.08 Q = 430.54-512.00 after 11088.5 sec [total]
done with UBTbA for K = 724.08-861.08 Q = 430.54-512.00 after 11088.7 sec [total]
done with UBTbC for K = 724.08-861.08 Q = 430.54-512.00 after 11089.1 sec [total]
done with H for K = 724.08-861.08 Q = 430.54-512.00 after 11090.2 sec [total]
done with H++ for K = 724.08-861.08 Q = 430.54-512.00 after 11093.4 sec [total]
done with H+- for K = 724.08-861.08 Q = 430.54-512.00 after 11094.5 sec [total]
done with H-+ for K = 724.08-861.08 Q = 430.54-512.00 after 11095.6 sec [total]
done with H-- for K = 724.08-861.08 Q = 430.54-512.00 after 11096.6 sec [total]
done with UU for K = 861.08-1024.00 Q = 430.54-512.00 after 11097.7 sec [total]
done with BB for K = 861.08-1024.00 Q = 430.54-512.00 after 11098.8 sec [total]
done with UBTa for K = 861.08-1024.00 Q = 430.54-512.00 after 11099.0 sec [total]
done with UBTb for K = 861.08-1024.00 Q = 430.54-512.00 after 11099.2 sec [total]
done with UBTbA for K = 861.08-1024.00 Q = 430.54-512.00 after 11099.4 sec [total]
done with UBTbC for K = 861.08-1024.00 Q = 430.54-512.00 after 11099.8 sec [total]
done with H for K = 861.08-1024.00 Q = 430.54-512.00 after 11100.8 sec [total]
done with H++ for K = 861.08-1024.00 Q = 430.54-512.00 after 11104.0 sec [total]
done with H+- for K = 861.08-1024.00 Q = 430.54-512.00 after 11105.1 sec [total]
done with H-+ for K = 861.08-1024.00 Q = 430.54-512.00 after 11106.2 sec [total]
done with H-- for K = 861.08-1024.00 Q = 430.54-512.00 after 11107.2 sec [total]
done with UU for K = 0.00-3.36 Q = 512.00-608.87 after 11110.5 sec [total]
done with BB for K = 0.00-3.36 Q = 512.00-608.87 after 11113.6 sec [total]
done with UBTa for K = 0.00-3.36 Q = 512.00-608.87 after 11115.5 sec [total]
done with UBTb for K = 0.00-3.36 Q = 512.00-608.87 after 11117.1 sec [total]
done with UBTbA for K = 0.00-3.36 Q = 512.00-608.87 after 11118.9 sec [total]
done with UBTbC for K = 0.00-3.36 Q = 512.00-608.87 after 11119.2 sec [total]
done with H for K = 0.00-3.36 Q = 512.00-608.87 after 11120.4 sec [total]
done with H++ for K = 0.00-3.36 Q = 512.00-608.87 after 11123.6 sec [total]
done with H+- for K = 0.00-3.36 Q = 512.00-608.87 after 11124.7 sec [total]
done with H-+ for K = 0.00-3.36 Q = 512.00-608.87 after 11125.8 sec [total]
done with H-- for K = 0.00-3.36 Q = 512.00-608.87 after 11126.9 sec [total]
done with UU for K = 3.36-4.00 Q = 512.00-608.87 after 11127.9 sec [total]
done with BB for K = 3.36-4.00 Q = 512.00-608.87 after 11129.0 sec [total]
done with UBTa for K = 3.36-4.00 Q = 512.00-608.87 after 11129.2 sec [total]
done with UBTb for K = 3.36-4.00 Q = 512.00-608.87 after 11129.4 sec [total]
done with UBTbA for K = 3.36-4.00 Q = 512.00-608.87 after 11129.6 sec [total]
done with UBTbC for K = 3.36-4.00 Q = 512.00-608.87 after 11129.9 sec [total]
done with H for K = 3.36-4.00 Q = 512.00-608.87 after 11131.0 sec [total]
done with H++ for K = 3.36-4.00 Q = 512.00-608.87 after 11134.1 sec [total]
done with H+- for K = 3.36-4.00 Q = 512.00-608.87 after 11135.3 sec [total]
done with H-+ for K = 3.36-4.00 Q = 512.00-608.87 after 11136.4 sec [total]
done with H-- for K = 3.36-4.00 Q = 512.00-608.87 after 11137.4 sec [total]
done with UU for K = 4.00-4.76 Q = 512.00-608.87 after 11138.6 sec [total]
done with BB for K = 4.00-4.76 Q = 512.00-608.87 after 11139.6 sec [total]
done with UBTa for K = 4.00-4.76 Q = 512.00-608.87 after 11139.8 sec [total]
done with UBTb for K = 4.00-4.76 Q = 512.00-608.87 after 11140.0 sec [total]
done with UBTbA for K = 4.00-4.76 Q = 512.00-608.87 after 11140.2 sec [total]
done with UBTbC for K = 4.00-4.76 Q = 512.00-608.87 after 11140.5 sec [total]
done with H for K = 4.00-4.76 Q = 512.00-608.87 after 11141.6 sec [total]
done with H++ for K = 4.00-4.76 Q = 512.00-608.87 after 11144.8 sec [total]
done with H+- for K = 4.00-4.76 Q = 512.00-608.87 after 11145.9 sec [total]
done with H-+ for K = 4.00-4.76 Q = 512.00-608.87 after 11147.0 sec [total]
done with H-- for K = 4.00-4.76 Q = 512.00-608.87 after 11148.1 sec [total]
done with UU for K = 4.76-5.66 Q = 512.00-608.87 after 11149.1 sec [total]
done with BB for K = 4.76-5.66 Q = 512.00-608.87 after 11150.2 sec [total]
done with UBTa for K = 4.76-5.66 Q = 512.00-608.87 after 11150.4 sec [total]
done with UBTb for K = 4.76-5.66 Q = 512.00-608.87 after 11150.6 sec [total]
done with UBTbA for K = 4.76-5.66 Q = 512.00-608.87 after 11150.8 sec [total]
done with UBTbC for K = 4.76-5.66 Q = 512.00-608.87 after 11151.2 sec [total]
done with H for K = 4.76-5.66 Q = 512.00-608.87 after 11152.2 sec [total]
done with H++ for K = 4.76-5.66 Q = 512.00-608.87 after 11155.4 sec [total]
done with H+- for K = 4.76-5.66 Q = 512.00-608.87 after 11156.5 sec [total]
done with H-+ for K = 4.76-5.66 Q = 512.00-608.87 after 11157.6 sec [total]
done with H-- for K = 4.76-5.66 Q = 512.00-608.87 after 11158.6 sec [total]
done with UU for K = 5.66-6.73 Q = 512.00-608.87 after 11159.8 sec [total]
done with BB for K = 5.66-6.73 Q = 512.00-608.87 after 11160.8 sec [total]
done with UBTa for K = 5.66-6.73 Q = 512.00-608.87 after 11161.0 sec [total]
done with UBTb for K = 5.66-6.73 Q = 512.00-608.87 after 11161.2 sec [total]
done with UBTbA for K = 5.66-6.73 Q = 512.00-608.87 after 11161.4 sec [total]
done with UBTbC for K = 5.66-6.73 Q = 512.00-608.87 after 11161.8 sec [total]
done with H for K = 5.66-6.73 Q = 512.00-608.87 after 11162.8 sec [total]
done with H++ for K = 5.66-6.73 Q = 512.00-608.87 after 11166.1 sec [total]
done with H+- for K = 5.66-6.73 Q = 512.00-608.87 after 11167.1 sec [total]
done with H-+ for K = 5.66-6.73 Q = 512.00-608.87 after 11168.2 sec [total]
done with H-- for K = 5.66-6.73 Q = 512.00-608.87 after 11169.3 sec [total]
done with UU for K = 6.73-8.00 Q = 512.00-608.87 after 11170.4 sec [total]
done with BB for K = 6.73-8.00 Q = 512.00-608.87 after 11171.5 sec [total]
done with UBTa for K = 6.73-8.00 Q = 512.00-608.87 after 11171.6 sec [total]
done with UBTb for K = 6.73-8.00 Q = 512.00-608.87 after 11171.8 sec [total]
done with UBTbA for K = 6.73-8.00 Q = 512.00-608.87 after 11172.0 sec [total]
done with UBTbC for K = 6.73-8.00 Q = 512.00-608.87 after 11172.4 sec [total]
done with H for K = 6.73-8.00 Q = 512.00-608.87 after 11173.5 sec [total]
done with H++ for K = 6.73-8.00 Q = 512.00-608.87 after 11176.7 sec [total]
done with H+- for K = 6.73-8.00 Q = 512.00-608.87 after 11177.7 sec [total]
done with H-+ for K = 6.73-8.00 Q = 512.00-608.87 after 11178.9 sec [total]
done with H-- for K = 6.73-8.00 Q = 512.00-608.87 after 11179.9 sec [total]
done with UU for K = 8.00-9.51 Q = 512.00-608.87 after 11181.0 sec [total]
done with BB for K = 8.00-9.51 Q = 512.00-608.87 after 11182.1 sec [total]
done with UBTa for K = 8.00-9.51 Q = 512.00-608.87 after 11182.3 sec [total]
done with UBTb for K = 8.00-9.51 Q = 512.00-608.87 after 11182.5 sec [total]
done with UBTbA for K = 8.00-9.51 Q = 512.00-608.87 after 11182.7 sec [total]
done with UBTbC for K = 8.00-9.51 Q = 512.00-608.87 after 11183.0 sec [total]
done with H for K = 8.00-9.51 Q = 512.00-608.87 after 11184.1 sec [total]
done with H++ for K = 8.00-9.51 Q = 512.00-608.87 after 11187.2 sec [total]
done with H+- for K = 8.00-9.51 Q = 512.00-608.87 after 11188.4 sec [total]
done with H-+ for K = 8.00-9.51 Q = 512.00-608.87 after 11189.5 sec [total]
done with H-- for K = 8.00-9.51 Q = 512.00-608.87 after 11190.5 sec [total]
done with UU for K = 9.51-11.31 Q = 512.00-608.87 after 11191.6 sec [total]
done with BB for K = 9.51-11.31 Q = 512.00-608.87 after 11192.7 sec [total]
done with UBTa for K = 9.51-11.31 Q = 512.00-608.87 after 11192.9 sec [total]
done with UBTb for K = 9.51-11.31 Q = 512.00-608.87 after 11193.1 sec [total]
done with UBTbA for K = 9.51-11.31 Q = 512.00-608.87 after 11193.3 sec [total]
done with UBTbC for K = 9.51-11.31 Q = 512.00-608.87 after 11193.6 sec [total]
done with H for K = 9.51-11.31 Q = 512.00-608.87 after 11194.7 sec [total]
done with H++ for K = 9.51-11.31 Q = 512.00-608.87 after 11197.9 sec [total]
done with H+- for K = 9.51-11.31 Q = 512.00-608.87 after 11198.9 sec [total]
done with H-+ for K = 9.51-11.31 Q = 512.00-608.87 after 11200.1 sec [total]
done with H-- for K = 9.51-11.31 Q = 512.00-608.87 after 11201.1 sec [total]
done with UU for K = 11.31-13.45 Q = 512.00-608.87 after 11202.2 sec [total]
done with BB for K = 11.31-13.45 Q = 512.00-608.87 after 11203.2 sec [total]
done with UBTa for K = 11.31-13.45 Q = 512.00-608.87 after 11203.4 sec [total]
done with UBTb for K = 11.31-13.45 Q = 512.00-608.87 after 11203.6 sec [total]
done with UBTbA for K = 11.31-13.45 Q = 512.00-608.87 after 11203.8 sec [total]
done with UBTbC for K = 11.31-13.45 Q = 512.00-608.87 after 11204.2 sec [total]
done with H for K = 11.31-13.45 Q = 512.00-608.87 after 11205.3 sec [total]
done with H++ for K = 11.31-13.45 Q = 512.00-608.87 after 11208.4 sec [total]
done with H+- for K = 11.31-13.45 Q = 512.00-608.87 after 11209.5 sec [total]
done with H-+ for K = 11.31-13.45 Q = 512.00-608.87 after 11210.6 sec [total]
done with H-- for K = 11.31-13.45 Q = 512.00-608.87 after 11211.7 sec [total]
done with UU for K = 13.45-16.00 Q = 512.00-608.87 after 11212.9 sec [total]
done with BB for K = 13.45-16.00 Q = 512.00-608.87 after 11213.9 sec [total]
done with UBTa for K = 13.45-16.00 Q = 512.00-608.87 after 11214.1 sec [total]
done with UBTb for K = 13.45-16.00 Q = 512.00-608.87 after 11214.3 sec [total]
done with UBTbA for K = 13.45-16.00 Q = 512.00-608.87 after 11214.5 sec [total]
done with UBTbC for K = 13.45-16.00 Q = 512.00-608.87 after 11214.8 sec [total]
done with H for K = 13.45-16.00 Q = 512.00-608.87 after 11215.9 sec [total]
done with H++ for K = 13.45-16.00 Q = 512.00-608.87 after 11219.1 sec [total]
done with H+- for K = 13.45-16.00 Q = 512.00-608.87 after 11220.2 sec [total]
done with H-+ for K = 13.45-16.00 Q = 512.00-608.87 after 11221.3 sec [total]
done with H-- for K = 13.45-16.00 Q = 512.00-608.87 after 11222.4 sec [total]
done with UU for K = 16.00-19.03 Q = 512.00-608.87 after 11223.5 sec [total]
done with BB for K = 16.00-19.03 Q = 512.00-608.87 after 11224.5 sec [total]
done with UBTa for K = 16.00-19.03 Q = 512.00-608.87 after 11224.7 sec [total]
done with UBTb for K = 16.00-19.03 Q = 512.00-608.87 after 11224.9 sec [total]
done with UBTbA for K = 16.00-19.03 Q = 512.00-608.87 after 11225.1 sec [total]
done with UBTbC for K = 16.00-19.03 Q = 512.00-608.87 after 11225.4 sec [total]
done with H for K = 16.00-19.03 Q = 512.00-608.87 after 11226.5 sec [total]
done with H++ for K = 16.00-19.03 Q = 512.00-608.87 after 11229.7 sec [total]
done with H+- for K = 16.00-19.03 Q = 512.00-608.87 after 11230.8 sec [total]
done with H-+ for K = 16.00-19.03 Q = 512.00-608.87 after 11231.9 sec [total]
done with H-- for K = 16.00-19.03 Q = 512.00-608.87 after 11233.0 sec [total]
done with UU for K = 19.03-22.63 Q = 512.00-608.87 after 11234.1 sec [total]
done with BB for K = 19.03-22.63 Q = 512.00-608.87 after 11235.1 sec [total]
done with UBTa for K = 19.03-22.63 Q = 512.00-608.87 after 11235.3 sec [total]
done with UBTb for K = 19.03-22.63 Q = 512.00-608.87 after 11235.5 sec [total]
done with UBTbA for K = 19.03-22.63 Q = 512.00-608.87 after 11235.7 sec [total]
done with UBTbC for K = 19.03-22.63 Q = 512.00-608.87 after 11236.0 sec [total]
done with H for K = 19.03-22.63 Q = 512.00-608.87 after 11237.1 sec [total]
done with H++ for K = 19.03-22.63 Q = 512.00-608.87 after 11240.4 sec [total]
done with H+- for K = 19.03-22.63 Q = 512.00-608.87 after 11241.4 sec [total]
done with H-+ for K = 19.03-22.63 Q = 512.00-608.87 after 11242.5 sec [total]
done with H-- for K = 19.03-22.63 Q = 512.00-608.87 after 11243.6 sec [total]
done with UU for K = 22.63-26.91 Q = 512.00-608.87 after 11244.6 sec [total]
done with BB for K = 22.63-26.91 Q = 512.00-608.87 after 11245.7 sec [total]
done with UBTa for K = 22.63-26.91 Q = 512.00-608.87 after 11245.9 sec [total]
done with UBTb for K = 22.63-26.91 Q = 512.00-608.87 after 11246.1 sec [total]
done with UBTbA for K = 22.63-26.91 Q = 512.00-608.87 after 11246.3 sec [total]
done with UBTbC for K = 22.63-26.91 Q = 512.00-608.87 after 11246.7 sec [total]
done with H for K = 22.63-26.91 Q = 512.00-608.87 after 11247.7 sec [total]
done with H++ for K = 22.63-26.91 Q = 512.00-608.87 after 11250.9 sec [total]
done with H+- for K = 22.63-26.91 Q = 512.00-608.87 after 11252.0 sec [total]
done with H-+ for K = 22.63-26.91 Q = 512.00-608.87 after 11253.1 sec [total]
done with H-- for K = 22.63-26.91 Q = 512.00-608.87 after 11254.1 sec [total]
done with UU for K = 26.91-32.00 Q = 512.00-608.87 after 11255.4 sec [total]
done with BB for K = 26.91-32.00 Q = 512.00-608.87 after 11256.4 sec [total]
done with UBTa for K = 26.91-32.00 Q = 512.00-608.87 after 11256.6 sec [total]
done with UBTb for K = 26.91-32.00 Q = 512.00-608.87 after 11256.8 sec [total]
done with UBTbA for K = 26.91-32.00 Q = 512.00-608.87 after 11256.9 sec [total]
done with UBTbC for K = 26.91-32.00 Q = 512.00-608.87 after 11257.3 sec [total]
done with H for K = 26.91-32.00 Q = 512.00-608.87 after 11258.4 sec [total]
done with H++ for K = 26.91-32.00 Q = 512.00-608.87 after 11261.6 sec [total]
done with H+- for K = 26.91-32.00 Q = 512.00-608.87 after 11262.7 sec [total]
done with H-+ for K = 26.91-32.00 Q = 512.00-608.87 after 11263.8 sec [total]
done with H-- for K = 26.91-32.00 Q = 512.00-608.87 after 11264.9 sec [total]
done with UU for K = 32.00-38.05 Q = 512.00-608.87 after 11266.0 sec [total]
done with BB for K = 32.00-38.05 Q = 512.00-608.87 after 11267.0 sec [total]
done with UBTa for K = 32.00-38.05 Q = 512.00-608.87 after 11267.2 sec [total]
done with UBTb for K = 32.00-38.05 Q = 512.00-608.87 after 11267.4 sec [total]
done with UBTbA for K = 32.00-38.05 Q = 512.00-608.87 after 11267.6 sec [total]
done with UBTbC for K = 32.00-38.05 Q = 512.00-608.87 after 11267.9 sec [total]
done with H for K = 32.00-38.05 Q = 512.00-608.87 after 11269.0 sec [total]
done with H++ for K = 32.00-38.05 Q = 512.00-608.87 after 11272.2 sec [total]
done with H+- for K = 32.00-38.05 Q = 512.00-608.87 after 11273.3 sec [total]
done with H-+ for K = 32.00-38.05 Q = 512.00-608.87 after 11274.4 sec [total]
done with H-- for K = 32.00-38.05 Q = 512.00-608.87 after 11275.5 sec [total]
done with UU for K = 38.05-45.25 Q = 512.00-608.87 after 11276.6 sec [total]
done with BB for K = 38.05-45.25 Q = 512.00-608.87 after 11277.6 sec [total]
done with UBTa for K = 38.05-45.25 Q = 512.00-608.87 after 11277.8 sec [total]
done with UBTb for K = 38.05-45.25 Q = 512.00-608.87 after 11278.0 sec [total]
done with UBTbA for K = 38.05-45.25 Q = 512.00-608.87 after 11278.2 sec [total]
done with UBTbC for K = 38.05-45.25 Q = 512.00-608.87 after 11278.6 sec [total]
done with H for K = 38.05-45.25 Q = 512.00-608.87 after 11279.6 sec [total]
done with H++ for K = 38.05-45.25 Q = 512.00-608.87 after 11282.8 sec [total]
done with H+- for K = 38.05-45.25 Q = 512.00-608.87 after 11283.9 sec [total]
done with H-+ for K = 38.05-45.25 Q = 512.00-608.87 after 11285.0 sec [total]
done with H-- for K = 38.05-45.25 Q = 512.00-608.87 after 11286.1 sec [total]
done with UU for K = 45.25-53.82 Q = 512.00-608.87 after 11287.1 sec [total]
done with BB for K = 45.25-53.82 Q = 512.00-608.87 after 11288.2 sec [total]
done with UBTa for K = 45.25-53.82 Q = 512.00-608.87 after 11288.4 sec [total]
done with UBTb for K = 45.25-53.82 Q = 512.00-608.87 after 11288.6 sec [total]
done with UBTbA for K = 45.25-53.82 Q = 512.00-608.87 after 11288.8 sec [total]
done with UBTbC for K = 45.25-53.82 Q = 512.00-608.87 after 11289.2 sec [total]
done with H for K = 45.25-53.82 Q = 512.00-608.87 after 11290.2 sec [total]
done with H++ for K = 45.25-53.82 Q = 512.00-608.87 after 11293.4 sec [total]
done with H+- for K = 45.25-53.82 Q = 512.00-608.87 after 11294.5 sec [total]
done with H-+ for K = 45.25-53.82 Q = 512.00-608.87 after 11295.6 sec [total]
done with H-- for K = 45.25-53.82 Q = 512.00-608.87 after 11296.7 sec [total]
done with UU for K = 53.82-64.00 Q = 512.00-608.87 after 11297.7 sec [total]
done with BB for K = 53.82-64.00 Q = 512.00-608.87 after 11298.8 sec [total]
done with UBTa for K = 53.82-64.00 Q = 512.00-608.87 after 11299.0 sec [total]
done with UBTb for K = 53.82-64.00 Q = 512.00-608.87 after 11299.2 sec [total]
done with UBTbA for K = 53.82-64.00 Q = 512.00-608.87 after 11299.4 sec [total]
done with UBTbC for K = 53.82-64.00 Q = 512.00-608.87 after 11299.8 sec [total]
done with H for K = 53.82-64.00 Q = 512.00-608.87 after 11300.8 sec [total]
done with H++ for K = 53.82-64.00 Q = 512.00-608.87 after 11304.0 sec [total]
done with H+- for K = 53.82-64.00 Q = 512.00-608.87 after 11305.1 sec [total]
done with H-+ for K = 53.82-64.00 Q = 512.00-608.87 after 11306.2 sec [total]
done with H-- for K = 53.82-64.00 Q = 512.00-608.87 after 11307.2 sec [total]
done with UU for K = 64.00-76.11 Q = 512.00-608.87 after 11308.4 sec [total]
done with BB for K = 64.00-76.11 Q = 512.00-608.87 after 11309.4 sec [total]
done with UBTa for K = 64.00-76.11 Q = 512.00-608.87 after 11309.6 sec [total]
done with UBTb for K = 64.00-76.11 Q = 512.00-608.87 after 11309.8 sec [total]
done with UBTbA for K = 64.00-76.11 Q = 512.00-608.87 after 11310.0 sec [total]
done with UBTbC for K = 64.00-76.11 Q = 512.00-608.87 after 11310.4 sec [total]
done with H for K = 64.00-76.11 Q = 512.00-608.87 after 11311.4 sec [total]
done with H++ for K = 64.00-76.11 Q = 512.00-608.87 after 11314.6 sec [total]
done with H+- for K = 64.00-76.11 Q = 512.00-608.87 after 11315.7 sec [total]
done with H-+ for K = 64.00-76.11 Q = 512.00-608.87 after 11316.8 sec [total]
done with H-- for K = 64.00-76.11 Q = 512.00-608.87 after 11317.9 sec [total]
done with UU for K = 76.11-90.51 Q = 512.00-608.87 after 11319.0 sec [total]
done with BB for K = 76.11-90.51 Q = 512.00-608.87 after 11320.1 sec [total]
done with UBTa for K = 76.11-90.51 Q = 512.00-608.87 after 11320.3 sec [total]
done with UBTb for K = 76.11-90.51 Q = 512.00-608.87 after 11320.4 sec [total]
done with UBTbA for K = 76.11-90.51 Q = 512.00-608.87 after 11320.6 sec [total]
done with UBTbC for K = 76.11-90.51 Q = 512.00-608.87 after 11321.0 sec [total]
done with H for K = 76.11-90.51 Q = 512.00-608.87 after 11322.1 sec [total]
done with H++ for K = 76.11-90.51 Q = 512.00-608.87 after 11325.3 sec [total]
done with H+- for K = 76.11-90.51 Q = 512.00-608.87 after 11326.3 sec [total]
done with H-+ for K = 76.11-90.51 Q = 512.00-608.87 after 11327.4 sec [total]
done with H-- for K = 76.11-90.51 Q = 512.00-608.87 after 11328.5 sec [total]
done with UU for K = 90.51-107.63 Q = 512.00-608.87 after 11329.7 sec [total]
done with BB for K = 90.51-107.63 Q = 512.00-608.87 after 11330.7 sec [total]
done with UBTa for K = 90.51-107.63 Q = 512.00-608.87 after 11330.9 sec [total]
done with UBTb for K = 90.51-107.63 Q = 512.00-608.87 after 11331.1 sec [total]
done with UBTbA for K = 90.51-107.63 Q = 512.00-608.87 after 11331.3 sec [total]
done with UBTbC for K = 90.51-107.63 Q = 512.00-608.87 after 11331.6 sec [total]
done with H for K = 90.51-107.63 Q = 512.00-608.87 after 11332.7 sec [total]
done with H++ for K = 90.51-107.63 Q = 512.00-608.87 after 11336.0 sec [total]
done with H+- for K = 90.51-107.63 Q = 512.00-608.87 after 11337.0 sec [total]
done with H-+ for K = 90.51-107.63 Q = 512.00-608.87 after 11338.1 sec [total]
done with H-- for K = 90.51-107.63 Q = 512.00-608.87 after 11339.2 sec [total]
done with UU for K = 107.63-128.00 Q = 512.00-608.87 after 11340.3 sec [total]
done with BB for K = 107.63-128.00 Q = 512.00-608.87 after 11341.3 sec [total]
done with UBTa for K = 107.63-128.00 Q = 512.00-608.87 after 11341.5 sec [total]
done with UBTb for K = 107.63-128.00 Q = 512.00-608.87 after 11341.7 sec [total]
done with UBTbA for K = 107.63-128.00 Q = 512.00-608.87 after 11341.9 sec [total]
done with UBTbC for K = 107.63-128.00 Q = 512.00-608.87 after 11342.3 sec [total]
done with H for K = 107.63-128.00 Q = 512.00-608.87 after 11343.3 sec [total]
done with H++ for K = 107.63-128.00 Q = 512.00-608.87 after 11346.5 sec [total]
done with H+- for K = 107.63-128.00 Q = 512.00-608.87 after 11347.6 sec [total]
done with H-+ for K = 107.63-128.00 Q = 512.00-608.87 after 11348.7 sec [total]
done with H-- for K = 107.63-128.00 Q = 512.00-608.87 after 11349.8 sec [total]
done with UU for K = 128.00-152.22 Q = 512.00-608.87 after 11350.9 sec [total]
done with BB for K = 128.00-152.22 Q = 512.00-608.87 after 11351.9 sec [total]
done with UBTa for K = 128.00-152.22 Q = 512.00-608.87 after 11352.1 sec [total]
done with UBTb for K = 128.00-152.22 Q = 512.00-608.87 after 11352.3 sec [total]
done with UBTbA for K = 128.00-152.22 Q = 512.00-608.87 after 11352.5 sec [total]
done with UBTbC for K = 128.00-152.22 Q = 512.00-608.87 after 11352.9 sec [total]
done with H for K = 128.00-152.22 Q = 512.00-608.87 after 11353.9 sec [total]
done with H++ for K = 128.00-152.22 Q = 512.00-608.87 after 11357.2 sec [total]
done with H+- for K = 128.00-152.22 Q = 512.00-608.87 after 11358.2 sec [total]
done with H-+ for K = 128.00-152.22 Q = 512.00-608.87 after 11359.3 sec [total]
done with H-- for K = 128.00-152.22 Q = 512.00-608.87 after 11360.4 sec [total]
done with UU for K = 152.22-181.02 Q = 512.00-608.87 after 11361.4 sec [total]
done with BB for K = 152.22-181.02 Q = 512.00-608.87 after 11362.5 sec [total]
done with UBTa for K = 152.22-181.02 Q = 512.00-608.87 after 11362.7 sec [total]
done with UBTb for K = 152.22-181.02 Q = 512.00-608.87 after 11362.9 sec [total]
done with UBTbA for K = 152.22-181.02 Q = 512.00-608.87 after 11363.1 sec [total]
done with UBTbC for K = 152.22-181.02 Q = 512.00-608.87 after 11363.4 sec [total]
done with H for K = 152.22-181.02 Q = 512.00-608.87 after 11364.5 sec [total]
done with H++ for K = 152.22-181.02 Q = 512.00-608.87 after 11367.8 sec [total]
done with H+- for K = 152.22-181.02 Q = 512.00-608.87 after 11368.7 sec [total]
done with H-+ for K = 152.22-181.02 Q = 512.00-608.87 after 11369.9 sec [total]
done with H-- for K = 152.22-181.02 Q = 512.00-608.87 after 11370.9 sec [total]
done with UU for K = 181.02-215.27 Q = 512.00-608.87 after 11372.0 sec [total]
done with BB for K = 181.02-215.27 Q = 512.00-608.87 after 11373.1 sec [total]
done with UBTa for K = 181.02-215.27 Q = 512.00-608.87 after 11373.3 sec [total]
done with UBTb for K = 181.02-215.27 Q = 512.00-608.87 after 11373.5 sec [total]
done with UBTbA for K = 181.02-215.27 Q = 512.00-608.87 after 11373.7 sec [total]
done with UBTbC for K = 181.02-215.27 Q = 512.00-608.87 after 11374.0 sec [total]
done with H for K = 181.02-215.27 Q = 512.00-608.87 after 11375.1 sec [total]
done with H++ for K = 181.02-215.27 Q = 512.00-608.87 after 11378.4 sec [total]
done with H+- for K = 181.02-215.27 Q = 512.00-608.87 after 11379.4 sec [total]
done with H-+ for K = 181.02-215.27 Q = 512.00-608.87 after 11380.6 sec [total]
done with H-- for K = 181.02-215.27 Q = 512.00-608.87 after 11381.5 sec [total]
done with UU for K = 215.27-256.00 Q = 512.00-608.87 after 11382.6 sec [total]
done with BB for K = 215.27-256.00 Q = 512.00-608.87 after 11383.7 sec [total]
done with UBTa for K = 215.27-256.00 Q = 512.00-608.87 after 11383.8 sec [total]
done with UBTb for K = 215.27-256.00 Q = 512.00-608.87 after 11384.0 sec [total]
done with UBTbA for K = 215.27-256.00 Q = 512.00-608.87 after 11384.2 sec [total]
done with UBTbC for K = 215.27-256.00 Q = 512.00-608.87 after 11384.6 sec [total]
done with H for K = 215.27-256.00 Q = 512.00-608.87 after 11385.7 sec [total]
done with H++ for K = 215.27-256.00 Q = 512.00-608.87 after 11388.9 sec [total]
done with H+- for K = 215.27-256.00 Q = 512.00-608.87 after 11390.0 sec [total]
done with H-+ for K = 215.27-256.00 Q = 512.00-608.87 after 11391.1 sec [total]
done with H-- for K = 215.27-256.00 Q = 512.00-608.87 after 11392.1 sec [total]
done with UU for K = 256.00-304.44 Q = 512.00-608.87 after 11393.2 sec [total]
done with BB for K = 256.00-304.44 Q = 512.00-608.87 after 11394.3 sec [total]
done with UBTa for K = 256.00-304.44 Q = 512.00-608.87 after 11394.5 sec [total]
done with UBTb for K = 256.00-304.44 Q = 512.00-608.87 after 11394.7 sec [total]
done with UBTbA for K = 256.00-304.44 Q = 512.00-608.87 after 11394.9 sec [total]
done with UBTbC for K = 256.00-304.44 Q = 512.00-608.87 after 11395.2 sec [total]
done with H for K = 256.00-304.44 Q = 512.00-608.87 after 11396.3 sec [total]
done with H++ for K = 256.00-304.44 Q = 512.00-608.87 after 11399.5 sec [total]
done with H+- for K = 256.00-304.44 Q = 512.00-608.87 after 11400.5 sec [total]
done with H-+ for K = 256.00-304.44 Q = 512.00-608.87 after 11401.7 sec [total]
done with H-- for K = 256.00-304.44 Q = 512.00-608.87 after 11402.7 sec [total]
done with UU for K = 304.44-362.04 Q = 512.00-608.87 after 11403.8 sec [total]
done with BB for K = 304.44-362.04 Q = 512.00-608.87 after 11404.9 sec [total]
done with UBTa for K = 304.44-362.04 Q = 512.00-608.87 after 11405.1 sec [total]
done with UBTb for K = 304.44-362.04 Q = 512.00-608.87 after 11405.3 sec [total]
done with UBTbA for K = 304.44-362.04 Q = 512.00-608.87 after 11405.5 sec [total]
done with UBTbC for K = 304.44-362.04 Q = 512.00-608.87 after 11405.8 sec [total]
done with H for K = 304.44-362.04 Q = 512.00-608.87 after 11406.9 sec [total]
done with H++ for K = 304.44-362.04 Q = 512.00-608.87 after 11410.1 sec [total]
done with H+- for K = 304.44-362.04 Q = 512.00-608.87 after 11411.1 sec [total]
done with H-+ for K = 304.44-362.04 Q = 512.00-608.87 after 11412.2 sec [total]
done with H-- for K = 304.44-362.04 Q = 512.00-608.87 after 11413.3 sec [total]
done with UU for K = 362.04-430.54 Q = 512.00-608.87 after 11414.4 sec [total]
done with BB for K = 362.04-430.54 Q = 512.00-608.87 after 11415.5 sec [total]
done with UBTa for K = 362.04-430.54 Q = 512.00-608.87 after 11415.7 sec [total]
done with UBTb for K = 362.04-430.54 Q = 512.00-608.87 after 11415.9 sec [total]
done with UBTbA for K = 362.04-430.54 Q = 512.00-608.87 after 11416.1 sec [total]
done with UBTbC for K = 362.04-430.54 Q = 512.00-608.87 after 11416.4 sec [total]
done with H for K = 362.04-430.54 Q = 512.00-608.87 after 11417.5 sec [total]
done with H++ for K = 362.04-430.54 Q = 512.00-608.87 after 11420.7 sec [total]
done with H+- for K = 362.04-430.54 Q = 512.00-608.87 after 11421.8 sec [total]
done with H-+ for K = 362.04-430.54 Q = 512.00-608.87 after 11422.9 sec [total]
done with H-- for K = 362.04-430.54 Q = 512.00-608.87 after 11423.9 sec [total]
done with UU for K = 430.54-512.00 Q = 512.00-608.87 after 11425.1 sec [total]
done with BB for K = 430.54-512.00 Q = 512.00-608.87 after 11426.1 sec [total]
done with UBTa for K = 430.54-512.00 Q = 512.00-608.87 after 11426.3 sec [total]
done with UBTb for K = 430.54-512.00 Q = 512.00-608.87 after 11426.5 sec [total]
done with UBTbA for K = 430.54-512.00 Q = 512.00-608.87 after 11426.7 sec [total]
done with UBTbC for K = 430.54-512.00 Q = 512.00-608.87 after 11427.0 sec [total]
done with H for K = 430.54-512.00 Q = 512.00-608.87 after 11428.1 sec [total]
done with H++ for K = 430.54-512.00 Q = 512.00-608.87 after 11431.3 sec [total]
done with H+- for K = 430.54-512.00 Q = 512.00-608.87 after 11432.4 sec [total]
done with H-+ for K = 430.54-512.00 Q = 512.00-608.87 after 11433.5 sec [total]
done with H-- for K = 430.54-512.00 Q = 512.00-608.87 after 11434.6 sec [total]
done with UU for K = 512.00-608.87 Q = 512.00-608.87 after 11435.7 sec [total]
done with BB for K = 512.00-608.87 Q = 512.00-608.87 after 11436.7 sec [total]
done with UBTa for K = 512.00-608.87 Q = 512.00-608.87 after 11436.9 sec [total]
done with UBTb for K = 512.00-608.87 Q = 512.00-608.87 after 11437.1 sec [total]
done with UBTbA for K = 512.00-608.87 Q = 512.00-608.87 after 11437.3 sec [total]
done with UBTbC for K = 512.00-608.87 Q = 512.00-608.87 after 11437.6 sec [total]
done with H for K = 512.00-608.87 Q = 512.00-608.87 after 11438.7 sec [total]
done with H++ for K = 512.00-608.87 Q = 512.00-608.87 after 11441.9 sec [total]
done with H+- for K = 512.00-608.87 Q = 512.00-608.87 after 11443.0 sec [total]
done with H-+ for K = 512.00-608.87 Q = 512.00-608.87 after 11444.1 sec [total]
done with H-- for K = 512.00-608.87 Q = 512.00-608.87 after 11445.2 sec [total]
done with UU for K = 608.87-724.08 Q = 512.00-608.87 after 11446.3 sec [total]
done with BB for K = 608.87-724.08 Q = 512.00-608.87 after 11447.3 sec [total]
done with UBTa for K = 608.87-724.08 Q = 512.00-608.87 after 11447.5 sec [total]
done with UBTb for K = 608.87-724.08 Q = 512.00-608.87 after 11447.7 sec [total]
done with UBTbA for K = 608.87-724.08 Q = 512.00-608.87 after 11447.9 sec [total]
done with UBTbC for K = 608.87-724.08 Q = 512.00-608.87 after 11448.2 sec [total]
done with H for K = 608.87-724.08 Q = 512.00-608.87 after 11449.3 sec [total]
done with H++ for K = 608.87-724.08 Q = 512.00-608.87 after 11452.5 sec [total]
done with H+- for K = 608.87-724.08 Q = 512.00-608.87 after 11453.5 sec [total]
done with H-+ for K = 608.87-724.08 Q = 512.00-608.87 after 11454.7 sec [total]
done with H-- for K = 608.87-724.08 Q = 512.00-608.87 after 11455.7 sec [total]
done with UU for K = 724.08-861.08 Q = 512.00-608.87 after 11456.9 sec [total]
done with BB for K = 724.08-861.08 Q = 512.00-608.87 after 11457.9 sec [total]
done with UBTa for K = 724.08-861.08 Q = 512.00-608.87 after 11458.1 sec [total]
done with UBTb for K = 724.08-861.08 Q = 512.00-608.87 after 11458.3 sec [total]
done with UBTbA for K = 724.08-861.08 Q = 512.00-608.87 after 11458.5 sec [total]
done with UBTbC for K = 724.08-861.08 Q = 512.00-608.87 after 11458.9 sec [total]
done with H for K = 724.08-861.08 Q = 512.00-608.87 after 11460.0 sec [total]
done with H++ for K = 724.08-861.08 Q = 512.00-608.87 after 11463.2 sec [total]
done with H+- for K = 724.08-861.08 Q = 512.00-608.87 after 11464.3 sec [total]
done with H-+ for K = 724.08-861.08 Q = 512.00-608.87 after 11465.4 sec [total]
done with H-- for K = 724.08-861.08 Q = 512.00-608.87 after 11466.4 sec [total]
done with UU for K = 861.08-1024.00 Q = 512.00-608.87 after 11467.5 sec [total]
done with BB for K = 861.08-1024.00 Q = 512.00-608.87 after 11468.5 sec [total]
done with UBTa for K = 861.08-1024.00 Q = 512.00-608.87 after 11468.7 sec [total]
done with UBTb for K = 861.08-1024.00 Q = 512.00-608.87 after 11468.9 sec [total]
done with UBTbA for K = 861.08-1024.00 Q = 512.00-608.87 after 11469.1 sec [total]
done with UBTbC for K = 861.08-1024.00 Q = 512.00-608.87 after 11469.5 sec [total]
done with H for K = 861.08-1024.00 Q = 512.00-608.87 after 11470.6 sec [total]
done with H++ for K = 861.08-1024.00 Q = 512.00-608.87 after 11473.8 sec [total]
done with H+- for K = 861.08-1024.00 Q = 512.00-608.87 after 11474.9 sec [total]
done with H-+ for K = 861.08-1024.00 Q = 512.00-608.87 after 11475.9 sec [total]
done with H-- for K = 861.08-1024.00 Q = 512.00-608.87 after 11476.9 sec [total]
done with UU for K = 0.00-3.36 Q = 608.87-724.08 after 11480.1 sec [total]
done with BB for K = 0.00-3.36 Q = 608.87-724.08 after 11483.2 sec [total]
done with UBTa for K = 0.00-3.36 Q = 608.87-724.08 after 11485.0 sec [total]
done with UBTb for K = 0.00-3.36 Q = 608.87-724.08 after 11486.8 sec [total]
done with UBTbA for K = 0.00-3.36 Q = 608.87-724.08 after 11488.5 sec [total]
done with UBTbC for K = 0.00-3.36 Q = 608.87-724.08 after 11488.9 sec [total]
done with H for K = 0.00-3.36 Q = 608.87-724.08 after 11490.0 sec [total]
done with H++ for K = 0.00-3.36 Q = 608.87-724.08 after 11493.2 sec [total]
done with H+- for K = 0.00-3.36 Q = 608.87-724.08 after 11494.2 sec [total]
done with H-+ for K = 0.00-3.36 Q = 608.87-724.08 after 11495.4 sec [total]
done with H-- for K = 0.00-3.36 Q = 608.87-724.08 after 11496.4 sec [total]
done with UU for K = 3.36-4.00 Q = 608.87-724.08 after 11497.4 sec [total]
done with BB for K = 3.36-4.00 Q = 608.87-724.08 after 11498.6 sec [total]
done with UBTa for K = 3.36-4.00 Q = 608.87-724.08 after 11498.8 sec [total]
done with UBTb for K = 3.36-4.00 Q = 608.87-724.08 after 11499.0 sec [total]
done with UBTbA for K = 3.36-4.00 Q = 608.87-724.08 after 11499.2 sec [total]
done with UBTbC for K = 3.36-4.00 Q = 608.87-724.08 after 11499.5 sec [total]
done with H for K = 3.36-4.00 Q = 608.87-724.08 after 11500.6 sec [total]
done with H++ for K = 3.36-4.00 Q = 608.87-724.08 after 11503.7 sec [total]
done with H+- for K = 3.36-4.00 Q = 608.87-724.08 after 11504.8 sec [total]
done with H-+ for K = 3.36-4.00 Q = 608.87-724.08 after 11505.9 sec [total]
done with H-- for K = 3.36-4.00 Q = 608.87-724.08 after 11507.0 sec [total]
done with UU for K = 4.00-4.76 Q = 608.87-724.08 after 11508.1 sec [total]
done with BB for K = 4.00-4.76 Q = 608.87-724.08 after 11509.2 sec [total]
done with UBTa for K = 4.00-4.76 Q = 608.87-724.08 after 11509.3 sec [total]
done with UBTb for K = 4.00-4.76 Q = 608.87-724.08 after 11509.5 sec [total]
done with UBTbA for K = 4.00-4.76 Q = 608.87-724.08 after 11509.7 sec [total]
done with UBTbC for K = 4.00-4.76 Q = 608.87-724.08 after 11510.0 sec [total]
done with H for K = 4.00-4.76 Q = 608.87-724.08 after 11511.2 sec [total]
done with H++ for K = 4.00-4.76 Q = 608.87-724.08 after 11514.4 sec [total]
done with H+- for K = 4.00-4.76 Q = 608.87-724.08 after 11515.5 sec [total]
done with H-+ for K = 4.00-4.76 Q = 608.87-724.08 after 11516.6 sec [total]
done with H-- for K = 4.00-4.76 Q = 608.87-724.08 after 11517.6 sec [total]
done with UU for K = 4.76-5.66 Q = 608.87-724.08 after 11518.7 sec [total]
done with BB for K = 4.76-5.66 Q = 608.87-724.08 after 11519.7 sec [total]
done with UBTa for K = 4.76-5.66 Q = 608.87-724.08 after 11519.9 sec [total]
done with UBTb for K = 4.76-5.66 Q = 608.87-724.08 after 11520.1 sec [total]
done with UBTbA for K = 4.76-5.66 Q = 608.87-724.08 after 11520.3 sec [total]
done with UBTbC for K = 4.76-5.66 Q = 608.87-724.08 after 11520.7 sec [total]
done with H for K = 4.76-5.66 Q = 608.87-724.08 after 11521.8 sec [total]
done with H++ for K = 4.76-5.66 Q = 608.87-724.08 after 11525.0 sec [total]
done with H+- for K = 4.76-5.66 Q = 608.87-724.08 after 11526.0 sec [total]
done with H-+ for K = 4.76-5.66 Q = 608.87-724.08 after 11527.2 sec [total]
done with H-- for K = 4.76-5.66 Q = 608.87-724.08 after 11528.2 sec [total]
done with UU for K = 5.66-6.73 Q = 608.87-724.08 after 11529.3 sec [total]
done with BB for K = 5.66-6.73 Q = 608.87-724.08 after 11530.3 sec [total]
done with UBTa for K = 5.66-6.73 Q = 608.87-724.08 after 11530.5 sec [total]
done with UBTb for K = 5.66-6.73 Q = 608.87-724.08 after 11530.7 sec [total]
done with UBTbA for K = 5.66-6.73 Q = 608.87-724.08 after 11530.9 sec [total]
done with UBTbC for K = 5.66-6.73 Q = 608.87-724.08 after 11531.3 sec [total]
done with H for K = 5.66-6.73 Q = 608.87-724.08 after 11532.3 sec [total]
done with H++ for K = 5.66-6.73 Q = 608.87-724.08 after 11535.6 sec [total]
done with H+- for K = 5.66-6.73 Q = 608.87-724.08 after 11536.7 sec [total]
done with H-+ for K = 5.66-6.73 Q = 608.87-724.08 after 11537.7 sec [total]
done with H-- for K = 5.66-6.73 Q = 608.87-724.08 after 11538.8 sec [total]
done with UU for K = 6.73-8.00 Q = 608.87-724.08 after 11539.9 sec [total]
done with BB for K = 6.73-8.00 Q = 608.87-724.08 after 11540.9 sec [total]
done with UBTa for K = 6.73-8.00 Q = 608.87-724.08 after 11541.1 sec [total]
done with UBTb for K = 6.73-8.00 Q = 608.87-724.08 after 11541.3 sec [total]
done with UBTbA for K = 6.73-8.00 Q = 608.87-724.08 after 11541.5 sec [total]
done with UBTbC for K = 6.73-8.00 Q = 608.87-724.08 after 11541.9 sec [total]
done with H for K = 6.73-8.00 Q = 608.87-724.08 after 11542.9 sec [total]
done with H++ for K = 6.73-8.00 Q = 608.87-724.08 after 11546.1 sec [total]
done with H+- for K = 6.73-8.00 Q = 608.87-724.08 after 11547.2 sec [total]
done with H-+ for K = 6.73-8.00 Q = 608.87-724.08 after 11548.3 sec [total]
done with H-- for K = 6.73-8.00 Q = 608.87-724.08 after 11549.4 sec [total]
done with UU for K = 8.00-9.51 Q = 608.87-724.08 after 11550.4 sec [total]
done with BB for K = 8.00-9.51 Q = 608.87-724.08 after 11551.5 sec [total]
done with UBTa for K = 8.00-9.51 Q = 608.87-724.08 after 11551.7 sec [total]
done with UBTb for K = 8.00-9.51 Q = 608.87-724.08 after 11551.9 sec [total]
done with UBTbA for K = 8.00-9.51 Q = 608.87-724.08 after 11552.1 sec [total]
done with UBTbC for K = 8.00-9.51 Q = 608.87-724.08 after 11552.5 sec [total]
done with H for K = 8.00-9.51 Q = 608.87-724.08 after 11553.5 sec [total]
done with H++ for K = 8.00-9.51 Q = 608.87-724.08 after 11556.7 sec [total]
done with H+- for K = 8.00-9.51 Q = 608.87-724.08 after 11557.8 sec [total]
done with H-+ for K = 8.00-9.51 Q = 608.87-724.08 after 11558.9 sec [total]
done with H-- for K = 8.00-9.51 Q = 608.87-724.08 after 11560.0 sec [total]
done with UU for K = 9.51-11.31 Q = 608.87-724.08 after 11561.1 sec [total]
done with BB for K = 9.51-11.31 Q = 608.87-724.08 after 11562.2 sec [total]
done with UBTa for K = 9.51-11.31 Q = 608.87-724.08 after 11562.4 sec [total]
done with UBTb for K = 9.51-11.31 Q = 608.87-724.08 after 11562.6 sec [total]
done with UBTbA for K = 9.51-11.31 Q = 608.87-724.08 after 11562.7 sec [total]
done with UBTbC for K = 9.51-11.31 Q = 608.87-724.08 after 11563.1 sec [total]
done with H for K = 9.51-11.31 Q = 608.87-724.08 after 11564.2 sec [total]
done with H++ for K = 9.51-11.31 Q = 608.87-724.08 after 11567.5 sec [total]
done with H+- for K = 9.51-11.31 Q = 608.87-724.08 after 11568.5 sec [total]
done with H-+ for K = 9.51-11.31 Q = 608.87-724.08 after 11569.6 sec [total]
done with H-- for K = 9.51-11.31 Q = 608.87-724.08 after 11570.7 sec [total]
done with UU for K = 11.31-13.45 Q = 608.87-724.08 after 11571.7 sec [total]
done with BB for K = 11.31-13.45 Q = 608.87-724.08 after 11572.9 sec [total]
done with UBTa for K = 11.31-13.45 Q = 608.87-724.08 after 11573.0 sec [total]
done with UBTb for K = 11.31-13.45 Q = 608.87-724.08 after 11573.2 sec [total]
done with UBTbA for K = 11.31-13.45 Q = 608.87-724.08 after 11573.4 sec [total]
done with UBTbC for K = 11.31-13.45 Q = 608.87-724.08 after 11573.8 sec [total]
done with H for K = 11.31-13.45 Q = 608.87-724.08 after 11574.8 sec [total]
done with H++ for K = 11.31-13.45 Q = 608.87-724.08 after 11578.0 sec [total]
done with H+- for K = 11.31-13.45 Q = 608.87-724.08 after 11579.1 sec [total]
done with H-+ for K = 11.31-13.45 Q = 608.87-724.08 after 11580.2 sec [total]
done with H-- for K = 11.31-13.45 Q = 608.87-724.08 after 11581.3 sec [total]
done with UU for K = 13.45-16.00 Q = 608.87-724.08 after 11582.4 sec [total]
done with BB for K = 13.45-16.00 Q = 608.87-724.08 after 11583.4 sec [total]
done with UBTa for K = 13.45-16.00 Q = 608.87-724.08 after 11583.6 sec [total]
done with UBTb for K = 13.45-16.00 Q = 608.87-724.08 after 11583.8 sec [total]
done with UBTbA for K = 13.45-16.00 Q = 608.87-724.08 after 11584.0 sec [total]
done with UBTbC for K = 13.45-16.00 Q = 608.87-724.08 after 11584.4 sec [total]
done with H for K = 13.45-16.00 Q = 608.87-724.08 after 11585.4 sec [total]
done with H++ for K = 13.45-16.00 Q = 608.87-724.08 after 11588.7 sec [total]
done with H+- for K = 13.45-16.00 Q = 608.87-724.08 after 11589.7 sec [total]
done with H-+ for K = 13.45-16.00 Q = 608.87-724.08 after 11590.8 sec [total]
done with H-- for K = 13.45-16.00 Q = 608.87-724.08 after 11591.9 sec [total]
done with UU for K = 16.00-19.03 Q = 608.87-724.08 after 11592.9 sec [total]
done with BB for K = 16.00-19.03 Q = 608.87-724.08 after 11594.1 sec [total]
done with UBTa for K = 16.00-19.03 Q = 608.87-724.08 after 11594.2 sec [total]
done with UBTb for K = 16.00-19.03 Q = 608.87-724.08 after 11594.4 sec [total]
done with UBTbA for K = 16.00-19.03 Q = 608.87-724.08 after 11594.6 sec [total]
done with UBTbC for K = 16.00-19.03 Q = 608.87-724.08 after 11595.0 sec [total]
done with H for K = 16.00-19.03 Q = 608.87-724.08 after 11596.1 sec [total]
done with H++ for K = 16.00-19.03 Q = 608.87-724.08 after 11599.3 sec [total]
done with H+- for K = 16.00-19.03 Q = 608.87-724.08 after 11600.4 sec [total]
done with H-+ for K = 16.00-19.03 Q = 608.87-724.08 after 11601.5 sec [total]
done with H-- for K = 16.00-19.03 Q = 608.87-724.08 after 11602.6 sec [total]
done with UU for K = 19.03-22.63 Q = 608.87-724.08 after 11603.6 sec [total]
done with BB for K = 19.03-22.63 Q = 608.87-724.08 after 11604.7 sec [total]
done with UBTa for K = 19.03-22.63 Q = 608.87-724.08 after 11604.9 sec [total]
done with UBTb for K = 19.03-22.63 Q = 608.87-724.08 after 11605.0 sec [total]
done with UBTbA for K = 19.03-22.63 Q = 608.87-724.08 after 11605.2 sec [total]
done with UBTbC for K = 19.03-22.63 Q = 608.87-724.08 after 11605.6 sec [total]
done with H for K = 19.03-22.63 Q = 608.87-724.08 after 11606.7 sec [total]
done with H++ for K = 19.03-22.63 Q = 608.87-724.08 after 11609.9 sec [total]
done with H+- for K = 19.03-22.63 Q = 608.87-724.08 after 11610.9 sec [total]
done with H-+ for K = 19.03-22.63 Q = 608.87-724.08 after 11612.1 sec [total]
done with H-- for K = 19.03-22.63 Q = 608.87-724.08 after 11613.1 sec [total]
done with UU for K = 22.63-26.91 Q = 608.87-724.08 after 11614.2 sec [total]
done with BB for K = 22.63-26.91 Q = 608.87-724.08 after 11615.3 sec [total]
done with UBTa for K = 22.63-26.91 Q = 608.87-724.08 after 11615.5 sec [total]
done with UBTb for K = 22.63-26.91 Q = 608.87-724.08 after 11615.7 sec [total]
done with UBTbA for K = 22.63-26.91 Q = 608.87-724.08 after 11615.9 sec [total]
done with UBTbC for K = 22.63-26.91 Q = 608.87-724.08 after 11616.3 sec [total]
done with H for K = 22.63-26.91 Q = 608.87-724.08 after 11617.3 sec [total]
done with H++ for K = 22.63-26.91 Q = 608.87-724.08 after 11620.5 sec [total]
done with H+- for K = 22.63-26.91 Q = 608.87-724.08 after 11621.6 sec [total]
done with H-+ for K = 22.63-26.91 Q = 608.87-724.08 after 11622.7 sec [total]
done with H-- for K = 22.63-26.91 Q = 608.87-724.08 after 11623.7 sec [total]
done with UU for K = 26.91-32.00 Q = 608.87-724.08 after 11624.8 sec [total]
done with BB for K = 26.91-32.00 Q = 608.87-724.08 after 11625.9 sec [total]
done with UBTa for K = 26.91-32.00 Q = 608.87-724.08 after 11626.1 sec [total]
done with UBTb for K = 26.91-32.00 Q = 608.87-724.08 after 11626.3 sec [total]
done with UBTbA for K = 26.91-32.00 Q = 608.87-724.08 after 11626.6 sec [total]
done with UBTbC for K = 26.91-32.00 Q = 608.87-724.08 after 11626.9 sec [total]
done with H for K = 26.91-32.00 Q = 608.87-724.08 after 11627.9 sec [total]
done with H++ for K = 26.91-32.00 Q = 608.87-724.08 after 11631.1 sec [total]
done with H+- for K = 26.91-32.00 Q = 608.87-724.08 after 11632.2 sec [total]
done with H-+ for K = 26.91-32.00 Q = 608.87-724.08 after 11633.3 sec [total]
done with H-- for K = 26.91-32.00 Q = 608.87-724.08 after 11634.4 sec [total]
done with UU for K = 32.00-38.05 Q = 608.87-724.08 after 11635.5 sec [total]
done with BB for K = 32.00-38.05 Q = 608.87-724.08 after 11636.5 sec [total]
done with UBTa for K = 32.00-38.05 Q = 608.87-724.08 after 11636.7 sec [total]
done with UBTb for K = 32.00-38.05 Q = 608.87-724.08 after 11636.9 sec [total]
done with UBTbA for K = 32.00-38.05 Q = 608.87-724.08 after 11637.1 sec [total]
done with UBTbC for K = 32.00-38.05 Q = 608.87-724.08 after 11637.5 sec [total]
done with H for K = 32.00-38.05 Q = 608.87-724.08 after 11638.6 sec [total]
done with H++ for K = 32.00-38.05 Q = 608.87-724.08 after 11641.7 sec [total]
done with H+- for K = 32.00-38.05 Q = 608.87-724.08 after 11642.8 sec [total]
done with H-+ for K = 32.00-38.05 Q = 608.87-724.08 after 11643.9 sec [total]
done with H-- for K = 32.00-38.05 Q = 608.87-724.08 after 11645.0 sec [total]
done with UU for K = 38.05-45.25 Q = 608.87-724.08 after 11646.1 sec [total]
done with BB for K = 38.05-45.25 Q = 608.87-724.08 after 11647.1 sec [total]
done with UBTa for K = 38.05-45.25 Q = 608.87-724.08 after 11647.3 sec [total]
done with UBTb for K = 38.05-45.25 Q = 608.87-724.08 after 11647.5 sec [total]
done with UBTbA for K = 38.05-45.25 Q = 608.87-724.08 after 11647.7 sec [total]
done with UBTbC for K = 38.05-45.25 Q = 608.87-724.08 after 11648.1 sec [total]
done with H for K = 38.05-45.25 Q = 608.87-724.08 after 11649.2 sec [total]
done with H++ for K = 38.05-45.25 Q = 608.87-724.08 after 11652.3 sec [total]
done with H+- for K = 38.05-45.25 Q = 608.87-724.08 after 11653.4 sec [total]
done with H-+ for K = 38.05-45.25 Q = 608.87-724.08 after 11654.5 sec [total]
done with H-- for K = 38.05-45.25 Q = 608.87-724.08 after 11655.6 sec [total]
done with UU for K = 45.25-53.82 Q = 608.87-724.08 after 11656.7 sec [total]
done with BB for K = 45.25-53.82 Q = 608.87-724.08 after 11657.8 sec [total]
done with UBTa for K = 45.25-53.82 Q = 608.87-724.08 after 11658.0 sec [total]
done with UBTb for K = 45.25-53.82 Q = 608.87-724.08 after 11658.2 sec [total]
done with UBTbA for K = 45.25-53.82 Q = 608.87-724.08 after 11658.4 sec [total]
done with UBTbC for K = 45.25-53.82 Q = 608.87-724.08 after 11658.7 sec [total]
done with H for K = 45.25-53.82 Q = 608.87-724.08 after 11659.8 sec [total]
done with H++ for K = 45.25-53.82 Q = 608.87-724.08 after 11662.9 sec [total]
done with H+- for K = 45.25-53.82 Q = 608.87-724.08 after 11664.0 sec [total]
done with H-+ for K = 45.25-53.82 Q = 608.87-724.08 after 11665.1 sec [total]
done with H-- for K = 45.25-53.82 Q = 608.87-724.08 after 11666.2 sec [total]
done with UU for K = 53.82-64.00 Q = 608.87-724.08 after 11667.3 sec [total]
done with BB for K = 53.82-64.00 Q = 608.87-724.08 after 11668.3 sec [total]
done with UBTa for K = 53.82-64.00 Q = 608.87-724.08 after 11668.5 sec [total]
done with UBTb for K = 53.82-64.00 Q = 608.87-724.08 after 11668.7 sec [total]
done with UBTbA for K = 53.82-64.00 Q = 608.87-724.08 after 11668.9 sec [total]
done with UBTbC for K = 53.82-64.00 Q = 608.87-724.08 after 11669.3 sec [total]
done with H for K = 53.82-64.00 Q = 608.87-724.08 after 11670.4 sec [total]
done with H++ for K = 53.82-64.00 Q = 608.87-724.08 after 11673.6 sec [total]
done with H+- for K = 53.82-64.00 Q = 608.87-724.08 after 11674.7 sec [total]
done with H-+ for K = 53.82-64.00 Q = 608.87-724.08 after 11675.7 sec [total]
done with H-- for K = 53.82-64.00 Q = 608.87-724.08 after 11676.8 sec [total]
done with UU for K = 64.00-76.11 Q = 608.87-724.08 after 11678.0 sec [total]
done with BB for K = 64.00-76.11 Q = 608.87-724.08 after 11679.0 sec [total]
done with UBTa for K = 64.00-76.11 Q = 608.87-724.08 after 11679.2 sec [total]
done with UBTb for K = 64.00-76.11 Q = 608.87-724.08 after 11679.4 sec [total]
done with UBTbA for K = 64.00-76.11 Q = 608.87-724.08 after 11679.6 sec [total]
done with UBTbC for K = 64.00-76.11 Q = 608.87-724.08 after 11680.0 sec [total]
done with H for K = 64.00-76.11 Q = 608.87-724.08 after 11681.0 sec [total]
done with H++ for K = 64.00-76.11 Q = 608.87-724.08 after 11684.3 sec [total]
done with H+- for K = 64.00-76.11 Q = 608.87-724.08 after 11685.3 sec [total]
done with H-+ for K = 64.00-76.11 Q = 608.87-724.08 after 11686.3 sec [total]
done with H-- for K = 64.00-76.11 Q = 608.87-724.08 after 11687.4 sec [total]
done with UU for K = 76.11-90.51 Q = 608.87-724.08 after 11688.5 sec [total]
done with BB for K = 76.11-90.51 Q = 608.87-724.08 after 11689.6 sec [total]
done with UBTa for K = 76.11-90.51 Q = 608.87-724.08 after 11689.8 sec [total]
done with UBTb for K = 76.11-90.51 Q = 608.87-724.08 after 11690.0 sec [total]
done with UBTbA for K = 76.11-90.51 Q = 608.87-724.08 after 11690.2 sec [total]
done with UBTbC for K = 76.11-90.51 Q = 608.87-724.08 after 11690.5 sec [total]
done with H for K = 76.11-90.51 Q = 608.87-724.08 after 11691.6 sec [total]
done with H++ for K = 76.11-90.51 Q = 608.87-724.08 after 11694.8 sec [total]
done with H+- for K = 76.11-90.51 Q = 608.87-724.08 after 11695.9 sec [total]
done with H-+ for K = 76.11-90.51 Q = 608.87-724.08 after 11697.0 sec [total]
done with H-- for K = 76.11-90.51 Q = 608.87-724.08 after 11698.0 sec [total]
done with UU for K = 90.51-107.63 Q = 608.87-724.08 after 11699.2 sec [total]
done with BB for K = 90.51-107.63 Q = 608.87-724.08 after 11700.2 sec [total]
done with UBTa for K = 90.51-107.63 Q = 608.87-724.08 after 11700.4 sec [total]
done with UBTb for K = 90.51-107.63 Q = 608.87-724.08 after 11700.6 sec [total]
done with UBTbA for K = 90.51-107.63 Q = 608.87-724.08 after 11700.8 sec [total]
done with UBTbC for K = 90.51-107.63 Q = 608.87-724.08 after 11701.1 sec [total]
done with H for K = 90.51-107.63 Q = 608.87-724.08 after 11702.2 sec [total]
done with H++ for K = 90.51-107.63 Q = 608.87-724.08 after 11705.4 sec [total]
done with H+- for K = 90.51-107.63 Q = 608.87-724.08 after 11706.5 sec [total]
done with H-+ for K = 90.51-107.63 Q = 608.87-724.08 after 11707.6 sec [total]
done with H-- for K = 90.51-107.63 Q = 608.87-724.08 after 11708.6 sec [total]
done with UU for K = 107.63-128.00 Q = 608.87-724.08 after 11709.8 sec [total]
done with BB for K = 107.63-128.00 Q = 608.87-724.08 after 11710.8 sec [total]
done with UBTa for K = 107.63-128.00 Q = 608.87-724.08 after 11711.0 sec [total]
done with UBTb for K = 107.63-128.00 Q = 608.87-724.08 after 11711.2 sec [total]
done with UBTbA for K = 107.63-128.00 Q = 608.87-724.08 after 11711.4 sec [total]
done with UBTbC for K = 107.63-128.00 Q = 608.87-724.08 after 11711.8 sec [total]
done with H for K = 107.63-128.00 Q = 608.87-724.08 after 11712.8 sec [total]
done with H++ for K = 107.63-128.00 Q = 608.87-724.08 after 11716.1 sec [total]
done with H+- for K = 107.63-128.00 Q = 608.87-724.08 after 11717.1 sec [total]
done with H-+ for K = 107.63-128.00 Q = 608.87-724.08 after 11718.2 sec [total]
done with H-- for K = 107.63-128.00 Q = 608.87-724.08 after 11719.3 sec [total]
done with UU for K = 128.00-152.22 Q = 608.87-724.08 after 11720.3 sec [total]
done with BB for K = 128.00-152.22 Q = 608.87-724.08 after 11721.4 sec [total]
done with UBTa for K = 128.00-152.22 Q = 608.87-724.08 after 11721.6 sec [total]
done with UBTb for K = 128.00-152.22 Q = 608.87-724.08 after 11721.8 sec [total]
done with UBTbA for K = 128.00-152.22 Q = 608.87-724.08 after 11722.0 sec [total]
done with UBTbC for K = 128.00-152.22 Q = 608.87-724.08 after 11722.4 sec [total]
done with H for K = 128.00-152.22 Q = 608.87-724.08 after 11723.5 sec [total]
done with H++ for K = 128.00-152.22 Q = 608.87-724.08 after 11726.6 sec [total]
done with H+- for K = 128.00-152.22 Q = 608.87-724.08 after 11727.7 sec [total]
done with H-+ for K = 128.00-152.22 Q = 608.87-724.08 after 11728.9 sec [total]
done with H-- for K = 128.00-152.22 Q = 608.87-724.08 after 11729.9 sec [total]
done with UU for K = 152.22-181.02 Q = 608.87-724.08 after 11731.0 sec [total]
done with BB for K = 152.22-181.02 Q = 608.87-724.08 after 11732.0 sec [total]
done with UBTa for K = 152.22-181.02 Q = 608.87-724.08 after 11732.2 sec [total]
done with UBTb for K = 152.22-181.02 Q = 608.87-724.08 after 11732.4 sec [total]
done with UBTbA for K = 152.22-181.02 Q = 608.87-724.08 after 11732.6 sec [total]
done with UBTbC for K = 152.22-181.02 Q = 608.87-724.08 after 11732.9 sec [total]
done with H for K = 152.22-181.02 Q = 608.87-724.08 after 11734.0 sec [total]
done with H++ for K = 152.22-181.02 Q = 608.87-724.08 after 11737.3 sec [total]
done with H+- for K = 152.22-181.02 Q = 608.87-724.08 after 11738.3 sec [total]
done with H-+ for K = 152.22-181.02 Q = 608.87-724.08 after 11739.4 sec [total]
done with H-- for K = 152.22-181.02 Q = 608.87-724.08 after 11740.5 sec [total]
done with UU for K = 181.02-215.27 Q = 608.87-724.08 after 11741.6 sec [total]
done with BB for K = 181.02-215.27 Q = 608.87-724.08 after 11742.7 sec [total]
done with UBTa for K = 181.02-215.27 Q = 608.87-724.08 after 11742.8 sec [total]
done with UBTb for K = 181.02-215.27 Q = 608.87-724.08 after 11743.0 sec [total]
done with UBTbA for K = 181.02-215.27 Q = 608.87-724.08 after 11743.2 sec [total]
done with UBTbC for K = 181.02-215.27 Q = 608.87-724.08 after 11743.6 sec [total]
done with H for K = 181.02-215.27 Q = 608.87-724.08 after 11744.7 sec [total]
done with H++ for K = 181.02-215.27 Q = 608.87-724.08 after 11747.9 sec [total]
done with H+- for K = 181.02-215.27 Q = 608.87-724.08 after 11748.9 sec [total]
done with H-+ for K = 181.02-215.27 Q = 608.87-724.08 after 11750.0 sec [total]
done with H-- for K = 181.02-215.27 Q = 608.87-724.08 after 11751.1 sec [total]
done with UU for K = 215.27-256.00 Q = 608.87-724.08 after 11752.2 sec [total]
done with BB for K = 215.27-256.00 Q = 608.87-724.08 after 11753.3 sec [total]
done with UBTa for K = 215.27-256.00 Q = 608.87-724.08 after 11753.4 sec [total]
done with UBTb for K = 215.27-256.00 Q = 608.87-724.08 after 11753.7 sec [total]
done with UBTbA for K = 215.27-256.00 Q = 608.87-724.08 after 11753.9 sec [total]
done with UBTbC for K = 215.27-256.00 Q = 608.87-724.08 after 11754.2 sec [total]
done with H for K = 215.27-256.00 Q = 608.87-724.08 after 11755.2 sec [total]
done with H++ for K = 215.27-256.00 Q = 608.87-724.08 after 11758.4 sec [total]
done with H+- for K = 215.27-256.00 Q = 608.87-724.08 after 11759.5 sec [total]
done with H-+ for K = 215.27-256.00 Q = 608.87-724.08 after 11760.6 sec [total]
done with H-- for K = 215.27-256.00 Q = 608.87-724.08 after 11761.6 sec [total]
done with UU for K = 256.00-304.44 Q = 608.87-724.08 after 11762.8 sec [total]
done with BB for K = 256.00-304.44 Q = 608.87-724.08 after 11763.9 sec [total]
done with UBTa for K = 256.00-304.44 Q = 608.87-724.08 after 11764.1 sec [total]
done with UBTb for K = 256.00-304.44 Q = 608.87-724.08 after 11764.3 sec [total]
done with UBTbA for K = 256.00-304.44 Q = 608.87-724.08 after 11764.5 sec [total]
done with UBTbC for K = 256.00-304.44 Q = 608.87-724.08 after 11764.9 sec [total]
done with H for K = 256.00-304.44 Q = 608.87-724.08 after 11765.9 sec [total]
done with H++ for K = 256.00-304.44 Q = 608.87-724.08 after 11769.1 sec [total]
done with H+- for K = 256.00-304.44 Q = 608.87-724.08 after 11770.2 sec [total]
done with H-+ for K = 256.00-304.44 Q = 608.87-724.08 after 11771.3 sec [total]
done with H-- for K = 256.00-304.44 Q = 608.87-724.08 after 11772.3 sec [total]
done with UU for K = 304.44-362.04 Q = 608.87-724.08 after 11773.5 sec [total]
done with BB for K = 304.44-362.04 Q = 608.87-724.08 after 11774.5 sec [total]
done with UBTa for K = 304.44-362.04 Q = 608.87-724.08 after 11774.7 sec [total]
done with UBTb for K = 304.44-362.04 Q = 608.87-724.08 after 11774.9 sec [total]
done with UBTbA for K = 304.44-362.04 Q = 608.87-724.08 after 11775.1 sec [total]
done with UBTbC for K = 304.44-362.04 Q = 608.87-724.08 after 11775.4 sec [total]
done with H for K = 304.44-362.04 Q = 608.87-724.08 after 11776.5 sec [total]
done with H++ for K = 304.44-362.04 Q = 608.87-724.08 after 11779.8 sec [total]
done with H+- for K = 304.44-362.04 Q = 608.87-724.08 after 11780.8 sec [total]
done with H-+ for K = 304.44-362.04 Q = 608.87-724.08 after 11781.9 sec [total]
done with H-- for K = 304.44-362.04 Q = 608.87-724.08 after 11782.9 sec [total]
done with UU for K = 362.04-430.54 Q = 608.87-724.08 after 11784.1 sec [total]
done with BB for K = 362.04-430.54 Q = 608.87-724.08 after 11785.2 sec [total]
done with UBTa for K = 362.04-430.54 Q = 608.87-724.08 after 11785.4 sec [total]
done with UBTb for K = 362.04-430.54 Q = 608.87-724.08 after 11785.6 sec [total]
done with UBTbA for K = 362.04-430.54 Q = 608.87-724.08 after 11785.8 sec [total]
done with UBTbC for K = 362.04-430.54 Q = 608.87-724.08 after 11786.1 sec [total]
done with H for K = 362.04-430.54 Q = 608.87-724.08 after 11787.2 sec [total]
done with H++ for K = 362.04-430.54 Q = 608.87-724.08 after 11790.4 sec [total]
done with H+- for K = 362.04-430.54 Q = 608.87-724.08 after 11791.4 sec [total]
done with H-+ for K = 362.04-430.54 Q = 608.87-724.08 after 11792.5 sec [total]
done with H-- for K = 362.04-430.54 Q = 608.87-724.08 after 11793.6 sec [total]
done with UU for K = 430.54-512.00 Q = 608.87-724.08 after 11794.7 sec [total]
done with BB for K = 430.54-512.00 Q = 608.87-724.08 after 11795.8 sec [total]
done with UBTa for K = 430.54-512.00 Q = 608.87-724.08 after 11795.9 sec [total]
done with UBTb for K = 430.54-512.00 Q = 608.87-724.08 after 11796.1 sec [total]
done with UBTbA for K = 430.54-512.00 Q = 608.87-724.08 after 11796.3 sec [total]
done with UBTbC for K = 430.54-512.00 Q = 608.87-724.08 after 11796.7 sec [total]
done with H for K = 430.54-512.00 Q = 608.87-724.08 after 11797.8 sec [total]
done with H++ for K = 430.54-512.00 Q = 608.87-724.08 after 11800.9 sec [total]
done with H+- for K = 430.54-512.00 Q = 608.87-724.08 after 11802.0 sec [total]
done with H-+ for K = 430.54-512.00 Q = 608.87-724.08 after 11803.1 sec [total]
done with H-- for K = 430.54-512.00 Q = 608.87-724.08 after 11804.2 sec [total]
done with UU for K = 512.00-608.87 Q = 608.87-724.08 after 11805.3 sec [total]
done with BB for K = 512.00-608.87 Q = 608.87-724.08 after 11806.4 sec [total]
done with UBTa for K = 512.00-608.87 Q = 608.87-724.08 after 11806.5 sec [total]
done with UBTb for K = 512.00-608.87 Q = 608.87-724.08 after 11806.7 sec [total]
done with UBTbA for K = 512.00-608.87 Q = 608.87-724.08 after 11806.9 sec [total]
done with UBTbC for K = 512.00-608.87 Q = 608.87-724.08 after 11807.3 sec [total]
done with H for K = 512.00-608.87 Q = 608.87-724.08 after 11808.4 sec [total]
done with H++ for K = 512.00-608.87 Q = 608.87-724.08 after 11811.6 sec [total]
done with H+- for K = 512.00-608.87 Q = 608.87-724.08 after 11812.6 sec [total]
done with H-+ for K = 512.00-608.87 Q = 608.87-724.08 after 11813.7 sec [total]
done with H-- for K = 512.00-608.87 Q = 608.87-724.08 after 11814.8 sec [total]
done with UU for K = 608.87-724.08 Q = 608.87-724.08 after 11816.0 sec [total]
done with BB for K = 608.87-724.08 Q = 608.87-724.08 after 11817.0 sec [total]
done with UBTa for K = 608.87-724.08 Q = 608.87-724.08 after 11817.2 sec [total]
done with UBTb for K = 608.87-724.08 Q = 608.87-724.08 after 11817.4 sec [total]
done with UBTbA for K = 608.87-724.08 Q = 608.87-724.08 after 11817.6 sec [total]
done with UBTbC for K = 608.87-724.08 Q = 608.87-724.08 after 11817.9 sec [total]
done with H for K = 608.87-724.08 Q = 608.87-724.08 after 11819.0 sec [total]
done with H++ for K = 608.87-724.08 Q = 608.87-724.08 after 11822.2 sec [total]
done with H+- for K = 608.87-724.08 Q = 608.87-724.08 after 11823.3 sec [total]
done with H-+ for K = 608.87-724.08 Q = 608.87-724.08 after 11824.4 sec [total]
done with H-- for K = 608.87-724.08 Q = 608.87-724.08 after 11825.5 sec [total]
done with UU for K = 724.08-861.08 Q = 608.87-724.08 after 11826.6 sec [total]
done with BB for K = 724.08-861.08 Q = 608.87-724.08 after 11827.7 sec [total]
done with UBTa for K = 724.08-861.08 Q = 608.87-724.08 after 11827.8 sec [total]
done with UBTb for K = 724.08-861.08 Q = 608.87-724.08 after 11828.0 sec [total]
done with UBTbA for K = 724.08-861.08 Q = 608.87-724.08 after 11828.2 sec [total]
done with UBTbC for K = 724.08-861.08 Q = 608.87-724.08 after 11828.6 sec [total]
done with H for K = 724.08-861.08 Q = 608.87-724.08 after 11829.7 sec [total]
done with H++ for K = 724.08-861.08 Q = 608.87-724.08 after 11832.9 sec [total]
done with H+- for K = 724.08-861.08 Q = 608.87-724.08 after 11834.0 sec [total]
done with H-+ for K = 724.08-861.08 Q = 608.87-724.08 after 11835.1 sec [total]
done with H-- for K = 724.08-861.08 Q = 608.87-724.08 after 11836.1 sec [total]
done with UU for K = 861.08-1024.00 Q = 608.87-724.08 after 11837.2 sec [total]
done with BB for K = 861.08-1024.00 Q = 608.87-724.08 after 11838.3 sec [total]
done with UBTa for K = 861.08-1024.00 Q = 608.87-724.08 after 11838.5 sec [total]
done with UBTb for K = 861.08-1024.00 Q = 608.87-724.08 after 11838.7 sec [total]
done with UBTbA for K = 861.08-1024.00 Q = 608.87-724.08 after 11838.9 sec [total]
done with UBTbC for K = 861.08-1024.00 Q = 608.87-724.08 after 11839.3 sec [total]
done with H for K = 861.08-1024.00 Q = 608.87-724.08 after 11840.3 sec [total]
done with H++ for K = 861.08-1024.00 Q = 608.87-724.08 after 11843.5 sec [total]
done with H+- for K = 861.08-1024.00 Q = 608.87-724.08 after 11844.6 sec [total]
done with H-+ for K = 861.08-1024.00 Q = 608.87-724.08 after 11845.7 sec [total]
done with H-- for K = 861.08-1024.00 Q = 608.87-724.08 after 11846.7 sec [total]
done with UU for K = 0.00-3.36 Q = 724.08-861.08 after 11850.0 sec [total]
done with BB for K = 0.00-3.36 Q = 724.08-861.08 after 11853.1 sec [total]
done with UBTa for K = 0.00-3.36 Q = 724.08-861.08 after 11854.8 sec [total]
done with UBTb for K = 0.00-3.36 Q = 724.08-861.08 after 11856.6 sec [total]
done with UBTbA for K = 0.00-3.36 Q = 724.08-861.08 after 11858.4 sec [total]
done with UBTbC for K = 0.00-3.36 Q = 724.08-861.08 after 11858.7 sec [total]
done with H for K = 0.00-3.36 Q = 724.08-861.08 after 11859.8 sec [total]
done with H++ for K = 0.00-3.36 Q = 724.08-861.08 after 11863.2 sec [total]
done with H+- for K = 0.00-3.36 Q = 724.08-861.08 after 11864.6 sec [total]
done with H-+ for K = 0.00-3.36 Q = 724.08-861.08 after 11865.8 sec [total]
done with H-- for K = 0.00-3.36 Q = 724.08-861.08 after 11866.5 sec [total]
done with UU for K = 3.36-4.00 Q = 724.08-861.08 after 11867.5 sec [total]
done with BB for K = 3.36-4.00 Q = 724.08-861.08 after 11868.7 sec [total]
done with UBTa for K = 3.36-4.00 Q = 724.08-861.08 after 11868.8 sec [total]
done with UBTb for K = 3.36-4.00 Q = 724.08-861.08 after 11869.0 sec [total]
done with UBTbA for K = 3.36-4.00 Q = 724.08-861.08 after 11869.2 sec [total]
done with UBTbC for K = 3.36-4.00 Q = 724.08-861.08 after 11869.6 sec [total]
done with H for K = 3.36-4.00 Q = 724.08-861.08 after 11870.6 sec [total]
done with H++ for K = 3.36-4.00 Q = 724.08-861.08 after 11873.9 sec [total]
done with H+- for K = 3.36-4.00 Q = 724.08-861.08 after 11874.9 sec [total]
done with H-+ for K = 3.36-4.00 Q = 724.08-861.08 after 11876.0 sec [total]
done with H-- for K = 3.36-4.00 Q = 724.08-861.08 after 11877.1 sec [total]
done with UU for K = 4.00-4.76 Q = 724.08-861.08 after 11878.2 sec [total]
done with BB for K = 4.00-4.76 Q = 724.08-861.08 after 11879.3 sec [total]
done with UBTa for K = 4.00-4.76 Q = 724.08-861.08 after 11879.4 sec [total]
done with UBTb for K = 4.00-4.76 Q = 724.08-861.08 after 11879.6 sec [total]
done with UBTbA for K = 4.00-4.76 Q = 724.08-861.08 after 11879.8 sec [total]
done with UBTbC for K = 4.00-4.76 Q = 724.08-861.08 after 11880.2 sec [total]
done with H for K = 4.00-4.76 Q = 724.08-861.08 after 11881.3 sec [total]
done with H++ for K = 4.00-4.76 Q = 724.08-861.08 after 11884.4 sec [total]
done with H+- for K = 4.00-4.76 Q = 724.08-861.08 after 11885.5 sec [total]
done with H-+ for K = 4.00-4.76 Q = 724.08-861.08 after 11886.6 sec [total]
done with H-- for K = 4.00-4.76 Q = 724.08-861.08 after 11887.7 sec [total]
done with UU for K = 4.76-5.66 Q = 724.08-861.08 after 11888.8 sec [total]
done with BB for K = 4.76-5.66 Q = 724.08-861.08 after 11889.8 sec [total]
done with UBTa for K = 4.76-5.66 Q = 724.08-861.08 after 11890.0 sec [total]
done with UBTb for K = 4.76-5.66 Q = 724.08-861.08 after 11890.2 sec [total]
done with UBTbA for K = 4.76-5.66 Q = 724.08-861.08 after 11890.4 sec [total]
done with UBTbC for K = 4.76-5.66 Q = 724.08-861.08 after 11890.8 sec [total]
done with H for K = 4.76-5.66 Q = 724.08-861.08 after 11891.8 sec [total]
done with H++ for K = 4.76-5.66 Q = 724.08-861.08 after 11895.0 sec [total]
done with H+- for K = 4.76-5.66 Q = 724.08-861.08 after 11896.1 sec [total]
done with H-+ for K = 4.76-5.66 Q = 724.08-861.08 after 11897.2 sec [total]
done with H-- for K = 4.76-5.66 Q = 724.08-861.08 after 11898.3 sec [total]
done with UU for K = 5.66-6.73 Q = 724.08-861.08 after 11899.4 sec [total]
done with BB for K = 5.66-6.73 Q = 724.08-861.08 after 11900.5 sec [total]
done with UBTa for K = 5.66-6.73 Q = 724.08-861.08 after 11900.7 sec [total]
done with UBTb for K = 5.66-6.73 Q = 724.08-861.08 after 11900.9 sec [total]
done with UBTbA for K = 5.66-6.73 Q = 724.08-861.08 after 11901.1 sec [total]
done with UBTbC for K = 5.66-6.73 Q = 724.08-861.08 after 11901.4 sec [total]
done with H for K = 5.66-6.73 Q = 724.08-861.08 after 11902.5 sec [total]
done with H++ for K = 5.66-6.73 Q = 724.08-861.08 after 11905.7 sec [total]
done with H+- for K = 5.66-6.73 Q = 724.08-861.08 after 11906.8 sec [total]
done with H-+ for K = 5.66-6.73 Q = 724.08-861.08 after 11907.9 sec [total]
done with H-- for K = 5.66-6.73 Q = 724.08-861.08 after 11908.9 sec [total]
done with UU for K = 6.73-8.00 Q = 724.08-861.08 after 11910.0 sec [total]
done with BB for K = 6.73-8.00 Q = 724.08-861.08 after 11911.1 sec [total]
done with UBTa for K = 6.73-8.00 Q = 724.08-861.08 after 11911.3 sec [total]
done with UBTb for K = 6.73-8.00 Q = 724.08-861.08 after 11911.5 sec [total]
done with UBTbA for K = 6.73-8.00 Q = 724.08-861.08 after 11911.7 sec [total]
done with UBTbC for K = 6.73-8.00 Q = 724.08-861.08 after 11912.0 sec [total]
done with H for K = 6.73-8.00 Q = 724.08-861.08 after 11913.1 sec [total]
done with H++ for K = 6.73-8.00 Q = 724.08-861.08 after 11916.3 sec [total]
done with H+- for K = 6.73-8.00 Q = 724.08-861.08 after 11917.4 sec [total]
done with H-+ for K = 6.73-8.00 Q = 724.08-861.08 after 11918.5 sec [total]
done with H-- for K = 6.73-8.00 Q = 724.08-861.08 after 11919.5 sec [total]
done with UU for K = 8.00-9.51 Q = 724.08-861.08 after 11920.6 sec [total]
done with BB for K = 8.00-9.51 Q = 724.08-861.08 after 11921.7 sec [total]
done with UBTa for K = 8.00-9.51 Q = 724.08-861.08 after 11921.9 sec [total]
done with UBTb for K = 8.00-9.51 Q = 724.08-861.08 after 11922.0 sec [total]
done with UBTbA for K = 8.00-9.51 Q = 724.08-861.08 after 11922.3 sec [total]
done with UBTbC for K = 8.00-9.51 Q = 724.08-861.08 after 11922.6 sec [total]
done with H for K = 8.00-9.51 Q = 724.08-861.08 after 11923.7 sec [total]
done with H++ for K = 8.00-9.51 Q = 724.08-861.08 after 11926.8 sec [total]
done with H+- for K = 8.00-9.51 Q = 724.08-861.08 after 11927.9 sec [total]
done with H-+ for K = 8.00-9.51 Q = 724.08-861.08 after 11929.0 sec [total]
done with H-- for K = 8.00-9.51 Q = 724.08-861.08 after 11930.1 sec [total]
done with UU for K = 9.51-11.31 Q = 724.08-861.08 after 11931.2 sec [total]
done with BB for K = 9.51-11.31 Q = 724.08-861.08 after 11932.3 sec [total]
done with UBTa for K = 9.51-11.31 Q = 724.08-861.08 after 11932.5 sec [total]
done with UBTb for K = 9.51-11.31 Q = 724.08-861.08 after 11932.7 sec [total]
done with UBTbA for K = 9.51-11.31 Q = 724.08-861.08 after 11932.9 sec [total]
done with UBTbC for K = 9.51-11.31 Q = 724.08-861.08 after 11933.2 sec [total]
done with H for K = 9.51-11.31 Q = 724.08-861.08 after 11934.3 sec [total]
done with H++ for K = 9.51-11.31 Q = 724.08-861.08 after 11937.4 sec [total]
done with H+- for K = 9.51-11.31 Q = 724.08-861.08 after 11938.6 sec [total]
done with H-+ for K = 9.51-11.31 Q = 724.08-861.08 after 11939.7 sec [total]
done with H-- for K = 9.51-11.31 Q = 724.08-861.08 after 11940.7 sec [total]
done with UU for K = 11.31-13.45 Q = 724.08-861.08 after 11941.9 sec [total]
done with BB for K = 11.31-13.45 Q = 724.08-861.08 after 11942.9 sec [total]
done with UBTa for K = 11.31-13.45 Q = 724.08-861.08 after 11943.1 sec [total]
done with UBTb for K = 11.31-13.45 Q = 724.08-861.08 after 11943.3 sec [total]
done with UBTbA for K = 11.31-13.45 Q = 724.08-861.08 after 11943.5 sec [total]
done with UBTbC for K = 11.31-13.45 Q = 724.08-861.08 after 11943.8 sec [total]
done with H for K = 11.31-13.45 Q = 724.08-861.08 after 11944.9 sec [total]
done with H++ for K = 11.31-13.45 Q = 724.08-861.08 after 11948.2 sec [total]
done with H+- for K = 11.31-13.45 Q = 724.08-861.08 after 11949.2 sec [total]
done with H-+ for K = 11.31-13.45 Q = 724.08-861.08 after 11950.3 sec [total]
done with H-- for K = 11.31-13.45 Q = 724.08-861.08 after 11951.4 sec [total]
done with UU for K = 13.45-16.00 Q = 724.08-861.08 after 11952.4 sec [total]
done with BB for K = 13.45-16.00 Q = 724.08-861.08 after 11953.5 sec [total]
done with UBTa for K = 13.45-16.00 Q = 724.08-861.08 after 11953.7 sec [total]
done with UBTb for K = 13.45-16.00 Q = 724.08-861.08 after 11953.9 sec [total]
done with UBTbA for K = 13.45-16.00 Q = 724.08-861.08 after 11954.0 sec [total]
done with UBTbC for K = 13.45-16.00 Q = 724.08-861.08 after 11954.4 sec [total]
done with H for K = 13.45-16.00 Q = 724.08-861.08 after 11955.5 sec [total]
done with H++ for K = 13.45-16.00 Q = 724.08-861.08 after 11958.7 sec [total]
done with H+- for K = 13.45-16.00 Q = 724.08-861.08 after 11959.8 sec [total]
done with H-+ for K = 13.45-16.00 Q = 724.08-861.08 after 11960.9 sec [total]
done with H-- for K = 13.45-16.00 Q = 724.08-861.08 after 11961.9 sec [total]
done with UU for K = 16.00-19.03 Q = 724.08-861.08 after 11963.0 sec [total]
done with BB for K = 16.00-19.03 Q = 724.08-861.08 after 11964.1 sec [total]
done with UBTa for K = 16.00-19.03 Q = 724.08-861.08 after 11964.3 sec [total]
done with UBTb for K = 16.00-19.03 Q = 724.08-861.08 after 11964.5 sec [total]
done with UBTbA for K = 16.00-19.03 Q = 724.08-861.08 after 11964.7 sec [total]
done with UBTbC for K = 16.00-19.03 Q = 724.08-861.08 after 11965.0 sec [total]
done with H for K = 16.00-19.03 Q = 724.08-861.08 after 11966.1 sec [total]
done with H++ for K = 16.00-19.03 Q = 724.08-861.08 after 11969.2 sec [total]
done with H+- for K = 16.00-19.03 Q = 724.08-861.08 after 11970.4 sec [total]
done with H-+ for K = 16.00-19.03 Q = 724.08-861.08 after 11971.5 sec [total]
done with H-- for K = 16.00-19.03 Q = 724.08-861.08 after 11972.5 sec [total]
done with UU for K = 19.03-22.63 Q = 724.08-861.08 after 11973.6 sec [total]
done with BB for K = 19.03-22.63 Q = 724.08-861.08 after 11974.7 sec [total]
done with UBTa for K = 19.03-22.63 Q = 724.08-861.08 after 11974.9 sec [total]
done with UBTb for K = 19.03-22.63 Q = 724.08-861.08 after 11975.1 sec [total]
done with UBTbA for K = 19.03-22.63 Q = 724.08-861.08 after 11975.2 sec [total]
done with UBTbC for K = 19.03-22.63 Q = 724.08-861.08 after 11975.6 sec [total]
done with H for K = 19.03-22.63 Q = 724.08-861.08 after 11976.7 sec [total]
done with H++ for K = 19.03-22.63 Q = 724.08-861.08 after 11979.9 sec [total]
done with H+- for K = 19.03-22.63 Q = 724.08-861.08 after 11981.0 sec [total]
done with H-+ for K = 19.03-22.63 Q = 724.08-861.08 after 11982.1 sec [total]
done with H-- for K = 19.03-22.63 Q = 724.08-861.08 after 11983.1 sec [total]
done with UU for K = 22.63-26.91 Q = 724.08-861.08 after 11984.2 sec [total]
done with BB for K = 22.63-26.91 Q = 724.08-861.08 after 11985.3 sec [total]
done with UBTa for K = 22.63-26.91 Q = 724.08-861.08 after 11985.4 sec [total]
done with UBTb for K = 22.63-26.91 Q = 724.08-861.08 after 11985.6 sec [total]
done with UBTbA for K = 22.63-26.91 Q = 724.08-861.08 after 11985.9 sec [total]
done with UBTbC for K = 22.63-26.91 Q = 724.08-861.08 after 11986.2 sec [total]
done with H for K = 22.63-26.91 Q = 724.08-861.08 after 11987.3 sec [total]
done with H++ for K = 22.63-26.91 Q = 724.08-861.08 after 11990.4 sec [total]
done with H+- for K = 22.63-26.91 Q = 724.08-861.08 after 11991.5 sec [total]
done with H-+ for K = 22.63-26.91 Q = 724.08-861.08 after 11992.7 sec [total]
done with H-- for K = 22.63-26.91 Q = 724.08-861.08 after 11993.7 sec [total]
done with UU for K = 26.91-32.00 Q = 724.08-861.08 after 11994.8 sec [total]
done with BB for K = 26.91-32.00 Q = 724.08-861.08 after 11995.9 sec [total]
done with UBTa for K = 26.91-32.00 Q = 724.08-861.08 after 11996.1 sec [total]
done with UBTb for K = 26.91-32.00 Q = 724.08-861.08 after 11996.3 sec [total]
done with UBTbA for K = 26.91-32.00 Q = 724.08-861.08 after 11996.5 sec [total]
done with UBTbC for K = 26.91-32.00 Q = 724.08-861.08 after 11996.8 sec [total]
done with H for K = 26.91-32.00 Q = 724.08-861.08 after 11997.9 sec [total]
done with H++ for K = 26.91-32.00 Q = 724.08-861.08 after 12001.2 sec [total]
done with H+- for K = 26.91-32.00 Q = 724.08-861.08 after 12002.2 sec [total]
done with H-+ for K = 26.91-32.00 Q = 724.08-861.08 after 12003.3 sec [total]
done with H-- for K = 26.91-32.00 Q = 724.08-861.08 after 12004.3 sec [total]
done with UU for K = 32.00-38.05 Q = 724.08-861.08 after 12005.5 sec [total]
done with BB for K = 32.00-38.05 Q = 724.08-861.08 after 12006.5 sec [total]
done with UBTa for K = 32.00-38.05 Q = 724.08-861.08 after 12006.7 sec [total]
done with UBTb for K = 32.00-38.05 Q = 724.08-861.08 after 12006.9 sec [total]
done with UBTbA for K = 32.00-38.05 Q = 724.08-861.08 after 12007.1 sec [total]
done with UBTbC for K = 32.00-38.05 Q = 724.08-861.08 after 12007.5 sec [total]
done with H for K = 32.00-38.05 Q = 724.08-861.08 after 12008.5 sec [total]
done with H++ for K = 32.00-38.05 Q = 724.08-861.08 after 12011.8 sec [total]
done with H+- for K = 32.00-38.05 Q = 724.08-861.08 after 12012.8 sec [total]
done with H-+ for K = 32.00-38.05 Q = 724.08-861.08 after 12013.9 sec [total]
done with H-- for K = 32.00-38.05 Q = 724.08-861.08 after 12015.0 sec [total]
done with UU for K = 38.05-45.25 Q = 724.08-861.08 after 12016.1 sec [total]
done with BB for K = 38.05-45.25 Q = 724.08-861.08 after 12017.2 sec [total]
done with UBTa for K = 38.05-45.25 Q = 724.08-861.08 after 12017.3 sec [total]
done with UBTb for K = 38.05-45.25 Q = 724.08-861.08 after 12017.5 sec [total]
done with UBTbA for K = 38.05-45.25 Q = 724.08-861.08 after 12017.7 sec [total]
done with UBTbC for K = 38.05-45.25 Q = 724.08-861.08 after 12018.1 sec [total]
done with H for K = 38.05-45.25 Q = 724.08-861.08 after 12019.2 sec [total]
done with H++ for K = 38.05-45.25 Q = 724.08-861.08 after 12022.4 sec [total]
done with H+- for K = 38.05-45.25 Q = 724.08-861.08 after 12023.5 sec [total]
done with H-+ for K = 38.05-45.25 Q = 724.08-861.08 after 12024.6 sec [total]
done with H-- for K = 38.05-45.25 Q = 724.08-861.08 after 12025.6 sec [total]
done with UU for K = 45.25-53.82 Q = 724.08-861.08 after 12026.7 sec [total]
done with BB for K = 45.25-53.82 Q = 724.08-861.08 after 12027.8 sec [total]
done with UBTa for K = 45.25-53.82 Q = 724.08-861.08 after 12027.9 sec [total]
done with UBTb for K = 45.25-53.82 Q = 724.08-861.08 after 12028.1 sec [total]
done with UBTbA for K = 45.25-53.82 Q = 724.08-861.08 after 12028.4 sec [total]
done with UBTbC for K = 45.25-53.82 Q = 724.08-861.08 after 12028.7 sec [total]
done with H for K = 45.25-53.82 Q = 724.08-861.08 after 12029.8 sec [total]
done with H++ for K = 45.25-53.82 Q = 724.08-861.08 after 12033.0 sec [total]
done with H+- for K = 45.25-53.82 Q = 724.08-861.08 after 12034.1 sec [total]
done with H-+ for K = 45.25-53.82 Q = 724.08-861.08 after 12035.2 sec [total]
done with H-- for K = 45.25-53.82 Q = 724.08-861.08 after 12036.2 sec [total]
done with UU for K = 53.82-64.00 Q = 724.08-861.08 after 12037.3 sec [total]
done with BB for K = 53.82-64.00 Q = 724.08-861.08 after 12038.4 sec [total]
done with UBTa for K = 53.82-64.00 Q = 724.08-861.08 after 12038.6 sec [total]
done with UBTb for K = 53.82-64.00 Q = 724.08-861.08 after 12038.8 sec [total]
done with UBTbA for K = 53.82-64.00 Q = 724.08-861.08 after 12039.0 sec [total]
done with UBTbC for K = 53.82-64.00 Q = 724.08-861.08 after 12039.3 sec [total]
done with H for K = 53.82-64.00 Q = 724.08-861.08 after 12040.4 sec [total]
done with H++ for K = 53.82-64.00 Q = 724.08-861.08 after 12043.5 sec [total]
done with H+- for K = 53.82-64.00 Q = 724.08-861.08 after 12044.6 sec [total]
done with H-+ for K = 53.82-64.00 Q = 724.08-861.08 after 12045.8 sec [total]
done with H-- for K = 53.82-64.00 Q = 724.08-861.08 after 12046.8 sec [total]
done with UU for K = 64.00-76.11 Q = 724.08-861.08 after 12047.9 sec [total]
done with BB for K = 64.00-76.11 Q = 724.08-861.08 after 12048.9 sec [total]
done with UBTa for K = 64.00-76.11 Q = 724.08-861.08 after 12049.1 sec [total]
done with UBTb for K = 64.00-76.11 Q = 724.08-861.08 after 12049.3 sec [total]
done with UBTbA for K = 64.00-76.11 Q = 724.08-861.08 after 12049.5 sec [total]
done with UBTbC for K = 64.00-76.11 Q = 724.08-861.08 after 12049.9 sec [total]
done with H for K = 64.00-76.11 Q = 724.08-861.08 after 12050.9 sec [total]
done with H++ for K = 64.00-76.11 Q = 724.08-861.08 after 12054.2 sec [total]
done with H+- for K = 64.00-76.11 Q = 724.08-861.08 after 12055.2 sec [total]
done with H-+ for K = 64.00-76.11 Q = 724.08-861.08 after 12056.3 sec [total]
done with H-- for K = 64.00-76.11 Q = 724.08-861.08 after 12057.4 sec [total]
done with UU for K = 76.11-90.51 Q = 724.08-861.08 after 12058.4 sec [total]
done with BB for K = 76.11-90.51 Q = 724.08-861.08 after 12059.5 sec [total]
done with UBTa for K = 76.11-90.51 Q = 724.08-861.08 after 12059.7 sec [total]
done with UBTb for K = 76.11-90.51 Q = 724.08-861.08 after 12059.9 sec [total]
done with UBTbA for K = 76.11-90.51 Q = 724.08-861.08 after 12060.1 sec [total]
done with UBTbC for K = 76.11-90.51 Q = 724.08-861.08 after 12060.4 sec [total]
done with H for K = 76.11-90.51 Q = 724.08-861.08 after 12061.5 sec [total]
done with H++ for K = 76.11-90.51 Q = 724.08-861.08 after 12064.8 sec [total]
done with H+- for K = 76.11-90.51 Q = 724.08-861.08 after 12065.8 sec [total]
done with H-+ for K = 76.11-90.51 Q = 724.08-861.08 after 12066.9 sec [total]
done with H-- for K = 76.11-90.51 Q = 724.08-861.08 after 12067.9 sec [total]
done with UU for K = 90.51-107.63 Q = 724.08-861.08 after 12069.1 sec [total]
done with BB for K = 90.51-107.63 Q = 724.08-861.08 after 12070.2 sec [total]
done with UBTa for K = 90.51-107.63 Q = 724.08-861.08 after 12070.4 sec [total]
done with UBTb for K = 90.51-107.63 Q = 724.08-861.08 after 12070.5 sec [total]
done with UBTbA for K = 90.51-107.63 Q = 724.08-861.08 after 12070.7 sec [total]
done with UBTbC for K = 90.51-107.63 Q = 724.08-861.08 after 12071.1 sec [total]
done with H for K = 90.51-107.63 Q = 724.08-861.08 after 12072.2 sec [total]
done with H++ for K = 90.51-107.63 Q = 724.08-861.08 after 12075.4 sec [total]
done with H+- for K = 90.51-107.63 Q = 724.08-861.08 after 12076.5 sec [total]
done with H-+ for K = 90.51-107.63 Q = 724.08-861.08 after 12077.6 sec [total]
done with H-- for K = 90.51-107.63 Q = 724.08-861.08 after 12078.6 sec [total]
done with UU for K = 107.63-128.00 Q = 724.08-861.08 after 12079.8 sec [total]
done with BB for K = 107.63-128.00 Q = 724.08-861.08 after 12080.8 sec [total]
done with UBTa for K = 107.63-128.00 Q = 724.08-861.08 after 12081.0 sec [total]
done with UBTb for K = 107.63-128.00 Q = 724.08-861.08 after 12081.2 sec [total]
done with UBTbA for K = 107.63-128.00 Q = 724.08-861.08 after 12081.4 sec [total]
done with UBTbC for K = 107.63-128.00 Q = 724.08-861.08 after 12081.7 sec [total]
done with H for K = 107.63-128.00 Q = 724.08-861.08 after 12082.8 sec [total]
done with H++ for K = 107.63-128.00 Q = 724.08-861.08 after 12086.1 sec [total]
done with H+- for K = 107.63-128.00 Q = 724.08-861.08 after 12087.1 sec [total]
done with H-+ for K = 107.63-128.00 Q = 724.08-861.08 after 12088.2 sec [total]
done with H-- for K = 107.63-128.00 Q = 724.08-861.08 after 12089.3 sec [total]
done with UU for K = 128.00-152.22 Q = 724.08-861.08 after 12090.4 sec [total]
done with BB for K = 128.00-152.22 Q = 724.08-861.08 after 12091.4 sec [total]
done with UBTa for K = 128.00-152.22 Q = 724.08-861.08 after 12091.6 sec [total]
done with UBTb for K = 128.00-152.22 Q = 724.08-861.08 after 12091.8 sec [total]
done with UBTbA for K = 128.00-152.22 Q = 724.08-861.08 after 12092.0 sec [total]
done with UBTbC for K = 128.00-152.22 Q = 724.08-861.08 after 12092.4 sec [total]
done with H for K = 128.00-152.22 Q = 724.08-861.08 after 12093.4 sec [total]
done with H++ for K = 128.00-152.22 Q = 724.08-861.08 after 12096.7 sec [total]
done with H+- for K = 128.00-152.22 Q = 724.08-861.08 after 12097.7 sec [total]
done with H-+ for K = 128.00-152.22 Q = 724.08-861.08 after 12098.8 sec [total]
done with H-- for K = 128.00-152.22 Q = 724.08-861.08 after 12099.9 sec [total]
done with UU for K = 152.22-181.02 Q = 724.08-861.08 after 12101.0 sec [total]
done with BB for K = 152.22-181.02 Q = 724.08-861.08 after 12102.0 sec [total]
done with UBTa for K = 152.22-181.02 Q = 724.08-861.08 after 12102.2 sec [total]
done with UBTb for K = 152.22-181.02 Q = 724.08-861.08 after 12102.4 sec [total]
done with UBTbA for K = 152.22-181.02 Q = 724.08-861.08 after 12102.6 sec [total]
done with UBTbC for K = 152.22-181.02 Q = 724.08-861.08 after 12103.0 sec [total]
done with H for K = 152.22-181.02 Q = 724.08-861.08 after 12104.1 sec [total]
done with H++ for K = 152.22-181.02 Q = 724.08-861.08 after 12107.3 sec [total]
done with H+- for K = 152.22-181.02 Q = 724.08-861.08 after 12108.3 sec [total]
done with H-+ for K = 152.22-181.02 Q = 724.08-861.08 after 12109.4 sec [total]
done with H-- for K = 152.22-181.02 Q = 724.08-861.08 after 12110.5 sec [total]
done with UU for K = 181.02-215.27 Q = 724.08-861.08 after 12111.6 sec [total]
done with BB for K = 181.02-215.27 Q = 724.08-861.08 after 12112.7 sec [total]
done with UBTa for K = 181.02-215.27 Q = 724.08-861.08 after 12112.8 sec [total]
done with UBTb for K = 181.02-215.27 Q = 724.08-861.08 after 12113.0 sec [total]
done with UBTbA for K = 181.02-215.27 Q = 724.08-861.08 after 12113.2 sec [total]
done with UBTbC for K = 181.02-215.27 Q = 724.08-861.08 after 12113.6 sec [total]
done with H for K = 181.02-215.27 Q = 724.08-861.08 after 12114.7 sec [total]
done with H++ for K = 181.02-215.27 Q = 724.08-861.08 after 12117.8 sec [total]
done with H+- for K = 181.02-215.27 Q = 724.08-861.08 after 12118.9 sec [total]
done with H-+ for K = 181.02-215.27 Q = 724.08-861.08 after 12120.0 sec [total]
done with H-- for K = 181.02-215.27 Q = 724.08-861.08 after 12121.1 sec [total]
done with UU for K = 215.27-256.00 Q = 724.08-861.08 after 12122.2 sec [total]
done with BB for K = 215.27-256.00 Q = 724.08-861.08 after 12123.3 sec [total]
done with UBTa for K = 215.27-256.00 Q = 724.08-861.08 after 12123.5 sec [total]
done with UBTb for K = 215.27-256.00 Q = 724.08-861.08 after 12123.7 sec [total]
done with UBTbA for K = 215.27-256.00 Q = 724.08-861.08 after 12123.9 sec [total]
done with UBTbC for K = 215.27-256.00 Q = 724.08-861.08 after 12124.2 sec [total]
done with H for K = 215.27-256.00 Q = 724.08-861.08 after 12125.3 sec [total]
done with H++ for K = 215.27-256.00 Q = 724.08-861.08 after 12128.5 sec [total]
done with H+- for K = 215.27-256.00 Q = 724.08-861.08 after 12129.6 sec [total]
done with H-+ for K = 215.27-256.00 Q = 724.08-861.08 after 12130.7 sec [total]
done with H-- for K = 215.27-256.00 Q = 724.08-861.08 after 12131.7 sec [total]
done with UU for K = 256.00-304.44 Q = 724.08-861.08 after 12132.9 sec [total]
done with BB for K = 256.00-304.44 Q = 724.08-861.08 after 12133.9 sec [total]
done with UBTa for K = 256.00-304.44 Q = 724.08-861.08 after 12134.1 sec [total]
done with UBTb for K = 256.00-304.44 Q = 724.08-861.08 after 12134.3 sec [total]
done with UBTbA for K = 256.00-304.44 Q = 724.08-861.08 after 12134.5 sec [total]
done with UBTbC for K = 256.00-304.44 Q = 724.08-861.08 after 12134.9 sec [total]
done with H for K = 256.00-304.44 Q = 724.08-861.08 after 12135.9 sec [total]
done with H++ for K = 256.00-304.44 Q = 724.08-861.08 after 12139.1 sec [total]
done with H+- for K = 256.00-304.44 Q = 724.08-861.08 after 12140.4 sec [total]
done with H-+ for K = 256.00-304.44 Q = 724.08-861.08 after 12141.6 sec [total]
done with H-- for K = 256.00-304.44 Q = 724.08-861.08 after 12142.4 sec [total]
done with UU for K = 304.44-362.04 Q = 724.08-861.08 after 12143.5 sec [total]
done with BB for K = 304.44-362.04 Q = 724.08-861.08 after 12144.6 sec [total]
done with UBTa for K = 304.44-362.04 Q = 724.08-861.08 after 12144.8 sec [total]
done with UBTb for K = 304.44-362.04 Q = 724.08-861.08 after 12145.0 sec [total]
done with UBTbA for K = 304.44-362.04 Q = 724.08-861.08 after 12145.2 sec [total]
done with UBTbC for K = 304.44-362.04 Q = 724.08-861.08 after 12145.5 sec [total]
done with H for K = 304.44-362.04 Q = 724.08-861.08 after 12146.6 sec [total]
done with H++ for K = 304.44-362.04 Q = 724.08-861.08 after 12149.8 sec [total]
done with H+- for K = 304.44-362.04 Q = 724.08-861.08 after 12150.9 sec [total]
done with H-+ for K = 304.44-362.04 Q = 724.08-861.08 after 12152.0 sec [total]
done with H-- for K = 304.44-362.04 Q = 724.08-861.08 after 12153.1 sec [total]
done with UU for K = 362.04-430.54 Q = 724.08-861.08 after 12154.1 sec [total]
done with BB for K = 362.04-430.54 Q = 724.08-861.08 after 12155.2 sec [total]
done with UBTa for K = 362.04-430.54 Q = 724.08-861.08 after 12155.4 sec [total]
done with UBTb for K = 362.04-430.54 Q = 724.08-861.08 after 12155.6 sec [total]
done with UBTbA for K = 362.04-430.54 Q = 724.08-861.08 after 12155.8 sec [total]
done with UBTbC for K = 362.04-430.54 Q = 724.08-861.08 after 12156.1 sec [total]
done with H for K = 362.04-430.54 Q = 724.08-861.08 after 12157.2 sec [total]
done with H++ for K = 362.04-430.54 Q = 724.08-861.08 after 12160.4 sec [total]
done with H+- for K = 362.04-430.54 Q = 724.08-861.08 after 12161.5 sec [total]
done with H-+ for K = 362.04-430.54 Q = 724.08-861.08 after 12162.6 sec [total]
done with H-- for K = 362.04-430.54 Q = 724.08-861.08 after 12163.7 sec [total]
done with UU for K = 430.54-512.00 Q = 724.08-861.08 after 12164.8 sec [total]
done with BB for K = 430.54-512.00 Q = 724.08-861.08 after 12165.8 sec [total]
done with UBTa for K = 430.54-512.00 Q = 724.08-861.08 after 12166.0 sec [total]
done with UBTb for K = 430.54-512.00 Q = 724.08-861.08 after 12166.2 sec [total]
done with UBTbA for K = 430.54-512.00 Q = 724.08-861.08 after 12166.4 sec [total]
done with UBTbC for K = 430.54-512.00 Q = 724.08-861.08 after 12166.7 sec [total]
done with H for K = 430.54-512.00 Q = 724.08-861.08 after 12167.9 sec [total]
done with H++ for K = 430.54-512.00 Q = 724.08-861.08 after 12171.1 sec [total]
done with H+- for K = 430.54-512.00 Q = 724.08-861.08 after 12172.2 sec [total]
done with H-+ for K = 430.54-512.00 Q = 724.08-861.08 after 12173.2 sec [total]
done with H-- for K = 430.54-512.00 Q = 724.08-861.08 after 12174.3 sec [total]
done with UU for K = 512.00-608.87 Q = 724.08-861.08 after 12175.4 sec [total]
done with BB for K = 512.00-608.87 Q = 724.08-861.08 after 12176.5 sec [total]
done with UBTa for K = 512.00-608.87 Q = 724.08-861.08 after 12176.6 sec [total]
done with UBTb for K = 512.00-608.87 Q = 724.08-861.08 after 12176.8 sec [total]
done with UBTbA for K = 512.00-608.87 Q = 724.08-861.08 after 12177.1 sec [total]
done with UBTbC for K = 512.00-608.87 Q = 724.08-861.08 after 12177.4 sec [total]
done with H for K = 512.00-608.87 Q = 724.08-861.08 after 12178.5 sec [total]
done with H++ for K = 512.00-608.87 Q = 724.08-861.08 after 12181.7 sec [total]
done with H+- for K = 512.00-608.87 Q = 724.08-861.08 after 12182.8 sec [total]
done with H-+ for K = 512.00-608.87 Q = 724.08-861.08 after 12184.0 sec [total]
done with H-- for K = 512.00-608.87 Q = 724.08-861.08 after 12185.0 sec [total]
done with UU for K = 608.87-724.08 Q = 724.08-861.08 after 12186.0 sec [total]
done with BB for K = 608.87-724.08 Q = 724.08-861.08 after 12187.1 sec [total]
done with UBTa for K = 608.87-724.08 Q = 724.08-861.08 after 12187.3 sec [total]
done with UBTb for K = 608.87-724.08 Q = 724.08-861.08 after 12187.5 sec [total]
done with UBTbA for K = 608.87-724.08 Q = 724.08-861.08 after 12187.7 sec [total]
done with UBTbC for K = 608.87-724.08 Q = 724.08-861.08 after 12188.1 sec [total]
done with H for K = 608.87-724.08 Q = 724.08-861.08 after 12189.1 sec [total]
done with H++ for K = 608.87-724.08 Q = 724.08-861.08 after 12192.2 sec [total]
done with H+- for K = 608.87-724.08 Q = 724.08-861.08 after 12193.4 sec [total]
done with H-+ for K = 608.87-724.08 Q = 724.08-861.08 after 12194.5 sec [total]
done with H-- for K = 608.87-724.08 Q = 724.08-861.08 after 12195.5 sec [total]
done with UU for K = 724.08-861.08 Q = 724.08-861.08 after 12196.7 sec [total]
done with BB for K = 724.08-861.08 Q = 724.08-861.08 after 12197.7 sec [total]
done with UBTa for K = 724.08-861.08 Q = 724.08-861.08 after 12197.9 sec [total]
done with UBTb for K = 724.08-861.08 Q = 724.08-861.08 after 12198.1 sec [total]
done with UBTbA for K = 724.08-861.08 Q = 724.08-861.08 after 12198.2 sec [total]
done with UBTbC for K = 724.08-861.08 Q = 724.08-861.08 after 12198.6 sec [total]
done with H for K = 724.08-861.08 Q = 724.08-861.08 after 12199.7 sec [total]
done with H++ for K = 724.08-861.08 Q = 724.08-861.08 after 12202.9 sec [total]
done with H+- for K = 724.08-861.08 Q = 724.08-861.08 after 12204.1 sec [total]
done with H-+ for K = 724.08-861.08 Q = 724.08-861.08 after 12205.2 sec [total]
done with H-- for K = 724.08-861.08 Q = 724.08-861.08 after 12206.2 sec [total]
done with UU for K = 861.08-1024.00 Q = 724.08-861.08 after 12207.2 sec [total]
done with BB for K = 861.08-1024.00 Q = 724.08-861.08 after 12208.3 sec [total]
done with UBTa for K = 861.08-1024.00 Q = 724.08-861.08 after 12208.5 sec [total]
done with UBTb for K = 861.08-1024.00 Q = 724.08-861.08 after 12208.7 sec [total]
done with UBTbA for K = 861.08-1024.00 Q = 724.08-861.08 after 12208.9 sec [total]
done with UBTbC for K = 861.08-1024.00 Q = 724.08-861.08 after 12209.3 sec [total]
done with H for K = 861.08-1024.00 Q = 724.08-861.08 after 12210.3 sec [total]
done with H++ for K = 861.08-1024.00 Q = 724.08-861.08 after 12213.5 sec [total]
done with H+- for K = 861.08-1024.00 Q = 724.08-861.08 after 12214.6 sec [total]
done with H-+ for K = 861.08-1024.00 Q = 724.08-861.08 after 12215.7 sec [total]
done with H-- for K = 861.08-1024.00 Q = 724.08-861.08 after 12216.7 sec [total]
done with UU for K = 0.00-3.36 Q = 861.08-1024.00 after 12219.9 sec [total]
done with BB for K = 0.00-3.36 Q = 861.08-1024.00 after 12223.0 sec [total]
done with UBTa for K = 0.00-3.36 Q = 861.08-1024.00 after 12224.8 sec [total]
done with UBTb for K = 0.00-3.36 Q = 861.08-1024.00 after 12226.7 sec [total]
done with UBTbA for K = 0.00-3.36 Q = 861.08-1024.00 after 12228.3 sec [total]
done with UBTbC for K = 0.00-3.36 Q = 861.08-1024.00 after 12228.6 sec [total]
done with H for K = 0.00-3.36 Q = 861.08-1024.00 after 12229.7 sec [total]
done with H++ for K = 0.00-3.36 Q = 861.08-1024.00 after 12232.8 sec [total]
done with H+- for K = 0.00-3.36 Q = 861.08-1024.00 after 12234.0 sec [total]
done with H-+ for K = 0.00-3.36 Q = 861.08-1024.00 after 12235.1 sec [total]
done with H-- for K = 0.00-3.36 Q = 861.08-1024.00 after 12236.2 sec [total]
done with UU for K = 3.36-4.00 Q = 861.08-1024.00 after 12237.3 sec [total]
done with BB for K = 3.36-4.00 Q = 861.08-1024.00 after 12238.3 sec [total]
done with UBTa for K = 3.36-4.00 Q = 861.08-1024.00 after 12238.5 sec [total]
done with UBTb for K = 3.36-4.00 Q = 861.08-1024.00 after 12238.7 sec [total]
done with UBTbA for K = 3.36-4.00 Q = 861.08-1024.00 after 12238.9 sec [total]
done with UBTbC for K = 3.36-4.00 Q = 861.08-1024.00 after 12239.3 sec [total]
done with H for K = 3.36-4.00 Q = 861.08-1024.00 after 12240.3 sec [total]
done with H++ for K = 3.36-4.00 Q = 861.08-1024.00 after 12243.5 sec [total]
done with H+- for K = 3.36-4.00 Q = 861.08-1024.00 after 12244.6 sec [total]
done with H-+ for K = 3.36-4.00 Q = 861.08-1024.00 after 12245.7 sec [total]
done with H-- for K = 3.36-4.00 Q = 861.08-1024.00 after 12246.7 sec [total]
done with UU for K = 4.00-4.76 Q = 861.08-1024.00 after 12247.8 sec [total]
done with BB for K = 4.00-4.76 Q = 861.08-1024.00 after 12248.9 sec [total]
done with UBTa for K = 4.00-4.76 Q = 861.08-1024.00 after 12249.1 sec [total]
done with UBTb for K = 4.00-4.76 Q = 861.08-1024.00 after 12249.3 sec [total]
done with UBTbA for K = 4.00-4.76 Q = 861.08-1024.00 after 12249.5 sec [total]
done with UBTbC for K = 4.00-4.76 Q = 861.08-1024.00 after 12249.8 sec [total]
done with H for K = 4.00-4.76 Q = 861.08-1024.00 after 12250.9 sec [total]
done with H++ for K = 4.00-4.76 Q = 861.08-1024.00 after 12254.1 sec [total]
done with H+- for K = 4.00-4.76 Q = 861.08-1024.00 after 12255.2 sec [total]
done with H-+ for K = 4.00-4.76 Q = 861.08-1024.00 after 12256.4 sec [total]
done with H-- for K = 4.00-4.76 Q = 861.08-1024.00 after 12257.4 sec [total]
done with UU for K = 4.76-5.66 Q = 861.08-1024.00 after 12258.5 sec [total]
done with BB for K = 4.76-5.66 Q = 861.08-1024.00 after 12259.5 sec [total]
done with UBTa for K = 4.76-5.66 Q = 861.08-1024.00 after 12259.7 sec [total]
done with UBTb for K = 4.76-5.66 Q = 861.08-1024.00 after 12259.9 sec [total]
done with UBTbA for K = 4.76-5.66 Q = 861.08-1024.00 after 12260.1 sec [total]
done with UBTbC for K = 4.76-5.66 Q = 861.08-1024.00 after 12260.4 sec [total]
done with H for K = 4.76-5.66 Q = 861.08-1024.00 after 12261.5 sec [total]
done with H++ for K = 4.76-5.66 Q = 861.08-1024.00 after 12264.7 sec [total]
done with H+- for K = 4.76-5.66 Q = 861.08-1024.00 after 12265.8 sec [total]
done with H-+ for K = 4.76-5.66 Q = 861.08-1024.00 after 12266.9 sec [total]
done with H-- for K = 4.76-5.66 Q = 861.08-1024.00 after 12268.0 sec [total]
done with UU for K = 5.66-6.73 Q = 861.08-1024.00 after 12269.0 sec [total]
done with BB for K = 5.66-6.73 Q = 861.08-1024.00 after 12270.1 sec [total]
done with UBTa for K = 5.66-6.73 Q = 861.08-1024.00 after 12270.3 sec [total]
done with UBTb for K = 5.66-6.73 Q = 861.08-1024.00 after 12270.5 sec [total]
done with UBTbA for K = 5.66-6.73 Q = 861.08-1024.00 after 12270.7 sec [total]
done with UBTbC for K = 5.66-6.73 Q = 861.08-1024.00 after 12271.1 sec [total]
done with H for K = 5.66-6.73 Q = 861.08-1024.00 after 12272.2 sec [total]
done with H++ for K = 5.66-6.73 Q = 861.08-1024.00 after 12275.4 sec [total]
done with H+- for K = 5.66-6.73 Q = 861.08-1024.00 after 12276.4 sec [total]
done with H-+ for K = 5.66-6.73 Q = 861.08-1024.00 after 12277.5 sec [total]
done with H-- for K = 5.66-6.73 Q = 861.08-1024.00 after 12278.6 sec [total]
done with UU for K = 6.73-8.00 Q = 861.08-1024.00 after 12279.6 sec [total]
done with BB for K = 6.73-8.00 Q = 861.08-1024.00 after 12280.8 sec [total]
done with UBTa for K = 6.73-8.00 Q = 861.08-1024.00 after 12280.9 sec [total]
done with UBTb for K = 6.73-8.00 Q = 861.08-1024.00 after 12281.1 sec [total]
done with UBTbA for K = 6.73-8.00 Q = 861.08-1024.00 after 12281.3 sec [total]
done with UBTbC for K = 6.73-8.00 Q = 861.08-1024.00 after 12281.7 sec [total]
done with H for K = 6.73-8.00 Q = 861.08-1024.00 after 12282.7 sec [total]
done with H++ for K = 6.73-8.00 Q = 861.08-1024.00 after 12286.0 sec [total]
done with H+- for K = 6.73-8.00 Q = 861.08-1024.00 after 12287.0 sec [total]
done with H-+ for K = 6.73-8.00 Q = 861.08-1024.00 after 12288.1 sec [total]
done with H-- for K = 6.73-8.00 Q = 861.08-1024.00 after 12289.2 sec [total]
done with UU for K = 8.00-9.51 Q = 861.08-1024.00 after 12290.3 sec [total]
done with BB for K = 8.00-9.51 Q = 861.08-1024.00 after 12291.4 sec [total]
done with UBTa for K = 8.00-9.51 Q = 861.08-1024.00 after 12291.6 sec [total]
done with UBTb for K = 8.00-9.51 Q = 861.08-1024.00 after 12291.8 sec [total]
done with UBTbA for K = 8.00-9.51 Q = 861.08-1024.00 after 12292.0 sec [total]
done with UBTbC for K = 8.00-9.51 Q = 861.08-1024.00 after 12292.4 sec [total]
done with H for K = 8.00-9.51 Q = 861.08-1024.00 after 12293.4 sec [total]
done with H++ for K = 8.00-9.51 Q = 861.08-1024.00 after 12296.6 sec [total]
done with H+- for K = 8.00-9.51 Q = 861.08-1024.00 after 12297.7 sec [total]
done with H-+ for K = 8.00-9.51 Q = 861.08-1024.00 after 12298.8 sec [total]
done with H-- for K = 8.00-9.51 Q = 861.08-1024.00 after 12299.9 sec [total]
done with UU for K = 9.51-11.31 Q = 861.08-1024.00 after 12301.0 sec [total]
done with BB for K = 9.51-11.31 Q = 861.08-1024.00 after 12302.0 sec [total]
done with UBTa for K = 9.51-11.31 Q = 861.08-1024.00 after 12302.2 sec [total]
done with UBTb for K = 9.51-11.31 Q = 861.08-1024.00 after 12302.4 sec [total]
done with UBTbA for K = 9.51-11.31 Q = 861.08-1024.00 after 12302.6 sec [total]
done with UBTbC for K = 9.51-11.31 Q = 861.08-1024.00 after 12302.9 sec [total]
done with H for K = 9.51-11.31 Q = 861.08-1024.00 after 12304.0 sec [total]
done with H++ for K = 9.51-11.31 Q = 861.08-1024.00 after 12307.3 sec [total]
done with H+- for K = 9.51-11.31 Q = 861.08-1024.00 after 12308.3 sec [total]
done with H-+ for K = 9.51-11.31 Q = 861.08-1024.00 after 12309.4 sec [total]
done with H-- for K = 9.51-11.31 Q = 861.08-1024.00 after 12310.5 sec [total]
done with UU for K = 11.31-13.45 Q = 861.08-1024.00 after 12311.6 sec [total]
done with BB for K = 11.31-13.45 Q = 861.08-1024.00 after 12312.6 sec [total]
done with UBTa for K = 11.31-13.45 Q = 861.08-1024.00 after 12312.8 sec [total]
done with UBTb for K = 11.31-13.45 Q = 861.08-1024.00 after 12312.9 sec [total]
done with UBTbA for K = 11.31-13.45 Q = 861.08-1024.00 after 12313.1 sec [total]
done with UBTbC for K = 11.31-13.45 Q = 861.08-1024.00 after 12313.5 sec [total]
done with H for K = 11.31-13.45 Q = 861.08-1024.00 after 12314.6 sec [total]
done with H++ for K = 11.31-13.45 Q = 861.08-1024.00 after 12317.8 sec [total]
done with H+- for K = 11.31-13.45 Q = 861.08-1024.00 after 12318.8 sec [total]
done with H-+ for K = 11.31-13.45 Q = 861.08-1024.00 after 12320.0 sec [total]
done with H-- for K = 11.31-13.45 Q = 861.08-1024.00 after 12321.0 sec [total]
done with UU for K = 13.45-16.00 Q = 861.08-1024.00 after 12322.2 sec [total]
done with BB for K = 13.45-16.00 Q = 861.08-1024.00 after 12323.3 sec [total]
done with UBTa for K = 13.45-16.00 Q = 861.08-1024.00 after 12323.4 sec [total]
done with UBTb for K = 13.45-16.00 Q = 861.08-1024.00 after 12323.6 sec [total]
done with UBTbA for K = 13.45-16.00 Q = 861.08-1024.00 after 12323.8 sec [total]
done with UBTbC for K = 13.45-16.00 Q = 861.08-1024.00 after 12324.2 sec [total]
done with H for K = 13.45-16.00 Q = 861.08-1024.00 after 12325.3 sec [total]
done with H++ for K = 13.45-16.00 Q = 861.08-1024.00 after 12328.5 sec [total]
done with H+- for K = 13.45-16.00 Q = 861.08-1024.00 after 12329.5 sec [total]
done with H-+ for K = 13.45-16.00 Q = 861.08-1024.00 after 12330.6 sec [total]
done with H-- for K = 13.45-16.00 Q = 861.08-1024.00 after 12331.7 sec [total]
done with UU for K = 16.00-19.03 Q = 861.08-1024.00 after 12332.8 sec [total]
done with BB for K = 16.00-19.03 Q = 861.08-1024.00 after 12333.9 sec [total]
done with UBTa for K = 16.00-19.03 Q = 861.08-1024.00 after 12334.1 sec [total]
done with UBTb for K = 16.00-19.03 Q = 861.08-1024.00 after 12334.2 sec [total]
done with UBTbA for K = 16.00-19.03 Q = 861.08-1024.00 after 12334.4 sec [total]
done with UBTbC for K = 16.00-19.03 Q = 861.08-1024.00 after 12334.8 sec [total]
done with H for K = 16.00-19.03 Q = 861.08-1024.00 after 12335.9 sec [total]
done with H++ for K = 16.00-19.03 Q = 861.08-1024.00 after 12339.2 sec [total]
done with H+- for K = 16.00-19.03 Q = 861.08-1024.00 after 12340.2 sec [total]
done with H-+ for K = 16.00-19.03 Q = 861.08-1024.00 after 12341.4 sec [total]
done with H-- for K = 16.00-19.03 Q = 861.08-1024.00 after 12342.4 sec [total]
done with UU for K = 19.03-22.63 Q = 861.08-1024.00 after 12343.5 sec [total]
done with BB for K = 19.03-22.63 Q = 861.08-1024.00 after 12344.5 sec [total]
done with UBTa for K = 19.03-22.63 Q = 861.08-1024.00 after 12344.7 sec [total]
done with UBTb for K = 19.03-22.63 Q = 861.08-1024.00 after 12344.9 sec [total]
done with UBTbA for K = 19.03-22.63 Q = 861.08-1024.00 after 12345.1 sec [total]
done with UBTbC for K = 19.03-22.63 Q = 861.08-1024.00 after 12345.4 sec [total]
done with H for K = 19.03-22.63 Q = 861.08-1024.00 after 12346.5 sec [total]
done with H++ for K = 19.03-22.63 Q = 861.08-1024.00 after 12349.7 sec [total]
done with H+- for K = 19.03-22.63 Q = 861.08-1024.00 after 12350.9 sec [total]
done with H-+ for K = 19.03-22.63 Q = 861.08-1024.00 after 12351.9 sec [total]
done with H-- for K = 19.03-22.63 Q = 861.08-1024.00 after 12353.0 sec [total]
done with UU for K = 22.63-26.91 Q = 861.08-1024.00 after 12354.0 sec [total]
done with BB for K = 22.63-26.91 Q = 861.08-1024.00 after 12355.1 sec [total]
done with UBTa for K = 22.63-26.91 Q = 861.08-1024.00 after 12355.3 sec [total]
done with UBTb for K = 22.63-26.91 Q = 861.08-1024.00 after 12355.5 sec [total]
done with UBTbA for K = 22.63-26.91 Q = 861.08-1024.00 after 12355.6 sec [total]
done with UBTbC for K = 22.63-26.91 Q = 861.08-1024.00 after 12356.0 sec [total]
done with H for K = 22.63-26.91 Q = 861.08-1024.00 after 12357.1 sec [total]
done with H++ for K = 22.63-26.91 Q = 861.08-1024.00 after 12360.3 sec [total]
done with H+- for K = 22.63-26.91 Q = 861.08-1024.00 after 12361.5 sec [total]
done with H-+ for K = 22.63-26.91 Q = 861.08-1024.00 after 12362.5 sec [total]
done with H-- for K = 22.63-26.91 Q = 861.08-1024.00 after 12363.5 sec [total]
done with UU for K = 26.91-32.00 Q = 861.08-1024.00 after 12364.6 sec [total]
done with BB for K = 26.91-32.00 Q = 861.08-1024.00 after 12365.7 sec [total]
done with UBTa for K = 26.91-32.00 Q = 861.08-1024.00 after 12365.9 sec [total]
done with UBTb for K = 26.91-32.00 Q = 861.08-1024.00 after 12366.1 sec [total]
done with UBTbA for K = 26.91-32.00 Q = 861.08-1024.00 after 12366.3 sec [total]
done with UBTbC for K = 26.91-32.00 Q = 861.08-1024.00 after 12366.7 sec [total]
done with H for K = 26.91-32.00 Q = 861.08-1024.00 after 12367.7 sec [total]
done with H++ for K = 26.91-32.00 Q = 861.08-1024.00 after 12371.0 sec [total]
done with H+- for K = 26.91-32.00 Q = 861.08-1024.00 after 12372.0 sec [total]
done with H-+ for K = 26.91-32.00 Q = 861.08-1024.00 after 12373.1 sec [total]
done with H-- for K = 26.91-32.00 Q = 861.08-1024.00 after 12374.2 sec [total]
done with UU for K = 32.00-38.05 Q = 861.08-1024.00 after 12375.3 sec [total]
done with BB for K = 32.00-38.05 Q = 861.08-1024.00 after 12376.3 sec [total]
done with UBTa for K = 32.00-38.05 Q = 861.08-1024.00 after 12376.5 sec [total]
done with UBTb for K = 32.00-38.05 Q = 861.08-1024.00 after 12376.7 sec [total]
done with UBTbA for K = 32.00-38.05 Q = 861.08-1024.00 after 12376.9 sec [total]
done with UBTbC for K = 32.00-38.05 Q = 861.08-1024.00 after 12377.2 sec [total]
done with H for K = 32.00-38.05 Q = 861.08-1024.00 after 12378.3 sec [total]
done with H++ for K = 32.00-38.05 Q = 861.08-1024.00 after 12381.5 sec [total]
done with H+- for K = 32.00-38.05 Q = 861.08-1024.00 after 12382.6 sec [total]
done with H-+ for K = 32.00-38.05 Q = 861.08-1024.00 after 12383.7 sec [total]
done with H-- for K = 32.00-38.05 Q = 861.08-1024.00 after 12384.7 sec [total]
done with UU for K = 38.05-45.25 Q = 861.08-1024.00 after 12385.9 sec [total]
done with BB for K = 38.05-45.25 Q = 861.08-1024.00 after 12387.0 sec [total]
done with UBTa for K = 38.05-45.25 Q = 861.08-1024.00 after 12387.2 sec [total]
done with UBTb for K = 38.05-45.25 Q = 861.08-1024.00 after 12387.4 sec [total]
done with UBTbA for K = 38.05-45.25 Q = 861.08-1024.00 after 12387.6 sec [total]
done with UBTbC for K = 38.05-45.25 Q = 861.08-1024.00 after 12387.9 sec [total]
done with H for K = 38.05-45.25 Q = 861.08-1024.00 after 12389.0 sec [total]
done with H++ for K = 38.05-45.25 Q = 861.08-1024.00 after 12392.2 sec [total]
done with H+- for K = 38.05-45.25 Q = 861.08-1024.00 after 12393.2 sec [total]
done with H-+ for K = 38.05-45.25 Q = 861.08-1024.00 after 12394.4 sec [total]
done with H-- for K = 38.05-45.25 Q = 861.08-1024.00 after 12395.4 sec [total]
done with UU for K = 45.25-53.82 Q = 861.08-1024.00 after 12396.5 sec [total]
done with BB for K = 45.25-53.82 Q = 861.08-1024.00 after 12397.6 sec [total]
done with UBTa for K = 45.25-53.82 Q = 861.08-1024.00 after 12397.8 sec [total]
done with UBTb for K = 45.25-53.82 Q = 861.08-1024.00 after 12398.0 sec [total]
done with UBTbA for K = 45.25-53.82 Q = 861.08-1024.00 after 12398.1 sec [total]
done with UBTbC for K = 45.25-53.82 Q = 861.08-1024.00 after 12398.5 sec [total]
done with H for K = 45.25-53.82 Q = 861.08-1024.00 after 12399.6 sec [total]
done with H++ for K = 45.25-53.82 Q = 861.08-1024.00 after 12402.9 sec [total]
done with H+- for K = 45.25-53.82 Q = 861.08-1024.00 after 12403.9 sec [total]
done with H-+ for K = 45.25-53.82 Q = 861.08-1024.00 after 12405.0 sec [total]
done with H-- for K = 45.25-53.82 Q = 861.08-1024.00 after 12406.0 sec [total]
done with UU for K = 53.82-64.00 Q = 861.08-1024.00 after 12407.2 sec [total]
done with BB for K = 53.82-64.00 Q = 861.08-1024.00 after 12408.2 sec [total]
done with UBTa for K = 53.82-64.00 Q = 861.08-1024.00 after 12408.4 sec [total]
done with UBTb for K = 53.82-64.00 Q = 861.08-1024.00 after 12408.6 sec [total]
done with UBTbA for K = 53.82-64.00 Q = 861.08-1024.00 after 12408.8 sec [total]
done with UBTbC for K = 53.82-64.00 Q = 861.08-1024.00 after 12409.2 sec [total]
done with H for K = 53.82-64.00 Q = 861.08-1024.00 after 12410.3 sec [total]
done with H++ for K = 53.82-64.00 Q = 861.08-1024.00 after 12413.4 sec [total]
done with H+- for K = 53.82-64.00 Q = 861.08-1024.00 after 12414.5 sec [total]
done with H-+ for K = 53.82-64.00 Q = 861.08-1024.00 after 12415.6 sec [total]
done with H-- for K = 53.82-64.00 Q = 861.08-1024.00 after 12416.7 sec [total]
done with UU for K = 64.00-76.11 Q = 861.08-1024.00 after 12417.9 sec [total]
done with BB for K = 64.00-76.11 Q = 861.08-1024.00 after 12418.9 sec [total]
done with UBTa for K = 64.00-76.11 Q = 861.08-1024.00 after 12419.1 sec [total]
done with UBTb for K = 64.00-76.11 Q = 861.08-1024.00 after 12419.3 sec [total]
done with UBTbA for K = 64.00-76.11 Q = 861.08-1024.00 after 12419.5 sec [total]
done with UBTbC for K = 64.00-76.11 Q = 861.08-1024.00 after 12419.8 sec [total]
done with H for K = 64.00-76.11 Q = 861.08-1024.00 after 12420.9 sec [total]
done with H++ for K = 64.00-76.11 Q = 861.08-1024.00 after 12424.1 sec [total]
done with H+- for K = 64.00-76.11 Q = 861.08-1024.00 after 12425.2 sec [total]
done with H-+ for K = 64.00-76.11 Q = 861.08-1024.00 after 12426.2 sec [total]
done with H-- for K = 64.00-76.11 Q = 861.08-1024.00 after 12427.3 sec [total]
done with UU for K = 76.11-90.51 Q = 861.08-1024.00 after 12428.4 sec [total]
done with BB for K = 76.11-90.51 Q = 861.08-1024.00 after 12429.5 sec [total]
done with UBTa for K = 76.11-90.51 Q = 861.08-1024.00 after 12429.7 sec [total]
done with UBTb for K = 76.11-90.51 Q = 861.08-1024.00 after 12429.9 sec [total]
done with UBTbA for K = 76.11-90.51 Q = 861.08-1024.00 after 12430.1 sec [total]
done with UBTbC for K = 76.11-90.51 Q = 861.08-1024.00 after 12430.5 sec [total]
done with H for K = 76.11-90.51 Q = 861.08-1024.00 after 12431.5 sec [total]
done with H++ for K = 76.11-90.51 Q = 861.08-1024.00 after 12434.7 sec [total]
done with H+- for K = 76.11-90.51 Q = 861.08-1024.00 after 12435.8 sec [total]
done with H-+ for K = 76.11-90.51 Q = 861.08-1024.00 after 12436.9 sec [total]
done with H-- for K = 76.11-90.51 Q = 861.08-1024.00 after 12438.0 sec [total]
done with UU for K = 90.51-107.63 Q = 861.08-1024.00 after 12439.1 sec [total]
done with BB for K = 90.51-107.63 Q = 861.08-1024.00 after 12440.2 sec [total]
done with UBTa for K = 90.51-107.63 Q = 861.08-1024.00 after 12440.3 sec [total]
done with UBTb for K = 90.51-107.63 Q = 861.08-1024.00 after 12440.5 sec [total]
done with UBTbA for K = 90.51-107.63 Q = 861.08-1024.00 after 12440.7 sec [total]
done with UBTbC for K = 90.51-107.63 Q = 861.08-1024.00 after 12441.1 sec [total]
done with H for K = 90.51-107.63 Q = 861.08-1024.00 after 12442.2 sec [total]
done with H++ for K = 90.51-107.63 Q = 861.08-1024.00 after 12445.4 sec [total]
done with H+- for K = 90.51-107.63 Q = 861.08-1024.00 after 12446.4 sec [total]
done with H-+ for K = 90.51-107.63 Q = 861.08-1024.00 after 12447.5 sec [total]
done with H-- for K = 90.51-107.63 Q = 861.08-1024.00 after 12448.6 sec [total]
done with UU for K = 107.63-128.00 Q = 861.08-1024.00 after 12449.7 sec [total]
done with BB for K = 107.63-128.00 Q = 861.08-1024.00 after 12450.8 sec [total]
done with UBTa for K = 107.63-128.00 Q = 861.08-1024.00 after 12451.0 sec [total]
done with UBTb for K = 107.63-128.00 Q = 861.08-1024.00 after 12451.1 sec [total]
done with UBTbA for K = 107.63-128.00 Q = 861.08-1024.00 after 12451.3 sec [total]
done with UBTbC for K = 107.63-128.00 Q = 861.08-1024.00 after 12451.7 sec [total]
done with H for K = 107.63-128.00 Q = 861.08-1024.00 after 12452.8 sec [total]
done with H++ for K = 107.63-128.00 Q = 861.08-1024.00 after 12456.1 sec [total]
done with H+- for K = 107.63-128.00 Q = 861.08-1024.00 after 12457.2 sec [total]
done with H-+ for K = 107.63-128.00 Q = 861.08-1024.00 after 12458.2 sec [total]
done with H-- for K = 107.63-128.00 Q = 861.08-1024.00 after 12459.3 sec [total]
done with UU for K = 128.00-152.22 Q = 861.08-1024.00 after 12460.3 sec [total]
done with BB for K = 128.00-152.22 Q = 861.08-1024.00 after 12461.4 sec [total]
done with UBTa for K = 128.00-152.22 Q = 861.08-1024.00 after 12461.6 sec [total]
done with UBTb for K = 128.00-152.22 Q = 861.08-1024.00 after 12461.8 sec [total]
done with UBTbA for K = 128.00-152.22 Q = 861.08-1024.00 after 12462.0 sec [total]
done with UBTbC for K = 128.00-152.22 Q = 861.08-1024.00 after 12462.3 sec [total]
done with H for K = 128.00-152.22 Q = 861.08-1024.00 after 12463.4 sec [total]
done with H++ for K = 128.00-152.22 Q = 861.08-1024.00 after 12466.6 sec [total]
done with H+- for K = 128.00-152.22 Q = 861.08-1024.00 after 12467.7 sec [total]
done with H-+ for K = 128.00-152.22 Q = 861.08-1024.00 after 12468.8 sec [total]
done with H-- for K = 128.00-152.22 Q = 861.08-1024.00 after 12469.8 sec [total]
done with UU for K = 152.22-181.02 Q = 861.08-1024.00 after 12470.9 sec [total]
done with BB for K = 152.22-181.02 Q = 861.08-1024.00 after 12471.9 sec [total]
done with UBTa for K = 152.22-181.02 Q = 861.08-1024.00 after 12472.1 sec [total]
done with UBTb for K = 152.22-181.02 Q = 861.08-1024.00 after 12472.3 sec [total]
done with UBTbA for K = 152.22-181.02 Q = 861.08-1024.00 after 12472.6 sec [total]
done with UBTbC for K = 152.22-181.02 Q = 861.08-1024.00 after 12472.9 sec [total]
done with H for K = 152.22-181.02 Q = 861.08-1024.00 after 12473.9 sec [total]
done with H++ for K = 152.22-181.02 Q = 861.08-1024.00 after 12477.1 sec [total]
done with H+- for K = 152.22-181.02 Q = 861.08-1024.00 after 12478.2 sec [total]
done with H-+ for K = 152.22-181.02 Q = 861.08-1024.00 after 12479.3 sec [total]
done with H-- for K = 152.22-181.02 Q = 861.08-1024.00 after 12480.4 sec [total]
done with UU for K = 181.02-215.27 Q = 861.08-1024.00 after 12481.5 sec [total]
done with BB for K = 181.02-215.27 Q = 861.08-1024.00 after 12482.6 sec [total]
done with UBTa for K = 181.02-215.27 Q = 861.08-1024.00 after 12482.8 sec [total]
done with UBTb for K = 181.02-215.27 Q = 861.08-1024.00 after 12483.0 sec [total]
done with UBTbA for K = 181.02-215.27 Q = 861.08-1024.00 after 12483.2 sec [total]
done with UBTbC for K = 181.02-215.27 Q = 861.08-1024.00 after 12483.6 sec [total]
done with H for K = 181.02-215.27 Q = 861.08-1024.00 after 12484.6 sec [total]
done with H++ for K = 181.02-215.27 Q = 861.08-1024.00 after 12487.8 sec [total]
done with H+- for K = 181.02-215.27 Q = 861.08-1024.00 after 12488.9 sec [total]
done with H-+ for K = 181.02-215.27 Q = 861.08-1024.00 after 12490.0 sec [total]
done with H-- for K = 181.02-215.27 Q = 861.08-1024.00 after 12491.0 sec [total]
done with UU for K = 215.27-256.00 Q = 861.08-1024.00 after 12492.2 sec [total]
done with BB for K = 215.27-256.00 Q = 861.08-1024.00 after 12493.2 sec [total]
done with UBTa for K = 215.27-256.00 Q = 861.08-1024.00 after 12493.4 sec [total]
done with UBTb for K = 215.27-256.00 Q = 861.08-1024.00 after 12493.6 sec [total]
done with UBTbA for K = 215.27-256.00 Q = 861.08-1024.00 after 12493.8 sec [total]
done with UBTbC for K = 215.27-256.00 Q = 861.08-1024.00 after 12494.2 sec [total]
done with H for K = 215.27-256.00 Q = 861.08-1024.00 after 12495.2 sec [total]
done with H++ for K = 215.27-256.00 Q = 861.08-1024.00 after 12498.5 sec [total]
done with H+- for K = 215.27-256.00 Q = 861.08-1024.00 after 12499.5 sec [total]
done with H-+ for K = 215.27-256.00 Q = 861.08-1024.00 after 12500.6 sec [total]
done with H-- for K = 215.27-256.00 Q = 861.08-1024.00 after 12501.7 sec [total]
done with UU for K = 256.00-304.44 Q = 861.08-1024.00 after 12502.8 sec [total]
done with BB for K = 256.00-304.44 Q = 861.08-1024.00 after 12503.8 sec [total]
done with UBTa for K = 256.00-304.44 Q = 861.08-1024.00 after 12504.0 sec [total]
done with UBTb for K = 256.00-304.44 Q = 861.08-1024.00 after 12504.2 sec [total]
done with UBTbA for K = 256.00-304.44 Q = 861.08-1024.00 after 12504.4 sec [total]
done with UBTbC for K = 256.00-304.44 Q = 861.08-1024.00 after 12504.8 sec [total]
done with H for K = 256.00-304.44 Q = 861.08-1024.00 after 12505.8 sec [total]
done with H++ for K = 256.00-304.44 Q = 861.08-1024.00 after 12509.0 sec [total]
done with H+- for K = 256.00-304.44 Q = 861.08-1024.00 after 12510.1 sec [total]
done with H-+ for K = 256.00-304.44 Q = 861.08-1024.00 after 12511.2 sec [total]
done with H-- for K = 256.00-304.44 Q = 861.08-1024.00 after 12512.3 sec [total]
done with UU for K = 304.44-362.04 Q = 861.08-1024.00 after 12513.3 sec [total]
done with BB for K = 304.44-362.04 Q = 861.08-1024.00 after 12514.4 sec [total]
done with UBTa for K = 304.44-362.04 Q = 861.08-1024.00 after 12514.6 sec [total]
done with UBTb for K = 304.44-362.04 Q = 861.08-1024.00 after 12514.8 sec [total]
done with UBTbA for K = 304.44-362.04 Q = 861.08-1024.00 after 12515.0 sec [total]
done with UBTbC for K = 304.44-362.04 Q = 861.08-1024.00 after 12515.4 sec [total]
done with H for K = 304.44-362.04 Q = 861.08-1024.00 after 12516.5 sec [total]
done with H++ for K = 304.44-362.04 Q = 861.08-1024.00 after 12519.6 sec [total]
done with H+- for K = 304.44-362.04 Q = 861.08-1024.00 after 12520.7 sec [total]
done with H-+ for K = 304.44-362.04 Q = 861.08-1024.00 after 12521.8 sec [total]
done with H-- for K = 304.44-362.04 Q = 861.08-1024.00 after 12522.9 sec [total]
done with UU for K = 362.04-430.54 Q = 861.08-1024.00 after 12524.0 sec [total]
done with BB for K = 362.04-430.54 Q = 861.08-1024.00 after 12525.1 sec [total]
done with UBTa for K = 362.04-430.54 Q = 861.08-1024.00 after 12525.3 sec [total]
done with UBTb for K = 362.04-430.54 Q = 861.08-1024.00 after 12525.4 sec [total]
done with UBTbA for K = 362.04-430.54 Q = 861.08-1024.00 after 12525.6 sec [total]
done with UBTbC for K = 362.04-430.54 Q = 861.08-1024.00 after 12526.0 sec [total]
done with H for K = 362.04-430.54 Q = 861.08-1024.00 after 12527.1 sec [total]
done with H++ for K = 362.04-430.54 Q = 861.08-1024.00 after 12530.3 sec [total]
done with H+- for K = 362.04-430.54 Q = 861.08-1024.00 after 12531.4 sec [total]
done with H-+ for K = 362.04-430.54 Q = 861.08-1024.00 after 12532.5 sec [total]
done with H-- for K = 362.04-430.54 Q = 861.08-1024.00 after 12533.5 sec [total]
done with UU for K = 430.54-512.00 Q = 861.08-1024.00 after 12534.6 sec [total]
done with BB for K = 430.54-512.00 Q = 861.08-1024.00 after 12535.7 sec [total]
done with UBTa for K = 430.54-512.00 Q = 861.08-1024.00 after 12535.8 sec [total]
done with UBTb for K = 430.54-512.00 Q = 861.08-1024.00 after 12536.0 sec [total]
done with UBTbA for K = 430.54-512.00 Q = 861.08-1024.00 after 12536.2 sec [total]
done with UBTbC for K = 430.54-512.00 Q = 861.08-1024.00 after 12536.6 sec [total]
done with H for K = 430.54-512.00 Q = 861.08-1024.00 after 12537.6 sec [total]
done with H++ for K = 430.54-512.00 Q = 861.08-1024.00 after 12540.8 sec [total]
done with H+- for K = 430.54-512.00 Q = 861.08-1024.00 after 12541.9 sec [total]
done with H-+ for K = 430.54-512.00 Q = 861.08-1024.00 after 12543.0 sec [total]
done with H-- for K = 430.54-512.00 Q = 861.08-1024.00 after 12544.0 sec [total]
done with UU for K = 512.00-608.87 Q = 861.08-1024.00 after 12545.2 sec [total]
done with BB for K = 512.00-608.87 Q = 861.08-1024.00 after 12546.2 sec [total]
done with UBTa for K = 512.00-608.87 Q = 861.08-1024.00 after 12546.4 sec [total]
done with UBTb for K = 512.00-608.87 Q = 861.08-1024.00 after 12546.6 sec [total]
done with UBTbA for K = 512.00-608.87 Q = 861.08-1024.00 after 12546.8 sec [total]
done with UBTbC for K = 512.00-608.87 Q = 861.08-1024.00 after 12547.2 sec [total]
done with H for K = 512.00-608.87 Q = 861.08-1024.00 after 12548.3 sec [total]
done with H++ for K = 512.00-608.87 Q = 861.08-1024.00 after 12551.4 sec [total]
done with H+- for K = 512.00-608.87 Q = 861.08-1024.00 after 12552.6 sec [total]
done with H-+ for K = 512.00-608.87 Q = 861.08-1024.00 after 12553.6 sec [total]
done with H-- for K = 512.00-608.87 Q = 861.08-1024.00 after 12554.7 sec [total]
done with UU for K = 608.87-724.08 Q = 861.08-1024.00 after 12555.8 sec [total]
done with BB for K = 608.87-724.08 Q = 861.08-1024.00 after 12556.9 sec [total]
done with UBTa for K = 608.87-724.08 Q = 861.08-1024.00 after 12557.1 sec [total]
done with UBTb for K = 608.87-724.08 Q = 861.08-1024.00 after 12557.3 sec [total]
done with UBTbA for K = 608.87-724.08 Q = 861.08-1024.00 after 12557.5 sec [total]
done with UBTbC for K = 608.87-724.08 Q = 861.08-1024.00 after 12557.8 sec [total]
done with H for K = 608.87-724.08 Q = 861.08-1024.00 after 12558.9 sec [total]
done with H++ for K = 608.87-724.08 Q = 861.08-1024.00 after 12562.0 sec [total]
done with H+- for K = 608.87-724.08 Q = 861.08-1024.00 after 12563.2 sec [total]
done with H-+ for K = 608.87-724.08 Q = 861.08-1024.00 after 12564.3 sec [total]
done with H-- for K = 608.87-724.08 Q = 861.08-1024.00 after 12565.3 sec [total]
done with UU for K = 724.08-861.08 Q = 861.08-1024.00 after 12566.4 sec [total]
done with BB for K = 724.08-861.08 Q = 861.08-1024.00 after 12567.5 sec [total]
done with UBTa for K = 724.08-861.08 Q = 861.08-1024.00 after 12567.7 sec [total]
done with UBTb for K = 724.08-861.08 Q = 861.08-1024.00 after 12567.9 sec [total]
done with UBTbA for K = 724.08-861.08 Q = 861.08-1024.00 after 12568.1 sec [total]
done with UBTbC for K = 724.08-861.08 Q = 861.08-1024.00 after 12568.4 sec [total]
done with H for K = 724.08-861.08 Q = 861.08-1024.00 after 12569.5 sec [total]
done with H++ for K = 724.08-861.08 Q = 861.08-1024.00 after 12572.6 sec [total]
done with H+- for K = 724.08-861.08 Q = 861.08-1024.00 after 12573.7 sec [total]
done with H-+ for K = 724.08-861.08 Q = 861.08-1024.00 after 12574.9 sec [total]
done with H-- for K = 724.08-861.08 Q = 861.08-1024.00 after 12575.9 sec [total]
done with UU for K = 861.08-1024.00 Q = 861.08-1024.00 after 12577.0 sec [total]
done with BB for K = 861.08-1024.00 Q = 861.08-1024.00 after 12578.1 sec [total]
done with UBTa for K = 861.08-1024.00 Q = 861.08-1024.00 after 12578.3 sec [total]
done with UBTb for K = 861.08-1024.00 Q = 861.08-1024.00 after 12578.5 sec [total]
done with UBTbA for K = 861.08-1024.00 Q = 861.08-1024.00 after 12578.7 sec [total]
done with UBTbC for K = 861.08-1024.00 Q = 861.08-1024.00 after 12579.0 sec [total]
done with H for K = 861.08-1024.00 Q = 861.08-1024.00 after 12580.1 sec [total]
done with H++ for K = 861.08-1024.00 Q = 861.08-1024.00 after 12583.3 sec [total]
done with H+- for K = 861.08-1024.00 Q = 861.08-1024.00 after 12584.4 sec [total]
done with H-+ for K = 861.08-1024.00 Q = 861.08-1024.00 after 12585.5 sec [total]
done with H-- for K = 861.08-1024.00 Q = 861.08-1024.00 after 12586.4 sec [total]
